Date,Open,High,Low,Close,Adj Close,Volume
2014-02-06,23.600000381469727,24.079999923706055,23.549999237060547,23.989999771118164,18.251554489135742,28008400
2014-02-07,24.200000762939453,24.260000228881836,23.770000457763672,24.209999084472656,18.418926239013672,30808400
2014-02-10,24.110000610351562,24.3700008392334,24.059999465942383,24.290000915527344,18.47979164123535,24571300
2014-02-11,24.350000381469727,24.520000457763672,24.329999923706055,24.469999313354492,18.61673355102539,17911700
2014-02-12,24.510000228881836,24.690000534057617,24.3700008392334,24.549999237060547,18.677602767944336,25874100
2014-02-13,24.43000030517578,24.739999771118164,24.309999465942383,24.700000762939453,18.791715621948242,22922000
2014-02-14,24.579999923706055,24.760000228881836,24.40999984741211,24.760000228881836,18.837371826171875,20539700
2014-02-18,24.670000076293945,24.780000686645508,24.549999237060547,24.760000228881836,18.837371826171875,17738100
2014-02-19,24.649999618530273,24.719999313354492,24.420000076293945,24.5,18.63956069946289,25686000
2014-02-20,24.540000915527344,24.850000381469727,24.5,24.739999771118164,18.8221492767334,20193800
2014-02-21,24.950000762939453,24.959999084472656,24.350000381469727,24.420000076293945,18.57869529724121,30579800
2014-02-24,24.510000228881836,24.8799991607666,24.40999984741211,24.6299991607666,18.738468170166016,24145500
2014-02-25,24.670000076293945,24.709999084472656,24.459999084472656,24.6200008392334,18.730857849121094,21539100
2014-02-26,24.739999771118164,24.979999542236328,24.610000610351562,24.799999237060547,18.8677978515625,19820200
2014-02-27,24.799999237060547,24.799999237060547,24.510000228881836,24.760000228881836,18.837371826171875,20863900
2014-02-28,24.790000915527344,24.850000381469727,24.56999969482422,24.760000228881836,18.837371826171875,23482700
2014-03-03,24.549999237060547,24.59000015258789,24.299999237060547,24.5,18.63956069946289,25728500
2014-03-04,24.719999313354492,24.780000686645508,24.5,24.610000610351562,18.723243713378906,23661200
2014-03-05,24.700000762939453,24.709999084472656,24.399999618530273,24.5,18.63956069946289,21036200
2014-03-06,24.56999969482422,24.649999618530273,24.3799991607666,24.6299991607666,18.738468170166016,22371700
2014-03-07,24.700000762939453,24.850000381469727,24.56999969482422,24.639999389648438,18.746065139770508,25373400
2014-03-10,24.610000610351562,24.889999389648438,24.579999923706055,24.84000015258789,18.898229598999023,24908100
2014-03-11,24.780000686645508,24.850000381469727,24.610000610351562,24.729999542236328,18.814544677734375,26656800
2014-03-12,24.649999618530273,24.8799991607666,24.610000610351562,24.760000228881836,18.837371826171875,21244800
2014-03-13,24.799999237060547,25.0,24.43000030517578,24.56999969482422,18.69281768798828,26243300
2014-03-14,24.479999542236328,24.649999618530273,24.399999618530273,24.5,18.63956069946289,21807200
2014-03-17,24.639999389648438,24.81999969482422,24.489999771118164,24.700000762939453,18.791715621948242,18525800
2014-03-18,24.68000030517578,24.899999618530273,24.549999237060547,24.81999969482422,18.883014678955078,26344000
2014-03-19,24.850000381469727,25.25,24.770000457763672,25.020000457763672,19.035175323486328,34229400
2014-03-20,25.0,25.59000015258789,24.940000534057617,25.43000030517578,19.34710693359375,37009100
2014-03-21,25.610000610351562,25.68000030517578,25.15999984741211,25.170000076293945,19.149293899536133,56861900
2014-03-24,25.209999084472656,25.3799991607666,24.920000076293945,25.1200008392334,19.111255645751953,36950600
2014-03-25,25.190000534057617,25.670000076293945,25.170000076293945,25.459999084472656,19.36992645263672,32317400
2014-03-26,25.59000015258789,25.739999771118164,25.31999969482422,25.3799991607666,19.309059143066406,26442800
2014-03-27,25.360000610351562,25.75,25.290000915527344,25.309999465942383,19.25580596923828,27201100
2014-03-28,25.40999984741211,25.809999465942383,25.31999969482422,25.6200008392334,19.49165153503418,22884500
2014-03-31,25.649999618530273,26.059999465942383,25.6200008392334,25.809999465942383,19.636207580566406,29336300
2014-04-01,25.799999237060547,26.0,25.639999389648438,25.989999771118164,19.77314567565918,23778700
2014-04-02,25.959999084472656,26.049999237060547,25.639999389648438,25.889999389648438,19.697067260742188,22464700
2014-04-03,26.149999618530273,26.459999084472656,26.139999389648438,26.40999984741211,20.09269142150879,38581300
2014-04-04,26.489999771118164,26.729999542236328,26.110000610351562,26.15999984741211,19.902484893798828,47918000
2014-04-07,26.299999237060547,26.739999771118164,26.200000762939453,26.489999771118164,20.153549194335938,49813500
2014-04-08,26.360000610351562,26.979999542236328,26.350000381469727,26.90999984741211,20.473081588745117,56699500
2014-04-09,26.93000030517578,27.020000457763672,26.729999542236328,26.979999542236328,20.52634048461914,34481800
2014-04-10,27.010000228881836,27.09000015258789,26.360000610351562,26.43000030517578,20.107906341552734,40478200
2014-04-11,26.270000457763672,26.59000015258789,26.170000076293945,26.18000030517578,19.917699813842773,36121100
2014-04-14,26.309999465942383,26.649999618530273,26.139999389648438,26.559999465942383,20.20680046081543,26957900
2014-04-15,26.510000228881836,26.829999923706055,26.360000610351562,26.770000457763672,20.3665714263916,45074400
2014-04-16,26.979999542236328,27.239999771118164,26.600000381469727,26.93000030517578,20.48829460144043,59033600
2014-04-17,26.8799991607666,27.15999984741211,26.790000915527344,27.040000915527344,20.57198715209961,38108500
2014-04-21,27.049999237060547,27.049999237060547,26.729999542236328,26.950000762939453,20.503511428833008,20398600
2014-04-22,26.90999984741211,26.979999542236328,26.65999984741211,26.84000015258789,20.419828414916992,29601600
2014-04-23,26.799999237060547,26.969999313354492,26.719999313354492,26.75,20.351354598999023,25574300
2014-04-24,26.809999465942383,26.959999084472656,26.639999389648438,26.75,20.351354598999023,25432800
2014-04-25,26.649999618530273,26.719999313354492,26.190000534057617,26.260000228881836,19.978565216064453,33614400
2014-04-28,26.170000076293945,26.389999389648438,26.010000228881836,26.329999923706055,20.031822204589844,33472800
2014-04-29,26.360000610351562,26.65999984741211,26.350000381469727,26.479999542236328,20.145936965942383,22146000
2014-04-30,26.31999969482422,26.700000762939453,26.219999313354492,26.690000534057617,20.305706024169922,25863900
2014-05-01,26.510000228881836,26.670000076293945,26.389999389648438,26.450000762939453,20.123119354248047,19755200
2014-05-02,26.559999465942383,26.639999389648438,26.399999618530273,26.40999984741211,20.09269142150879,24235200
2014-05-05,26.15999984741211,26.260000228881836,25.989999771118164,26.170000076293945,20.081172943115234,20738900
2014-05-06,26.15999984741211,26.3799991607666,26.0,26.200000762939453,20.10419273376465,21818000
2014-05-07,26.260000228881836,26.450000762939453,26.219999313354492,26.3700008392334,20.234634399414062,24692800
2014-05-08,26.31999969482422,26.530000686645508,26.219999313354492,26.34000015258789,20.211620330810547,24166900
2014-05-09,26.3700008392334,26.40999984741211,26.219999313354492,26.299999237060547,20.180931091308594,20324400
2014-05-12,26.40999984741211,26.540000915527344,26.299999237060547,26.3700008392334,20.234634399414062,20607800
2014-05-13,26.489999771118164,26.540000915527344,26.329999923706055,26.450000762939453,20.29602813720703,20525000
2014-05-14,26.489999771118164,26.520000457763672,26.329999923706055,26.329999923706055,20.203943252563477,17811900
2014-05-15,26.329999923706055,26.5,26.010000228881836,26.010000228881836,19.958398818969727,31752700
2014-05-16,26.049999237060547,26.06999969482422,25.739999771118164,25.81999969482422,19.812604904174805,30017200
2014-05-19,25.75,26.09000015258789,25.75,26.040000915527344,19.98142433166504,22679600
2014-05-20,26.020000457763672,26.170000076293945,25.8799991607666,26.040000915527344,19.98142433166504,22292600
2014-05-21,26.100000381469727,26.25,26.0,26.200000762939453,20.10419273376465,18721300
2014-05-22,26.209999084472656,26.270000457763672,26.079999923706055,26.149999618530273,20.065826416015625,15926500
2014-05-23,26.149999618530273,26.299999237060547,26.139999389648438,26.290000915527344,20.173254013061523,17172200
2014-05-27,26.329999923706055,26.739999771118164,26.18000030517578,26.709999084472656,20.495532989501953,27271900
2014-05-28,26.700000762939453,26.940000534057617,26.65999984741211,26.8799991607666,20.6259822845459,27150100
2014-05-29,26.90999984741211,26.959999084472656,26.719999313354492,26.959999084472656,20.6873722076416,20638900
2014-05-30,26.940000534057617,27.31999969482422,26.93000030517578,27.31999969482422,20.963607788085938,43641000
2014-06-02,27.309999465942383,27.350000381469727,27.1200008392334,27.260000228881836,20.91756820678711,20264900
2014-06-03,27.219999313354492,27.700000762939453,27.1200008392334,27.65999984741211,21.22450065612793,33256300
2014-06-04,27.510000228881836,27.760000228881836,27.5,27.600000381469727,21.178457260131836,21612500
2014-06-05,27.559999465942383,27.65999984741211,27.43000030517578,27.65999984741211,21.22450065612793,26546200
2014-06-06,27.780000686645508,28.209999084472656,27.729999542236328,28.170000076293945,21.6158504486084,34795600
2014-06-09,28.100000381469727,28.420000076293945,27.829999923706055,27.90999984741211,21.416339874267578,39933000
2014-06-10,27.850000381469727,28.329999923706055,27.719999313354492,28.239999771118164,21.669557571411133,34256900
2014-06-11,28.139999389648438,28.209999084472656,27.799999237060547,27.93000030517578,21.431682586669922,27747700
2014-06-12,27.860000610351562,28.100000381469727,27.770000457763672,27.959999084472656,21.45470428466797,31211400
2014-06-13,29.75,30.059999465942383,29.559999465942383,29.8700008392334,22.92031478881836,122194300
2014-06-16,29.719999313354492,30.149999618530273,29.670000076293945,30.010000228881836,23.027746200561523,36407800
2014-06-17,29.8799991607666,30.100000381469727,29.84000015258789,29.950000762939453,22.98169708251953,28440600
2014-06-18,29.8799991607666,29.979999542236328,29.670000076293945,29.93000030517578,22.96636199951172,34412300
2014-06-19,29.969999313354492,30.09000015258789,29.889999389648438,30.09000015258789,23.089128494262695,27166600
2014-06-20,30.06999969482422,30.200000762939453,30.030000686645508,30.200000762939453,23.173538208007812,39826400
2014-06-23,30.100000381469727,30.309999465942383,29.850000381469727,30.229999542236328,23.196556091308594,26528900
2014-06-24,30.15999984741211,30.829999923706055,30.09000015258789,30.5,23.403738021850586,53397600
2014-06-25,30.479999542236328,31.0,30.450000762939453,30.8799991607666,23.695329666137695,44293300
2014-06-26,30.809999465942383,30.899999618530273,30.610000610351562,30.780000686645508,23.618593215942383,26722300
2014-06-27,30.8700008392334,31.0,30.700000762939453,30.93000030517578,23.73369789123535,30776300
2014-06-30,30.8700008392334,31.0,30.65999984741211,30.899999618530273,23.710668563842773,21558400
2014-07-01,30.989999771118164,31.09000015258789,30.8700008392334,30.979999542236328,23.77206039428711,28240000
2014-07-02,30.989999771118164,31.049999237060547,30.799999237060547,30.979999542236328,23.77206039428711,16831200
2014-07-03,31.079999923706055,31.360000610351562,31.020000457763672,31.139999389648438,23.894832611083984,20437600
2014-07-07,31.09000015258789,31.200000762939453,30.920000076293945,31.030000686645508,23.810422897338867,22233400
2014-07-08,31.0,31.079999923706055,30.700000762939453,30.790000915527344,23.62626075744629,37608700
2014-07-09,30.84000015258789,30.979999542236328,30.690000534057617,30.889999389648438,23.702999114990234,28302400
2014-07-10,30.600000381469727,31.329999923706055,30.440000534057617,31.260000228881836,23.986913681030273,32455100
2014-07-11,31.260000228881836,31.450000762939453,31.040000915527344,31.25,23.97923469543457,20045000
2014-07-14,31.40999984741211,31.579999923706055,31.34000015258789,31.489999771118164,24.163402557373047,24244600
2014-07-15,31.579999923706055,31.799999237060547,31.15999984741211,31.709999084472656,24.332210540771484,61006100
2014-07-16,33.310001373291016,34.7400016784668,33.209999084472656,34.650001525878906,26.588176727294922,135834600
2014-07-17,34.20000076293945,34.36000061035156,33.630001068115234,33.70000076293945,25.85921287536621,70591100
2014-07-18,33.79999923706055,33.84000015258789,33.38999938964844,33.70000076293945,25.85921287536621,46528800
2014-07-21,33.54999923706055,34.22999954223633,33.540000915527344,34.060001373291016,26.135456085205078,32097200
2014-07-22,34.15999984741211,34.83000183105469,34.06999969482422,34.790000915527344,26.695602416992188,42915100
2014-07-23,34.68000030517578,34.709999084472656,34.29999923706055,34.5,26.473081588745117,26077000
2014-07-24,34.380001068115234,34.66999816894531,34.099998474121094,34.25,26.281253814697266,33180400
2014-07-25,34.150001525878906,34.369998931884766,33.93000030517578,34.25,26.281253814697266,31614000
2014-07-28,34.22999954223633,34.31999969482422,33.880001068115234,34.22999954223633,26.265899658203125,30972200
2014-07-29,34.27000045776367,34.369998931884766,34.09000015258789,34.189998626708984,26.23520278930664,26141700
2014-07-30,34.310001373291016,34.56999969482422,34.040000915527344,34.349998474121094,26.35797691345215,32782800
2014-07-31,34.09000015258789,34.25,33.810001373291016,33.88999938964844,26.005002975463867,35431200
2014-08-01,33.75,34.029998779296875,33.61000061035156,33.7400016784668,25.889907836914062,33472400
2014-08-04,33.790000915527344,34.09000015258789,33.54999923706055,34.04999923706055,26.127777099609375,27250100
2014-08-05,33.7599983215332,33.779998779296875,32.599998474121094,32.81999969482422,25.35148048400879,49845100
2014-08-06,32.599998474121094,33.189998626708984,32.38999938964844,32.849998474121094,25.374656677246094,27923900
2014-08-07,32.93000030517578,33.150001525878906,32.540000915527344,32.68000030517578,25.243337631225586,27820100
2014-08-08,32.779998779296875,33.0,32.540000915527344,32.599998474121094,25.18153953552246,35484000
2014-08-11,32.81999969482422,33.2400016784668,32.810001373291016,33.02000045776367,25.505966186523438,27718600
2014-08-12,32.90999984741211,33.150001525878906,32.68000030517578,33.130001068115234,25.590930938720703,24805600
2014-08-13,33.2400016784668,34.150001525878906,33.22999954223633,34.099998474121094,26.340194702148438,36291000
2014-08-14,34.04999923706055,34.22999954223633,33.7400016784668,33.939998626708984,26.21660614013672,25458000
2014-08-15,34.099998474121094,34.209999084472656,33.709999084472656,34.16999816894531,26.39427375793457,28577600
2014-08-18,34.2599983215332,34.470001220703125,33.97999954223633,34.40999984741211,26.57965660095215,27232200
2014-08-19,34.5,34.5,34.25,34.34000015258789,26.525583267211914,29281900
2014-08-20,34.22999954223633,34.5099983215332,34.18000030517578,34.5,26.649173736572266,27140300
2014-08-21,34.459999084472656,35.189998626708984,34.45000076293945,35.150001525878906,27.151256561279297,37164900
2014-08-22,35.20000076293945,35.20000076293945,34.90999984741211,34.939998626708984,26.98904800415039,21196700
2014-08-25,35.09000015258789,35.150001525878906,34.650001525878906,34.810001373291016,26.888633728027344,18614500
2014-08-26,34.790000915527344,35.04999923706055,34.689998626708984,34.79999923706055,26.880903244018555,19664700
2014-08-27,34.88999938964844,34.939998626708984,34.630001068115234,34.790000915527344,26.873180389404297,17168900
2014-08-28,34.61000061035156,34.810001373291016,34.61000061035156,34.650001525878906,26.76504135131836,18908900
2014-08-29,34.810001373291016,34.939998626708984,34.66999816894531,34.91999816894531,26.97359848022461,32302800
2014-09-02,34.7599983215332,34.90999984741211,34.43000030517578,34.56999969482422,26.7032470703125,32094800
2014-09-03,34.81999969482422,34.880001068115234,34.45000076293945,34.56999969482422,26.7032470703125,26668800
2014-09-04,34.529998779296875,35.09000015258789,34.52000045776367,34.90999984741211,26.965871810913086,27632400
2014-09-05,34.91999816894531,35.119998931884766,34.83000183105469,35.0,27.03539276123047,20841900
2014-09-08,34.959999084472656,35.560001373291016,34.880001068115234,35.33000183105469,27.290306091308594,24859600
2014-09-09,35.290000915527344,35.290000915527344,34.849998474121094,34.90999984741211,26.965871810913086,22333100
2014-09-10,34.849998474121094,35.130001068115234,34.66999816894531,35.02000045776367,27.05084991455078,19964200
2014-09-11,34.790000915527344,35.02000045776367,34.529998779296875,35.02000045776367,27.05084991455078,21949000
2014-09-12,34.900001525878906,34.90999984741211,34.5,34.619998931884766,26.741872787475586,26732600
2014-09-15,34.709999084472656,34.77000045776367,34.22999954223633,34.540000915527344,26.68007469177246,22438000
2014-09-16,34.470001220703125,35.08000183105469,34.470001220703125,34.93000030517578,26.981321334838867,20875700
2014-09-17,34.90999984741211,35.20000076293945,34.7400016784668,34.97999954223633,27.019943237304688,26278900
2014-09-18,35.119998931884766,35.16999816894531,34.86000061035156,35.16999816894531,27.166711807250977,23809600
2014-09-19,35.15999984741211,35.220001220703125,34.81999969482422,34.81999969482422,26.896347045898438,46851900
2014-09-22,34.779998779296875,35.029998779296875,34.54999923706055,34.709999084472656,26.811386108398438,25447700
2014-09-23,34.709999084472656,34.709999084472656,34.380001068115234,34.41999816894531,26.587385177612305,25690700
2014-09-24,34.400001525878906,34.849998474121094,34.369998931884766,34.75,26.8422794342041,18829000
2014-09-25,34.68000030517578,34.790000915527344,33.880001068115234,34.13999938964844,26.371095657348633,34639700
2014-09-26,34.2599983215332,34.36000061035156,33.630001068115234,34.2599983215332,26.463788986206055,25882300
2014-09-29,34.060001373291016,34.9900016784668,33.939998626708984,34.900001525878906,26.958154678344727,29003100
2014-09-30,34.900001525878906,35.0,34.40999984741211,34.81999969482422,26.896347045898438,35274600
2014-10-01,34.61000061035156,34.779998779296875,33.84000015258789,33.9900016784668,26.255231857299805,35086600
2014-10-02,33.959999084472656,34.0,33.2599983215332,33.52000045776367,25.892183303833008,32910800
2014-10-03,33.65999984741211,34.18000030517578,33.470001220703125,34.029998779296875,26.286128997802734,25834600
2014-10-06,34.150001525878906,34.47999954223633,33.869998931884766,34.11000061035156,26.347923278808594,24321100
2014-10-07,34.040000915527344,34.04999923706055,33.41999816894531,33.470001220703125,25.853557586669922,25972100
2014-10-08,33.4900016784668,34.369998931884766,33.13999938964844,34.27000045776367,26.47150993347168,34960600
2014-10-09,34.150001525878906,34.43000030517578,33.58000183105469,33.619998931884766,25.96942710876465,28185700
2014-10-10,32.619998931884766,32.86000061035156,30.5,31.90999984741211,24.648555755615234,80917600
2014-10-13,31.719999313354492,32.369998931884766,31.469999313354492,31.469999313354492,24.30868148803711,42110200
2014-10-14,31.989999771118164,32.66999816894531,31.709999084472656,32.13999938964844,24.826221466064453,68671000
2014-10-15,30.540000915527344,31.649999618530273,29.649999618530273,31.280000686645508,24.161916732788086,92305200
2014-10-16,30.889999389648438,31.510000228881836,30.75,30.850000381469727,23.82976722717285,47787400
2014-10-17,31.200000762939453,31.709999084472656,30.969999313354492,31.3799991607666,24.23916244506836,37504500
2014-10-20,31.040000915527344,31.700000762939453,30.899999618530273,31.579999923706055,24.393651962280273,30523700
2014-10-21,31.670000076293945,32.619998931884766,31.579999923706055,32.61000061035156,25.18926429748535,33278400
2014-10-22,32.65999984741211,32.869998931884766,32.220001220703125,32.27000045776367,24.92662811279297,26725600
2014-10-23,32.720001220703125,32.90999984741211,32.599998474121094,32.689998626708984,25.25105857849121,22254900
2014-10-24,32.720001220703125,33.33000183105469,32.56999969482422,33.18000030517578,25.62955093383789,27814300
2014-10-27,33.08000183105469,33.29999923706055,32.77000045776367,33.20000076293945,25.645002365112305,23751900
2014-10-28,33.22999954223633,33.75,33.22999954223633,33.7400016784668,26.062122344970703,21857800
2014-10-29,33.7599983215332,33.970001220703125,33.5099983215332,33.91999816894531,26.201160430908203,24615200
2014-10-30,33.58000183105469,33.61000061035156,32.400001525878906,32.58000183105469,25.166091918945312,55217900
2014-10-31,33.7400016784668,34.0099983215332,32.630001068115234,34.0099983215332,26.270675659179688,52089700
2014-11-03,33.810001373291016,34.47999954223633,33.790000915527344,34.310001373291016,26.502416610717773,28703600
2014-11-04,34.25,34.779998779296875,34.209999084472656,34.540000915527344,26.68007469177246,34695900
2014-11-05,34.04999923706055,34.099998474121094,33.599998474121094,33.7599983215332,26.248552322387695,34705500
2014-11-06,33.689998626708984,34.22999954223633,33.40999984741211,33.81999969482422,26.295202255249023,25240600
2014-11-07,33.97999954223633,34.0,33.189998626708984,33.58000183105469,26.108610153198242,27604500
2014-11-10,33.43000030517578,33.4900016784668,33.08000183105469,33.2599983215332,25.859806060791016,30653600
2014-11-11,33.36000061035156,33.540000915527344,33.20000076293945,33.310001373291016,25.898679733276367,19676600
2014-11-12,33.22999954223633,33.41999816894531,33.0,33.380001068115234,25.953105926513672,22864200
2014-11-13,33.349998474121094,33.86000061035156,33.34000015258789,33.68000030517578,26.186363220214844,26449300
2014-11-14,33.75,33.970001220703125,33.349998474121094,33.95000076293945,26.396286010742188,18104600
2014-11-17,33.81999969482422,34.25,33.7599983215332,34.2400016784668,26.62176513671875,17646300
2014-11-18,34.189998626708984,34.900001525878906,34.15999984741211,34.709999084472656,26.987186431884766,30674800
2014-11-19,34.689998626708984,34.790000915527344,34.25,34.349998474121094,26.707284927368164,21289600
2014-11-20,34.13999938964844,35.970001220703125,34.0,35.95000076293945,27.951292037963867,61994700
2014-11-21,35.97999954223633,36.459999084472656,35.5,35.59000015258789,27.671390533447266,56721600
2014-11-24,35.88999938964844,36.43000030517578,35.84000015258789,36.25,28.184551239013672,33321100
2014-11-25,36.36000061035156,36.47999954223633,36.150001525878906,36.31999969482422,28.238964080810547,29093200
2014-11-26,36.369998931884766,36.9900016784668,36.279998779296875,36.900001525878906,28.689926147460938,24060000
2014-11-28,37.040000915527344,37.689998626708984,36.939998626708984,37.25,28.96205711364746,19128500
2014-12-01,37.209999084472656,37.619998931884766,36.900001525878906,37.16999816894531,28.89984703063965,30904000
2014-12-02,37.18000030517578,37.599998474121094,37.18000030517578,37.599998474121094,29.23417854309082,28361100
2014-12-03,37.68000030517578,37.88999938964844,37.40999984741211,37.43000030517578,29.102006912231445,30660800
2014-12-04,37.400001525878906,37.459999084472656,37.040000915527344,37.459999084472656,29.125324249267578,23359100
2014-12-05,37.56999969482422,37.900001525878906,37.52000045776367,37.66999816894531,29.288591384887695,20527600
2014-12-08,37.459999084472656,37.72999954223633,36.939998626708984,37.20000076293945,28.923187255859375,28134800
2014-12-09,36.66999816894531,37.09000015258789,36.29999923706055,36.88999938964844,28.682147979736328,28487300
2014-12-10,36.93000030517578,37.02000045776367,36.29999923706055,36.41999816894531,28.31671142578125,27499900
2014-12-11,36.5,37.209999084472656,36.439998626708984,36.70000076293945,28.534425735473633,25088200
2014-12-12,36.45000076293945,36.81999969482422,36.220001220703125,36.22999954223633,28.16899299621582,29322500
2014-12-15,36.38999938964844,36.779998779296875,35.900001525878906,35.91999816894531,27.92796516418457,30633400
2014-12-16,35.86000061035156,36.5,35.560001373291016,35.560001373291016,27.648073196411133,31166300
2014-12-17,35.619998931884766,36.33000183105469,35.33000183105469,36.2400016784668,28.17677116394043,31637700
2014-12-18,36.75,37.02000045776367,36.43000030517578,37.02000045776367,28.783233642578125,32128100
2014-12-19,37.02000045776367,37.15999984741211,36.22999954223633,36.369998931884766,28.277849197387695,76786800
2014-12-22,36.38999938964844,37.2599983215332,36.38999938964844,37.209999084472656,28.930950164794922,29227100
2014-12-23,37.400001525878906,37.70000076293945,37.29999923706055,37.43000030517578,29.102006912231445,22169700
2014-12-24,37.470001220703125,37.599998474121094,37.18000030517578,37.439998626708984,29.109771728515625,12109100
2014-12-26,37.52000045776367,37.7400016784668,37.52000045776367,37.54999923706055,29.195295333862305,14037200
2014-12-29,37.45000076293945,37.52000045776367,37.16999816894531,37.18000030517578,28.907625198364258,12203300
2014-12-30,37.08000183105469,37.189998626708984,36.7599983215332,36.7599983215332,28.581069946289062,15214100
2014-12-31,36.630001068115234,37.040000915527344,36.290000915527344,36.290000915527344,28.215648651123047,20393600
2015-01-02,36.66999816894531,37.15999984741211,36.11000061035156,36.36000061035156,28.270069122314453,23605600
2015-01-05,36.20000076293945,36.45000076293945,35.939998626708984,35.95000076293945,27.951292037963867,32785000
2015-01-06,36.08000183105469,36.22999954223633,35.2599983215332,35.279998779296875,27.430362701416016,30847600
2015-01-07,35.63999938964844,36.06999969482422,35.27000045776367,36.02000045776367,28.005712509155273,27725200
2015-01-08,36.369998931884766,37.0,36.2599983215332,36.689998626708984,28.526643753051758,31765400
2015-01-09,36.77000045776367,37.11000061035156,36.400001525878906,36.7599983215332,28.581069946289062,22850500
2015-01-12,36.900001525878906,37.0,36.22999954223633,36.599998474121094,28.456668853759766,29400800
2015-01-13,36.869998931884766,37.4900016784668,36.290000915527344,36.5,28.37891960144043,31478000
2015-01-14,36.33000183105469,36.90999984741211,35.90999984741211,36.349998474121094,28.262287139892578,34250300
2015-01-15,36.529998779296875,36.880001068115234,36.029998779296875,36.189998626708984,28.13789176940918,47181800
2015-01-16,36.119998931884766,36.65999984741211,35.5099983215332,36.45000076293945,28.340049743652344,62812200
2015-01-20,36.099998474121094,36.459999084472656,35.56999969482422,36.09000015258789,28.060142517089844,35929400
2015-01-21,35.849998474121094,36.68000030517578,35.77000045776367,36.47999954223633,28.363370895385742,27442600
2015-01-22,36.560001373291016,37.0,36.13999938964844,36.90999984741211,28.69769859313965,31809900
2015-01-23,36.959999084472656,37.029998779296875,36.380001068115234,36.45000076293945,28.340049743652344,27427100
2015-01-26,36.189998626708984,36.29999923706055,35.56999969482422,35.810001373291016,27.842449188232422,30906800
2015-01-27,34.400001525878906,34.720001220703125,33.54999923706055,34.189998626708984,26.582883834838867,58456200
2015-01-28,34.470001220703125,34.70000076293945,33.720001220703125,33.779998779296875,26.26409912109375,34929100
2015-01-29,33.84000015258789,34.279998779296875,33.459999084472656,34.209999084472656,26.598432540893555,29569400
2015-01-30,33.70000076293945,33.9900016784668,33.0,33.040000915527344,25.688753128051758,38719700
2015-02-02,33.060001373291016,33.75,32.650001525878906,33.650001525878906,26.16303253173828,38733800
2015-02-03,33.779998779296875,34.04999923706055,32.61000061035156,33.70000076293945,26.201908111572266,36038300
2015-02-04,33.66999816894531,33.84000015258789,33.29999923706055,33.599998474121094,26.31153678894043,25052800
2015-02-05,33.68000030517578,33.9900016784668,33.45000076293945,33.939998626708984,26.57778549194336,20491400
2015-02-06,33.91999816894531,34.0,33.13999938964844,33.29999923706055,26.076618194580078,29342400
2015-02-09,33.0,33.2400016784668,32.66999816894531,32.93000030517578,25.786880493164062,28705500
2015-02-10,33.20000076293945,33.72999954223633,33.04999923706055,33.70000076293945,26.389846801757812,20200000
2015-02-11,33.66999816894531,33.7599983215332,33.31999969482422,33.54999923706055,26.272388458251953,18364200
2015-02-12,33.97999954223633,34.130001068115234,33.7599983215332,34.130001068115234,26.726573944091797,20056700
2015-02-13,34.25,34.369998931884766,33.95000076293945,34.36000061035156,26.906679153442383,18037900
2015-02-17,34.400001525878906,34.75,34.2599983215332,34.7400016784668,27.204252243041992,19374100
2015-02-18,34.650001525878906,34.709999084472656,34.189998626708984,34.27000045776367,26.83620262145996,19992900
2015-02-19,34.25,34.41999816894531,34.04999923706055,34.209999084472656,26.789216995239258,11017500
2015-02-20,34.150001525878906,34.56999969482422,33.90999984741211,34.40999984741211,26.945829391479492,20955600
2015-02-23,34.400001525878906,34.5,33.58000183105469,33.7599983215332,26.43683433532715,25565500
2015-02-24,33.61000061035156,34.4900016784668,33.5099983215332,34.40999984741211,26.945829391479492,29607500
2015-02-25,34.029998779296875,34.150001525878906,33.72999954223633,33.95000076293945,26.585620880126953,24686300
2015-02-26,33.619998931884766,33.880001068115234,33.43000030517578,33.650001525878906,26.35070037841797,25928400
2015-02-27,33.630001068115234,33.63999938964844,33.209999084472656,33.25,26.037466049194336,24427300
2015-03-02,33.290000915527344,34.130001068115234,33.119998931884766,34.060001373291016,26.671754837036133,25406400
2015-03-03,33.95000076293945,34.380001068115234,33.90999984741211,34.099998474121094,26.703079223632812,27332000
2015-03-04,33.86000061035156,34.40999984741211,33.720001220703125,34.119998931884766,26.71873664855957,23005800
2015-03-05,34.2599983215332,34.5,33.59000015258789,33.72999954223633,26.41334342956543,21225800
2015-03-06,33.540000915527344,33.68000030517578,33.08000183105469,33.189998626708984,25.99047088623047,32373100
2015-03-09,33.20000076293945,33.27000045776367,32.47999954223633,32.720001220703125,25.62242889404297,33058800
2015-03-10,32.2400016784668,32.40999984741211,31.5,31.700000762939453,24.82369041442871,50278900
2015-03-11,31.969999313354492,32.959999084472656,31.950000762939453,32.33000183105469,25.31702995300293,49683600
2015-03-12,31.010000228881836,31.600000381469727,30.579999923706055,30.799999237060547,24.11890411376953,107402400
2015-03-13,30.6299991607666,30.979999542236328,30.360000610351562,30.93000030517578,24.22071647644043,47954700
2015-03-16,30.93000030517578,31.110000610351562,30.649999618530273,30.829999923706055,24.142406463623047,33074600
2015-03-17,30.579999923706055,30.729999542236328,30.40999984741211,30.59000015258789,23.954465866088867,29215600
2015-03-18,30.40999984741211,31.200000762939453,30.299999237060547,30.889999389648438,24.18938636779785,39834100
2015-03-19,30.780000686645508,31.100000381469727,30.690000534057617,30.739999771118164,24.071928024291992,27414200
2015-03-20,30.989999771118164,31.6200008392334,30.93000030517578,31.309999465942383,24.51828384399414,64777100
2015-03-23,31.290000915527344,31.790000915527344,31.200000762939453,31.200000762939453,24.432144165039062,29694000
2015-03-24,31.15999984741211,31.31999969482422,30.739999771118164,30.790000915527344,24.11107635498047,28471400
2015-03-25,30.809999465942383,30.889999389648438,29.860000610351562,29.889999389648438,23.406309127807617,37691000
2015-03-26,29.5,30.399999618530273,29.309999465942383,30.079999923706055,23.555091857910156,45450100
2015-03-27,30.010000228881836,33.0,29.850000381469727,32.0,25.058610916137695,73857200
2015-03-30,31.65999984741211,32.099998474121094,31.299999237060547,31.459999084472656,24.635746002197266,51391500
2015-03-31,31.43000030517578,31.93000030517578,31.200000762939453,31.270000457763672,24.48695945739746,32098500
2015-04-01,31.1299991607666,31.31999969482422,30.649999618530273,30.809999465942383,24.126747131347656,31532100
2015-04-02,30.799999237060547,31.229999542236328,30.670000076293945,30.809999465942383,24.126747131347656,20909600
2015-04-06,30.809999465942383,31.25,30.450000762939453,31.040000915527344,24.306848526000977,21490900
2015-04-07,31.06999969482422,31.59000015258789,31.0,31.260000228881836,24.479129791259766,23258300
2015-04-08,31.229999542236328,31.559999465942383,31.059999465942383,31.309999465942383,24.51828384399414,18250300
2015-04-09,30.68000030517578,31.6200008392334,30.56999969482422,31.239999771118164,24.463470458984375,34167600
2015-04-10,31.329999923706055,31.940000534057617,31.329999923706055,31.93000030517578,25.003795623779297,28084900
2015-04-13,31.809999465942383,32.04999923706055,31.709999084472656,31.729999542236328,24.8471736907959,23489000
2015-04-14,31.68000030517578,31.940000534057617,31.270000457763672,31.489999771118164,24.659238815307617,39754000
2015-04-15,32.2599983215332,32.9900016784668,32.06999969482422,32.83000183105469,25.708568572998047,61083500
2015-04-16,32.849998474121094,32.9900016784668,32.70000076293945,32.869998931884766,25.739885330200195,28903200
2015-04-17,32.5099983215332,32.70000076293945,32.220001220703125,32.470001220703125,25.42665672302246,30593600
2015-04-20,32.61000061035156,32.790000915527344,32.529998779296875,32.72999954223633,25.63025665283203,20649300
2015-04-21,32.93000030517578,32.970001220703125,32.279998779296875,32.43000030517578,25.395334243774414,19023800
2015-04-22,32.40999984741211,32.720001220703125,32.029998779296875,32.70000076293945,25.606773376464844,21144200
2015-04-23,32.040000915527344,32.40999984741211,32.0099983215332,32.349998474121094,25.332687377929688,23775300
2015-04-24,32.40999984741211,32.47999954223633,32.02000045776367,32.08000183105469,25.12125587463379,22759900
2015-04-27,32.08000183105469,32.689998626708984,32.08000183105469,32.5,25.450149536132812,25869600
2015-04-28,32.29999923706055,33.040000915527344,32.22999954223633,33.02000045776367,25.857357025146484,29572800
2015-04-29,32.560001373291016,33.0,32.54999923706055,32.88999938964844,25.755556106567383,21819000
2015-04-30,32.709999084472656,32.849998474121094,32.29999923706055,32.54999923706055,25.48930549621582,22013300
2015-05-01,32.630001068115234,33.4900016784668,32.619998931884766,33.41999816894531,26.17058753967285,27091200
2015-05-04,33.27000045776367,33.5,33.220001220703125,33.43000030517578,26.178417205810547,21397300
2015-05-05,33.0,33.099998474121094,32.56999969482422,32.63999938964844,25.744600296020508,29779200
2015-05-06,32.5,32.790000915527344,31.93000030517578,32.220001220703125,25.41333770751953,31985400
2015-05-07,32.27000045776367,32.630001068115234,32.18000030517578,32.2400016784668,25.42911148071289,21475300
2015-05-08,32.5099983215332,32.880001068115234,32.34000015258789,32.79999923706055,25.87080192565918,26926500
2015-05-11,32.68000030517578,32.709999084472656,32.43000030517578,32.689998626708984,25.78404426574707,18358600
2015-05-12,32.439998626708984,32.5,32.0,32.25,25.436996459960938,24530200
2015-05-13,32.27000045776367,32.900001525878906,32.27000045776367,32.63999938964844,25.744600296020508,20470800
2015-05-14,32.86000061035156,33.130001068115234,32.77000045776367,32.970001220703125,26.004894256591797,21098900
2015-05-15,33.09000015258789,33.119998931884766,32.75,32.9900016784668,26.02066993713379,17149700
2015-05-18,32.97999954223633,33.40999984741211,32.849998474121094,33.40999984741211,26.351938247680664,23689500
2015-05-19,33.36000061035156,33.380001068115234,32.9900016784668,33.150001525878906,26.146867752075195,21867100
2015-05-20,33.060001373291016,33.5,33.0099983215332,33.369998931884766,26.320390701293945,21359800
2015-05-21,33.209999084472656,33.560001373291016,33.06999969482422,33.54999923706055,26.462366104125977,21269800
2015-05-22,33.470001220703125,33.5099983215332,33.31999969482422,33.45000076293945,26.383487701416016,20845000
2015-05-26,33.27000045776367,33.290000915527344,32.84000015258789,33.099998474121094,26.107425689697266,28594500
2015-05-27,33.20000076293945,33.849998474121094,33.130001068115234,33.709999084472656,26.588558197021484,30172700
2015-05-28,33.7400016784668,34.150001525878906,33.68000030517578,34.0099983215332,26.82518768310547,27065700
2015-05-29,34.2400016784668,34.75,34.209999084472656,34.459999084472656,27.180124282836914,43545500
2015-06-01,34.369998931884766,34.59000015258789,33.68000030517578,33.90999984741211,26.74631118774414,46734500
2015-06-02,33.63999938964844,33.75,33.13999938964844,33.27000045776367,26.241519927978516,36351100
2015-06-03,33.16999816894531,33.2400016784668,32.59000015258789,32.72999954223633,25.81559181213379,38138700
2015-06-04,32.5099983215332,32.720001220703125,32.20000076293945,32.310001373291016,25.48431968688965,33761800
2015-06-05,32.279998779296875,32.29999923706055,31.829999923706055,31.84000015258789,25.113603591918945,27778500
2015-06-08,31.809999465942383,31.950000762939453,31.209999084472656,31.299999237060547,24.68768882751465,38171600
2015-06-09,31.329999923706055,31.65999984741211,31.149999618530273,31.25,24.648250579833984,33976700
2015-06-10,31.459999084472656,32.15999984741211,31.3700008392334,31.81999969482422,25.09783935546875,33336800
2015-06-11,31.950000762939453,32.099998474121094,31.84000015258789,31.850000381469727,25.121498107910156,24293600
2015-06-12,31.719999313354492,32.099998474121094,31.200000762939453,31.31999969482422,24.70347023010254,31629800
2015-06-15,31.1200008392334,31.510000228881836,30.940000534057617,31.389999389648438,24.75868034362793,23175000
2015-06-16,31.260000228881836,31.760000228881836,31.1299991607666,31.639999389648438,24.955869674682617,20254500
2015-06-17,31.75,32.09000015258789,31.690000534057617,31.950000762939453,25.20037078857422,28194200
2015-06-18,32.08000183105469,32.5,32.0,32.380001068115234,25.539533615112305,27722400
2015-06-19,32.400001525878906,32.56999969482422,31.959999084472656,32.06999969482422,25.295019149780273,39008400
2015-06-22,32.2599983215332,32.38999938964844,32.08000183105469,32.2599983215332,25.44487953186035,23608400
2015-06-23,32.310001373291016,32.34000015258789,31.93000030517578,32.09000015258789,25.3107967376709,17995900
2015-06-24,32.150001525878906,32.150001525878906,31.8799991607666,31.90999984741211,25.1688289642334,23313900
2015-06-25,32.02000045776367,32.31999969482422,31.989999771118164,31.989999771118164,25.231922149658203,22743300
2015-06-26,31.510000228881836,31.530000686645508,30.760000228881836,31.020000457763672,24.466840744018555,62157200
2015-06-29,30.700000762939453,30.979999542236328,30.309999465942383,30.389999389648438,23.969934463500977,35194500
2015-06-30,30.6299991607666,30.690000534057617,30.149999618530273,30.420000076293945,23.99359130859375,34412200
2015-07-01,30.489999771118164,30.549999237060547,30.010000228881836,30.18000030517578,23.804296493530273,27178900
2015-07-02,30.18000030517578,30.920000076293945,30.100000381469727,30.559999465942383,24.10401725769043,27105200
2015-07-06,30.239999771118164,30.450000762939453,29.84000015258789,30.040000915527344,23.693876266479492,32468100
2015-07-07,29.8700008392334,29.93000030517578,29.09000015258789,29.899999618530273,23.58344268798828,43833700
2015-07-08,29.399999618530273,29.670000076293945,29.149999618530273,29.5,23.2679500579834,45223800
2015-07-09,29.719999313354492,29.889999389648438,28.81999969482422,28.93000030517578,22.818368911743164,47167800
2015-07-10,29.200000762939453,29.350000381469727,28.940000534057617,29.170000076293945,23.00766372680664,31423800
2015-07-13,29.270000457763672,29.81999969482422,29.190000534057617,29.729999542236328,23.449363708496094,26452400
2015-07-14,29.65999984741211,30.110000610351562,29.440000534057617,29.649999618530273,23.386266708374023,39778300
2015-07-15,29.649999618530273,29.989999771118164,29.469999313354492,29.690000534057617,23.41781234741211,47852500
2015-07-16,30.469999313354492,30.479999542236328,29.100000381469727,29.899999618530273,23.58344268798828,81166700
2015-07-17,29.65999984741211,29.799999237060547,29.100000381469727,29.469999313354492,23.244291305541992,43697600
2015-07-20,29.6200008392334,29.6200008392334,29.06999969482422,29.100000381469727,22.952451705932617,33812900
2015-07-21,28.959999084472656,29.260000228881836,28.670000076293945,28.719999313354492,22.652729034423828,45191000
2015-07-22,28.56999969482422,28.850000381469727,28.43000030517578,28.610000610351562,22.565969467163086,36387200
2015-07-23,28.65999984741211,28.969999313354492,28.43000030517578,28.600000381469727,22.558080673217773,33775200
2015-07-24,28.530000686645508,28.639999389648438,28.059999465942383,28.059999465942383,22.132165908813477,31621000
2015-07-27,28.06999969482422,28.420000076293945,27.6200008392334,28.350000381469727,22.36089515686035,42161100
2015-07-28,28.510000228881836,29.18000030517578,28.440000534057617,28.959999084472656,22.84202766418457,33182400
2015-07-29,28.950000762939453,29.1299991607666,28.790000915527344,29.010000228881836,22.88146209716797,26470200
2015-07-30,29.100000381469727,29.450000762939453,28.850000381469727,28.90999984741211,22.802597045898438,26582400
2015-07-31,29.1200008392334,29.1200008392334,28.770000457763672,28.950000762939453,22.834138870239258,27158800
2015-08-03,29.0,29.350000381469727,28.899999618530273,29.049999237060547,22.913015365600586,26213600
2015-08-04,28.979999542236328,29.149999618530273,28.860000610351562,29.1299991607666,22.976118087768555,25741700
2015-08-05,29.190000534057617,29.389999389648438,29.020000457763672,29.1200008392334,23.15903663635254,23622700
2015-08-06,29.15999984741211,29.229999542236328,28.850000381469727,29.010000228881836,23.071548461914062,27958200
2015-08-07,28.799999237060547,28.959999084472656,28.690000534057617,28.8799991607666,22.968162536621094,25606100
2015-08-10,29.06999969482422,29.68000030517578,29.059999465942383,29.639999389648438,23.572587966918945,22807400
2015-08-11,29.469999313354492,29.479999542236328,28.959999084472656,28.969999313354492,23.03973960876465,23758900
2015-08-12,28.65999984741211,29.56999969482422,28.65999984741211,29.459999084472656,23.429431915283203,33589100
2015-08-13,29.399999618530273,29.450000762939453,28.8700008392334,28.8700008392334,22.960208892822266,18821900
2015-08-14,28.920000076293945,29.040000915527344,28.81999969482422,29.020000457763672,23.07950210571289,14302700
2015-08-17,28.829999923706055,29.200000762939453,28.709999084472656,29.079999923706055,23.12722396850586,15548300
2015-08-18,28.950000762939453,29.049999237060547,28.799999237060547,28.90999984741211,22.99202537536621,19182600
2015-08-19,28.649999618530273,28.799999237060547,28.280000686645508,28.360000610351562,22.55460548400879,30530100
2015-08-20,28.030000686645508,28.239999771118164,27.530000686645508,27.530000686645508,21.894512176513672,31936600
2015-08-21,27.329999923706055,27.6299991607666,26.559999465942383,26.559999465942383,21.12307357788086,52288400
2015-08-24,25.200000762939453,27.6299991607666,24.8700008392334,26.25,20.87653160095215,83234200
2015-08-25,27.040000915527344,27.149999618530273,25.8700008392334,25.8700008392334,20.57431411743164,59371900
2015-08-26,26.510000228881836,27.34000015258789,26.079999923706055,27.299999237060547,21.71159553527832,47386700
2015-08-27,27.719999313354492,27.90999984741211,27.010000228881836,27.719999313354492,22.04561996459961,38649400
2015-08-28,27.670000076293945,28.610000610351562,27.450000762939453,28.420000076293945,22.60232925415039,43452400
2015-08-31,28.329999923706055,29.1299991607666,28.15999984741211,28.540000915527344,22.697763442993164,42401800
2015-09-01,27.90999984741211,28.170000076293945,27.65999984741211,27.81999969482422,22.125150680541992,44144000
2015-09-02,28.350000381469727,28.600000381469727,28.139999389648438,28.600000381469727,22.745479583740234,34618800
2015-09-03,28.799999237060547,29.420000076293945,28.690000534057617,29.079999923706055,23.12722396850586,38665900
2015-09-04,28.56999969482422,28.899999618530273,28.40999984741211,28.520000457763672,22.681854248046875,29116500
2015-09-08,28.979999542236328,29.5,28.950000762939453,29.5,23.461246490478516,27805000
2015-09-09,29.719999313354492,30.1200008392334,29.170000076293945,29.239999771118164,23.254467010498047,30774100
2015-09-10,29.18000030517578,29.65999984741211,28.899999618530273,29.270000457763672,23.27832794189453,25195800
2015-09-11,29.079999923706055,29.520000457763672,29.040000915527344,29.469999313354492,23.437387466430664,21786900
2015-09-14,29.469999313354492,29.530000686645508,29.09000015258789,29.389999389648438,23.373760223388672,24065100
2015-09-15,29.559999465942383,29.940000534057617,29.479999542236328,29.729999542236328,23.6441650390625,29819000
2015-09-16,29.6200008392334,29.790000915527344,29.399999618530273,29.770000457763672,23.675973892211914,25957800
2015-09-17,29.6200008392334,30.200000762939453,29.549999237060547,29.709999084472656,23.628263473510742,29805200
2015-09-18,29.219999313354492,29.420000076293945,28.809999465942383,29.020000457763672,23.07950210571289,60693400
2015-09-21,29.09000015258789,29.34000015258789,28.940000534057617,29.15999984741211,23.19084358215332,24417100
2015-09-22,28.670000076293945,28.899999618530273,28.479999542236328,28.670000076293945,22.8011531829834,28576200
2015-09-23,29.020000457763672,29.09000015258789,28.59000015258789,28.739999771118164,22.85681915283203,25984000
2015-09-24,28.3799991607666,28.670000076293945,27.8700008392334,28.479999542236328,22.650049209594727,32754700
2015-09-25,28.940000534057617,29.1200008392334,28.6299991607666,28.809999465942383,22.912487030029297,29192300
2015-09-28,28.68000030517578,29.360000610351562,28.639999389648438,28.760000228881836,22.87272834777832,42291000
2015-09-29,28.829999923706055,29.350000381469727,28.760000228881836,29.239999771118164,23.254467010498047,34169600
2015-09-30,29.559999465942383,30.31999969482422,29.540000915527344,30.139999389648438,23.97023582458496,41051700
2015-10-01,30.209999084472656,30.280000686645508,29.459999084472656,30.0,23.858896255493164,29832800
2015-10-02,29.670000076293945,30.530000686645508,29.530000686645508,30.510000228881836,24.264495849609375,27901500
2015-10-05,30.729999542236328,31.3799991607666,30.559999465942383,31.209999084472656,24.821199417114258,34842500
2015-10-06,31.15999984741211,31.850000381469727,31.110000610351562,31.739999771118164,25.24271011352539,34899800
2015-10-07,32.0,32.41999816894531,31.719999313354492,32.31999969482422,25.703983306884766,36930100
2015-10-08,32.22999954223633,32.599998474121094,31.979999542236328,32.52000045776367,25.863039016723633,27794600
2015-10-09,32.369998931884766,32.54999923706055,31.940000534057617,32.13999938964844,25.560829162597656,24209900
2015-10-12,32.15999984741211,32.31999969482422,32.0,32.209999084472656,25.616497039794922,18795000
2015-10-13,32.029998779296875,32.47999954223633,31.979999542236328,32.040000915527344,25.481306076049805,35588600
2015-10-14,31.389999389648438,32.93000030517578,30.850000381469727,32.79999923706055,26.08572006225586,75954800
2015-10-15,32.84000015258789,33.060001373291016,32.459999084472656,32.75,26.04595947265625,37634800
2015-10-16,32.75,33.20000076293945,32.47999954223633,33.040000915527344,26.27659034729004,29371300
2015-10-19,32.880001068115234,33.619998931884766,32.869998931884766,33.59000015258789,26.714006423950195,37624000
2015-10-20,33.400001525878906,33.70000076293945,33.310001373291016,33.439998626708984,26.594715118408203,24416100
2015-10-21,33.66999816894531,34.04999923706055,33.31999969482422,33.369998931884766,26.53904151916504,31928800
2015-10-22,33.70000076293945,34.5,33.59000015258789,34.400001525878906,27.358196258544922,39572600
2015-10-23,34.540000915527344,35.029998779296875,34.400001525878906,34.900001525878906,27.755849838256836,42796600
2015-10-26,34.77000045776367,34.959999084472656,34.54999923706055,34.59000015258789,27.509309768676758,22646900
2015-10-27,34.40999984741211,34.54999923706055,34.310001373291016,34.470001220703125,27.41386604309082,22630100
2015-10-28,34.470001220703125,34.709999084472656,34.119998931884766,34.709999084472656,27.604734420776367,21908400
2015-10-29,34.20000076293945,34.290000915527344,33.77000045776367,34.029998779296875,27.063941955566406,21325200
2015-10-30,34.099998474121094,34.290000915527344,33.86000061035156,33.86000061035156,26.928743362426758,24693900
2015-11-02,33.72999954223633,34.279998779296875,33.63999938964844,34.11000061035156,27.1275577545166,21743100
2015-11-03,34.0,34.40999984741211,33.97999954223633,34.310001373291016,27.2866268157959,18167000
2015-11-04,34.27000045776367,34.27000045776367,33.900001525878906,34.150001525878906,27.35069465637207,20762100
2015-11-05,34.099998474121094,34.20000076293945,33.72999954223633,34.0,27.230560302734375,16486100
2015-11-06,33.93000030517578,33.970001220703125,33.40999984741211,33.84000015258789,27.102415084838867,23701700
2015-11-09,33.599998474121094,33.83000183105469,33.08000183105469,33.349998474121094,26.70997428894043,24168700
2015-11-10,33.16999816894531,33.27000045776367,32.810001373291016,33.209999084472656,26.597850799560547,22451700
2015-11-11,33.15999984741211,33.380001068115234,32.79999923706055,32.86000061035156,26.31753158569336,19864700
2015-11-12,32.709999084472656,32.91999816894531,32.38999938964844,32.400001525878906,25.949127197265625,23265400
2015-11-13,32.27000045776367,32.380001068115234,31.959999084472656,32.11000061035156,25.71685791015625,23673200
2015-11-16,32.09000015258789,32.2599983215332,31.93000030517578,32.099998474121094,25.70884895324707,29899700
2015-11-17,32.150001525878906,32.880001068115234,32.0099983215332,32.63999938964844,26.141340255737305,22636400
2015-11-18,32.72999954223633,33.2400016784668,32.619998931884766,33.15999984741211,26.557809829711914,18619800
2015-11-19,33.220001220703125,34.72999954223633,33.130001068115234,34.29999923706055,27.4708309173584,45381600
2015-11-20,34.47999954223633,35.290000915527344,34.47999954223633,34.65999984741211,27.759151458740234,41137700
2015-11-23,34.65999984741211,34.849998474121094,34.40999984741211,34.47999954223633,27.614986419677734,20152900
2015-11-24,34.33000183105469,34.439998626708984,33.900001525878906,34.36000061035156,27.518877029418945,21413500
2015-11-25,34.2599983215332,34.7400016784668,34.13999938964844,34.45000076293945,27.590967178344727,17939400
2015-11-27,34.540000915527344,34.68000030517578,34.400001525878906,34.459999084472656,27.598976135253906,6620900
2015-11-30,34.54999923706055,34.900001525878906,34.43000030517578,34.77000045776367,27.847246170043945,21785800
2015-12-01,35.0,35.20000076293945,34.709999084472656,35.09000015258789,28.10353660583496,23560200
2015-12-02,35.09000015258789,35.40999984741211,34.810001373291016,34.83000183105469,27.895301818847656,18688200
2015-12-03,34.970001220703125,34.9900016784668,34.0,34.040000915527344,27.26260757446289,30131100
2015-12-04,34.11000061035156,35.029998779296875,34.0,34.939998626708984,27.9834041595459,24901000
2015-12-07,34.790000915527344,35.16999816894531,34.75,34.9900016784668,28.02344512939453,17731900
2015-12-08,34.66999816894531,34.95000076293945,34.41999816894531,34.75,27.831228256225586,13380200
2015-12-09,34.880001068115234,35.220001220703125,34.5099983215332,34.810001373291016,27.87928581237793,22548300
2015-12-10,34.849998474121094,35.06999969482422,34.65999984741211,34.77000045776367,27.847246170043945,17400700
2015-12-11,34.310001373291016,34.650001525878906,34.20000076293945,34.27000045776367,27.446802139282227,21251400
2015-12-14,34.380001068115234,34.47999954223633,33.880001068115234,34.470001220703125,27.606983184814453,19357100
2015-12-15,34.650001525878906,35.349998474121094,34.63999938964844,35.18000030517578,28.175613403320312,24365900
2015-12-16,35.36000061035156,35.470001220703125,34.77000045776367,35.29999923706055,28.271724700927734,23257900
2015-12-17,35.31999969482422,35.369998931884766,34.7599983215332,34.90999984741211,27.959367752075195,24963600
2015-12-18,34.72999954223633,34.75,33.86000061035156,33.869998931884766,27.126441955566406,41336600
2015-12-21,34.11000061035156,34.29999923706055,33.81999969482422,34.2400016784668,27.42278480529785,18006800
2015-12-22,34.36000061035156,34.779998779296875,34.27000045776367,34.72999954223633,27.815216064453125,18422000
2015-12-23,34.95000076293945,35.04999923706055,34.779998779296875,35.0,28.031452178955078,12526500
2015-12-24,35.06999969482422,35.2599983215332,34.959999084472656,34.97999954223633,28.01543617248535,5893800
2015-12-28,34.95000076293945,35.0,34.56999969482422,34.93000030517578,27.975393295288086,9449400
2015-12-29,35.0099983215332,35.59000015258789,35.0099983215332,35.439998626708984,28.383853912353516,14188600
2015-12-30,35.380001068115234,35.45000076293945,34.95000076293945,34.9900016784668,28.02344512939453,11566800
2015-12-31,34.81999969482422,34.959999084472656,34.439998626708984,34.45000076293945,27.590967178344727,14736700
2016-01-04,33.880001068115234,34.0099983215332,33.459999084472656,33.9900016784668,27.222549438476562,27882200
2016-01-05,33.959999084472656,34.0,33.529998779296875,33.83000183105469,27.094406127929688,16709500
2016-01-06,33.25,33.52000045776367,32.79999923706055,33.08000183105469,26.493732452392578,25491300
2016-01-07,32.279998779296875,33.0099983215332,31.84000015258789,31.84000015258789,25.5006160736084,37680500
2016-01-08,32.09000015258789,32.220001220703125,31.43000030517578,31.510000228881836,25.236318588256836,29953800
2016-01-11,31.809999465942383,32.220001220703125,31.68000030517578,32.060001373291016,25.67681121826172,27732400
2016-01-12,32.7599983215332,32.88999938964844,32.27000045776367,32.68000030517578,26.173376083374023,28587700
2016-01-13,32.7599983215332,32.93000030517578,31.829999923706055,31.90999984741211,25.556678771972656,34445700
2016-01-14,31.969999313354492,32.869998931884766,31.799999237060547,32.7400016784668,26.2214298248291,48728200
2016-01-15,29.729999542236328,30.5,29.450000762939453,29.760000228881836,23.834741592407227,76373900
2016-01-19,29.979999542236328,30.059999465942383,29.479999542236328,29.799999237060547,23.866783142089844,28878100
2016-01-20,29.350000381469727,29.8700008392334,29.209999084472656,29.59000015258789,23.69859504699707,39598200
2016-01-21,29.649999618530273,30.030000686645508,29.239999771118164,29.65999984741211,23.754657745361328,30157400
2016-01-22,30.1200008392334,30.239999771118164,29.510000228881836,29.93000030517578,23.970901489257812,25326500
2016-01-25,29.989999771118164,30.219999313354492,29.56999969482422,29.600000381469727,23.706607818603516,26441000
2016-01-26,29.610000610351562,30.049999237060547,29.610000610351562,29.940000534057617,23.978910446166992,24754900
2016-01-27,29.8799991607666,30.219999313354492,29.639999389648438,29.809999465942383,23.87479019165039,26384100
2016-01-28,30.020000457763672,30.18000030517578,29.75,29.969999313354492,24.0029354095459,22028100
2016-01-29,30.209999084472656,31.030000686645508,30.100000381469727,31.020000457763672,24.843881607055664,38311400
2016-02-01,30.719999313354492,31.1200008392334,30.639999389648438,30.81999969482422,24.683700561523438,19015100
2016-02-02,30.450000762939453,30.489999771118164,29.6299991607666,29.799999237060547,23.866783142089844,24994300
2016-02-03,29.719999313354492,29.719999313354492,28.520000457763672,29.34000015258789,23.705190658569336,44660100
2016-02-04,29.139999389648438,29.8799991607666,29.110000610351562,29.770000457763672,24.0526065826416,29257800
2016-02-05,29.579999923706055,29.760000228881836,28.90999984741211,29.040000915527344,23.46280860900879,27957500
2016-02-08,28.739999771118164,28.979999542236328,28.299999237060547,28.81999969482422,23.28506088256836,28725900
2016-02-09,28.489999771118164,29.149999618530273,28.40999984741211,28.809999465942383,23.276975631713867,22902600
2016-02-10,28.8799991607666,29.0,28.190000534057617,28.229999542236328,22.80837059020996,27267800
2016-02-11,27.829999923706055,28.40999984741211,27.68000030517578,28.219999313354492,22.800289154052734,28450200
2016-02-12,28.56999969482422,28.700000762939453,28.139999389648438,28.639999389648438,23.139631271362305,19699000
2016-02-16,28.75,28.950000762939453,28.360000610351562,28.780000686645508,23.25274085998535,30705200
2016-02-17,28.860000610351562,29.6200008392334,28.729999542236328,29.469999313354492,23.810222625732422,27691700
2016-02-18,29.530000686645508,29.760000228881836,29.3799991607666,29.420000076293945,23.769826889038086,20623300
2016-02-19,29.200000762939453,29.329999923706055,28.709999084472656,28.709999084472656,23.196182250976562,42056700
2016-02-22,29.110000610351562,29.540000915527344,29.0,29.350000381469727,23.713272094726562,23893100
2016-02-23,29.299999237060547,29.350000381469727,28.600000381469727,28.799999237060547,23.26889991760254,26638200
2016-02-24,28.520000457763672,29.299999237060547,28.3799991607666,29.190000534057617,23.584001541137695,21593600
2016-02-25,29.31999969482422,29.6200008392334,28.950000762939453,29.6200008392334,23.931415557861328,17571400
2016-02-26,29.8799991607666,30.079999923706055,29.700000762939453,29.799999237060547,24.07684898376465,19902200
2016-02-29,29.719999313354492,30.139999389648438,29.579999923706055,29.59000015258789,23.907182693481445,22903100
2016-03-01,29.93000030517578,30.530000686645508,29.75,30.3700008392334,24.537384033203125,25502600
2016-03-02,30.299999237060547,30.8700008392334,30.1200008392334,30.540000915527344,24.674732208251953,23779800
2016-03-03,31.1299991607666,31.350000381469727,30.540000915527344,30.579999923706055,24.707046508789062,25625200
2016-03-04,30.5,30.860000610351562,30.049999237060547,30.6299991607666,24.7474422454834,20356800
2016-03-07,30.59000015258789,31.1200008392334,30.5,30.940000534057617,24.99791145324707,18858200
2016-03-08,30.829999923706055,30.8799991607666,30.3799991607666,30.559999465942383,24.690889358520508,19104900
2016-03-09,30.829999923706055,31.040000915527344,30.670000076293945,30.8700008392334,24.941354751586914,14707800
2016-03-10,31.139999389648438,31.399999618530273,30.3799991607666,31.25,25.248369216918945,29584800
2016-03-11,31.670000076293945,31.790000915527344,31.530000686645508,31.760000228881836,25.660430908203125,22811200
2016-03-14,31.65999984741211,31.690000534057617,31.299999237060547,31.43000030517578,25.393800735473633,17438600
2016-03-15,31.34000015258789,31.649999618530273,31.059999465942383,31.649999618530273,25.571550369262695,16927700
2016-03-16,31.489999771118164,31.799999237060547,31.170000076293945,31.690000534057617,25.603870391845703,26298400
2016-03-17,31.760000228881836,32.16999816894531,31.700000762939453,31.979999542236328,25.838176727294922,22865300
2016-03-18,32.15999984741211,32.689998626708984,32.060001373291016,32.68000030517578,26.40374183654785,49934200
2016-03-21,32.22999954223633,32.41999816894531,31.950000762939453,32.34000015258789,26.12903594970703,21760900
2016-03-22,32.15999984741211,32.459999084472656,31.950000762939453,32.31999969482422,26.112876892089844,22200400
2016-03-23,32.470001220703125,32.470001220703125,31.979999542236328,32.0,25.854333877563477,18765300
2016-03-24,31.8700008392334,31.950000762939453,31.700000762939453,31.8799991607666,25.757381439208984,14211900
2016-03-28,31.8700008392334,32.0,31.6200008392334,31.899999618530273,25.773542404174805,11433000
2016-03-29,31.93000030517578,32.439998626708984,31.729999542236328,32.380001068115234,26.16135597229004,15313200
2016-03-30,32.45000076293945,32.75,32.290000915527344,32.709999084472656,26.427974700927734,16598000
2016-03-31,32.529998779296875,32.65999984741211,32.31999969482422,32.349998474121094,26.137113571166992,17880000
2016-04-01,32.27000045776367,32.470001220703125,32.099998474121094,32.45000076293945,26.217910766601562,18049700
2016-04-04,32.20000076293945,32.380001068115234,31.739999771118164,32.0,25.854333877563477,21581600
2016-04-05,31.889999389648438,32.119998931884766,31.719999313354492,31.899999618530273,25.773542404174805,20080000
2016-04-06,31.969999313354492,32.22999954223633,31.770000457763672,32.08000183105469,25.918973922729492,15740600
2016-04-07,31.889999389648438,31.899999618530273,31.350000381469727,31.549999237060547,25.49075698852539,23738200
2016-04-08,31.760000228881836,32.02000045776367,31.479999542236328,31.6299991607666,25.555391311645508,17031900
2016-04-11,31.899999618530273,32.34000015258789,31.65999984741211,31.670000076293945,25.58771514892578,19707700
2016-04-12,31.8799991607666,31.940000534057617,31.3799991607666,31.860000610351562,25.74122428894043,16774200
2016-04-13,31.969999313354492,32.18000030517578,31.950000762939453,32.130001068115234,25.959369659423828,19968100
2016-04-14,31.780000686645508,31.889999389648438,31.549999237060547,31.799999237060547,25.692745208740234,21620900
2016-04-15,31.790000915527344,31.889999389648438,31.3799991607666,31.459999084472656,25.41804313659668,28782800
2016-04-18,31.43000030517578,31.719999313354492,31.3799991607666,31.649999618530273,25.571550369262695,21566600
2016-04-19,31.700000762939453,31.809999465942383,31.399999618530273,31.600000381469727,25.53115463256836,33619300
2016-04-20,31.31999969482422,32.2599983215332,31.25,32.0,25.854333877563477,57629800
2016-04-21,31.940000534057617,32.060001373291016,31.809999465942383,31.969999313354492,25.830097198486328,28431400
2016-04-22,31.739999771118164,31.860000610351562,31.219999313354492,31.639999389648438,25.5634708404541,29625600
2016-04-25,31.360000610351562,31.5,31.200000762939453,31.389999389648438,25.36148452758789,19315700
2016-04-26,31.389999389648438,31.700000762939453,31.170000076293945,31.399999618530273,25.369565963745117,20976400
2016-04-27,31.25,31.799999237060547,31.190000534057617,31.75,25.652347564697266,20006200
2016-04-28,31.450000762939453,31.709999084472656,31.030000686645508,31.110000610351562,25.135263442993164,25146400
2016-04-29,30.860000610351562,30.8700008392334,30.100000381469727,30.280000686645508,24.46466064453125,36443700
2016-05-02,30.450000762939453,30.690000534057617,30.360000610351562,30.610000610351562,24.731287002563477,21086600
2016-05-03,30.40999984741211,30.559999465942383,30.09000015258789,30.360000610351562,24.529298782348633,27111100
2016-05-04,30.170000076293945,30.209999084472656,29.700000762939453,29.850000381469727,24.3255672454834,23278800
2016-05-05,29.8700008392334,30.020000457763672,29.75,29.899999618530273,24.366317749023438,23393300
2016-05-06,29.610000610351562,30.110000610351562,29.520000457763672,30.040000915527344,24.480405807495117,19632200
2016-05-09,30.079999923706055,30.170000076293945,29.760000228881836,29.799999237060547,24.284822463989258,16888300
2016-05-10,30.0,30.18000030517578,29.81999969482422,30.139999389648438,24.561904907226562,17013800
2016-05-11,30.15999984741211,30.25,29.969999313354492,30.059999465942383,24.496702194213867,15754200
2016-05-12,30.110000610351562,30.239999771118164,29.56999969482422,29.760000228881836,24.252220153808594,20826700
2016-05-13,29.860000610351562,30.200000762939453,29.84000015258789,29.90999984741211,24.374462127685547,19999600
2016-05-16,29.899999618530273,30.559999465942383,29.8799991607666,30.389999389648438,24.7656307220459,21826100
2016-05-17,30.56999969482422,30.56999969482422,29.860000610351562,29.979999542236328,24.43151092529297,25709900
2016-05-18,30.030000686645508,30.25,29.780000686645508,29.989999771118164,24.439655303955078,22469900
2016-05-19,29.770000457763672,29.93000030517578,29.5,29.6299991607666,24.146282196044922,21740900
2016-05-20,29.729999542236328,30.3799991607666,29.700000762939453,30.149999618530273,24.57004165649414,22777300
2016-05-23,30.229999542236328,30.479999542236328,30.1299991607666,30.229999542236328,24.635236740112305,20881900
2016-05-24,30.5,31.1200008392334,30.450000762939453,31.059999465942383,25.311630249023438,23699200
2016-05-25,31.200000762939453,31.56999969482422,31.149999618530273,31.389999389648438,25.58055305480957,18359600
2016-05-26,31.489999771118164,31.6299991607666,31.399999618530273,31.489999771118164,25.662044525146484,12692300
2016-05-27,31.600000381469727,31.649999618530273,31.450000762939453,31.56999969482422,25.72724151611328,13341300
2016-05-31,31.510000228881836,31.649999618530273,31.309999465942383,31.59000015258789,25.74354362487793,23040200
2016-06-01,31.6200008392334,31.719999313354492,31.469999313354492,31.65999984741211,25.80059051513672,17753500
2016-06-02,31.559999465942383,31.760000228881836,31.450000762939453,31.760000228881836,25.882078170776367,14140100
2016-06-03,31.739999771118164,31.739999771118164,31.399999618530273,31.6200008392334,25.76798439025879,15777500
2016-06-06,31.639999389648438,31.81999969482422,31.579999923706055,31.68000030517578,25.816883087158203,15139600
2016-06-07,31.75,32.02000045776367,31.700000762939453,31.8799991607666,25.979869842529297,19339100
2016-06-08,31.799999237060547,32.0,31.790000915527344,31.889999389648438,25.98801612854004,12732100
2016-06-09,31.68000030517578,32.0,31.68000030517578,31.940000534057617,26.028770446777344,11276800
2016-06-10,31.700000762939453,32.2400016784668,31.649999618530273,32.040000915527344,26.110261917114258,35749100
2016-06-13,32.04999923706055,32.5,32.040000915527344,32.16999816894531,26.216196060180664,23004800
2016-06-14,32.0099983215332,32.2400016784668,31.790000915527344,32.13999938964844,26.191747665405273,18754300
2016-06-15,32.25,32.2599983215332,31.59000015258789,31.610000610351562,25.759843826293945,23783300
2016-06-16,31.440000534057617,31.770000457763672,31.219999313354492,31.690000534057617,25.825035095214844,18547900
2016-06-17,31.729999542236328,31.809999465942383,31.469999313354492,31.760000228881836,25.882078170776367,27047900
2016-06-20,32.06999969482422,32.439998626708984,32.0099983215332,32.16999816894531,26.216196060180664,21961600
2016-06-21,32.2599983215332,32.380001068115234,32.09000015258789,32.31999969482422,26.338436126708984,15476500
2016-06-22,32.29999923706055,32.630001068115234,32.25,32.290000915527344,26.313983917236328,18304800
2016-06-23,32.58000183105469,33.0,32.5,32.9900016784668,26.88443946838379,22048800
2016-06-24,31.799999237060547,32.31999969482422,31.399999618530273,31.549999237060547,25.7109432220459,38094300
2016-06-27,31.40999984741211,31.40999984741211,30.440000534057617,30.719999313354492,25.034549713134766,34965100
2016-06-28,30.969999313354492,31.200000762939453,30.809999465942383,31.190000534057617,25.417572021484375,23693900
2016-06-29,31.350000381469727,31.979999542236328,31.309999465942383,31.93000030517578,26.02061653137207,22771100
2016-06-30,32.0,32.880001068115234,31.969999313354492,32.79999923706055,26.729602813720703,34528900
2016-07-01,32.63999938964844,32.88999938964844,32.470001220703125,32.75,26.68885612487793,17084600
2016-07-05,32.5,32.72999954223633,32.459999084472656,32.68000030517578,26.631813049316406,20107200
2016-07-06,32.79999923706055,33.0,32.380001068115234,32.970001220703125,26.86814308166504,21070200
2016-07-07,32.959999084472656,33.54999923706055,32.959999084472656,33.20000076293945,27.05556869506836,26119400
2016-07-08,33.650001525878906,34.0,33.5,34.0,27.70751190185547,23341900
2016-07-11,34.040000915527344,34.5,34.040000915527344,34.380001068115234,28.01718521118164,23820700
2016-07-12,34.5099983215332,34.970001220703125,34.47999954223633,34.939998626708984,28.473539352416992,28064100
2016-07-13,35.040000915527344,35.25,34.880001068115234,35.0099983215332,28.530588150024414,29120900
2016-07-14,35.130001068115234,35.29999923706055,34.959999084472656,35.20000076293945,28.685428619384766,25296400
2016-07-15,35.2599983215332,35.290000915527344,34.900001525878906,35.06999969482422,28.579483032226562,23661900
2016-07-18,35.18000030517578,35.20000076293945,34.95000076293945,35.04999923706055,28.563186645507812,19347200
2016-07-19,34.88999938964844,35.15999984741211,34.849998474121094,35.150001525878906,28.644685745239258,20395400
2016-07-20,35.29999923706055,35.93000030517578,35.060001373291016,35.689998626708984,29.08474349975586,42994200
2016-07-21,34.33000183105469,34.4900016784668,33.86000061035156,34.27000045776367,27.927547454833984,63708600
2016-07-22,34.380001068115234,34.70000076293945,34.2599983215332,34.65999984741211,28.24536895751953,33033700
2016-07-25,34.619998931884766,34.7599983215332,34.56999969482422,34.689998626708984,28.269811630249023,20277700
2016-07-26,34.75,35.22999954223633,34.70000076293945,35.09000015258789,28.595788955688477,29644400
2016-07-27,35.0,35.279998779296875,34.630001068115234,34.83000183105469,28.383899688720703,23601800
2016-07-28,34.83000183105469,34.83000183105469,34.52000045776367,34.77000045776367,28.335010528564453,21667400
2016-07-29,34.77000045776367,34.91999816894531,34.599998474121094,34.86000061035156,28.408355712890625,18171200
2016-08-01,34.81999969482422,34.90999984741211,34.560001373291016,34.849998474121094,28.40019989013672,18824400
2016-08-02,34.810001373291016,34.869998931884766,34.33000183105469,34.560001373291016,28.163875579833984,20057300
2016-08-03,34.099998474121094,34.279998779296875,33.9900016784668,34.25,28.122819900512695,18388800
2016-08-04,34.290000915527344,34.619998931884766,34.220001220703125,34.58000183105469,28.393787384033203,16362600
2016-08-05,34.79999923706055,35.130001068115234,34.70000076293945,34.97999954223633,28.722232818603516,20046200
2016-08-08,34.900001525878906,35.16999816894531,34.86000061035156,35.040000915527344,28.771486282348633,19497300
2016-08-09,35.040000915527344,35.15999984741211,34.84000015258789,34.91999816894531,28.67295265197754,12578900
2016-08-10,35.0,35.0,34.5,34.529998779296875,28.35272216796875,19579000
2016-08-11,34.65999984741211,34.7400016784668,34.4900016784668,34.68000030517578,28.475894927978516,16364100
2016-08-12,34.52000045776367,34.7599983215332,34.439998626708984,34.56999969482422,28.38557243347168,15708300
2016-08-15,34.70000076293945,35.15999984741211,34.630001068115234,34.90999984741211,28.66474151611328,18931100
2016-08-16,34.77000045776367,35.209999084472656,34.77000045776367,35.209999084472656,28.91107177734375,16320900
2016-08-17,35.16999816894531,35.209999084472656,34.77000045776367,35.02000045776367,28.755069732666016,18221600
2016-08-18,34.959999084472656,35.09000015258789,34.75,34.970001220703125,28.71401596069336,16085200
2016-08-19,34.84000015258789,35.27000045776367,34.7400016784668,35.2400016784668,28.935712814331055,16417600
2016-08-22,35.20000076293945,35.45000076293945,35.119998931884766,35.36000061035156,29.034238815307617,14941400
2016-08-23,35.5,35.689998626708984,35.29999923706055,35.400001525878906,29.067087173461914,18316000
2016-08-24,35.31999969482422,35.40999984741211,35.02000045776367,35.150001525878906,28.86181640625,16343500
2016-08-25,35.04999923706055,35.220001220703125,34.900001525878906,35.09000015258789,28.812549591064453,12428000
2016-08-26,35.11000061035156,35.58000183105469,35.04999923706055,35.2599983215332,28.952138900756836,14469900
2016-08-29,35.47999954223633,35.66999816894531,35.150001525878906,35.54999923706055,29.19023895263672,15264300
2016-08-30,35.59000015258789,35.7400016784668,35.52000045776367,35.70000076293945,29.313432693481445,15183200
2016-08-31,35.619998931884766,35.900001525878906,35.58000183105469,35.88999938964844,29.469425201416016,20562700
2016-09-01,35.9900016784668,36.040000915527344,35.58000183105469,36.02000045776367,29.576162338256836,18925800
2016-09-02,36.209999084472656,36.33000183105469,35.95000076293945,36.08000183105469,29.625446319580078,16726700
2016-09-06,36.380001068115234,36.599998474121094,36.16999816894531,36.56999969482422,30.027774810791016,22337800
2016-09-07,36.650001525878906,36.650001525878906,36.380001068115234,36.459999084472656,29.93745994567871,18495600
2016-09-08,36.349998474121094,36.59000015258789,36.119998931884766,36.439998626708984,29.921035766601562,20356500
2016-09-09,36.099998474121094,36.38999938964844,35.439998626708984,35.439998626708984,29.099931716918945,29457900
2016-09-12,35.189998626708984,36.119998931884766,35.060001373291016,36.08000183105469,29.625446319580078,22796600
2016-09-13,35.75,35.880001068115234,35.31999969482422,35.61000061035156,29.239513397216797,23591300
2016-09-14,35.5099983215332,35.81999969482422,35.400001525878906,35.619998931884766,29.247730255126953,14074500
2016-09-15,35.7400016784668,36.650001525878906,35.540000915527344,36.560001373291016,30.01956558227539,23736000
2016-09-16,37.720001220703125,38.04999923706055,37.25,37.66999816894531,30.930992126464844,74577900
2016-09-19,37.689998626708984,38.02000045776367,37.09000015258789,37.15999984741211,30.512222290039062,30531700
2016-09-20,37.41999816894531,37.43000030517578,36.939998626708984,37.13999938964844,30.49580955505371,24796900
2016-09-21,37.209999084472656,37.459999084472656,36.86000061035156,37.45000076293945,30.750341415405273,21233700
2016-09-22,37.599998474121094,37.83000183105469,37.439998626708984,37.54999923706055,30.832456588745117,17013400
2016-09-23,37.45000076293945,37.650001525878906,37.119998931884766,37.189998626708984,30.536863327026367,18062500
2016-09-26,36.91999816894531,36.939998626708984,36.599998474121094,36.650001525878906,30.093473434448242,25518800
2016-09-27,36.900001525878906,37.220001220703125,36.630001068115234,37.18000030517578,30.52865219116211,22391600
2016-09-28,37.310001373291016,37.5,37.150001525878906,37.439998626708984,30.74213409423828,19020800
2016-09-29,37.4900016784668,37.529998779296875,37.0,37.31999969482422,30.64360809326172,17675000
2016-09-30,37.470001220703125,37.91999816894531,37.439998626708984,37.75,30.99667739868164,24279300
2016-10-03,37.689998626708984,37.95000076293945,37.529998779296875,37.65999984741211,30.92277717590332,14113600
2016-10-04,37.77000045776367,37.939998626708984,37.33000183105469,37.540000915527344,30.824243545532227,14393100
2016-10-05,37.75,38.310001373291016,37.63999938964844,37.9900016784668,31.193758010864258,22420800
2016-10-06,37.84000015258789,38.15999984741211,37.58000183105469,38.06999969482422,31.25943946838379,15171400
2016-10-07,38.08000183105469,38.220001220703125,37.779998779296875,38.099998474121094,31.284067153930664,16942500
2016-10-10,38.25,38.36000061035156,37.900001525878906,38.02000045776367,31.21837615966797,14954300
2016-10-11,37.90999984741211,38.0,36.81999969482422,37.27000045776367,30.602550506591797,27650500
2016-10-12,37.20000076293945,37.25,36.810001373291016,37.130001068115234,30.487600326538086,14053900
2016-10-13,36.849998474121094,37.130001068115234,36.459999084472656,36.970001220703125,30.35622787475586,16936000
2016-10-14,37.189998626708984,37.70000076293945,37.15999984741211,37.45000076293945,30.750341415405273,19123900
2016-10-17,37.54999923706055,37.720001220703125,37.2400016784668,37.290000915527344,30.618980407714844,15788100
2016-10-18,37.970001220703125,38.04999923706055,37.529998779296875,37.75,30.99667739868164,42907800
2016-10-19,36.06999969482422,36.09000015258789,35.22999954223633,35.5099983215332,29.157407760620117,75229000
2016-10-20,35.40999984741211,35.66999816894531,35.099998474121094,35.43000030517578,29.091720581054688,25669500
2016-10-21,35.209999084472656,35.400001525878906,34.810001373291016,35.150001525878906,28.86181640625,20813200
2016-10-24,35.43000030517578,35.4900016784668,35.11000061035156,35.2599983215332,28.952138900756836,21524700
2016-10-25,35.13999938964844,35.25,35.0099983215332,35.099998474121094,28.820756912231445,17860300
2016-10-26,35.040000915527344,35.209999084472656,34.7400016784668,34.91999816894531,28.67295265197754,19977600
2016-10-27,35.099998474121094,35.22999954223633,34.75,34.810001373291016,28.582632064819336,14634700
2016-10-28,34.869998931884766,35.16999816894531,34.709999084472656,34.7400016784668,28.525157928466797,22296400
2016-10-31,34.91999816894531,35.08000183105469,34.84000015258789,34.869998931884766,28.63190460205078,19188600
2016-11-01,34.900001525878906,35.15999984741211,34.27000045776367,34.52000045776367,28.344514846801758,25368200
2016-11-02,34.599998474121094,34.900001525878906,34.470001220703125,34.599998474121094,28.410200119018555,21416400
2016-11-03,34.45000076293945,34.52000045776367,33.869998931884766,33.93000030517578,28.07099723815918,19400000
2016-11-04,33.529998779296875,33.93000030517578,33.41999816894531,33.61000061035156,27.806264877319336,21914700
2016-11-07,34.2400016784668,34.75,34.150001525878906,34.689998626708984,28.699766159057617,19296600
2016-11-08,34.599998474121094,34.95000076293945,34.4900016784668,34.7400016784668,28.741132736206055,14833100
2016-11-09,34.130001068115234,34.849998474121094,33.66999816894531,34.75,28.749414443969727,25999400
2016-11-10,34.95000076293945,34.95000076293945,34.029998779296875,34.5,28.54257583618164,28249900
2016-11-11,34.56999969482422,34.869998931884766,34.34000015258789,34.61000061035156,28.633588790893555,22665000
2016-11-14,34.560001373291016,34.72999954223633,34.20000076293945,34.47999954223633,28.526031494140625,22558900
2016-11-15,34.63999938964844,35.290000915527344,34.61000061035156,34.90999984741211,28.88177490234375,20676100
2016-11-16,34.900001525878906,34.91999816894531,34.540000915527344,34.84000015258789,28.82386016845703,18565500
2016-11-17,34.810001373291016,35.02000045776367,34.630001068115234,35.02000045776367,28.9727840423584,15748500
2016-11-18,34.900001525878906,35.0,34.63999938964844,34.95000076293945,28.914873123168945,16806900
2016-11-21,35.099998474121094,35.20000076293945,34.84000015258789,34.97999954223633,28.939699172973633,14259500
2016-11-22,35.18000030517578,35.5,35.11000061035156,35.47999954223633,29.353355407714844,22327400
2016-11-23,35.47999954223633,35.52000045776367,35.099998474121094,35.20000076293945,29.121702194213867,15843100
2016-11-25,35.11000061035156,35.45000076293945,35.11000061035156,35.439998626708984,29.32025909423828,6372800
2016-11-28,35.43000030517578,35.65999984741211,35.209999084472656,35.5099983215332,29.3781681060791,13549000
2016-11-29,35.63999938964844,35.63999938964844,35.27000045776367,35.310001373291016,29.21270179748535,19581000
2016-11-30,35.20000076293945,35.29999923706055,34.70000076293945,34.70000076293945,28.70804214477539,27016100
2016-12-01,34.86000061035156,34.93000030517578,33.560001373291016,33.7599983215332,27.930355072021484,29618700
2016-12-02,33.720001220703125,34.2599983215332,33.599998474121094,34.15999984741211,28.26129150390625,21492500
2016-12-05,34.310001373291016,34.41999816894531,33.970001220703125,34.38999938964844,28.45157814025879,14462000
2016-12-06,34.38999938964844,34.75,34.29999923706055,34.720001220703125,28.724586486816406,15297700
2016-12-07,34.66999816894531,35.56999969482422,34.45000076293945,35.5,29.369911193847656,21710300
2016-12-08,35.47999954223633,36.029998779296875,35.220001220703125,35.70000076293945,29.535375595092773,19966500
2016-12-09,35.75,35.900001525878906,35.59000015258789,35.7599983215332,29.585004806518555,16326900
2016-12-12,35.779998779296875,36.09000015258789,35.66999816894531,35.970001220703125,29.758739471435547,21985800
2016-12-13,36.0099983215332,36.88999938964844,35.93000030517578,36.79999923706055,30.445411682128906,35773600
2016-12-14,36.70000076293945,36.88999938964844,36.459999084472656,36.54999923706055,30.238584518432617,30819400
2016-12-15,36.7400016784668,37.15999984741211,36.529998779296875,36.790000915527344,30.437143325805664,23721500
2016-12-16,36.720001220703125,36.869998931884766,36.09000015258789,36.310001373291016,30.0400390625,38212800
2016-12-19,36.34000015258789,36.95000076293945,36.27000045776367,36.88999938964844,30.51987075805664,18744300
2016-12-20,36.95000076293945,37.2400016784668,36.88999938964844,37.209999084472656,30.78462028503418,18551800
2016-12-21,37.25,37.349998474121094,36.90999984741211,36.97999954223633,30.59433937072754,14323600
2016-12-22,37.22999954223633,37.2400016784668,36.810001373291016,36.93000030517578,30.55296516418457,10793900
2016-12-23,36.93000030517578,36.97999954223633,36.77000045776367,36.970001220703125,30.5860652923584,6287300
2016-12-27,36.90999984741211,37.33000183105469,36.90999984741211,37.06999969482422,30.668787002563477,9033700
2016-12-28,37.099998474121094,37.20000076293945,36.58000183105469,36.630001068115234,30.304767608642578,12868600
2016-12-29,36.5099983215332,36.720001220703125,36.43000030517578,36.65999984741211,30.329591751098633,8447300
2016-12-30,36.790000915527344,36.79999923706055,36.20000076293945,36.27000045776367,30.006940841674805,17468000
2017-01-03,36.61000061035156,36.93000030517578,36.27000045776367,36.599998474121094,30.279945373535156,20196500
2017-01-04,36.709999084472656,36.77000045776367,36.34000015258789,36.40999984741211,30.122766494750977,15915700
2017-01-05,36.45000076293945,36.720001220703125,36.310001373291016,36.349998474121094,30.07311248779297,13986000
2017-01-06,36.59000015258789,36.68000030517578,36.189998626708984,36.47999954223633,30.1806640625,15114000
2017-01-09,36.47999954223633,36.88999938964844,36.47999954223633,36.61000061035156,30.28821563720703,19461400
2017-01-10,36.54999923706055,36.93000030517578,36.529998779296875,36.540000915527344,30.230314254760742,15918800
2017-01-11,36.5099983215332,37.0,36.5099983215332,36.95000076293945,30.56951141357422,22398400
2017-01-12,36.83000183105469,36.83000183105469,36.31999969482422,36.709999084472656,30.370952606201172,20391900
2017-01-13,36.709999084472656,36.86000061035156,36.619998931884766,36.790000915527344,30.437143325805664,15072200
2017-01-17,36.66999816894531,36.83000183105469,36.59000015258789,36.79999923706055,30.445411682128906,20195200
2017-01-18,36.88999938964844,37.0099983215332,36.61000061035156,36.7599983215332,30.41231918334961,15382500
2017-01-19,36.5099983215332,36.90999984741211,36.5099983215332,36.56999969482422,30.255125045776367,13654500
2017-01-20,36.7599983215332,37.029998779296875,36.58000183105469,36.939998626708984,30.56123161315918,23950900
2017-01-23,37.06999969482422,37.209999084472656,36.54999923706055,36.77000045776367,30.420602798461914,27752600
2017-01-24,36.84000015258789,37.7400016784668,36.810001373291016,37.619998931884766,31.123817443847656,35140900
2017-01-25,37.869998931884766,38.0,37.52000045776367,37.79999923706055,31.272741317749023,32276400
2017-01-26,37.81999969482422,37.91999816894531,37.41999816894531,37.560001373291016,31.074186325073242,34144800
2017-01-27,38.0,38.45000076293945,37.810001373291016,37.97999954223633,31.421646118164062,44368600
2017-01-30,37.7400016784668,37.84000015258789,37.33000183105469,37.41999816894531,30.95834732055664,23954700
2017-01-31,37.220001220703125,37.369998931884766,36.63999938964844,36.81999969482422,30.461963653564453,27059100
2017-02-01,36.81999969482422,36.95000076293945,36.02000045776367,36.52000045776367,30.213762283325195,28380600
2017-02-02,36.2599983215332,36.70000076293945,36.20000076293945,36.68000030517578,30.346139907836914,31916900
2017-02-03,36.689998626708984,36.81999969482422,36.45000076293945,36.52000045776367,30.42945671081543,21038100
2017-02-06,36.5099983215332,36.5099983215332,36.150001525878906,36.27000045776367,30.221158981323242,21427000
2017-02-07,36.45000076293945,36.52000045776367,36.2400016784668,36.349998474121094,30.28780174255371,18581900
2017-02-08,36.34000015258789,36.650001525878906,36.13999938964844,36.380001068115234,30.312801361083984,20807400
2017-02-09,36.5,36.5,35.400001525878906,35.459999084472656,29.546239852905273,47802700
2017-02-10,35.2599983215332,35.43000030517578,34.84000015258789,35.34000015258789,29.446247100830078,44106500
2017-02-13,35.56999969482422,35.849998474121094,35.34000015258789,35.79999923706055,29.829544067382812,28180600
2017-02-14,35.84000015258789,35.959999084472656,35.529998779296875,35.93000030517578,29.937854766845703,25734800
2017-02-15,35.97999954223633,36.060001373291016,35.66999816894531,36.04999923706055,30.03783416748047,18452200
2017-02-16,36.18000030517578,36.560001373291016,36.099998474121094,36.40999984741211,30.337810516357422,21317500
2017-02-17,36.31999969482422,36.47999954223633,36.099998474121094,36.47999954223633,30.396121978759766,18909900
2017-02-21,36.529998779296875,36.650001525878906,36.33000183105469,36.52000045776367,30.42945671081543,20556000
2017-02-22,36.34000015258789,36.400001525878906,35.790000915527344,36.06999969482422,30.054508209228516,29904400
2017-02-23,36.2400016784668,36.29999923706055,35.900001525878906,36.18000030517578,30.146163940429688,22775000
2017-02-24,36.13999938964844,36.529998779296875,35.95000076293945,36.529998779296875,30.437786102294922,18617600
2017-02-27,36.41999816894531,36.68000030517578,36.27000045776367,36.5099983215332,30.421138763427734,14065200
2017-02-28,36.41999816894531,36.459999084472656,36.0,36.20000076293945,30.16282844543457,24977000
2017-03-01,35.849998474121094,36.099998474121094,35.439998626708984,35.93000030517578,29.937854766845703,34085900
2017-03-02,35.93000030517578,36.02000045776367,35.650001525878906,35.90999984741211,29.92118263244629,23602100
2017-03-03,35.939998626708984,36.09000015258789,35.66999816894531,35.900001525878906,29.912858963012695,17538100
2017-03-06,35.790000915527344,35.79999923706055,35.41999816894531,35.56999969482422,29.637893676757812,24416700
2017-03-07,35.540000915527344,35.79999923706055,35.38999938964844,35.79999923706055,29.829544067382812,23434900
2017-03-08,35.66999816894531,35.900001525878906,35.529998779296875,35.619998931884766,29.67955207824707,20920100
2017-03-09,35.599998474121094,35.939998626708984,35.5,35.81999969482422,29.84619140625,23616800
2017-03-10,36.119998931884766,36.29999923706055,35.779998779296875,35.90999984741211,29.92118263244629,25402300
2017-03-13,35.849998474121094,36.040000915527344,34.939998626708984,35.15999984741211,29.296276092529297,53582900
2017-03-14,35.060001373291016,35.22999954223633,34.65999984741211,35.18000030517578,29.312931060791016,28586900
2017-03-15,34.939998626708984,35.16999816894531,34.68000030517578,35.099998474121094,29.24627685546875,27996100
2017-03-16,35.16999816894531,35.36000061035156,35.06999969482422,35.13999938964844,29.279600143432617,19616100
2017-03-17,35.310001373291016,35.33000183105469,35.099998474121094,35.27000045776367,29.38792610168457,30778900
2017-03-20,35.369998931884766,35.630001068115234,35.2599983215332,35.43000030517578,29.521242141723633,17322300
2017-03-21,35.59000015258789,35.599998474121094,35.0,35.040000915527344,29.196277618408203,22814500
2017-03-22,35.220001220703125,35.459999084472656,35.0,35.369998931884766,29.471248626708984,19144500
2017-03-23,35.4900016784668,35.4900016784668,35.02000045776367,35.27000045776367,29.38792610168457,20640400
2017-03-24,35.650001525878906,35.72999954223633,35.119998931884766,35.15999984741211,29.296276092529297,22188000
2017-03-27,35.06999969482422,35.5,34.939998626708984,35.38999938964844,29.4879150390625,16992200
2017-03-28,35.34000015258789,35.709999084472656,35.209999084472656,35.599998474121094,29.66288948059082,18398100
2017-03-29,35.52000045776367,35.70000076293945,35.439998626708984,35.56999969482422,29.637893676757812,17202600
2017-03-30,35.58000183105469,35.88999938964844,35.52000045776367,35.75,29.787870407104492,16433000
2017-03-31,35.75,36.25,35.7400016784668,36.06999969482422,30.054508209228516,21438400
2017-04-03,36.189998626708984,36.7400016784668,36.119998931884766,36.15999984741211,30.129493713378906,32013600
2017-04-04,36.119998931884766,36.380001068115234,35.9900016784668,36.279998779296875,30.229480743408203,18918000
2017-04-05,36.43000030517578,36.7599983215332,36.16999816894531,36.220001220703125,30.179485321044922,22455500
2017-04-06,36.130001068115234,36.279998779296875,36.029998779296875,36.029998779296875,30.021167755126953,20198200
2017-04-07,36.06999969482422,36.31999969482422,35.9900016784668,36.029998779296875,30.021167755126953,15689500
2017-04-10,36.02000045776367,36.09000015258789,35.61000061035156,35.79999923706055,29.829544067382812,19973700
2017-04-11,35.77000045776367,35.790000915527344,35.209999084472656,35.7400016784668,29.779541015625,22711800
2017-04-12,35.869998931884766,36.0099983215332,35.5,35.630001068115234,29.687885284423828,19289800
2017-04-13,35.54999923706055,35.7599983215332,35.25,35.25,29.371267318725586,15764000
2017-04-17,35.439998626708984,35.59000015258789,35.33000183105469,35.47999954223633,29.56290626525879,12560700
2017-04-18,35.43000030517578,35.810001373291016,35.29999923706055,35.77000045776367,29.80453872680664,12321100
2017-04-19,35.970001220703125,36.220001220703125,35.88999938964844,35.90999984741211,29.92118263244629,16594600
2017-04-20,36.18000030517578,36.27000045776367,35.86000061035156,36.18000030517578,30.146163940429688,22968300
2017-04-21,36.20000076293945,36.41999816894531,35.849998474121094,36.31999969482422,30.262815475463867,20390500
2017-04-24,36.66999816894531,36.849998474121094,36.459999084472656,36.75,30.621095657348633,26305800
2017-04-25,36.77000045776367,37.0,36.65999984741211,36.869998931884766,30.72109031677246,22066800
2017-04-26,36.779998779296875,37.22999954223633,36.779998779296875,36.93000030517578,30.771080017089844,27241000
2017-04-27,36.869998931884766,37.5,36.779998779296875,37.43000030517578,31.187692642211914,39890000
2017-04-28,36.099998474121094,36.4900016784668,35.880001068115234,36.150001525878906,30.12116050720215,56769300
2017-05-01,36.11000061035156,36.400001525878906,35.939998626708984,36.310001373291016,30.254491806030273,24825600
2017-05-02,36.369998931884766,37.029998779296875,36.349998474121094,36.970001220703125,30.804414749145508,35813000
2017-05-03,36.720001220703125,37.16999816894531,36.619998931884766,36.97999954223633,31.041975021362305,22040300
2017-05-04,36.9900016784668,37.11000061035156,36.63999938964844,36.849998474121094,30.93283462524414,16437100
2017-05-05,36.86000061035156,36.93000030517578,36.5,36.81999969482422,30.907657623291016,18119200
2017-05-08,36.72999954223633,36.849998474121094,36.47999954223633,36.540000915527344,30.672626495361328,17660200
2017-05-09,36.47999954223633,36.75,36.279998779296875,36.369998931884766,30.52991485595703,17819100
2017-05-10,36.27000045776367,36.380001068115234,35.93000030517578,36.0099983215332,30.227718353271484,25133800
2017-05-11,35.90999984741211,36.0,35.45000076293945,35.689998626708984,29.959108352661133,21508900
2017-05-12,35.720001220703125,35.7400016784668,35.400001525878906,35.529998779296875,29.824798583984375,19730800
2017-05-15,35.529998779296875,35.720001220703125,35.41999816894531,35.630001068115234,29.90873908996582,22120100
2017-05-16,35.75,35.88999938964844,35.41999816894531,35.81999969482422,30.068227767944336,22291800
2017-05-17,35.66999816894531,35.9900016784668,35.02000045776367,35.040000915527344,29.413476943969727,26670200
2017-05-18,35.189998626708984,35.470001220703125,35.08000183105469,35.220001220703125,29.564573287963867,17171900
2017-05-19,35.150001525878906,35.54999923706055,35.130001068115234,35.400001525878906,29.715673446655273,18340100
2017-05-22,35.47999954223633,36.11000061035156,35.380001068115234,35.77000045776367,30.026264190673828,14638100
2017-05-23,35.869998931884766,35.9900016784668,35.560001373291016,35.86000061035156,30.10181427001953,16903700
2017-05-24,35.97999954223633,36.18000030517578,35.88999938964844,36.119998931884766,30.320058822631836,20640600
2017-05-25,36.119998931884766,36.38999938964844,36.060001373291016,36.2599983215332,30.43758201599121,13148500
2017-05-26,36.2599983215332,36.33000183105469,36.130001068115234,36.2599983215332,30.43758201599121,11145500
2017-05-30,36.27000045776367,36.439998626708984,36.09000015258789,36.18000030517578,30.370431900024414,13026900
2017-05-31,36.310001373291016,36.380001068115234,35.869998931884766,36.11000061035156,30.311670303344727,17741900
2017-06-01,36.119998931884766,36.130001068115234,35.79999923706055,36.119998931884766,30.320058822631836,17510900
2017-06-02,36.27000045776367,36.33000183105469,36.0,36.31999969482422,30.487947463989258,19127400
2017-06-05,36.29999923706055,36.5,36.20000076293945,36.34000015258789,30.50473976135254,11685700
2017-06-06,36.15999984741211,36.45000076293945,35.97999954223633,36.130001068115234,30.328458786010742,18420900
2017-06-07,36.130001068115234,36.56999969482422,36.099998474121094,36.2599983215332,30.43758201599121,17192000
2017-06-08,36.34000015258789,36.529998779296875,36.15999984741211,36.47999954223633,30.62224769592285,17154200
2017-06-09,36.5,36.560001373291016,35.310001373291016,35.709999084472656,29.975889205932617,33322100
2017-06-12,35.59000015258789,36.0099983215332,35.40999984741211,35.72999954223633,29.99268341064453,28488300
2017-06-13,35.68000030517578,35.95000076293945,35.529998779296875,35.880001068115234,30.118608474731445,20588200
2017-06-14,35.9900016784668,36.04999923706055,35.220001220703125,35.529998779296875,29.824798583984375,19149000
2017-06-15,35.209999084472656,35.47999954223633,35.13999938964844,35.310001373291016,29.64012336730957,20410000
2017-06-16,35.279998779296875,35.33000183105469,35.0099983215332,35.209999084472656,29.556180953979492,30762800
2017-06-19,35.61000061035156,35.61000061035156,35.31999969482422,35.5099983215332,29.808008193969727,21583800
2017-06-20,35.45000076293945,35.45000076293945,34.84000015258789,34.86000061035156,29.26239013671875,21536500
2017-06-21,34.33000183105469,34.599998474121094,34.09000015258789,34.58000183105469,29.02735137939453,27138500
2017-06-22,34.560001373291016,34.630001068115234,34.290000915527344,34.36000061035156,28.842668533325195,24602900
2017-06-23,34.209999084472656,34.54999923706055,34.099998474121094,34.189998626708984,28.699968338012695,29260900
2017-06-26,34.2599983215332,34.5099983215332,34.029998779296875,34.06999969482422,28.599241256713867,18854800
2017-06-27,34.0,34.150001525878906,33.650001525878906,33.650001525878906,28.24667739868164,27078900
2017-06-28,33.77000045776367,34.2400016784668,33.7400016784668,34.20000076293945,28.7083683013916,25940100
2017-06-29,33.91999816894531,34.099998474121094,33.34000015258789,33.540000915527344,28.154346466064453,25215700
2017-06-30,33.869998931884766,33.93000030517578,33.529998779296875,33.7400016784668,28.322227478027344,24432000
2017-07-03,33.5099983215332,34.029998779296875,33.43000030517578,33.459999084472656,28.087188720703125,12676900
2017-07-05,33.52000045776367,34.43000030517578,33.4900016784668,34.34000015258789,28.82588768005371,30010800
2017-07-06,34.119998931884766,34.290000915527344,33.560001373291016,33.630001068115234,28.229890823364258,20733200
2017-07-07,33.70000076293945,34.119998931884766,33.70000076293945,33.880001068115234,28.43975257873535,18304500
2017-07-10,33.25,33.7400016784668,33.22999954223633,33.650001525878906,28.24667739868164,29918400
2017-07-11,33.63999938964844,33.93000030517578,33.43000030517578,33.91999816894531,28.47332191467285,25737500
2017-07-12,34.279998779296875,34.38999938964844,33.939998626708984,34.25,28.750337600708008,23768300
2017-07-13,34.33000183105469,34.400001525878906,34.119998931884766,34.2400016784668,28.7419376373291,15046200
2017-07-14,34.47999954223633,34.709999084472656,34.27000045776367,34.68000030517578,29.11128807067871,16316400
2017-07-17,34.7400016784668,34.7400016784668,34.36000061035156,34.470001220703125,28.93501091003418,21044400
2017-07-18,34.43000030517578,34.58000183105469,34.25,34.529998779296875,28.98537254333496,14362800
2017-07-19,34.68000030517578,34.68000030517578,34.459999084472656,34.560001373291016,29.01055908203125,17036200
2017-07-20,34.540000915527344,34.84000015258789,34.47999954223633,34.75,29.170059204101562,17506200
2017-07-21,34.540000915527344,34.81999969482422,34.400001525878906,34.72999954223633,29.153255462646484,22245000
2017-07-24,34.72999954223633,34.79999923706055,34.380001068115234,34.5,28.960193634033203,16146300
2017-07-25,34.54999923706055,34.7400016784668,34.400001525878906,34.66999816894531,29.10289192199707,18096700
2017-07-26,34.70000076293945,34.970001220703125,34.59000015258789,34.75,29.170059204101562,15499300
2017-07-27,34.779998779296875,35.25,34.66999816894531,34.970001220703125,29.354721069335938,43062800
2017-07-28,35.130001068115234,35.86000061035156,35.0,35.310001373291016,29.64012336730957,36291500
2017-07-31,35.470001220703125,35.7400016784668,35.31999969482422,35.470001220703125,29.774438858032227,27057000
2017-08-01,35.65999984741211,36.43000030517578,35.56999969482422,36.349998474121094,30.51312255859375,38710200
2017-08-02,36.33000183105469,36.66999816894531,36.060001373291016,36.63999938964844,30.756559371948242,35004300
2017-08-03,36.54999923706055,36.59000015258789,36.150001525878906,36.4900016784668,30.8605899810791,26611300
2017-08-04,36.45000076293945,36.560001373291016,36.099998474121094,36.29999923706055,30.699893951416016,20520300
2017-08-07,36.38999938964844,36.54999923706055,36.220001220703125,36.43000030517578,30.809837341308594,18169300
2017-08-08,36.369998931884766,36.70000076293945,36.29999923706055,36.40999984741211,30.792938232421875,22819900
2017-08-09,36.279998779296875,36.65999984741211,36.02000045776367,36.59000015258789,30.945159912109375,22796800
2017-08-10,36.400001525878906,36.560001373291016,36.11000061035156,36.13999938964844,30.564579010009766,22693300
2017-08-11,36.2599983215332,36.400001525878906,35.790000915527344,35.869998931884766,30.33623504638672,19275100
2017-08-14,36.119998931884766,36.470001220703125,36.08000183105469,36.34000015258789,30.733734130859375,18469400
2017-08-15,36.29999923706055,36.31999969482422,35.81999969482422,36.0,30.446184158325195,21706600
2017-08-16,35.97999954223633,36.06999969482422,35.560001373291016,35.810001373291016,30.285490036010742,22014000
2017-08-17,35.599998474121094,35.68000030517578,35.16999816894531,35.16999816894531,29.744232177734375,19525000
2017-08-18,35.290000915527344,35.310001373291016,34.9900016784668,35.0099983215332,29.608909606933594,16231400
2017-08-21,35.09000015258789,35.279998779296875,34.70000076293945,34.91999816894531,29.53278923034668,26493300
2017-08-22,35.02000045776367,35.189998626708984,34.619998931884766,34.650001525878906,29.3044490814209,26097800
2017-08-23,34.540000915527344,34.810001373291016,34.380001068115234,34.65999984741211,29.312911987304688,19648100
2017-08-24,34.70000076293945,34.88999938964844,34.54999923706055,34.709999084472656,29.355188369750977,14301900
2017-08-25,34.81999969482422,34.93000030517578,34.58000183105469,34.66999816894531,29.321361541748047,14726800
2017-08-28,34.779998779296875,34.79999923706055,34.59000015258789,34.650001525878906,29.3044490814209,20712900
2017-08-29,34.5099983215332,34.75,34.459999084472656,34.72999954223633,29.372100830078125,15843700
2017-08-30,34.75,34.959999084472656,34.630001068115234,34.88999938964844,29.50742530822754,18565000
2017-08-31,34.939998626708984,35.18000030517578,34.869998931884766,35.06999969482422,29.659650802612305,16366800
2017-09-01,35.2400016784668,35.38999938964844,35.06999969482422,35.09000015258789,29.67657470703125,12822000
2017-09-05,35.02000045776367,35.33000183105469,34.93000030517578,35.02000045776367,29.617372512817383,18772000
2017-09-06,35.220001220703125,35.939998626708984,35.11000061035156,35.7599983215332,30.24321174621582,28076400
2017-09-07,35.880001068115234,35.95000076293945,35.33000183105469,35.540000915527344,30.057146072387695,16297100
2017-09-08,35.41999816894531,35.540000915527344,35.08000183105469,35.189998626708984,29.761137008666992,14125000
2017-09-11,35.4900016784668,36.0,35.13999938964844,35.77000045776367,30.251665115356445,20037600
2017-09-12,35.880001068115234,36.34000015258789,35.7400016784668,36.09000015258789,30.522296905517578,19489900
2017-09-13,36.0,36.400001525878906,35.970001220703125,36.33000183105469,30.72526741027832,15509800
2017-09-14,36.189998626708984,36.70000076293945,36.15999984741211,36.47999954223633,30.85212516784668,18093900
2017-09-15,36.54999923706055,37.08000183105469,36.220001220703125,37.0,31.291902542114258,33596100
2017-09-18,37.0,37.33000183105469,36.79999923706055,37.0,31.291902542114258,19393800
2017-09-19,37.20000076293945,37.29999923706055,37.02000045776367,37.22999954223633,31.486427307128906,23850500
2017-09-20,37.22999954223633,37.290000915527344,36.65999984741211,37.06999969482422,31.351106643676758,23957500
2017-09-21,36.9900016784668,37.27000045776367,36.849998474121094,37.20000076293945,31.461050033569336,22954200
2017-09-22,36.95000076293945,37.220001220703125,36.95000076293945,37.18000030517578,31.444133758544922,21631800
2017-09-25,37.04999923706055,37.22999954223633,36.849998474121094,37.15999984741211,31.427215576171875,23180800
2017-09-26,37.209999084472656,37.63999938964844,37.0,37.470001220703125,31.68940544128418,29790400
2017-09-27,37.619998931884766,37.689998626708984,37.099998474121094,37.540000915527344,31.74859046936035,25981400
2017-09-28,37.31999969482422,37.880001068115234,37.290000915527344,37.83000183105469,31.993858337402344,21171400
2017-09-29,37.84000015258789,38.150001525878906,37.70000076293945,38.08000183105469,32.205299377441406,23217300
2017-10-02,38.119998931884766,39.09000015258789,38.08000183105469,39.040000915527344,33.01719284057617,37394500
2017-10-03,38.95000076293945,39.70000076293945,38.95000076293945,39.380001068115234,33.30473709106445,34002200
2017-10-04,39.38999938964844,39.400001525878906,38.86000061035156,39.34000015258789,33.270904541015625,28368800
2017-10-05,39.5,39.650001525878906,39.209999084472656,39.529998779296875,33.43159866333008,17710300
2017-10-06,39.599998474121094,39.88999938964844,39.41999816894531,39.630001068115234,33.51617431640625,18887500
2017-10-09,39.68000030517578,39.880001068115234,39.52000045776367,39.86000061035156,33.710693359375,18494100
2017-10-10,39.93000030517578,39.95000076293945,39.380001068115234,39.650001525878906,33.533084869384766,29890000
2017-10-11,39.47999954223633,39.66999816894531,39.060001373291016,39.29999923706055,33.23708724975586,30754700
2017-10-12,39.349998474121094,39.38999938964844,38.97999954223633,39.189998626708984,33.14405059814453,18286900
2017-10-13,39.439998626708984,39.810001373291016,39.279998779296875,39.66999816894531,33.54999923706055,16829400
2017-10-16,39.709999084472656,39.790000915527344,39.439998626708984,39.7599983215332,33.62610626220703,12489100
2017-10-17,39.560001373291016,39.869998931884766,39.369998931884766,39.790000915527344,33.65148162841797,15532800
2017-10-18,39.79999923706055,40.290000915527344,39.599998474121094,40.25,34.04052734375,21424600
2017-10-19,39.880001068115234,40.33000183105469,39.83000183105469,40.09000015258789,33.90520477294922,19222700
2017-10-20,40.33000183105469,40.45000076293945,40.099998474121094,40.43000030517578,34.1927490234375,18335700
2017-10-23,40.54999923706055,41.040000915527344,40.400001525878906,40.83000183105469,34.53105545043945,28647000
2017-10-24,41.0,41.04999923706055,40.720001220703125,40.95000076293945,34.632537841796875,19652400
2017-10-25,40.88999938964844,41.060001373291016,40.4900016784668,40.779998779296875,34.48876190185547,24031700
2017-10-26,40.90999984741211,41.58000183105469,40.709999084472656,41.349998474121094,34.9708137512207,38247400
2017-10-27,43.29999923706055,45.0,43.099998474121094,44.400001525878906,37.550296783447266,90028300
2017-10-30,44.47999954223633,45.189998626708984,43.880001068115234,44.369998931884766,37.52491760253906,48161500
2017-10-31,45.20000076293945,45.79999923706055,44.650001525878906,45.4900016784668,38.472137451171875,47000900
2017-11-01,45.970001220703125,46.709999084472656,45.59000015258789,46.709999084472656,39.50392150878906,47813700
2017-11-02,46.61000061035156,47.22999954223633,46.209999084472656,47.099998474121094,39.83375549316406,44602300
2017-11-03,47.20000076293945,47.29999923706055,45.599998474121094,46.34000015258789,39.191001892089844,39298100
2017-11-06,46.599998474121094,46.7400016784668,46.09000015258789,46.70000076293945,39.729515075683594,34035000
2017-11-07,46.70000076293945,47.09000015258789,46.38999938964844,46.779998779296875,39.797576904296875,24461400
2017-11-08,46.619998931884766,46.70000076293945,46.279998779296875,46.70000076293945,39.729515075683594,21565800
2017-11-09,46.04999923706055,46.38999938964844,45.650001525878906,46.29999923706055,39.389225006103516,25570400
2017-11-10,46.040000915527344,46.09000015258789,45.380001068115234,45.58000183105469,38.77669906616211,24095400
2017-11-13,45.2599983215332,45.939998626708984,45.25,45.75,38.92131423950195,18999000
2017-11-14,45.70000076293945,45.91999816894531,45.31999969482422,45.86000061035156,39.014896392822266,22201200
2017-11-15,45.38999938964844,45.810001373291016,45.16999816894531,45.459999084472656,38.67459487915039,17157200
2017-11-16,45.630001068115234,46.06999969482422,45.459999084472656,45.650001525878906,38.83624267578125,26439400
2017-11-17,45.5,45.619998931884766,44.619998931884766,44.630001068115234,37.968505859375,63798000
2017-11-20,44.72999954223633,45.119998931884766,44.5,44.619998931884766,37.95998001098633,22420000
2017-11-21,44.720001220703125,45.220001220703125,44.709999084472656,44.939998626708984,38.23222351074219,21871000
2017-11-22,44.939998626708984,44.95000076293945,44.540000915527344,44.650001525878906,37.98550796508789,19538300
2017-11-24,44.54999923706055,44.779998779296875,44.43000030517578,44.75,38.07057571411133,6465800
2017-11-27,44.41999816894531,44.61000061035156,44.27000045776367,44.4900016784668,37.84937286376953,18202100
2017-11-28,44.650001525878906,44.84000015258789,44.31999969482422,44.72999954223633,38.053565979003906,20194100
2017-11-29,44.849998474121094,45.09000015258789,43.77000045776367,43.95000076293945,37.38998031616211,27036900
2017-11-30,44.36000061035156,45.20000076293945,44.33000183105469,44.84000015258789,38.14714431762695,34145300
2017-12-01,44.72999954223633,44.84000015258789,43.529998779296875,44.68000030517578,38.01102828979492,26656300
2017-12-04,45.02000045776367,45.29999923706055,44.33000183105469,44.4900016784668,37.84937286376953,28000800
2017-12-05,44.599998474121094,44.900001525878906,43.22999954223633,43.439998626708984,36.956111907958984,30626900
2017-12-06,43.13999938964844,43.720001220703125,42.66999816894531,43.45000076293945,36.96461868286133,27710800
2017-12-07,43.459999084472656,43.599998474121094,42.779998779296875,43.08000183105469,36.64984130859375,32708400
2017-12-08,43.349998474121094,43.58000183105469,43.11000061035156,43.349998474121094,36.87953567504883,23154700
2017-12-11,43.279998779296875,43.779998779296875,43.25,43.65999984741211,37.14327621459961,20425900
2017-12-12,43.470001220703125,43.619998931884766,43.08000183105469,43.33000183105469,36.86253356933594,16557400
2017-12-13,43.650001525878906,43.65999984741211,43.2400016784668,43.34000015258789,36.87104034423828,21399500
2017-12-14,43.43000030517578,43.56999969482422,43.02000045776367,43.2599983215332,36.802978515625,19644900
2017-12-15,43.400001525878906,44.84000015258789,43.06999969482422,44.560001373291016,37.908931732177734,47477000
2017-12-18,45.150001525878906,46.349998474121094,45.040000915527344,46.2599983215332,39.35519027709961,50369300
2017-12-19,46.29999923706055,47.2599983215332,45.88999938964844,47.040000915527344,40.01877212524414,41421100
2017-12-20,47.470001220703125,47.63999938964844,46.65999984741211,47.560001373291016,40.46115493774414,40935000
2017-12-21,47.540000915527344,47.59000015258789,46.560001373291016,46.7599983215332,39.78055953979492,42963500
2017-12-22,46.33000183105469,47.02000045776367,46.02000045776367,46.70000076293945,39.729515075683594,33913500
2017-12-26,46.279998779296875,46.470001220703125,45.95000076293945,46.08000183105469,39.20206069946289,15533300
2017-12-27,46.11000061035156,46.36000061035156,46.0,46.11000061035156,39.22758102416992,13359700
2017-12-28,46.36000061035156,46.36000061035156,45.95000076293945,46.220001220703125,39.3211669921875,9504400
2017-12-29,46.209999084472656,46.4900016784668,46.09000015258789,46.15999984741211,39.270111083984375,17394500
2018-01-02,46.380001068115234,46.900001525878906,46.209999084472656,46.849998474121094,39.857120513916016,23370800
2018-01-03,45.470001220703125,46.209999084472656,43.650001525878906,45.2599983215332,38.504459381103516,116479000
2018-01-04,43.52000045776367,44.650001525878906,42.689998626708984,44.43000030517578,37.79834747314453,89209100
2018-01-05,44.43000030517578,45.150001525878906,43.900001525878906,44.7400016784668,38.06207275390625,41824000
2018-01-08,44.27000045776367,44.84000015258789,43.959999084472656,44.7400016784668,38.06207275390625,33733800
2018-01-09,44.70000076293945,44.84000015258789,43.4900016784668,43.619998931884766,37.10924530029297,44282300
2018-01-10,43.33000183105469,43.599998474121094,42.439998626708984,42.5,36.156410217285156,45735000
2018-01-11,42.79999923706055,43.58000183105469,42.45000076293945,43.40999984741211,36.93058776855469,35371500
2018-01-12,43.45000076293945,43.599998474121094,43.0099983215332,43.2400016784668,36.78596878051758,29973600
2018-01-16,43.54999923706055,43.790000915527344,42.88999938964844,43.13999938964844,36.700889587402344,38367200
2018-01-17,43.54999923706055,44.45000076293945,43.5099983215332,44.38999938964844,37.764312744140625,32368600
2018-01-18,44.400001525878906,44.7400016784668,44.16999816894531,44.47999954223633,37.840877532958984,26826500
2018-01-19,44.619998931884766,44.88999938964844,44.25,44.81999969482422,38.130130767822266,25780200
2018-01-22,44.79999923706055,45.790000915527344,44.790000915527344,45.75,38.92131423950195,27706800
2018-01-23,45.810001373291016,46.09000015258789,45.630001068115234,46.060001373291016,39.1850471496582,22135100
2018-01-24,45.900001525878906,46.130001068115234,44.959999084472656,45.5099983215332,38.717132568359375,32464200
2018-01-25,45.880001068115234,46.369998931884766,45.16999816894531,45.29999923706055,38.53848648071289,36758700
2018-01-26,48.380001068115234,50.150001525878906,48.119998931884766,50.08000183105469,42.60502243041992,86916100
2018-01-29,49.599998474121094,50.849998474121094,49.369998931884766,49.97999954223633,42.51994705200195,46304000
2018-01-30,49.47999954223633,50.060001373291016,48.7400016784668,48.790000915527344,41.50756072998047,32814600
2018-01-31,49.22999954223633,49.25,47.560001373291016,48.13999938964844,40.9545783996582,41619900
2018-02-01,47.70000076293945,48.470001220703125,47.45000076293945,47.650001525878906,40.5377311706543,28840400
2018-02-02,47.31999969482422,47.790000915527344,46.099998474121094,46.150001525878906,39.26161193847656,28663000
2018-02-05,46.349998474121094,47.2599983215332,44.5,44.52000045776367,37.874900817871094,47869000
2018-02-06,44.02000045776367,44.93000030517578,43.029998779296875,44.90999984741211,38.46589660644531,58145400
2018-02-07,44.58000183105469,46.29999923706055,44.34000015258789,45.20000076293945,38.714290618896484,37508400
2018-02-08,45.279998779296875,45.41999816894531,42.7400016784668,42.75,36.615840911865234,43151300
2018-02-09,43.5,44.279998779296875,42.040000915527344,43.95000076293945,37.643646240234375,49301100
2018-02-12,44.150001525878906,45.15999984741211,44.09000015258789,44.83000183105469,38.39738845825195,28379500
2018-02-13,44.59000015258789,44.779998779296875,44.2599983215332,44.459999084472656,38.080467224121094,19517600
2018-02-14,44.06999969482422,45.5099983215332,44.040000915527344,45.380001068115234,38.86846160888672,19922000
2018-02-15,45.880001068115234,45.9900016784668,44.95000076293945,45.91999816894531,39.33098220825195,23536800
2018-02-16,45.81999969482422,46.59000015258789,45.5099983215332,45.560001373291016,39.022640228271484,21475200
2018-02-20,45.459999084472656,46.709999084472656,45.38999938964844,46.31999969482422,39.6735725402832,25512000
2018-02-21,46.66999816894531,47.060001373291016,45.91999816894531,45.939998626708984,39.348106384277344,27527500
2018-02-22,46.13999938964844,46.560001373291016,45.619998931884766,45.79999923706055,39.22819137573242,16946400
2018-02-23,46.34000015258789,47.790000915527344,46.310001373291016,47.72999954223633,40.881263732910156,26040900
2018-02-26,48.20000076293945,49.130001068115234,48.099998474121094,49.11000061035156,42.0632438659668,26992300
2018-02-27,49.369998931884766,50.900001525878906,49.310001373291016,49.90999984741211,42.74845886230469,43624100
2018-02-28,50.18000030517578,50.34000015258789,49.279998779296875,49.290000915527344,42.21742630004883,35541200
2018-03-01,49.5,49.720001220703125,47.470001220703125,47.84000015258789,40.9754753112793,36326600
2018-03-02,47.20000076293945,49.04999923706055,46.959999084472656,48.97999954223633,41.9518928527832,33310600
2018-03-05,48.56999969482422,49.79999923706055,48.040000915527344,49.75,42.61141586303711,30826500
2018-03-06,50.15999984741211,51.33000183105469,50.150001525878906,50.709999084472656,43.43366241455078,39132300
2018-03-07,50.18000030517578,51.4900016784668,50.099998474121094,51.31999969482422,43.95613098144531,31801900
2018-03-08,51.790000915527344,52.08000183105469,50.470001220703125,50.7400016784668,43.45935821533203,29481200
2018-03-09,51.27000045776367,52.29999923706055,51.0,52.189998626708984,44.701297760009766,32727900
2018-03-12,51.86000061035156,51.95000076293945,50.5,51.52000045776367,44.12744140625,32044400
2018-03-13,52.52000045776367,53.779998779296875,51.38999938964844,51.779998779296875,44.35012435913086,45573900
2018-03-14,52.060001373291016,52.18000030517578,51.310001373291016,51.86000061035156,44.418643951416016,24993500
2018-03-15,52.22999954223633,52.29999923706055,50.880001068115234,50.880001068115234,43.579261779785156,25631200
2018-03-16,51.16999816894531,51.70000076293945,50.9900016784668,51.16999816894531,43.82766342163086,42559800
2018-03-19,50.7400016784668,51.22999954223633,49.93000030517578,50.83000183105469,43.53644561767578,31115200
2018-03-20,50.880001068115234,51.810001373291016,50.849998474121094,51.54999923706055,44.15312194824219,22215000
2018-03-21,51.54999923706055,52.16999816894531,51.16999816894531,51.560001373291016,44.16169738769531,23239500
2018-03-22,50.7400016784668,51.959999084472656,50.599998474121094,50.83000183105469,43.53644561767578,30916000
2018-03-23,50.59000015258789,50.9900016784668,49.36000061035156,49.36000061035156,42.27737045288086,37683900
2018-03-26,50.7400016784668,52.4900016784668,50.31999969482422,52.47999954223633,44.94968795776367,39306200
2018-03-27,53.0099983215332,53.25,50.779998779296875,51.189998626708984,43.84478759765625,38777000
2018-03-28,50.5,50.70000076293945,49.0099983215332,49.599998474121094,42.48293685913086,37970900
2018-03-29,49.97999954223633,52.08000183105469,49.869998931884766,52.08000183105469,44.607086181640625,45265800
2018-04-02,51.689998626708984,52.040000915527344,47.290000915527344,48.91999816894531,41.9005012512207,67187800
2018-04-03,49.0,49.959999084472656,48.40999984741211,49.75,42.61141586303711,39432400
2018-04-04,48.099998474121094,50.15999984741211,48.0099983215332,49.9900016784668,42.81697463989258,30370000
2018-04-05,50.0099983215332,50.720001220703125,49.970001220703125,50.380001068115234,43.1510124206543,25115400
2018-04-06,49.790000915527344,50.400001525878906,48.5,48.790000915527344,41.78915786743164,28215200
2018-04-09,49.15999984741211,51.11000061035156,49.15999984741211,49.54999923706055,42.44011306762695,31437000
2018-04-10,51.119998931884766,51.4900016784668,50.34000015258789,51.27000045776367,43.91331481933594,25906400
2018-04-11,50.9900016784668,51.72999954223633,50.81999969482422,51.099998474121094,43.7677001953125,17568400
2018-04-12,51.4900016784668,53.27000045776367,51.45000076293945,52.720001220703125,45.1552619934082,29781400
2018-04-13,53.060001373291016,53.209999084472656,51.599998474121094,51.86000061035156,44.418643951416016,20884900
2018-04-16,52.290000915527344,52.529998779296875,51.790000915527344,52.400001525878906,44.88117218017578,18855500
2018-04-17,52.90999984741211,53.70000076293945,52.88999938964844,53.540000915527344,45.85758972167969,21228700
2018-04-18,53.52000045776367,54.36000061035156,53.34000015258789,53.61000061035156,45.917545318603516,22164700
2018-04-19,52.95000076293945,52.959999084472656,51.61000061035156,52.220001220703125,44.726985931396484,25422400
2018-04-20,52.16999816894531,52.279998779296875,50.880001068115234,51.529998779296875,44.1359977722168,26910100
2018-04-23,51.689998626708984,51.88999938964844,50.849998474121094,51.099998474121094,43.7677001953125,21706700
2018-04-24,51.869998931884766,53.63999938964844,51.13999938964844,51.45000076293945,44.06748580932617,42494700
2018-04-25,51.86000061035156,52.099998474121094,50.599998474121094,51.380001068115234,44.00752258300781,25752800
2018-04-26,52.2599983215332,53.27000045776367,52.06999969482422,53.04999923706055,45.437904357910156,39575000
2018-04-27,55.439998626708984,55.790000915527344,52.22999954223633,52.72999954223633,45.163818359375,69888100
2018-04-30,52.560001373291016,53.369998931884766,51.209999084472656,51.619998931884766,44.21309280395508,36417400
2018-05-01,51.63999938964844,53.41999816894531,51.439998626708984,53.33000183105469,45.6777229309082,27600800
2018-05-02,53.09000015258789,53.20000076293945,52.150001525878906,52.310001373291016,44.80408477783203,25778300
2018-05-03,51.88999938964844,52.560001373291016,51.209999084472656,52.279998779296875,44.77839279174805,28561000
2018-05-04,51.619998931884766,52.84000015258789,51.0,52.779998779296875,45.46754837036133,25642500
2018-05-07,52.86000061035156,53.58000183105469,52.83000183105469,53.33000183105469,45.941349029541016,20285700
2018-05-08,53.290000915527344,53.630001068115234,52.79999923706055,53.630001068115234,46.19978332519531,21026800
2018-05-09,53.7599983215332,54.369998931884766,53.189998626708984,54.34000015258789,46.81141662597656,19827500
2018-05-10,54.54999923706055,55.0,54.099998474121094,54.97999954223633,47.36273956298828,18715900
2018-05-11,54.619998931884766,55.189998626708984,54.43000030517578,54.66999816894531,47.095699310302734,15405000
2018-05-14,54.77000045776367,55.2400016784668,54.7400016784668,54.900001525878906,47.29383087158203,21878200
2018-05-15,54.58000183105469,54.75,53.560001373291016,53.91999816894531,46.44960021972656,21712600
2018-05-16,54.16999816894531,54.70000076293945,53.959999084472656,54.63999938964844,47.06985092163086,16260500
2018-05-17,54.54999923706055,55.439998626708984,54.41999816894531,54.810001373291016,47.21630096435547,16872600
2018-05-18,54.529998779296875,54.540000915527344,53.470001220703125,53.5,46.087799072265625,23679900
2018-05-21,54.36000061035156,55.220001220703125,53.86000061035156,54.31999969482422,46.79418182373047,25367400
2018-05-22,54.72999954223633,55.04999923706055,54.04999923706055,54.45000076293945,46.90617752075195,19009600
2018-05-23,54.0,55.22999954223633,53.84000015258789,55.209999084472656,47.56087875366211,20555400
2018-05-24,55.18000030517578,55.29999923706055,54.130001068115234,54.75,47.16461181640625,19667100
2018-05-25,54.79999923706055,55.5,54.540000915527344,55.439998626708984,47.75901794433594,18550000
2018-05-29,55.119998931884766,55.810001373291016,54.810001373291016,55.31999969482422,47.6556396484375,24253500
2018-05-30,55.88999938964844,56.20000076293945,55.619998931884766,55.68000030517578,47.965763092041016,24711500
2018-05-31,55.66999816894531,55.86000061035156,55.060001373291016,55.20000076293945,47.552268981933594,30962100
2018-06-01,55.84000015258789,57.099998474121094,55.79999923706055,57.08000183105469,49.17179870605469,31183200
2018-06-04,57.0099983215332,57.599998474121094,56.779998779296875,56.83000183105469,48.95643997192383,22538100
2018-06-05,56.900001525878906,57.119998931884766,56.220001220703125,56.529998779296875,48.69799041748047,21687000
2018-06-06,56.529998779296875,57.060001373291016,56.08000183105469,57.029998779296875,49.12873458862305,22955400
2018-06-07,56.91999816894531,57.0,55.619998931884766,55.880001068115234,48.1380500793457,27596100
2018-06-08,55.560001373291016,55.70000076293945,54.65999984741211,55.04999923706055,47.42304992675781,30822900
2018-06-11,54.79999923706055,55.09000015258789,54.2599983215332,54.52000045776367,46.96648406982422,25752400
2018-06-12,54.869998931884766,55.029998779296875,54.220001220703125,54.81999969482422,47.22491455078125,23294900
2018-06-13,54.97999954223633,55.70000076293945,54.90999984741211,55.029998779296875,47.405818939208984,22631400
2018-06-14,55.45000076293945,55.86000061035156,55.18000030517578,55.540000915527344,47.84516525268555,23419800
2018-06-15,55.16999816894531,55.380001068115234,54.58000183105469,55.11000061035156,47.47473907470703,39194700
2018-06-18,54.29999923706055,54.29999923706055,52.34000015258789,53.220001220703125,45.84658432006836,40764400
2018-06-19,52.13999938964844,52.95000076293945,51.880001068115234,52.93000030517578,45.59676742553711,31780900
2018-06-20,53.189998626708984,53.75,52.689998626708984,53.459999084472656,46.053340911865234,21403000
2018-06-21,54.380001068115234,54.529998779296875,51.939998626708984,52.189998626708984,44.959285736083984,44435600
2018-06-22,52.619998931884766,53.09000015258789,52.29999923706055,52.5,45.22633361816406,34682100
2018-06-25,51.16999816894531,51.75,49.90999984741211,50.709999084472656,43.68433380126953,45356500
2018-06-26,49.95000076293945,50.40999984741211,49.36000061035156,49.66999816894531,42.788421630859375,37543000
2018-06-27,49.34000015258789,50.060001373291016,48.75,48.7599983215332,42.00450134277344,33338800
2018-06-28,48.58000183105469,49.4900016784668,48.5,49.25,42.42660903930664,29055700
2018-06-29,49.529998779296875,50.11000061035156,49.5,49.709999084472656,42.822879791259766,28906500
2018-07-02,49.040000915527344,50.27000045776367,48.83000183105469,50.20000076293945,43.244991302490234,23755500
2018-07-03,50.58000183105469,50.86000061035156,49.43000030517578,49.470001220703125,42.61614227294922,16327900
2018-07-05,49.97999954223633,50.959999084472656,49.75,50.75,43.71879959106445,26163500
2018-07-06,50.77000045776367,51.5,50.400001525878906,51.369998931884766,44.25289535522461,19968000
2018-07-09,51.63999938964844,51.88999938964844,51.0,51.86000061035156,44.675010681152344,21361600
2018-07-10,52.099998474121094,52.2599983215332,51.84000015258789,52.15999984741211,44.93343734741211,17362900
2018-07-11,51.689998626708984,51.869998931884766,51.189998626708984,51.20000076293945,44.1064453125,18665600
2018-07-12,52.04999923706055,52.47999954223633,51.72999954223633,52.349998474121094,45.09711456298828,20292700
2018-07-13,52.400001525878906,52.41999816894531,51.7599983215332,52.220001220703125,44.985137939453125,13749300
2018-07-16,52.150001525878906,52.31999969482422,51.869998931884766,52.0099983215332,44.804229736328125,15951500
2018-07-17,51.04999923706055,51.880001068115234,51.0099983215332,51.75,44.58025360107422,15754500
2018-07-18,51.869998931884766,51.970001220703125,51.470001220703125,51.720001220703125,44.554405212402344,14649000
2018-07-19,51.599998474121094,52.0099983215332,51.04999923706055,51.97999954223633,44.77839279174805,15954600
2018-07-20,51.83000183105469,52.06999969482422,51.33000183105469,51.90999984741211,44.71808624267578,17380500
2018-07-23,51.77000045776367,52.5,51.33000183105469,52.310001373291016,45.06267166137695,15945500
2018-07-24,52.7599983215332,53.29999923706055,52.08000183105469,52.18000030517578,44.9506721496582,17788700
2018-07-25,52.209999084472656,52.45000076293945,51.09000015258789,52.43000030517578,45.166038513183594,19854800
2018-07-26,52.45000076293945,53.18000030517578,51.869998931884766,52.15999984741211,44.93343734741211,28282500
2018-07-27,48.7599983215332,49.20000076293945,47.47999954223633,47.68000030517578,41.074127197265625,67816700
2018-07-30,47.630001068115234,47.9900016784668,46.43000030517578,47.689998626708984,41.082740783691406,35696600
2018-07-31,48.2400016784668,48.68000030517578,47.689998626708984,48.099998474121094,41.435951232910156,36581200
2018-08-01,48.060001373291016,48.90999984741211,48.0,48.810001373291016,42.04758071899414,28060700
2018-08-02,48.5,49.52000045776367,48.20000076293945,49.47999954223633,42.624752044677734,26452500
2018-08-03,49.5,49.779998779296875,49.16999816894531,49.630001068115234,42.753963470458984,22008200
2018-08-06,48.77000045776367,49.310001373291016,48.31999969482422,49.29999923706055,42.72797393798828,26669000
2018-08-07,49.43000030517578,49.83000183105469,49.40999984741211,49.70000076293945,43.074649810791016,28322700
2018-08-08,49.599998474121094,50.130001068115234,49.439998626708984,49.959999084472656,43.299983978271484,21990600
2018-08-09,49.86000061035156,50.599998474121094,49.720001220703125,50.13999938964844,43.455989837646484,23795600
2018-08-10,48.5099983215332,49.16999816894531,48.29999923706055,48.849998474121094,42.33795166015625,28712400
2018-08-13,48.91999816894531,49.2400016784668,48.380001068115234,48.45000076293945,41.99127960205078,17070600
2018-08-14,48.66999816894531,48.7599983215332,47.650001525878906,48.119998931884766,41.705257415771484,23061600
2018-08-15,47.779998779296875,48.0,46.900001525878906,47.459999084472656,41.13325119018555,26739900
2018-08-16,47.75,47.95000076293945,47.04999923706055,47.16999816894531,40.88191223144531,24358000
2018-08-17,47.0,47.38999938964844,46.33000183105469,47.099998474121094,40.82124328613281,26382000
2018-08-20,47.04999923706055,47.119998931884766,46.189998626708984,46.5,40.30122756958008,24334000
2018-08-21,46.65999984741211,47.849998474121094,46.63999938964844,47.619998931884766,41.271915435791016,19254300
2018-08-22,47.25,47.349998474121094,46.91999816894531,47.04999923706055,40.77790069580078,23182500
2018-08-23,46.86000061035156,47.16999816894531,46.709999084472656,46.97999954223633,40.71724319458008,31343200
2018-08-24,47.290000915527344,47.88999938964844,47.08000183105469,47.65999984741211,41.30659103393555,18214700
2018-08-27,48.0,48.38999938964844,47.630001068115234,48.349998474121094,41.904605865478516,17170300
2018-08-28,48.54999923706055,48.790000915527344,48.310001373291016,48.56999969482422,42.09527587890625,13472400
2018-08-29,48.70000076293945,48.86000061035156,48.400001525878906,48.75,42.25129699707031,13479100
2018-08-30,48.52000045776367,48.83000183105469,48.09000015258789,48.2400016784668,41.80927276611328,16418800
2018-08-31,47.959999084472656,48.560001373291016,47.91999816894531,48.43000030517578,41.97395324707031,16484000
2018-09-04,48.380001068115234,48.43000030517578,47.560001373291016,47.959999084472656,41.56660461425781,15682900
2018-09-05,47.75,48.119998931884766,47.470001220703125,47.720001220703125,41.358585357666016,20857200
2018-09-06,47.7599983215332,47.959999084472656,47.209999084472656,47.2599983215332,40.95990753173828,19318100
2018-09-07,46.90999984741211,47.47999954223633,46.36000061035156,46.45000076293945,40.25789260864258,25958300
2018-09-10,46.560001373291016,46.7599983215332,46.22999954223633,46.29999923706055,40.12788391113281,21522400
2018-09-11,46.0,46.029998779296875,44.88999938964844,44.93000030517578,38.940513610839844,32455300
2018-09-12,44.560001373291016,44.97999954223633,44.060001373291016,44.93000030517578,38.940513610839844,29778700
2018-09-13,45.68000030517578,45.849998474121094,45.11000061035156,45.56999969482422,39.495208740234375,18657100
2018-09-14,45.779998779296875,45.970001220703125,45.349998474121094,45.540000915527344,39.469200134277344,22998700
2018-09-17,45.290000915527344,45.900001525878906,45.189998626708984,45.41999816894531,39.36519241333008,17603200
2018-09-18,45.58000183105469,46.529998779296875,45.40999984741211,46.099998474121094,39.95454788208008,20528100
2018-09-19,46.09000015258789,46.439998626708984,45.88999938964844,46.150001525878906,39.997886657714844,15918900
2018-09-20,46.779998779296875,47.36000061035156,46.52000045776367,47.20000076293945,40.90790939331055,21999300
2018-09-21,47.119998931884766,47.41999816894531,46.369998931884766,46.65999984741211,40.43990707397461,52650600
2018-09-24,46.310001373291016,47.0,46.150001525878906,46.90999984741211,40.65656661987305,17847000
2018-09-25,46.220001220703125,46.38999938964844,45.79999923706055,45.90999984741211,39.78987503051758,23389900
2018-09-26,46.040000915527344,46.29999923706055,45.58000183105469,45.70000076293945,39.60786819458008,23957700
2018-09-27,45.90999984741211,46.16999816894531,45.72999954223633,45.880001068115234,39.763877868652344,15415500
2018-09-28,45.619998931884766,47.75,45.459999084472656,47.290000915527344,40.98591995239258,46223500
2018-10-01,46.790000915527344,47.220001220703125,46.20000076293945,46.45000076293945,40.25789260864258,23796200
2018-10-02,47.5099983215332,48.880001068115234,47.31999969482422,48.099998474121094,41.68794250488281,42121100
2018-10-03,48.619998931884766,49.720001220703125,48.560001373291016,48.7599983215332,42.25995635986328,39211900
2018-10-04,48.84000015258789,48.86000061035156,47.619998931884766,48.130001068115234,41.71394729614258,30108300
2018-10-05,48.22999954223633,48.34000015258789,46.65999984741211,47.029998779296875,40.76057434082031,28901400
2018-10-08,46.959999084472656,47.349998474121094,46.52000045776367,47.029998779296875,40.76057434082031,19376800
2018-10-09,47.18000030517578,47.619998931884766,46.540000915527344,46.54999923706055,40.34455490112305,23285700
2018-10-10,46.060001373291016,46.119998931884766,44.79999923706055,44.79999923706055,38.827850341796875,43109500
2018-10-11,45.150001525878906,45.61000061035156,43.72999954223633,44.22999954223633,38.333831787109375,43648800
2018-10-12,45.27000045776367,45.34000015258789,44.22999954223633,44.880001068115234,38.897186279296875,32087400
2018-10-15,44.630001068115234,45.13999938964844,44.439998626708984,44.529998779296875,38.593849182128906,21633000
2018-10-16,44.900001525878906,46.0099983215332,44.83000183105469,45.939998626708984,39.81587600708008,21472000
2018-10-17,46.0,46.33000183105469,45.540000915527344,45.88999938964844,39.772552490234375,23124400
2018-10-18,45.650001525878906,45.75,44.83000183105469,44.970001220703125,38.97518539428711,26638800
2018-10-19,45.02000045776367,45.18000030517578,43.86000061035156,44.0,38.13450241088867,28368500
2018-10-22,44.5,45.34000015258789,44.099998474121094,45.0099983215332,39.009857177734375,34508800
2018-10-23,44.18000030517578,45.09000015258789,43.90999984741211,44.5,38.567840576171875,38590300
2018-10-24,44.15999984741211,44.36000061035156,42.36000061035156,42.41999816894531,36.76511764526367,33631800
2018-10-25,43.540000915527344,44.939998626708984,43.279998779296875,44.310001373291016,38.40317153930664,48255300
2018-10-26,45.59000015258789,46.439998626708984,44.70000076293945,45.689998626708984,39.59919738769531,67280400
2018-10-29,46.5,46.75,44.439998626708984,45.400001525878906,39.347869873046875,35732200
2018-10-30,45.529998779296875,47.880001068115234,45.459999084472656,47.7599983215332,41.39326095581055,43975200
2018-10-31,48.290000915527344,48.560001373291016,46.83000183105469,46.880001068115234,40.63056945800781,33369100
2018-11-01,46.95000076293945,48.470001220703125,46.86000061035156,48.220001220703125,41.79194259643555,28335300
2018-11-02,48.130001068115234,48.25,46.75,47.11000061035156,40.829917907714844,30759800
2018-11-05,47.34000015258789,48.25,46.91999816894531,47.970001220703125,41.57527542114258,23751200
2018-11-06,47.79999923706055,47.91999816894531,47.029998779296875,47.25,41.208961486816406,23839600
2018-11-07,47.630001068115234,48.75,47.59000015258789,48.720001220703125,42.49101638793945,29913200
2018-11-08,48.4900016784668,49.290000915527344,48.459999084472656,48.9900016784668,42.72650146484375,26581700
2018-11-09,48.790000915527344,49.029998779296875,47.869998931884766,48.11000061035156,41.959014892578125,21761400
2018-11-12,47.709999084472656,47.79999923706055,46.599998474121094,46.650001525878906,40.68567657470703,24412800
2018-11-13,46.9900016784668,48.25,46.9900016784668,47.38999938964844,41.33106231689453,29315900
2018-11-14,47.849998474121094,47.970001220703125,46.88999938964844,47.09000015258789,41.06942367553711,25632700
2018-11-15,47.0099983215332,48.2400016784668,46.720001220703125,48.11000061035156,41.959014892578125,29581000
2018-11-16,47.77000045776367,49.04999923706055,47.689998626708984,48.83000183105469,42.58695983886719,31670600
2018-11-19,48.61000061035156,49.150001525878906,47.779998779296875,48.0,41.863067626953125,26859000
2018-11-20,47.400001525878906,48.119998931884766,47.09000015258789,47.38999938964844,41.33106231689453,29200800
2018-11-21,47.849998474121094,47.880001068115234,47.02000045776367,47.029998779296875,41.01708984375,19011400
2018-11-23,46.689998626708984,47.06999969482422,46.52000045776367,46.540000915527344,40.58974838256836,8906900
2018-11-26,47.27000045776367,47.459999084472656,46.70000076293945,47.45000076293945,41.383392333984375,20723000
2018-11-27,46.939998626708984,48.220001220703125,46.59000015258789,48.06999969482422,41.92412185668945,27621000
2018-11-28,47.939998626708984,48.880001068115234,47.650001525878906,48.86000061035156,42.61311721801758,28003200
2018-11-29,48.4900016784668,48.560001373291016,47.630001068115234,47.70000076293945,41.60143280029297,23592500
2018-11-30,47.95000076293945,49.31999969482422,47.560001373291016,49.310001373291016,43.005584716796875,43313700
2018-12-03,50.0,50.5,49.529998779296875,50.130001068115234,43.72074890136719,30870400
2018-12-04,49.52000045776367,49.599998474121094,47.68000030517578,47.75,41.645042419433594,35397700
2018-12-06,46.79999923706055,48.38999938964844,46.52000045776367,48.369998931884766,42.185768127441406,31661700
2018-12-07,47.939998626708984,48.060001373291016,46.22999954223633,46.2400016784668,40.32810592651367,34016400
2018-12-10,46.279998779296875,47.459999084472656,46.0099983215332,47.209999084472656,41.174072265625,23289000
2018-12-11,47.900001525878906,48.59000015258789,47.130001068115234,47.380001068115234,41.32234191894531,23851000
2018-12-12,48.58000183105469,48.63999938964844,47.40999984741211,47.83000183105469,41.71481704711914,31305000
2018-12-13,48.2599983215332,48.58000183105469,47.86000061035156,48.290000915527344,42.116004943847656,19526000
2018-12-14,47.88999938964844,48.7599983215332,47.849998474121094,47.86000061035156,41.740970611572266,26372100
2018-12-17,47.86000061035156,48.40999984741211,46.65999984741211,47.08000183105469,41.060699462890625,26598700
2018-12-18,47.470001220703125,48.45000076293945,47.36000061035156,47.7400016784668,41.636322021484375,29014300
2018-12-19,47.4900016784668,47.72999954223633,45.380001068115234,45.56999969482422,39.74375915527344,39717600
2018-12-20,45.40999984741211,46.310001373291016,45.0099983215332,45.540000915527344,39.71759033203125,37750900
2018-12-21,45.75,46.650001525878906,44.79999923706055,44.84000015258789,39.10709762573242,52768300
2018-12-24,44.630001068115234,45.16999816894531,43.540000915527344,43.59000015258789,38.016902923583984,19241600
2018-12-26,44.0,46.20000076293945,43.5099983215332,46.189998626708984,40.284481048583984,28677600
2018-12-27,45.619998931884766,46.380001068115234,44.66999816894531,46.36000061035156,40.43275451660156,29970700
2018-12-28,46.5099983215332,47.7400016784668,46.29999923706055,46.75,40.77288818359375,24758700
2018-12-31,47.09000015258789,47.47999954223633,46.54999923706055,46.93000030517578,40.92988204956055,20490400
2019-01-02,45.959999084472656,47.470001220703125,45.77000045776367,47.08000183105469,41.060699462890625,18774600
2019-01-03,46.150001525878906,46.279998779296875,44.38999938964844,44.4900016784668,38.80183410644531,32267300
2019-01-04,45.84000015258789,47.56999969482422,45.540000915527344,47.220001220703125,41.182804107666016,35447300
2019-01-07,47.099998474121094,48.0,46.75,47.439998626708984,41.374671936035156,22736800
2019-01-08,47.79999923706055,48.029998779296875,46.779998779296875,47.7400016784668,41.636322021484375,22749200
2019-01-09,47.959999084472656,48.56999969482422,47.779998779296875,48.0099983215332,41.871788024902344,22554500
2019-01-10,47.75,48.650001525878906,47.40999984741211,48.560001373291016,42.35148239135742,27202600
2019-01-11,48.099998474121094,49.290000915527344,48.04999923706055,48.93000030517578,42.674171447753906,21751300
2019-01-14,48.459999084472656,48.83000183105469,48.29999923706055,48.349998474121094,42.16832733154297,19193900
2019-01-15,48.709999084472656,49.130001068115234,48.439998626708984,48.599998474121094,42.38636016845703,22480800
2019-01-16,48.599998474121094,48.88999938964844,48.08000183105469,48.130001068115234,41.97645950317383,19057700
2019-01-17,48.0,48.84000015258789,47.90999984741211,48.470001220703125,42.27299118041992,17448700
2019-01-18,49.11000061035156,49.380001068115234,48.689998626708984,49.189998626708984,42.900936126708984,29874600
2019-01-22,48.959999084472656,48.97999954223633,47.869998931884766,48.27000045776367,42.098548889160156,25940700
2019-01-23,48.40999984741211,48.79999923706055,47.52000045776367,47.939998626708984,41.81074142456055,18960700
2019-01-24,48.70000076293945,50.040000915527344,48.599998474121094,49.7599983215332,43.398048400878906,50578300
2019-01-25,46.849998474121094,47.43000030517578,45.75,47.040000915527344,41.025821685791016,86455700
2019-01-28,46.130001068115234,46.72999954223633,46.04999923706055,46.709999084472656,40.73800277709961,35928700
2019-01-29,46.779998779296875,46.970001220703125,46.33000183105469,46.540000915527344,40.58974838256836,20988300
2019-01-30,46.68000030517578,47.68000030517578,46.45000076293945,47.540000915527344,41.46188735961914,26931700
2019-01-31,46.70000076293945,47.18000030517578,46.099998474121094,47.119998931884766,41.0955810546875,43051300
2019-02-01,47.060001373291016,49.04999923706055,47.0099983215332,48.72999954223633,42.4997444152832,37442900
2019-02-04,48.619998931884766,49.2400016784668,48.2400016784668,49.220001220703125,42.92708969116211,20905000
2019-02-05,49.18000030517578,50.720001220703125,49.18000030517578,50.0099983215332,43.616092681884766,31641600
2019-02-06,49.95000076293945,50.63999938964844,49.81999969482422,49.900001525878906,43.7960090637207,21647800
2019-02-07,49.5,49.849998474121094,48.68000030517578,49.22999954223633,43.20797348022461,27825900
2019-02-08,48.77000045776367,49.02000045776367,48.0099983215332,48.84000015258789,42.86567687988281,18851200
2019-02-11,49.02000045776367,49.31999969482422,48.58000183105469,48.77000045776367,42.80423355102539,18004100
2019-02-12,49.36000061035156,50.13999938964844,49.27000045776367,50.0099983215332,43.89255905151367,18050100
2019-02-13,50.130001068115234,50.810001373291016,50.0,50.470001220703125,44.29629135131836,17712800
2019-02-14,50.40999984741211,51.040000915527344,50.349998474121094,50.810001373291016,44.594696044921875,17545400
2019-02-15,51.25,51.66999816894531,51.09000015258789,51.65999984741211,45.340721130371094,22520400
2019-02-19,51.349998474121094,51.709999084472656,51.34000015258789,51.400001525878906,45.112525939941406,15611800
2019-02-20,51.630001068115234,51.72999954223633,51.060001373291016,51.38999938964844,45.10374450683594,21607700
2019-02-21,51.31999969482422,51.84000015258789,51.209999084472656,51.40999984741211,45.121299743652344,16162100
2019-02-22,52.70000076293945,52.97999954223633,52.060001373291016,52.4900016784668,46.0692024230957,31934100
2019-02-25,53.060001373291016,53.61000061035156,52.86000061035156,53.099998474121094,46.60457992553711,20711800
2019-02-26,53.0099983215332,53.369998931884766,52.90999984741211,53.22999954223633,46.718666076660156,16082200
2019-02-27,52.7599983215332,53.380001068115234,52.5099983215332,53.2400016784668,46.72745132446289,17590300
2019-02-28,52.91999816894531,53.18000030517578,52.810001373291016,52.959999084472656,46.4817008972168,18388800
2019-03-01,53.439998626708984,53.68000030517578,52.88999938964844,53.29999923706055,46.78010177612305,18359300
2019-03-04,53.75,54.099998474121094,53.209999084472656,53.939998626708984,47.341819763183594,21706100
2019-03-05,53.849998474121094,53.9900016784668,53.11000061035156,53.68000030517578,47.11362838745117,21057700
2019-03-06,53.630001068115234,53.650001525878906,52.939998626708984,52.95000076293945,46.472923278808594,14740500
2019-03-07,52.77000045776367,52.9900016784668,52.36000061035156,52.599998474121094,46.16573715209961,17803000
2019-03-08,51.970001220703125,52.560001373291016,51.70000076293945,52.47999954223633,46.0604133605957,16793900
2019-03-11,52.880001068115234,53.650001525878906,52.56999969482422,53.349998474121094,46.823997497558594,18963000
2019-03-12,53.34000015258789,53.959999084472656,53.18000030517578,53.56999969482422,47.01708221435547,20782100
2019-03-13,54.0,54.56999969482422,53.650001525878906,54.369998931884766,47.71921920776367,25522300
2019-03-14,54.29999923706055,54.45000076293945,53.33000183105469,53.439998626708984,46.90298080444336,26647100
2019-03-15,53.68000030517578,54.689998626708984,53.68000030517578,54.33000183105469,47.684120178222656,46512500
2019-03-18,54.41999816894531,54.5099983215332,53.869998931884766,54.099998474121094,47.48224639892578,16274000
2019-03-19,54.470001220703125,54.650001525878906,54.0,54.16999816894531,47.54368209838867,18274800
2019-03-20,54.060001373291016,54.400001525878906,53.61000061035156,53.81999969482422,47.236507415771484,24325300
2019-03-21,53.91999816894531,54.9900016784668,53.84000015258789,54.63999938964844,47.9561882019043,19127200
2019-03-22,54.400001525878906,54.619998931884766,53.209999084472656,53.2599983215332,46.74501419067383,21438400
2019-03-25,52.970001220703125,53.54999923706055,52.380001068115234,52.779998779296875,46.32371520996094,16971400
2019-03-26,53.31999969482422,53.77000045776367,53.040000915527344,53.439998626708984,46.90298080444336,17724300
2019-03-27,53.59000015258789,53.86000061035156,52.939998626708984,53.15999984741211,46.65723419189453,19656000
2019-03-28,53.25,53.439998626708984,52.77000045776367,53.11000061035156,46.613346099853516,13607900
2019-03-29,53.79999923706055,54.040000915527344,53.47999954223633,53.70000076293945,47.13117980957031,18736100
2019-04-01,54.34000015258789,54.56999969482422,54.099998474121094,54.5099983215332,47.84209442138672,17830400
2019-04-02,54.529998779296875,54.79999923706055,54.22999954223633,54.36000061035156,47.710453033447266,13704500
2019-04-03,55.029998779296875,55.9900016784668,54.88999938964844,55.47999954223633,48.693443298339844,24552800
2019-04-04,55.27000045776367,56.13999938964844,55.27000045776367,55.91999816894531,49.079620361328125,16520500
2019-04-05,55.75,55.95000076293945,54.869998931884766,55.599998474121094,48.79875564575195,19268400
2019-04-08,55.279998779296875,55.7400016784668,55.20000076293945,55.68000030517578,48.868980407714844,11758800
2019-04-09,55.349998474121094,55.43000030517578,54.900001525878906,55.31999969482422,48.553016662597656,13339700
2019-04-10,55.31999969482422,55.86000061035156,55.31999969482422,55.75,48.930416107177734,13084000
2019-04-11,55.7599983215332,56.06999969482422,55.630001068115234,55.79999923706055,48.97430419921875,10845800
2019-04-12,56.209999084472656,56.4900016784668,55.84000015258789,56.41999816894531,49.518455505371094,12910200
2019-04-15,56.459999084472656,56.560001373291016,55.91999816894531,56.279998779296875,49.39558410644531,11676900
2019-04-16,56.65999984741211,57.470001220703125,56.06999969482422,56.709999084472656,49.772987365722656,30301900
2019-04-17,58.439998626708984,59.59000015258789,58.119998931884766,58.560001373291016,51.39668655395508,38788400
2019-04-18,58.709999084472656,58.880001068115234,58.119998931884766,58.4900016784668,51.335243225097656,20464200
2019-04-22,58.150001525878906,58.83000183105469,57.880001068115234,58.81999969482422,51.624881744384766,12327500
2019-04-23,58.88999938964844,58.97999954223633,58.5,58.779998779296875,51.58976745605469,17739900
2019-04-24,58.52000045776367,59.290000915527344,58.13999938964844,58.720001220703125,51.537113189697266,17723700
2019-04-25,58.29999923706055,58.380001068115234,57.22999954223633,57.61000061035156,50.562896728515625,27949900
2019-04-26,52.7400016784668,53.09000015258789,51.52000045776367,52.43000030517578,46.01653289794922,72364500
2019-04-29,52.16999816894531,52.43000030517578,51.0,51.11000061035156,44.858001708984375,42142300
2019-04-30,51.0,51.43000030517578,50.869998931884766,51.040000915527344,44.79655838012695,27130900
2019-05-01,51.099998474121094,51.599998474121094,50.7400016784668,50.7599983215332,44.550811767578125,20467600
2019-05-02,50.79999923706055,51.33000183105469,50.119998931884766,50.54999923706055,44.36650466918945,22655400
2019-05-03,51.08000183105469,51.81999969482422,50.72999954223633,51.75,45.41971206665039,25656600
2019-05-06,50.25,51.279998779296875,50.189998626708984,51.220001220703125,45.229854583740234,26245200
2019-05-07,50.599998474121094,50.880001068115234,49.93000030517578,50.47999954223633,44.57639694213867,29713400
2019-05-08,50.20000076293945,50.790000915527344,49.06999969482422,49.2400016784668,43.481414794921875,36812400
2019-05-09,47.900001525878906,48.290000915527344,46.04999923706055,46.619998931884766,41.167816162109375,59642200
2019-05-10,46.439998626708984,46.79999923706055,45.099998474121094,46.20000076293945,40.79694747924805,42522800
2019-05-13,45.33000183105469,45.63999938964844,44.70000076293945,44.7599983215332,39.52534484863281,39091900
2019-05-14,45.18000030517578,45.4900016784668,44.869998931884766,45.16999816894531,39.887393951416016,24706500
2019-05-15,44.91999816894531,45.75,44.7599983215332,45.619998931884766,40.284767150878906,23407900
2019-05-16,45.470001220703125,45.95000076293945,45.41999816894531,45.529998779296875,40.20529556274414,19954700
2019-05-17,45.18000030517578,45.72999954223633,44.7599983215332,44.88999938964844,39.64014434814453,22500400
2019-05-20,44.0,44.52000045776367,43.45000076293945,43.560001373291016,38.46569061279297,28675000
2019-05-21,44.34000015258789,44.779998779296875,44.18000030517578,44.459999084472656,39.26043701171875,25543400
2019-05-22,44.150001525878906,44.459999084472656,43.849998474121094,44.0,38.85422897338867,16932500
2019-05-23,43.369998931884766,44.7400016784668,42.86000061035156,44.529998779296875,39.32223892211914,35783900
2019-05-24,44.59000015258789,45.04999923706055,44.4900016784668,44.56999969482422,39.35756301879883,27168100
2019-05-28,44.65999984741211,44.689998626708984,43.29999923706055,43.56999969482422,38.47451400756836,34779900
2019-05-29,43.349998474121094,44.529998779296875,43.33000183105469,44.22999954223633,39.05733108520508,28450300
2019-05-30,44.29999923706055,45.029998779296875,44.22999954223633,44.72999954223633,39.49885940551758,21618900
2019-05-31,44.18000030517578,44.970001220703125,43.93000030517578,44.040000915527344,38.88954544067383,25532500
2019-06-03,44.25,44.59000015258789,43.20000076293945,43.459999084472656,38.377384185791016,31155700
2019-06-04,44.15999984741211,44.86000061035156,43.77000045776367,44.790000915527344,39.55183410644531,28094900
2019-06-05,45.11000061035156,45.18000030517578,44.189998626708984,44.54999923706055,39.33990478515625,20802000
2019-06-06,44.75,45.16999816894531,44.5099983215332,45.099998474121094,39.825592041015625,19076200
2019-06-07,45.25,46.119998931884766,45.099998474121094,46.029998779296875,40.64682388305664,24370300
2019-06-10,46.22999954223633,47.189998626708984,46.20000076293945,46.79999923706055,41.32676696777344,20806100
2019-06-11,47.2599983215332,47.31999969482422,46.52000045776367,46.849998474121094,41.37092590332031,18415500
2019-06-12,46.66999816894531,46.66999816894531,46.25,46.31999969482422,40.90290451049805,15900600
2019-06-13,46.599998474121094,46.959999084472656,46.529998779296875,46.70000076293945,41.238468170166016,12267600
2019-06-14,45.83000183105469,46.41999816894531,45.54999923706055,46.189998626708984,40.78812026977539,15381100
2019-06-17,46.13999938964844,46.529998779296875,45.79999923706055,46.130001068115234,40.73512649536133,12643300
2019-06-18,46.75,48.0,46.599998474121094,47.369998931884766,41.830116271972656,25732300
2019-06-19,47.47999954223633,47.58000183105469,47.0,47.06999969482422,41.5651969909668,17436400
2019-06-20,47.869998931884766,48.04999923706055,46.869998931884766,47.189998626708984,41.671165466308594,20126800
2019-06-21,46.95000076293945,47.72999954223633,46.79999923706055,47.459999084472656,41.909584045410156,31096300
2019-06-24,47.400001525878906,47.849998474121094,47.16999816894531,47.630001068115234,42.05971145629883,14479900
2019-06-25,47.560001373291016,47.68000030517578,46.79999923706055,46.849998474121094,41.37092590332031,16665600
2019-06-26,47.650001525878906,48.47999954223633,47.560001373291016,48.189998626708984,42.55420684814453,21886300
2019-06-27,48.150001525878906,48.41999816894531,47.2400016784668,47.459999084472656,41.909584045410156,23062900
2019-06-28,47.77000045776367,48.20000076293945,47.68000030517578,47.869998931884766,42.271636962890625,26646200
2019-07-01,49.290000915527344,49.45000076293945,47.75,48.04999923706055,42.43058776855469,27423300
2019-07-02,47.90999984741211,48.220001220703125,47.689998626708984,48.119998931884766,42.492393493652344,15381600
2019-07-03,48.18000030517578,48.560001373291016,48.0,48.52000045776367,42.84562301635742,10739100
2019-07-05,48.029998779296875,48.18000030517578,47.439998626708984,48.08000183105469,42.45707321166992,14339200
2019-07-08,47.619998931884766,47.95000076293945,47.06999969482422,47.81999969482422,42.22749328613281,16564300
2019-07-09,47.36000061035156,47.79999923706055,47.130001068115234,47.75,42.16566848754883,17853200
2019-07-10,47.91999816894531,48.61000061035156,47.900001525878906,48.209999084472656,42.57187271118164,16032300
2019-07-11,48.560001373291016,48.779998779296875,48.310001373291016,48.599998474121094,42.916263580322266,16615100
2019-07-12,49.0,49.93000030517578,48.810001373291016,49.91999816894531,44.08189010620117,20148700
2019-07-15,50.0,50.25,49.77000045776367,50.119998931884766,44.25849914550781,14345100
2019-07-16,49.90999984741211,50.0,48.959999084472656,49.16999816894531,43.41960144042969,17131400
2019-07-17,49.5,49.70000076293945,49.2400016784668,49.38999938964844,43.61387634277344,11928600
2019-07-18,49.279998779296875,49.9900016784668,48.88999938964844,49.939998626708984,44.09955596923828,15671600
2019-07-19,49.959999084472656,50.65999984741211,49.90999984741211,50.27000045776367,44.39095687866211,29141100
2019-07-22,50.0099983215332,51.52000045776367,49.88999938964844,51.349998474121094,45.34465408325195,21688000
2019-07-23,52.0,52.0,51.29999923706055,51.75,45.69786834716797,18413500
2019-07-24,51.97999954223633,52.970001220703125,51.79999923706055,52.91999816894531,46.73103332519531,20896400
2019-07-25,52.5099983215332,52.599998474121094,51.880001068115234,52.15999984741211,46.05992126464844,27765400
2019-07-26,52.689998626708984,53.5,51.529998779296875,51.59000015258789,45.556575775146484,36401500
2019-07-29,51.529998779296875,52.560001373291016,50.779998779296875,52.5099983215332,46.36898422241211,21897500
2019-07-30,51.709999084472656,52.310001373291016,51.560001373291016,51.70000076293945,45.653717041015625,16487700
2019-07-31,51.5099983215332,51.720001220703125,50.04999923706055,50.54999923706055,44.638206481933594,24169800
2019-08-01,50.52000045776367,51.88999938964844,49.470001220703125,49.5,43.71101379394531,34020800
2019-08-02,49.09000015258789,49.36000061035156,48.5,48.68000030517578,42.986915588378906,27881600
2019-08-05,47.7599983215332,47.959999084472656,46.56999969482422,46.970001220703125,41.47689437866211,38936600
2019-08-06,47.150001525878906,47.560001373291016,46.77000045776367,46.959999084472656,41.7480354309082,26119600
2019-08-07,46.29999923706055,46.880001068115234,45.970001220703125,46.72999954223633,41.54356384277344,29440400
2019-08-08,46.15999984741211,47.369998931884766,45.90999984741211,47.16999816894531,41.93473434448242,30643700
2019-08-09,46.939998626708984,47.0,45.779998779296875,45.97999954223633,40.876808166503906,24975500
2019-08-12,45.7599983215332,46.06999969482422,45.439998626708984,45.599998474121094,40.53898239135742,18494300
2019-08-13,45.4900016784668,47.04999923706055,45.36000061035156,46.84000015258789,41.641361236572266,28959500
2019-08-14,46.060001373291016,46.630001068115234,45.650001525878906,45.869998931884766,40.77901840209961,25650200
2019-08-15,46.099998474121094,46.18000030517578,45.439998626708984,45.70000076293945,40.62788391113281,21896000
2019-08-16,46.34000015258789,46.68000030517578,46.060001373291016,46.5,41.33909225463867,22701800
2019-08-19,47.459999084472656,47.599998474121094,47.040000915527344,47.22999954223633,41.98807144165039,21403600
2019-08-20,47.029998779296875,47.119998931884766,46.459999084472656,46.599998474121094,41.42799377441406,23113300
2019-08-21,47.11000061035156,47.290000915527344,46.88999938964844,47.150001525878906,41.916961669921875,15915000
2019-08-22,47.279998779296875,47.43000030517578,46.689998626708984,46.779998779296875,41.588008880615234,19783000
2019-08-23,46.349998474121094,46.630001068115234,44.79999923706055,44.959999084472656,39.970008850097656,32814000
2019-08-26,45.81999969482422,45.81999969482422,45.25,45.560001373291016,40.503421783447266,22080500
2019-08-27,45.869998931884766,46.119998931884766,45.5,45.790000915527344,40.7078971862793,16925500
2019-08-28,45.70000076293945,45.90999984741211,45.369998931884766,45.790000915527344,40.7078971862793,14888800
2019-08-29,46.459999084472656,47.220001220703125,46.400001525878906,46.869998931884766,41.66802978515625,17803800
2019-08-30,47.2400016784668,47.790000915527344,47.15999984741211,47.40999984741211,42.148101806640625,16922600
2019-09-03,47.119998931884766,47.220001220703125,46.5,46.97999954223633,41.76581954956055,15003800
2019-09-04,47.560001373291016,48.95000076293945,47.540000915527344,48.91999816894531,43.49051284790039,23450700
2019-09-05,49.93000030517578,51.16999816894531,49.869998931884766,50.099998474121094,44.53953170776367,30014200
2019-09-06,50.25,50.9900016784668,50.06999969482422,50.91999816894531,45.26852798461914,17067900
2019-09-09,51.060001373291016,52.029998779296875,51.02000045776367,51.59000015258789,45.864166259765625,20749700
2019-09-10,51.33000183105469,51.84000015258789,50.83000183105469,51.81999969482422,46.06864547729492,18532000
2019-09-11,51.599998474121094,52.790000915527344,51.380001068115234,52.790000915527344,46.93098449707031,18968900
2019-09-12,53.0,53.33000183105469,52.06999969482422,53.0099983215332,47.126564025878906,23308700
2019-09-13,52.7599983215332,53.0,52.22999954223633,52.540000915527344,46.70872497558594,18010800
2019-09-16,51.900001525878906,52.290000915527344,51.70000076293945,52.20000076293945,46.40646743774414,13354600
2019-09-17,52.04999923706055,52.13999938964844,51.349998474121094,51.95000076293945,46.18421173095703,19641100
2019-09-18,52.130001068115234,52.130001068115234,51.15999984741211,51.7400016784668,45.997520446777344,14906800
2019-09-19,51.70000076293945,51.9900016784668,51.5,51.56999969482422,45.84638977050781,11428400
2019-09-20,51.599998474121094,51.880001068115234,50.560001373291016,50.720001220703125,45.090728759765625,37067900
2019-09-23,50.83000183105469,51.22999954223633,50.38999938964844,50.900001525878906,45.250755310058594,18916600
2019-09-24,51.099998474121094,51.18000030517578,49.63999938964844,49.81999969482422,44.290611267089844,28197400
2019-09-25,49.75,51.209999084472656,49.41999816894531,51.02000045776367,45.35744094848633,19486700
2019-09-26,50.97999954223633,51.150001525878906,50.34000015258789,50.91999816894531,45.26852798461914,11351800
2019-09-27,50.630001068115234,51.220001220703125,50.34000015258789,50.779998779296875,45.14405822753906,14845700
2019-09-30,51.189998626708984,51.599998474121094,50.939998626708984,51.529998779296875,45.810821533203125,13652100
2019-10-01,51.970001220703125,52.2400016784668,50.43000030517578,50.7599983215332,45.126285552978516,18413100
2019-10-02,50.310001373291016,50.369998931884766,48.97999954223633,49.38999938964844,43.90834045410156,20078700
2019-10-03,49.5,50.06999969482422,48.529998779296875,50.029998779296875,44.47731399536133,16320100
2019-10-04,50.349998474121094,50.970001220703125,50.029998779296875,50.91999816894531,45.26852798461914,12644900
2019-10-07,50.70000076293945,51.22999954223633,50.560001373291016,50.619998931884766,45.00182342529297,12081400
2019-10-08,50.15999984741211,50.47999954223633,49.61000061035156,49.72999954223633,44.210601806640625,17409100
2019-10-09,50.470001220703125,50.790000915527344,50.150001525878906,50.47999954223633,44.87736129760742,11834900
2019-10-10,50.40999984741211,51.779998779296875,50.400001525878906,51.11000061035156,45.43743896484375,13907900
2019-10-11,52.0,52.790000915527344,51.81999969482422,52.09000015258789,46.30868148803711,24072500
2019-10-14,51.900001525878906,51.95000076293945,51.439998626708984,51.63999938964844,45.90861892700195,15016800
2019-10-15,51.93000030517578,53.06999969482422,51.83000183105469,52.650001525878906,46.8065299987793,18878100
2019-10-16,52.349998474121094,52.560001373291016,52.119998931884766,52.45000076293945,46.62871170043945,14769300
2019-10-17,52.63999938964844,52.84000015258789,51.380001068115234,51.86000061035156,46.10420608520508,16533900
2019-10-18,51.75,51.81999969482422,51.029998779296875,51.36000061035156,45.65970230102539,16974100
2019-10-21,51.52000045776367,52.16999816894531,51.34000015258789,52.130001068115234,46.344234466552734,12189000
2019-10-22,51.900001525878906,52.31999969482422,51.88999938964844,52.0099983215332,46.23755645751953,13114300
2019-10-23,51.369998931884766,51.959999084472656,51.20000076293945,51.720001220703125,45.9797477722168,15887500
2019-10-24,52.09000015258789,52.43000030517578,51.43000030517578,52.22999954223633,46.433128356933594,23413000
2019-10-25,54.189998626708984,56.61000061035156,53.91999816894531,56.459999084472656,50.193660736083984,59767700
2019-10-28,56.380001068115234,56.810001373291016,56.060001373291016,56.7599983215332,50.46036911010742,32307500
2019-10-29,56.369998931884766,57.2400016784668,56.2400016784668,56.34000015258789,50.08697509765625,18155800
2019-10-30,56.31999969482422,56.630001068115234,55.619998931884766,56.599998474121094,50.31813049316406,15248000
2019-10-31,56.33000183105469,56.599998474121094,55.619998931884766,56.529998779296875,50.25588607788086,19249700
2019-11-01,55.939998626708984,56.650001525878906,55.619998931884766,56.5099983215332,50.23811721801758,17953500
2019-11-04,56.93000030517578,57.79999923706055,56.849998474121094,57.61000061035156,51.21603012084961,19068000
2019-11-05,57.470001220703125,58.349998474121094,57.209999084472656,57.54999923706055,51.162681579589844,20865400
2019-11-06,57.4900016784668,57.709999084472656,56.97999954223633,57.599998474121094,51.488956451416016,17721000
2019-11-07,58.0,58.54999923706055,57.86000061035156,58.04999923706055,51.89122009277344,16962800
2019-11-08,57.849998474121094,58.29999923706055,57.310001373291016,58.27000045776367,52.08787536621094,11888900
2019-11-11,57.970001220703125,58.5,57.900001525878906,58.349998474121094,52.159385681152344,11228900
2019-11-12,58.400001525878906,58.79999923706055,58.029998779296875,58.20000076293945,52.02530288696289,11952500
2019-11-13,57.869998931884766,57.970001220703125,57.349998474121094,57.88999938964844,51.748191833496094,15332700
2019-11-14,57.61000061035156,58.040000915527344,57.56999969482422,57.810001373291016,51.67668533325195,12119000
2019-11-15,58.16999816894531,58.70000076293945,57.619998931884766,57.959999084472656,51.810760498046875,16112100
2019-11-18,57.70000076293945,58.47999954223633,57.56999969482422,58.25,52.06999206542969,16097500
2019-11-19,58.47999954223633,58.650001525878906,57.75,58.349998474121094,52.159385681152344,17061900
2019-11-20,58.2599983215332,58.36000061035156,57.369998931884766,57.900001525878906,51.75713348388672,18542300
2019-11-21,57.4900016784668,58.29999923706055,57.40999984741211,58.220001220703125,52.04318618774414,16139000
2019-11-22,58.34000015258789,58.650001525878906,57.4900016784668,57.61000061035156,51.49789810180664,15690200
2019-11-25,58.0,58.84000015258789,58.0,58.810001373291016,52.57058334350586,15011700
2019-11-26,58.95000076293945,59.130001068115234,58.45000076293945,58.900001525878906,52.65103530883789,22338700
2019-11-27,58.529998779296875,58.59000015258789,57.90999984741211,58.5099983215332,52.30241394042969,18184200
2019-11-29,58.150001525878906,58.29999923706055,57.790000915527344,58.04999923706055,51.89122009277344,9481100
2019-12-02,58.54999923706055,58.689998626708984,57.470001220703125,57.65999984741211,51.54259490966797,19154500
2019-12-03,56.86000061035156,56.86000061035156,55.75,56.06999969482422,50.12128448486328,25737400
2019-12-04,56.65999984741211,56.65999984741211,55.86000061035156,56.02000045776367,50.07658386230469,18881400
2019-12-05,56.40999984741211,56.40999984741211,55.7599983215332,56.08000183105469,50.13022994995117,17673700
2019-12-06,56.65999984741211,56.9900016784668,56.41999816894531,56.810001373291016,50.78277587890625,16476800
2019-12-09,56.540000915527344,56.959999084472656,56.5,56.529998779296875,50.5324821472168,14298600
2019-12-10,56.709999084472656,56.83000183105469,56.439998626708984,56.59000015258789,50.586124420166016,16157900
2019-12-11,56.90999984741211,57.16999816894531,56.58000183105469,57.06999969482422,51.015193939208984,20051100
2019-12-12,56.75,58.04999923706055,56.61000061035156,57.54999923706055,51.44426727294922,27883300
2019-12-13,57.54999923706055,58.34000015258789,57.380001068115234,57.790000915527344,51.65879821777344,22795200
2019-12-16,58.209999084472656,58.56999969482422,57.650001525878906,57.70000076293945,51.57835388183594,19131200
2019-12-17,58.0,58.099998474121094,57.130001068115234,57.29999923706055,51.220787048339844,21653100
2019-12-18,57.38999938964844,57.459999084472656,56.939998626708984,57.16999816894531,51.10457992553711,28261000
2019-12-19,57.16999816894531,57.9900016784668,56.970001220703125,57.959999084472656,51.810760498046875,18865100
2019-12-20,58.31999969482422,59.04999923706055,57.88999938964844,58.95000076293945,52.69572830200195,49953000
2019-12-23,59.060001373291016,59.779998779296875,59.040000915527344,59.22999954223633,52.94602584838867,23593000
2019-12-24,59.25,59.47999954223633,59.15999984741211,59.40999984741211,53.106929779052734,6313200
2019-12-26,59.40999984741211,59.849998474121094,59.349998474121094,59.81999969482422,53.47343063354492,11480300
2019-12-27,59.90999984741211,60.47999954223633,59.900001525878906,60.08000183105469,53.70584487915039,14085800
2019-12-30,59.9900016784668,60.04999923706055,59.380001068115234,59.619998931884766,53.29464340209961,12750500
2019-12-31,59.619998931884766,59.93000030517578,59.36000061035156,59.849998474121094,53.500247955322266,14432900
2020-01-02,60.2400016784668,60.970001220703125,60.220001220703125,60.84000015258789,54.38521194458008,18056000
2020-01-03,59.810001373291016,60.70000076293945,59.810001373291016,60.099998474121094,53.72372817993164,15293900
2020-01-06,59.59000015258789,60.20000076293945,59.33000183105469,59.93000030517578,53.57176208496094,17755200
2020-01-07,59.779998779296875,59.79999923706055,58.88999938964844,58.93000030517578,52.6778564453125,21876100
2020-01-08,58.88999938964844,59.31999969482422,58.52000045776367,58.970001220703125,52.7136116027832,23133500
2020-01-09,59.04999923706055,59.5099983215332,58.83000183105469,59.29999923706055,53.008602142333984,18813300
2020-01-10,59.56999969482422,60.08000183105469,58.869998931884766,58.939998626708984,52.686790466308594,15200600
2020-01-13,59.16999816894531,59.779998779296875,59.08000183105469,59.59000015258789,53.2678337097168,16453300
2020-01-14,59.4900016784668,59.7400016784668,59.189998626708984,59.43000030517578,53.12480926513672,17051200
2020-01-15,59.29999923706055,59.650001525878906,58.75,58.939998626708984,52.686790466308594,18498800
2020-01-16,59.2599983215332,59.84000015258789,59.06999969482422,59.65999984741211,53.33041000366211,21365500
2020-01-17,59.97999954223633,60.0,59.2400016784668,59.599998474121094,53.27676773071289,21803400
2020-01-21,59.810001373291016,61.25,59.790000915527344,60.54999923706055,54.125980377197266,28358500
2020-01-22,61.040000915527344,62.849998474121094,60.970001220703125,62.72999954223633,56.0746955871582,29475100
2020-01-23,62.86000061035156,63.709999084472656,62.810001373291016,63.31999969482422,56.60209655761719,42778700
2020-01-24,66.56999969482422,69.29000091552734,66.45999908447266,68.47000122070312,61.20570755004883,84711000
2020-01-27,66.72000122070312,67.41999816894531,65.5999984741211,65.69000244140625,58.72065734863281,30764000
2020-01-28,66.5,67.58000183105469,65.94000244140625,67.30999755859375,60.16878128051758,30915400
2020-01-29,67.62999725341797,68.05999755859375,66.16999816894531,66.33000183105469,59.292755126953125,18055800
2020-01-30,65.63999938964844,66.5,64.93000030517578,66.47000122070312,59.41790771484375,18522400
2020-01-31,65.80000305175781,65.9800033569336,63.66999816894531,63.93000030517578,57.14738082885742,25268400
2020-02-03,64.45999908447266,65.04000091552734,64.30000305175781,64.41999816894531,57.58539581298828,16646600
2020-02-04,65.7699966430664,66.05999755859375,64.91999816894531,65.45999908447266,58.51506423950195,20970800
2020-02-05,66.69000244140625,67.5999984741211,66.12999725341797,67.33999633789062,60.19560241699219,23401400
2020-02-06,67.30000305175781,67.4000015258789,66.7699966430664,67.08999633789062,60.267452239990234,17408000
2020-02-07,66.86000061035156,67.30000305175781,66.01000213623047,66.0199966430664,59.306278228759766,18134600
2020-02-10,65.55999755859375,66.4000015258789,65.44000244140625,66.38999938964844,59.638648986816406,22299300
2020-02-11,66.83000183105469,67.70999908447266,66.56999969482422,67.41000366210938,60.55492401123047,17975600
2020-02-12,67.5999984741211,68.08999633789062,67.30999755859375,67.45999908447266,60.59984588623047,15586600
2020-02-13,66.98999786376953,67.6500015258789,66.73999786376953,67.44000244140625,60.581871032714844,11602700
2020-02-14,67.5199966430664,67.86000061035156,66.81999969482422,67.2699966430664,60.42914962768555,13405500
2020-02-18,66.66000366210938,66.69000244140625,65.87999725341797,66.13999938964844,59.41408157348633,12758400
2020-02-19,66.38999938964844,67.19999694824219,66.18000030517578,67.11000061035156,60.285438537597656,13551200
2020-02-20,67.04000091552734,67.29000091552734,64.55999755859375,65.44999694824219,58.794246673583984,26452600
2020-02-21,65.18000030517578,65.25,64.04000091552734,64.33999633789062,57.797115325927734,20775900
2020-02-24,61.61000061035156,62.77000045776367,61.31999969482422,61.7599983215332,55.47948455810547,26903100
2020-02-25,61.9900016784668,62.279998779296875,59.459999084472656,59.72999954223633,53.65592575073242,34495700
2020-02-26,60.11000061035156,60.81999969482422,59.27000045776367,59.650001525878906,53.584049224853516,26190100
2020-02-27,57.93000030517578,58.5099983215332,55.79999923706055,55.83000183105469,50.15251922607422,42226900
2020-02-28,54.29999923706055,56.380001068115234,53.599998474121094,55.52000045776367,49.87404251098633,60721700
2020-03-02,55.790000915527344,58.220001220703125,54.52000045776367,58.18000030517578,52.26354217529297,43140300
2020-03-03,58.029998779296875,59.02000045776367,55.400001525878906,55.970001220703125,50.27828598022461,49740300
2020-03-04,57.0099983215332,58.709999084472656,56.15999984741211,58.68000030517578,52.71269989013672,29223100
2020-03-05,57.060001373291016,58.65999984741211,56.61000061035156,56.959999084472656,51.167606353759766,29099200
2020-03-06,55.18000030517578,56.0099983215332,54.540000915527344,55.77000045776367,50.0986213684082,36259200
2020-03-09,51.91999816894531,52.709999084472656,50.0,50.849998474121094,45.67894744873047,56197000
2020-03-10,52.7599983215332,54.0,50.43000030517578,53.97999954223633,48.490657806396484,36569000
2020-03-11,52.38999938964844,53.540000915527344,51.0099983215332,51.65999984741211,46.406578063964844,38563500
2020-03-12,47.9900016784668,50.09000015258789,45.369998931884766,45.540000915527344,40.908931732177734,50661700
2020-03-13,48.2599983215332,55.0,47.7400016784668,54.43000030517578,48.8948860168457,48805100
2020-03-16,47.5099983215332,52.25,43.630001068115234,44.61000061035156,40.07350540161133,53878900
2020-03-17,45.7599983215332,51.630001068115234,45.20000076293945,50.08000183105469,44.98725509643555,52085200
2020-03-18,46.709999084472656,50.04999923706055,45.20000076293945,47.61000061035156,42.76842498779297,49309900
2020-03-19,47.84000015258789,49.22999954223633,45.15999984741211,45.939998626708984,41.26825714111328,44538000
2020-03-20,46.5099983215332,49.41999816894531,45.470001220703125,45.83000183105469,41.16945266723633,52344000
2020-03-23,46.02000045776367,50.4900016784668,45.90999984741211,49.58000183105469,44.53810501098633,46698500
2020-03-24,53.13999938964844,54.63999938964844,51.349998474121094,52.400001525878906,47.07131576538086,50019800
2020-03-25,52.47999954223633,53.790000915527344,49.90999984741211,51.2599983215332,46.04725646972656,41106100
2020-03-26,51.7400016784668,55.95000076293945,51.65999984741211,55.540000915527344,49.89201736450195,41459800
2020-03-27,53.41999816894531,54.63999938964844,52.06999969482422,52.369998931884766,47.04437255859375,31633500
2020-03-30,52.9900016784668,56.099998474121094,52.83000183105469,55.4900016784668,49.84709930419922,31628600
2020-03-31,55.060001373291016,55.79999923706055,53.220001220703125,54.119998931884766,48.61641311645508,48074700
2020-04-01,52.5,54.689998626708984,51.43000030517578,51.880001068115234,46.60420608520508,29586600
2020-04-02,51.290000915527344,54.560001373291016,51.220001220703125,54.349998474121094,48.82302474975586,27810000
2020-04-03,53.849998474121094,55.130001068115234,52.72999954223633,54.130001068115234,48.625404357910156,23906100
2020-04-06,56.630001068115234,58.77000045776367,56.119998931884766,58.43000030517578,52.48812484741211,32323400
2020-04-07,59.939998626708984,61.4900016784668,58.209999084472656,58.400001525878906,52.46116638183594,41410000
2020-04-08,58.9900016784668,59.5099983215332,57.90999984741211,58.97999954223633,52.98219299316406,26719500
2020-04-09,59.36000061035156,59.720001220703125,56.060001373291016,57.13999938964844,51.32929992675781,40499700
2020-04-13,56.56999969482422,58.77000045776367,56.56999969482422,58.70000076293945,52.73067092895508,23251900
2020-04-14,60.040000915527344,60.900001525878906,59.5099983215332,60.65999984741211,54.49134826660156,25674000
2020-04-15,59.7400016784668,59.83000183105469,58.38999938964844,58.869998931884766,52.88337326049805,22841600
2020-04-16,59.61000061035156,60.959999084472656,58.810001373291016,60.790000915527344,54.608131408691406,24433500
2020-04-17,62.02000045776367,62.130001068115234,59.83000183105469,60.36000061035156,54.22185516357422,27385600
2020-04-20,59.279998779296875,60.040000915527344,58.88999938964844,59.18000030517578,53.1618537902832,26420300
2020-04-21,58.11000061035156,58.599998474121094,55.93000030517578,56.36000061035156,50.628623962402344,25248000
2020-04-22,58.27000045776367,60.5,57.810001373291016,60.099998474121094,53.98830032348633,23350400
2020-04-23,59.66999816894531,60.099998474121094,58.810001373291016,59.040000915527344,53.03609085083008,35092000
2020-04-24,56.20000076293945,59.400001525878906,56.099998474121094,59.2599983215332,53.23371887207031,50187000
2020-04-27,59.720001220703125,59.83000183105469,58.38999938964844,59.470001220703125,53.42236328125,25902200
2020-04-28,59.9900016784668,60.220001220703125,58.2599983215332,58.75,52.77558517456055,28784700
2020-04-29,59.439998626708984,62.029998779296875,59.31999969482422,61.79999923706055,55.51542282104492,30451500
2020-04-30,61.369998931884766,61.540000915527344,59.75,59.97999954223633,53.880496978759766,26279900
2020-05-01,58.83000183105469,59.31999969482422,57.310001373291016,57.470001220703125,51.62574005126953,21194800
2020-05-04,57.119998931884766,58.06999969482422,56.310001373291016,57.9900016784668,52.092857360839844,18957200
2020-05-05,58.790000915527344,59.29999923706055,58.349998474121094,58.75,52.77558517456055,17252100
2020-05-06,59.040000915527344,59.95000076293945,58.939998626708984,59.18000030517578,53.46215057373047,17848700
2020-05-07,59.93000030517578,60.099998474121094,58.91999816894531,59.16999816894531,53.45311737060547,14733500
2020-05-08,59.66999816894531,59.779998779296875,59.04999923706055,59.66999816894531,53.90480422973633,20384500
2020-05-11,59.7400016784668,60.84000015258789,59.709999084472656,60.130001068115234,54.32036209106445,18684400
2020-05-12,60.220001220703125,60.63999938964844,58.2599983215332,58.38999938964844,52.74847412109375,16754900
2020-05-13,58.45000076293945,59.22999954223633,56.900001525878906,57.7400016784668,52.16128158569336,21065000
2020-05-14,57.31999969482422,59.150001525878906,56.099998474121094,59.08000183105469,53.37180709838867,21569400
2020-05-15,57.400001525878906,58.369998931884766,56.959999084472656,58.279998779296875,52.64910888671875,21373300
2020-05-18,59.7400016784668,60.279998779296875,59.36000061035156,59.91999816894531,54.13065719604492,20428700
2020-05-19,60.130001068115234,61.77000045776367,59.849998474121094,60.290000915527344,54.46491241455078,21865000
2020-05-20,61.15999984741211,63.4900016784668,61.02000045776367,63.099998474121094,57.0034065246582,30584000
2020-05-21,63.099998474121094,63.79999923706055,61.81999969482422,61.97999954223633,55.99162292480469,20987700
2020-05-22,61.97999954223633,62.31999969482422,61.41999816894531,62.2599983215332,56.24456024169922,14103000
2020-05-26,63.68000030517578,64.13999938964844,62.119998931884766,62.34000015258789,56.31683349609375,20933600
2020-05-27,62.31999969482422,63.59000015258789,61.06999969482422,63.560001373291016,57.41896057128906,19886300
2020-05-28,63.0,63.45000076293945,61.4900016784668,61.70000076293945,55.738670349121094,17253500
2020-05-29,61.900001525878906,63.65999984741211,61.619998931884766,62.93000030517578,56.84983444213867,33393900
2020-06-01,62.4900016784668,62.65999984741211,61.65999984741211,61.86000061035156,55.883216857910156,14317700
2020-06-02,61.70000076293945,62.16999816894531,60.83000183105469,62.119998931884766,56.11808776855469,20702400
2020-06-03,62.45000076293945,62.540000915527344,61.529998779296875,61.93000030517578,55.946449279785156,16737300
2020-06-04,61.7400016784668,63.470001220703125,61.34000015258789,62.970001220703125,56.88597106933594,22010100
2020-06-05,63.36000061035156,65.11000061035156,63.15999984741211,64.33999633789062,58.12359619140625,26813100
2020-06-08,63.970001220703125,64.1500015258789,62.939998626708984,63.66999816894531,57.518333435058594,21546200
2020-06-09,62.9900016784668,63.709999084472656,62.900001525878906,63.040000915527344,56.9492073059082,23594100
2020-06-10,62.790000915527344,64.29000091552734,62.75,63.869998931884766,57.699005126953125,21367800
2020-06-11,63.06999969482422,63.29999923706055,59.52000045776367,59.70000076293945,53.931907653808594,26998200
2020-06-12,60.11000061035156,60.959999084472656,58.119998931884766,59.33000183105469,53.59765625,30419800
2020-06-15,59.33000183105469,60.36000061035156,58.58000183105469,60.099998474121094,54.29326629638672,29651700
2020-06-16,61.4900016784668,61.650001525878906,59.4900016784668,60.400001525878906,54.56428146362305,23226600
2020-06-17,60.7400016784668,61.279998779296875,60.060001373291016,60.4900016784668,54.64558410644531,20454800
2020-06-18,60.349998474121094,60.5099983215332,59.31999969482422,60.08000183105469,54.27519226074219,24899700
2020-06-19,60.650001525878906,60.88999938964844,59.099998474121094,59.619998931884766,53.8596305847168,60336100
2020-06-22,59.72999954223633,60.54999923706055,58.83000183105469,60.09000015258789,54.28422546386719,22846000
2020-06-23,60.189998626708984,60.470001220703125,59.86000061035156,59.91999816894531,54.13065719604492,22809600
2020-06-24,59.63999938964844,59.810001373291016,58.66999816894531,59.09000015258789,53.3808479309082,27764500
2020-06-25,58.97999954223633,59.09000015258789,57.47999954223633,58.5099983215332,52.85688400268555,21906900
2020-06-26,58.4900016784668,58.72999954223633,57.06999969482422,57.5,51.94447326660156,38477500
2020-06-29,57.470001220703125,58.349998474121094,56.7599983215332,58.27000045776367,52.64006805419922,22150300
2020-06-30,58.709999084472656,59.97999954223633,58.540000915527344,59.83000183105469,54.049346923828125,31542100
2020-07-01,59.90999984741211,60.029998779296875,58.7599983215332,58.810001373291016,53.127891540527344,14748100
2020-07-02,59.189998626708984,59.810001373291016,58.970001220703125,59.130001068115234,53.41697692871094,15578600
2020-07-06,58.720001220703125,59.619998931884766,58.599998474121094,59.540000915527344,53.78736114501953,20536700
2020-07-07,59.06999969482422,59.56999969482422,58.13999938964844,58.310001373291016,52.67620849609375,15996500
2020-07-08,58.45000076293945,58.70000076293945,57.93000030517578,58.61000061035156,52.94722366333008,13277900
2020-07-09,58.20000076293945,58.75,57.70000076293945,58.41999816894531,52.77557373046875,20683700
2020-07-10,57.95000076293945,59.689998626708984,57.83000183105469,59.529998779296875,53.7783317565918,17742300
2020-07-13,59.84000015258789,60.619998931884766,58.38999938964844,58.58000183105469,52.92012405395508,19082900
2020-07-14,57.869998931884766,59.25,57.349998474121094,58.97999954223633,53.28147506713867,24190900
2020-07-15,59.029998779296875,59.34000015258789,58.41999816894531,59.029998779296875,53.32664108276367,19986300
2020-07-16,58.540000915527344,59.36000061035156,58.400001525878906,59.13999938964844,53.4260139465332,12425900
2020-07-17,59.41999816894531,60.459999084472656,59.279998779296875,60.0,54.20292282104492,16322800
2020-07-20,60.08000183105469,61.380001068115234,59.34000015258789,61.150001525878906,55.2418098449707,16868700
2020-07-21,61.52000045776367,61.93000030517578,60.439998626708984,60.70000076293945,54.835296630859375,19803700
2020-07-22,61.310001373291016,61.77000045776367,60.619998931884766,61.04999923706055,55.15147018432617,18959900
2020-07-23,61.2599983215332,61.7400016784668,59.97999954223633,60.400001525878906,54.56428146362305,43518600
2020-07-24,52.150001525878906,52.18000030517578,49.5,50.59000015258789,45.70209884643555,182269900
2020-07-27,51.029998779296875,51.13999938964844,49.470001220703125,49.56999969482422,44.78064727783203,107526500
2020-07-28,49.47999954223633,50.22999954223633,49.13999938964844,49.2400016784668,44.4825325012207,62362600
2020-07-29,49.4900016784668,49.5,47.900001525878906,48.06999969482422,43.425567626953125,60500800
2020-07-30,47.83000183105469,48.5,47.59000015258789,47.9900016784668,43.35331344604492,39735200
2020-07-31,48.130001068115234,48.31999969482422,46.970001220703125,47.72999954223633,43.1184196472168,46536000
2020-08-03,48.27000045776367,48.630001068115234,47.7400016784668,48.29999923706055,43.63335037231445,31767100
2020-08-04,48.599998474121094,49.13999938964844,48.5,49.130001068115234,44.38316345214844,29045800
2020-08-05,49.720001220703125,49.720001220703125,48.65999984741211,48.91999816894531,44.193458557128906,29438600
2020-08-06,48.790000915527344,48.81999969482422,48.099998474121094,48.56999969482422,44.17525863647461,23795500
2020-08-07,48.529998779296875,48.650001525878906,47.70000076293945,48.029998779296875,43.684120178222656,36765200
2020-08-10,48.20000076293945,49.38999938964844,48.060001373291016,49.220001220703125,44.76644515991211,37442600
2020-08-11,49.630001068115234,49.72999954223633,48.060001373291016,48.189998626708984,43.829647064208984,35348100
2020-08-12,48.66999816894531,49.2599983215332,48.2400016784668,49.189998626708984,44.739158630371094,30659800
2020-08-13,49.2599983215332,49.33000183105469,48.38999938964844,48.560001373291016,44.166168212890625,24774500
2020-08-14,48.72999954223633,49.209999084472656,48.650001525878906,48.88999938964844,44.4662971496582,22321200
2020-08-17,49.11000061035156,49.310001373291016,48.72999954223633,48.93000030517578,44.502681732177734,20018300
2020-08-18,49.2599983215332,49.56999969482422,48.619998931884766,48.650001525878906,44.248023986816406,19251400
2020-08-19,48.790000915527344,48.97999954223633,48.25,48.33000183105469,43.95697021484375,27775000
2020-08-20,49.810001373291016,50.20000076293945,49.0,49.16999816894531,44.72097396850586,55081300
2020-08-21,49.02000045776367,49.310001373291016,48.650001525878906,49.279998779296875,44.82101821899414,34621500
2020-08-24,49.2599983215332,49.400001525878906,48.81999969482422,49.13999938964844,44.69368362426758,36295300
2020-08-25,49.349998474121094,49.880001068115234,49.209999084472656,49.43000030517578,44.95743942260742,38384300
2020-08-26,49.38999938964844,49.66999816894531,49.22999954223633,49.54999923706055,45.06658172607422,28616600
2020-08-27,49.790000915527344,49.93000030517578,49.16999816894531,49.400001525878906,44.93015670776367,24420600
2020-08-28,49.56999969482422,50.79999923706055,49.459999084472656,50.43000030517578,45.86696243286133,35384700
2020-08-31,51.0,51.5,50.31999969482422,50.95000076293945,46.339908599853516,46114100
2020-09-01,50.90999984741211,51.0,50.220001220703125,50.790000915527344,46.19438934326172,30472800
2020-09-02,51.209999084472656,52.68000030517578,51.09000015258789,52.25,47.52228546142578,53000700
2020-09-03,52.5,52.619998931884766,50.13999938964844,50.38999938964844,45.83058166503906,47394300
2020-09-04,50.529998779296875,51.22999954223633,49.4900016784668,50.08000183105469,45.54863357543945,43318400
2020-09-08,49.2599983215332,49.900001525878906,48.849998474121094,48.90999984741211,44.4844970703125,39752700
2020-09-09,49.529998779296875,49.970001220703125,49.040000915527344,49.619998931884766,45.130252838134766,33437300
2020-09-10,50.0,50.09000015258789,48.709999084472656,48.959999084472656,44.529972076416016,32649100
2020-09-11,49.2599983215332,50.04999923706055,48.95000076293945,49.279998779296875,44.82101821899414,29333600
2020-09-14,48.849998474121094,49.720001220703125,48.849998474121094,49.40999984741211,44.93925094604492,27212500
2020-09-15,49.790000915527344,50.599998474121094,49.72999954223633,50.0,45.475868225097656,27598300
2020-09-16,50.5099983215332,51.029998779296875,50.16999816894531,50.369998931884766,45.81239318847656,26531400
2020-09-17,49.369998931884766,50.4900016784668,49.29999923706055,50.31999969482422,45.76691818237305,26959900
2020-09-18,50.33000183105469,50.5,49.040000915527344,49.88999938964844,45.375823974609375,50123500
2020-09-21,49.38999938964844,49.75,48.83000183105469,49.720001220703125,45.22120666503906,27377100
2020-09-22,49.88999938964844,50.209999084472656,49.470001220703125,49.95000076293945,45.430389404296875,22290900
2020-09-23,49.83000183105469,50.150001525878906,48.65999984741211,48.81999969482422,44.40263366699219,30078800
2020-09-24,48.529998779296875,49.63999938964844,48.41999816894531,49.15999984741211,44.71187210083008,29343400
2020-09-25,48.959999084472656,50.279998779296875,48.75,49.939998626708984,45.42129135131836,26633400
2020-09-28,50.5099983215332,51.459999084472656,50.15999984741211,51.43000030517578,46.77647399902344,29652200
2020-09-29,51.310001373291016,51.7400016784668,50.95000076293945,51.189998626708984,46.55819320678711,19558200
2020-09-30,51.2400016784668,52.380001068115234,51.150001525878906,51.779998779296875,47.09481430053711,27711300
2020-10-01,52.400001525878906,52.720001220703125,51.9900016784668,52.2400016784668,47.51319122314453,22127600
2020-10-02,51.5,51.97999954223633,50.9900016784668,51.0099983215332,46.39447784423828,25811800
2020-10-05,51.29999923706055,51.810001373291016,51.27000045776367,51.689998626708984,47.0129508972168,20883200
2020-10-06,51.709999084472656,52.70000076293945,51.22999954223633,51.369998931884766,46.72190856933594,25642800
2020-10-07,51.849998474121094,52.900001525878906,51.790000915527344,52.66999816894531,47.90427780151367,21978700
2020-10-08,52.90999984741211,53.58000183105469,52.66999816894531,53.369998931884766,48.54094314575195,22369500
2020-10-09,53.54999923706055,53.849998474121094,52.66999816894531,52.81999969482422,48.04071044921875,24343900
2020-10-12,53.54999923706055,54.20000076293945,53.209999084472656,53.880001068115234,49.004798889160156,27303500
2020-10-13,54.27000045776367,54.290000915527344,53.619998931884766,53.83000183105469,48.959327697753906,20005800
2020-10-14,54.0099983215332,54.400001525878906,53.5099983215332,53.54999923706055,48.704654693603516,21874200
2020-10-15,52.75,53.97999954223633,52.619998931884766,53.849998474121094,48.97751235961914,18272900
2020-10-16,53.900001525878906,54.70000076293945,53.900001525878906,54.15999984741211,49.259456634521484,23414400
2020-10-19,54.470001220703125,56.22999954223633,53.84000015258789,54.58000183105469,49.64146041870117,43537200
2020-10-20,54.599998474121094,54.70000076293945,53.27000045776367,53.43000030517578,48.595516204833984,27224900
2020-10-21,53.13999938964844,54.06999969482422,52.81999969482422,53.5,48.65917205810547,21866000
2020-10-22,53.119998931884766,54.220001220703125,53.06999969482422,53.900001525878906,49.02298355102539,41522700
2020-10-23,48.349998474121094,48.66999816894531,47.65999984741211,48.20000076293945,43.838741302490234,97322500
2020-10-26,47.849998474121094,47.86000061035156,46.25,46.720001220703125,42.49265670776367,54161300
2020-10-27,45.97999954223633,46.40999984741211,45.36000061035156,45.63999938964844,41.5103645324707,50130500
2020-10-28,44.88999938964844,45.290000915527344,44.20000076293945,44.25,40.24614334106445,45066000
2020-10-29,44.2400016784668,44.470001220703125,43.91999816894531,44.11000061035156,40.11880874633789,36796800
2020-10-30,44.099998474121094,44.79999923706055,43.61000061035156,44.279998779296875,40.27342987060547,46781300
2020-11-02,44.959999084472656,45.060001373291016,44.2400016784668,44.459999084472656,40.437137603759766,33856700
2020-11-03,44.72999954223633,45.459999084472656,44.70000076293945,44.849998474121094,40.79185104370117,34349500
2020-11-04,45.11000061035156,46.150001525878906,44.779998779296875,45.70000076293945,41.564945220947266,34748200
2020-11-05,46.150001525878906,46.380001068115234,45.529998779296875,45.68000030517578,41.84894561767578,31103200
2020-11-06,45.540000915527344,45.79999923706055,44.900001525878906,45.38999938964844,41.58326721191406,36233700
2020-11-09,46.63999938964844,47.349998474121094,45.540000915527344,45.599998474121094,41.77565383911133,48481700
2020-11-10,45.400001525878906,46.47999954223633,45.25,45.439998626708984,41.62907409667969,39224500
2020-11-11,45.900001525878906,46.459999084472656,45.86000061035156,46.349998474121094,42.46275329589844,31496900
2020-11-12,46.130001068115234,46.189998626708984,44.54999923706055,44.95000076293945,41.18016815185547,42881300
2020-11-13,44.9900016784668,45.58000183105469,44.970001220703125,45.459999084472656,41.647396087646484,30884700
2020-11-16,46.040000915527344,46.75,45.790000915527344,46.189998626708984,42.3161735534668,36306300
2020-11-17,45.75,46.119998931884766,45.40999984741211,45.529998779296875,41.71152114868164,31118000
2020-11-18,45.54999923706055,45.689998626708984,45.040000915527344,45.060001373291016,41.28094482421875,32817900
2020-11-19,44.91999816894531,45.66999816894531,44.70000076293945,45.619998931884766,41.79397964477539,29469100
2020-11-20,45.65999984741211,45.880001068115234,45.33000183105469,45.38999938964844,41.58326721191406,24199300
2020-11-23,45.47999954223633,46.209999084472656,45.45000076293945,46.060001373291016,42.19707489013672,35489600
2020-11-24,46.290000915527344,47.29999923706055,46.0099983215332,47.0099983215332,43.06740188598633,33901200
2020-11-25,47.029998779296875,47.18000030517578,46.56999969482422,47.04999923706055,43.104042053222656,28126900
2020-11-27,47.36000061035156,48.099998474121094,47.36000061035156,47.45000076293945,43.470497131347656,15921400
2020-11-30,47.41999816894531,48.5,47.27000045776367,48.349998474121094,44.295021057128906,46332700
2020-12-01,48.75,50.22999954223633,48.709999084472656,49.560001373291016,45.40354537963867,57768000
2020-12-02,49.220001220703125,50.060001373291016,49.18000030517578,49.900001525878906,45.71503829956055,33753500
2020-12-03,49.91999816894531,51.11000061035156,49.779998779296875,50.9900016784668,46.7136116027832,50261200
2020-12-04,51.060001373291016,52.650001525878906,51.0,51.9900016784668,47.62974548339844,39767700
2020-12-07,51.0,51.290000915527344,49.560001373291016,50.20000076293945,45.989864349365234,51040300
2020-12-08,49.83000183105469,50.720001220703125,49.810001373291016,50.689998626708984,46.43876647949219,28956500
2020-12-09,50.279998779296875,50.84000015258789,49.72999954223633,50.06999969482422,45.87076950073242,34068400
2020-12-10,49.65999984741211,50.720001220703125,49.59000015258789,50.2599983215332,46.04482650756836,33706000
2020-12-11,50.13999938964844,50.13999938964844,49.119998931884766,49.72999954223633,45.55928039550781,29398800
2020-12-14,49.81999969482422,51.34000015258789,49.7400016784668,50.470001220703125,46.237220764160156,33436400
2020-12-15,50.97999954223633,51.0099983215332,50.209999084472656,50.66999816894531,46.42044448852539,25465600
2020-12-16,50.709999084472656,51.459999084472656,50.68000030517578,51.119998931884766,46.832706451416016,28351000
2020-12-17,51.150001525878906,51.31999969482422,50.220001220703125,50.650001525878906,46.402122497558594,26399000
2020-12-18,50.56999969482422,50.68000030517578,47.11000061035156,47.459999084472656,43.47966003417969,119298400
2020-12-21,46.31999969482422,46.45000076293945,45.2400016784668,46.36000061035156,42.471920013427734,53775700
2020-12-22,46.25,46.34000015258789,45.77000045776367,46.16999816894531,42.297847747802734,32171200
2020-12-23,46.16999816894531,47.029998779296875,46.06999969482422,46.56999969482422,42.66429901123047,22564200
2020-12-24,46.599998474121094,47.09000015258789,46.34000015258789,47.06999969482422,43.122371673583984,11865600
2020-12-28,47.189998626708984,47.63999938964844,46.86000061035156,47.06999969482422,43.122371673583984,21269200
2020-12-29,47.220001220703125,50.66999816894531,46.4900016784668,49.38999938964844,45.247798919677734,84531400
2020-12-30,49.11000061035156,49.189998626708984,48.560001373291016,48.75,44.66147232055664,37385400
2020-12-31,48.75,50.189998626708984,48.720001220703125,49.81999969482422,45.64173126220703,28576800
2021-01-04,49.88999938964844,51.38999938964844,49.400001525878906,49.66999816894531,45.504310607910156,46102500
2021-01-05,49.45000076293945,50.83000183105469,49.33000183105469,50.61000061035156,46.365482330322266,24866600
2021-01-06,50.439998626708984,52.150001525878906,50.20000076293945,51.099998474121094,46.81438446044922,36809600
2021-01-07,51.4900016784668,52.689998626708984,51.29999923706055,52.189998626708984,47.81296920776367,32092300
2021-01-08,52.45000076293945,52.529998779296875,51.27000045776367,51.650001525878906,47.318260192871094,34625400
2021-01-11,51.290000915527344,52.2400016784668,51.25,51.540000915527344,47.217491149902344,32925000
2021-01-12,51.900001525878906,53.849998474121094,51.560001373291016,53.2400016784668,48.774906158447266,39883900
2021-01-13,59.5,60.25,56.900001525878906,56.95000076293945,52.17376708984375,124070700
2021-01-14,58.45000076293945,60.13999938964844,57.84000015258789,59.25,54.2808723449707,74680900
2021-01-15,58.849998474121094,59.650001525878906,57.5,57.58000183105469,52.75092315673828,50265400
2021-01-19,57.939998626708984,58.34000015258789,57.099998474121094,57.9900016784668,53.126548767089844,35647100
2021-01-20,58.2400016784668,59.220001220703125,58.09000015258789,58.66999816894531,53.749515533447266,28701300
2021-01-21,59.040000915527344,63.95000076293945,58.220001220703125,62.459999084472656,57.22165298461914,86519500
2021-01-22,58.849998474121094,59.619998931884766,56.650001525878906,56.65999984741211,51.9080810546875,85729300
2021-01-25,56.380001068115234,56.5,54.060001373291016,55.439998626708984,50.79039764404297,61968500
2021-01-26,55.279998779296875,56.20000076293945,54.849998474121094,55.209999084472656,50.57969284057617,31485900
2021-01-27,54.61000061035156,54.849998474121094,53.29999923706055,53.59000015258789,49.095558166503906,49722900
2021-01-28,54.790000915527344,57.400001525878906,54.70000076293945,56.06999969482422,51.36756134033203,49202600
2021-01-29,55.97999954223633,57.15999984741211,55.36000061035156,55.5099983215332,50.854530334472656,37256200
2021-02-01,55.95000076293945,57.38999938964844,55.709999084472656,56.689998626708984,51.93556213378906,26926600
2021-02-02,57.189998626708984,58.279998779296875,56.880001068115234,58.0,53.13569641113281,23580900
2021-02-03,57.88999938964844,58.33000183105469,57.380001068115234,57.68000030517578,52.84253692626953,21893200
2021-02-04,57.61000061035156,58.880001068115234,57.189998626708984,58.790000915527344,54.186363220214844,29853800
2021-02-05,59.0,59.08000183105469,58.119998931884766,58.18000030517578,53.62413024902344,23432600
2021-02-08,58.380001068115234,59.220001220703125,57.95000076293945,59.15999984741211,54.52739715576172,34358300
2021-02-09,58.77000045776367,59.310001373291016,57.939998626708984,58.779998779296875,54.177146911621094,28754100
2021-02-10,59.29999923706055,59.41999816894531,58.119998931884766,58.86000061035156,54.250885009765625,16325100
2021-02-11,59.099998474121094,60.9900016784668,58.86000061035156,60.65999984741211,55.90993118286133,27539100
2021-02-12,60.599998474121094,62.5099983215332,60.43000030517578,61.810001373291016,56.96988296508789,26214200
2021-02-16,62.0,62.869998931884766,61.70000076293945,62.470001220703125,57.57820129394531,26326300
2021-02-17,61.4900016784668,62.189998626708984,61.209999084472656,61.849998474121094,57.00674819946289,21055400
2021-02-18,60.650001525878906,61.97999954223633,60.63999938964844,61.61000061035156,56.78554916381836,17846100
2021-02-19,61.90999984741211,63.2599983215332,61.849998474121094,63.0099983215332,58.07591247558594,28290100
2021-02-22,61.880001068115234,62.70000076293945,60.65999984741211,60.709999084472656,55.956016540527344,32288200
2021-02-23,60.47999954223633,61.5,59.16999816894531,61.119998931884766,56.33391189575195,27374600
2021-02-24,60.529998779296875,63.279998779296875,60.380001068115234,63.189998626708984,58.24181365966797,24669900
2021-02-25,62.40999984741211,63.540000915527344,60.130001068115234,60.400001525878906,55.67029571533203,36394000
2021-02-26,60.88999938964844,61.689998626708984,59.68000030517578,60.779998779296875,56.020530700683594,38216800
2021-03-01,61.720001220703125,63.08000183105469,61.650001525878906,62.880001068115234,57.95610046386719,28495400
2021-03-02,62.79999923706055,63.13999938964844,61.11000061035156,61.2400016784668,56.444515228271484,23320000
2021-03-03,60.63999938964844,61.52000045776367,59.70000076293945,59.900001525878906,55.209442138671875,28740400
2021-03-04,59.83000183105469,60.2400016784668,57.90999984741211,58.33000183105469,53.762393951416016,40210400
2021-03-05,59.2599983215332,61.18000030517578,58.5099983215332,60.7400016784668,55.98367691040039,39511700
2021-03-08,60.470001220703125,61.70000076293945,59.720001220703125,59.849998474121094,55.163368225097656,33112400
2021-03-09,61.18000030517578,63.16999816894531,60.84000015258789,62.66999816894531,57.762542724609375,36387500
2021-03-10,63.220001220703125,64.12000274658203,62.130001068115234,62.25,57.375431060791016,27160300
2021-03-11,62.939998626708984,64.08999633789062,62.38999938964844,63.310001373291016,58.35242462158203,30701800
2021-03-12,62.650001525878906,63.29999923706055,62.2400016784668,62.900001525878906,57.97452926635742,20173000
2021-03-15,63.61000061035156,63.880001068115234,62.47999954223633,63.790000915527344,58.79484176635742,21247400
2021-03-16,64.1500015258789,65.7300033569336,64.08000183105469,64.77999877929688,59.70731735229492,30186600
2021-03-17,64.22000122070312,66.29000091552734,63.709999084472656,65.77999877929688,60.628997802734375,32394700
2021-03-18,65.62999725341797,65.69999694824219,63.650001525878906,63.72999954223633,58.73953628540039,30094200
2021-03-19,63.18000030517578,64.98999786376953,62.91999816894531,63.7599983215332,58.767189025878906,54951700
2021-03-22,64.81999969482422,66.37999725341797,64.55999755859375,65.62999725341797,60.49074172973633,34380100
2021-03-23,66.0,66.05000305175781,63.16999816894531,63.47999954223633,58.50911331176758,35160000
2021-03-24,66.58000183105469,67.44000244140625,61.9900016784668,62.040000915527344,57.18187713623047,74584700
2021-03-25,61.65999984741211,62.439998626708984,60.97999954223633,62.02000045776367,57.1634407043457,35401400
2021-03-26,61.79999923706055,64.97000122070312,61.77000045776367,64.87000274658203,59.79026794433594,34705800
2021-03-29,64.01000213623047,65.12999725341797,63.61000061035156,64.5,59.44923782348633,26161600
2021-03-30,63.77000045776367,64.0,63.150001525878906,63.77000045776367,58.77640151977539,20709500
2021-03-31,64.01000213623047,64.48999786376953,63.58000183105469,64.0,58.98838806152344,33013200
2021-04-01,64.72000122070312,64.88999938964844,63.58000183105469,64.55000305175781,59.495330810546875,31416300
2021-04-05,64.94999694824219,66.73999786376953,64.69999694824219,66.54000091552734,61.32949447631836,27947500
2021-04-06,66.05999755859375,66.58000183105469,65.29000091552734,65.55999755859375,60.42623519897461,28771400
2021-04-07,65.66999816894531,66.56999969482422,65.36000061035156,66.25,61.06220626831055,17793300
2021-04-08,66.97000122070312,67.29000091552734,66.36000061035156,67.05000305175781,61.79955291748047,22224200
2021-04-09,66.80000305175781,68.4000015258789,66.62999725341797,68.26000213623047,62.9148063659668,27177100
2021-04-12,68.19999694824219,68.48999786376953,64.70999908447266,65.41000366210938,60.28798294067383,51266900
2021-04-13,65.61000061035156,65.62999725341797,64.20999908447266,65.22000122070312,60.112857818603516,26822000
2021-04-14,65.30999755859375,65.37999725341797,63.84000015258789,64.19000244140625,59.16350555419922,25768400
2021-04-15,63.970001220703125,65.22000122070312,63.68000030517578,65.0199966430664,59.92851257324219,24927700
2021-04-16,65.33000183105469,65.5199966430664,64.56999969482422,64.75,59.679664611816406,24625500
2021-04-19,64.69999694824219,64.73999786376953,63.06999969482422,63.630001068115234,58.64736557006836,23997700
2021-04-20,63.63999938964844,63.7599983215332,62.40999984741211,62.70000076293945,57.790184020996094,19872100
2021-04-21,62.790000915527344,63.779998779296875,62.29999923706055,63.70000076293945,58.711883544921875,24364200
2021-04-22,63.349998474121094,63.90999984741211,62.279998779296875,62.56999969482422,57.67036819458008,38257600
2021-04-23,59.15999984741211,60.0,57.900001525878906,59.2400016784668,54.60113525390625,77479500
2021-04-26,59.099998474121094,59.52000045776367,58.459999084472656,58.7599983215332,54.158714294433594,39645900
2021-04-27,58.560001373291016,58.630001068115234,57.77000045776367,57.970001220703125,53.430580139160156,38167700
2021-04-28,57.52000045776367,58.15999984741211,57.150001525878906,57.619998931884766,53.10797882080078,30387400
2021-04-29,57.880001068115234,58.29999923706055,57.470001220703125,58.279998779296875,53.716304779052734,23290600
2021-04-30,57.61000061035156,58.43000030517578,57.06999969482422,57.529998779296875,53.02503204345703,30731800
2021-05-03,57.86000061035156,57.880001068115234,56.84000015258789,57.2599983215332,52.77617645263672,22281700
2021-05-04,56.880001068115234,56.97999954223633,55.810001373291016,56.900001525878906,52.444366455078125,35323600
2021-05-05,56.959999084472656,57.29999923706055,56.459999084472656,56.849998474121094,52.398277282714844,21001900
2021-05-06,56.619998931884766,57.25,56.25,57.189998626708984,53.036312103271484,25529300
2021-05-07,57.70000076293945,58.0099983215332,57.2400016784668,57.66999816894531,53.481449127197266,19959000
2021-05-10,57.150001525878906,57.22999954223633,55.880001068115234,55.970001220703125,51.90492248535156,35046500
2021-05-11,55.04999923706055,55.630001068115234,54.29999923706055,55.040000915527344,51.0424690246582,35968100
2021-05-12,54.38999938964844,54.650001525878906,53.41999816894531,53.619998931884766,49.72560119628906,30232300
2021-05-13,54.040000915527344,54.38999938964844,53.459999084472656,54.0099983215332,50.0872688293457,29192500
2021-05-14,54.599998474121094,55.849998474121094,54.2599983215332,55.349998474121094,51.329952239990234,28158300
2021-05-17,55.290000915527344,55.88999938964844,54.7599983215332,55.33000183105469,51.3114013671875,20010200
2021-05-18,55.95000076293945,56.13999938964844,54.79999923706055,54.84000015258789,50.85699462890625,18703400
2021-05-19,54.06999969482422,55.43000030517578,53.84000015258789,55.36000061035156,51.3392219543457,23769700
2021-05-20,55.56999969482422,56.2400016784668,55.36000061035156,55.95000076293945,51.886375427246094,23145200
2021-05-21,56.41999816894531,56.709999084472656,55.97999954223633,56.08000183105469,52.006935119628906,17723100
2021-05-24,56.650001525878906,57.38999938964844,56.400001525878906,56.959999084472656,52.82301712036133,19164400
2021-05-25,57.560001373291016,57.560001373291016,56.41999816894531,56.869998931884766,52.73955154418945,22309900
2021-05-26,57.04999923706055,57.22999954223633,56.59000015258789,56.91999816894531,52.785926818847656,15173600
2021-05-27,57.11000061035156,57.880001068115234,57.0,57.72999954223633,53.53709411621094,32387600
2021-05-28,57.54999923706055,57.650001525878906,56.939998626708984,57.119998931884766,52.971397399902344,20303900
2021-06-01,57.61000061035156,57.81999969482422,56.59000015258789,56.88999938964844,52.75810241699219,20326400
2021-06-02,56.90999984741211,57.689998626708984,56.7599983215332,57.47999954223633,53.30525588989258,18483600
2021-06-03,56.97999954223633,57.099998474121094,56.09000015258789,56.2400016784668,52.15531539916992,21831300
2021-06-04,56.54999923706055,57.75,56.540000915527344,57.369998931884766,53.20323944091797,21493800
2021-06-07,57.40999984741211,57.439998626708984,56.779998779296875,57.09000015258789,52.94357681274414,17364400
2021-06-08,57.45000076293945,57.63999938964844,56.599998474121094,57.0,52.8601188659668,33254500
2021-06-09,57.36000061035156,57.47999954223633,56.970001220703125,57.0,52.8601188659668,13904800
2021-06-10,57.150001525878906,58.029998779296875,56.93000030517578,57.380001068115234,53.21251678466797,26738100
2021-06-11,57.470001220703125,57.939998626708984,56.95000076293945,57.849998474121094,53.648380279541016,18119700
2021-06-14,58.02000045776367,58.20000076293945,57.22999954223633,58.189998626708984,53.963680267333984,21784500
2021-06-15,58.209999084472656,58.41999816894531,57.79999923706055,57.9900016784668,53.77821731567383,20806500
2021-06-16,58.150001525878906,58.369998931884766,56.77000045776367,57.220001220703125,53.06413650512695,21879700
2021-06-17,57.04999923706055,57.900001525878906,56.70000076293945,57.18000030517578,53.02703857421875,21498800
2021-06-18,56.68000030517578,56.75,55.099998474121094,55.66999816894531,51.626708984375,55118300
2021-06-21,55.75,56.040000915527344,55.369998931884766,55.869998931884766,51.81218719482422,19254600
2021-06-22,55.939998626708984,56.279998779296875,55.5,55.869998931884766,51.81218719482422,18682800
2021-06-23,55.869998931884766,55.970001220703125,55.22999954223633,55.2599983215332,51.24648666381836,20287900
2021-06-24,55.4900016784668,56.099998474121094,55.34000015258789,56.06999969482422,51.997657775878906,21209700
2021-06-25,56.02000045776367,56.40999984741211,55.75,55.90999984741211,51.849281311035156,21101200
2021-06-28,56.36000061035156,57.72999954223633,56.34000015258789,57.47999954223633,53.30525588989258,22480900
2021-06-29,57.54999923706055,57.83000183105469,55.880001068115234,56.75,52.628273010253906,26360000
2021-06-30,56.34000015258789,56.380001068115234,55.38999938964844,56.13999938964844,52.06257247924805,29891600
2021-07-01,56.130001068115234,56.63999938964844,55.869998931884766,56.0099983215332,51.9420166015625,24871600
2021-07-02,56.54999923706055,56.9900016784668,56.31999969482422,56.7599983215332,52.637542724609375,17219400
2021-07-06,56.91999816894531,57.0099983215332,55.70000076293945,56.09000015258789,52.016204833984375,26186600
2021-07-07,56.369998931884766,56.45000076293945,55.709999084472656,55.959999084472656,51.89564895629883,14857400
2021-07-08,55.310001373291016,55.720001220703125,54.790000915527344,55.38999938964844,51.36704635620117,19162000
2021-07-09,55.5099983215332,56.11000061035156,55.310001373291016,55.9900016784668,51.92346954345703,18708000
2021-07-12,56.2599983215332,56.7599983215332,56.11000061035156,56.72999954223633,52.60972595214844,15392800
2021-07-13,56.619998931884766,57.29999923706055,56.34000015258789,56.869998931884766,52.73955154418945,15716000
2021-07-14,57.16999816894531,57.459999084472656,56.33000183105469,56.52000045776367,52.41497802734375,16263600
2021-07-15,56.400001525878906,56.400001525878906,55.56999969482422,55.810001373291016,51.75654602050781,18917000
2021-07-16,56.04999923706055,56.93000030517578,54.900001525878906,54.970001220703125,50.97755432128906,25263800
2021-07-19,54.40999984741211,54.810001373291016,53.970001220703125,54.63999938964844,50.6715202331543,27007700
2021-07-20,54.91999816894531,55.560001373291016,54.27000045776367,55.2400016784668,51.22794723510742,19867000
2021-07-21,55.18000030517578,56.279998779296875,55.0099983215332,56.22999954223633,52.146034240722656,18497200
2021-07-22,56.060001373291016,56.540000915527344,55.68000030517578,55.959999084472656,51.89564895629883,36691000
2021-07-23,54.58000183105469,54.709999084472656,52.31999969482422,53.0,49.150630950927734,67742300
2021-07-26,52.810001373291016,54.540000915527344,52.7599983215332,54.310001373291016,50.3654899597168,32881200
2021-07-27,53.119998931884766,53.20000076293945,52.310001373291016,53.18000030517578,49.31755828857422,39878000
2021-07-28,53.029998779296875,53.91999816894531,52.939998626708984,53.06999969482422,49.215545654296875,28478800
2021-07-29,53.47999954223633,54.099998474121094,53.31999969482422,53.70000076293945,49.7997932434082,16886600
2021-07-30,53.650001525878906,53.900001525878906,53.25,53.720001220703125,49.81834030151367,16465700
2021-08-02,53.9900016784668,54.470001220703125,53.540000915527344,53.68000030517578,49.78124237060547,18098100
2021-08-03,53.88999938964844,54.15999984741211,53.2599983215332,54.060001373291016,50.133644104003906,16375900
2021-08-04,54.25,54.439998626708984,53.70000076293945,53.900001525878906,49.985267639160156,17612700
2021-08-05,53.9900016784668,54.02000045776367,53.58000183105469,53.88999938964844,50.30074691772461,15310000
2021-08-06,53.86000061035156,54.130001068115234,53.72999954223633,53.91999816894531,50.32875442504883,19256000
2021-08-09,54.08000183105469,54.40999984741211,53.83000183105469,54.04999923706055,50.45009231567383,14670100
2021-08-10,54.2400016784668,54.38999938964844,53.5099983215332,53.939998626708984,50.3474235534668,16215700
2021-08-11,54.2599983215332,54.36000061035156,53.84000015258789,54.13999938964844,50.53410339355469,18590800
2021-08-12,54.16999816894531,54.18000030517578,53.2599983215332,53.540000915527344,49.97406768798828,15070100
2021-08-13,53.5,53.560001373291016,53.060001373291016,53.4900016784668,49.92739486694336,15281100
2021-08-16,53.22999954223633,53.4900016784668,53.0,53.470001220703125,49.908721923828125,17690300
2021-08-17,53.16999816894531,53.18000030517578,52.220001220703125,52.689998626708984,49.1806755065918,22014900
2021-08-18,52.599998474121094,53.029998779296875,52.11000061035156,52.189998626708984,48.7139778137207,15061700
2021-08-19,52.04999923706055,52.66999816894531,51.58000183105469,52.439998626708984,48.94732666015625,22999400
2021-08-20,52.15999984741211,52.380001068115234,51.41999816894531,52.0099983215332,48.54596710205078,25728300
2021-08-23,52.59000015258789,53.540000915527344,52.47999954223633,53.22999954223633,49.68470764160156,23976300
2021-08-24,53.560001373291016,53.970001220703125,53.310001373291016,53.810001373291016,50.22608184814453,20348800
2021-08-25,54.08000183105469,54.22999954223633,53.72999954223633,53.810001373291016,50.22608184814453,15048400
2021-08-26,53.75,53.75,52.970001220703125,53.130001068115234,49.59136962890625,19570000
2021-08-27,53.36000061035156,53.939998626708984,52.91999816894531,53.88999938964844,50.30074691772461,16525000
2021-08-30,54.2599983215332,54.869998931884766,53.7599983215332,53.939998626708984,50.3474235534668,14581300
2021-08-31,54.439998626708984,54.5,53.65999984741211,54.060001373291016,50.45943069458008,22350100
2021-09-01,54.11000061035156,54.15999984741211,53.529998779296875,53.66999816894531,50.095401763916016,18615000
2021-09-02,53.79999923706055,53.88999938964844,53.349998474121094,53.72999954223633,50.15140914916992,15869500
2021-09-03,53.439998626708984,54.08000183105469,53.31999969482422,53.5099983215332,49.9460563659668,13456200
2021-09-07,53.56999969482422,53.95000076293945,53.439998626708984,53.650001525878906,50.07673645019531,13915000
2021-09-08,53.72999954223633,53.91999816894531,52.9900016784668,53.56999969482422,50.0020637512207,18235100
2021-09-09,53.65999984741211,53.88999938964844,53.34000015258789,53.400001525878906,49.8433837890625,13495800
2021-09-10,53.849998474121094,54.97999954223633,53.810001373291016,53.84000015258789,50.25408172607422,20324700
2021-09-13,54.61000061035156,55.4900016784668,54.40999984741211,54.9900016784668,51.327491760253906,22639200
2021-09-14,55.369998931884766,55.439998626708984,54.27000045776367,54.52000045776367,50.8887939453125,22072700
2021-09-15,54.66999816894531,55.150001525878906,54.41999816894531,55.119998931884766,51.44882583618164,18796200
2021-09-16,54.86000061035156,54.95000076293945,54.2400016784668,54.83000183105469,51.17814636230469,19863100
2021-09-17,54.59000015258789,54.59000015258789,53.66999816894531,54.2599983215332,50.6461067199707,35359200
2021-09-20,53.209999084472656,53.5,52.31999969482422,52.97999954223633,49.45136260986328,35051900
2021-09-21,53.20000076293945,53.45000076293945,52.83000183105469,52.869998931884766,49.34868621826172,17968900
2021-09-22,53.400001525878906,53.869998931884766,53.0,53.5,49.936729431152344,18594100
2021-09-23,53.75,54.29999923706055,53.599998474121094,54.029998779296875,50.43142318725586,16474300
2021-09-24,53.779998779296875,54.41999816894531,53.72999954223633,54.220001220703125,50.6087760925293,12976200
2021-09-27,53.939998626708984,54.869998931884766,53.81999969482422,54.65999984741211,51.01946258544922,13899900
2021-09-28,54.18000030517578,54.59000015258789,53.959999084472656,54.0,50.40342330932617,24691300
2021-09-29,54.0,54.04999923706055,53.18000030517578,53.4900016784668,49.92739486694336,20514300
2021-09-30,53.7599983215332,53.97999954223633,53.2599983215332,53.279998779296875,49.73137664794922,20534100
2021-10-01,53.650001525878906,54.11000061035156,53.04999923706055,53.86000061035156,50.27274703979492,19895100
2021-10-04,53.93000030517578,54.33000183105469,53.08000183105469,53.470001220703125,49.908721923828125,27353300
2021-10-05,53.54999923706055,54.34000015258789,53.47999954223633,53.95000076293945,50.35675048828125,18129400
2021-10-06,53.47999954223633,54.06999969482422,53.06999969482422,53.97999954223633,50.3847541809082,20059600
2021-10-07,54.31999969482422,54.9900016784668,54.119998931884766,54.18000030517578,50.571441650390625,20704400
2021-10-08,54.54999923706055,54.58000183105469,53.70000076293945,53.810001373291016,50.22608184814453,16068000
2021-10-11,53.810001373291016,54.40999984741211,53.41999816894531,53.439998626708984,49.88071823120117,14398800
2021-10-12,53.56999969482422,53.720001220703125,52.0099983215332,52.16999816894531,48.6953125,32784300
2021-10-13,52.380001068115234,52.58000183105469,51.869998931884766,52.2599983215332,48.77931594848633,18534000
2021-10-14,52.900001525878906,54.0,52.72999954223633,53.900001525878906,50.310089111328125,26586700
2021-10-15,54.20000076293945,54.4900016784668,53.810001373291016,54.459999084472656,50.832794189453125,25231100
2021-10-18,54.189998626708984,54.560001373291016,53.720001220703125,54.470001220703125,50.84212112426758,22407600
2021-10-19,54.630001068115234,55.220001220703125,54.369998931884766,55.209999084472656,51.5328369140625,18392900
2021-10-20,55.25,55.4900016784668,55.08000183105469,55.369998931884766,51.68217468261719,16850300
2021-10-21,54.93000030517578,56.06999969482422,54.83000183105469,56.0,52.270225524902344,38390900
2021-10-22,50.38999938964844,50.54999923706055,49.13999938964844,49.459999084472656,46.165802001953125,109971900
2021-10-25,49.83000183105469,50.06999969482422,49.310001373291016,49.40999984741211,46.119136810302734,43178800
2021-10-26,49.400001525878906,49.439998626708984,47.93000030517578,48.279998779296875,45.06439208984375,68405400
2021-10-27,48.52000045776367,48.81999969482422,47.869998931884766,47.88999938964844,44.70036697387695,41081500
2021-10-28,48.13999938964844,48.36000061035156,47.880001068115234,48.08000183105469,44.87771987915039,31317200
2021-10-29,48.099998474121094,49.279998779296875,47.91999816894531,49.0,45.7364387512207,42301000
2021-11-01,49.400001525878906,49.599998474121094,49.0,49.54999923706055,46.24980926513672,28013700
2021-11-02,49.61000061035156,49.900001525878906,49.22999954223633,49.86000061035156,46.53916549682617,27193300
2021-11-03,49.93000030517578,50.45000076293945,49.709999084472656,50.38999938964844,47.03386306762695,23962100
2021-11-04,50.2400016784668,50.349998474121094,49.72999954223633,50.310001373291016,47.2857551574707,24806000
2021-11-05,50.54999923706055,51.58000183105469,50.540000915527344,50.91999816894531,47.85908508300781,36816200
2021-11-08,51.459999084472656,51.9900016784668,51.060001373291016,51.54999923706055,48.45121383666992,31647800
2021-11-09,51.540000915527344,51.77000045776367,50.77000045776367,51.20000076293945,48.12225341796875,22508400
2021-11-10,50.97999954223633,51.38999938964844,50.709999084472656,50.7599983215332,47.70869827270508,25040700
2021-11-11,51.0099983215332,51.06999969482422,50.40999984741211,50.529998779296875,47.49253463745117,25420000
2021-11-12,50.599998474121094,50.900001525878906,50.18000030517578,50.310001373291016,47.2857551574707,23884800
2021-11-15,50.40999984741211,50.630001068115234,50.119998931884766,50.31999969482422,47.29515075683594,24695800
2021-11-16,50.369998931884766,51.150001525878906,50.34000015258789,50.61000061035156,47.567718505859375,30927800
2021-11-17,50.599998474121094,50.939998626708984,49.97999954223633,50.22999954223633,47.21056365966797,23546900
2021-11-18,50.2400016784668,50.2400016784668,48.970001220703125,49.68000030517578,46.693626403808594,30658200
2021-11-19,49.599998474121094,49.72999954223633,49.2400016784668,49.52000045776367,46.543243408203125,27607600
2021-11-22,49.54999923706055,50.849998474121094,49.40999984741211,49.83000183105469,46.83461380004883,33389600
2021-11-23,50.15999984741211,50.45000076293945,48.63999938964844,49.099998474121094,46.14848709106445,44713300
2021-11-24,48.86000061035156,49.779998779296875,48.630001068115234,49.7599983215332,46.76881408691406,26035800
2021-11-26,48.900001525878906,49.18000030517578,48.119998931884766,48.779998779296875,45.84772491455078,25269000
2021-11-29,49.29999923706055,50.130001068115234,48.720001220703125,50.0,46.994388580322266,31478900
2021-11-30,49.5,50.400001525878906,48.68000030517578,49.20000076293945,46.24247741699219,49460800
2021-12-01,49.84000015258789,50.310001373291016,48.52000045776367,48.599998474121094,45.67854690551758,35093500
2021-12-02,48.61000061035156,49.790000915527344,48.33000183105469,49.5,46.52444839477539,37240800
2021-12-03,49.68000030517578,50.060001373291016,48.7599983215332,49.25,46.28947448730469,32224900
2021-12-06,49.47999954223633,51.209999084472656,49.18000030517578,50.9900016784668,47.92488098144531,40336000
2021-12-07,54.65999984741211,55.0,52.209999084472656,52.56999969482422,49.40989685058594,91731500
2021-12-08,52.56999969482422,52.880001068115234,51.380001068115234,51.75,48.639190673828125,37143400
2021-12-09,51.29999923706055,51.59000015258789,50.43000030517578,50.47999954223633,47.445533752441406,31694200
2021-12-10,50.84000015258789,51.06999969482422,50.04999923706055,50.59000015258789,47.54892349243164,23783600
2021-12-13,50.849998474121094,51.02000045776367,49.95000076293945,50.0,46.994388580322266,35726900
2021-12-14,49.81999969482422,50.27000045776367,49.31999969482422,49.70000076293945,46.71242141723633,34120400
2021-12-15,49.869998931884766,50.779998779296875,49.33000183105469,50.66999816894531,47.62411117553711,32590300
2021-12-16,50.7400016784668,51.400001525878906,50.58000183105469,50.83000183105469,47.77450180053711,33132300
2021-12-17,50.59000015258789,51.02000045776367,50.0099983215332,50.619998931884766,47.577117919921875,50102300
2021-12-20,49.90999984741211,50.130001068115234,48.959999084472656,49.599998474121094,46.61842727661133,30140300
2021-12-21,49.939998626708984,50.84000015258789,49.939998626708984,50.77000045776367,47.71810531616211,31956300
2021-12-22,50.63999938964844,51.02000045776367,50.209999084472656,50.970001220703125,47.90608596801758,23307900
2021-12-23,51.08000183105469,51.72999954223633,51.04999923706055,51.310001373291016,48.22564697265625,25198200
2021-12-27,51.349998474121094,52.060001373291016,51.29999923706055,51.939998626708984,48.81776809692383,20985400
2021-12-28,51.93000030517578,52.119998931884766,51.630001068115234,51.7599983215332,48.64858627319336,19290400
2021-12-29,51.810001373291016,52.13999938964844,51.65999984741211,51.83000183105469,48.714385986328125,14174800
2021-12-30,51.91999816894531,52.13999938964844,51.650001525878906,51.7400016784668,48.629798889160156,18359400
2021-12-31,51.88999938964844,52.15999984741211,51.459999084472656,51.5,48.40422439575195,16319000
2022-01-03,51.650001525878906,53.22999954223633,51.599998474121094,53.209999084472656,50.01142883300781,33857600
2022-01-04,53.56999969482422,53.939998626708984,52.650001525878906,53.13999938964844,49.945640563964844,45681400
2022-01-05,54.189998626708984,56.16999816894531,53.83000183105469,53.869998931884766,50.631752014160156,59109300
2022-01-06,54.61000061035156,54.66999816894531,53.41999816894531,54.0099983215332,50.76333236694336,35757900
2022-01-07,54.189998626708984,54.38999938964844,53.150001525878906,53.439998626708984,50.227603912353516,30717200
2022-01-10,53.970001220703125,55.310001373291016,53.310001373291016,55.209999084472656,51.891204833984375,49260800
2022-01-11,55.5,56.08000183105469,54.72999954223633,55.90999984741211,52.549129486083984,39795200
2022-01-12,56.13999938964844,56.279998779296875,54.810001373291016,55.7400016784668,52.38934326171875,29136800
2022-01-13,56.0,56.209999084472656,54.77000045776367,54.939998626708984,51.637428283691406,29605400
2022-01-14,54.849998474121094,55.77000045776367,54.529998779296875,55.70000076293945,52.351749420166016,30151500
2022-01-18,55.310001373291016,55.650001525878906,54.68000030517578,54.7599983215332,51.4682502746582,35313800
2022-01-19,54.630001068115234,54.849998474121094,53.560001373291016,53.619998931884766,50.39677810668945,30595100
2022-01-20,53.86000061035156,54.09000015258789,51.939998626708984,52.040000915527344,48.911766052246094,28582600
2022-01-21,52.08000183105469,53.130001068115234,51.95000076293945,52.040000915527344,48.911766052246094,46372400
2022-01-24,51.47999954223633,52.130001068115234,49.880001068115234,51.939998626708984,48.81776809692383,64198400
2022-01-25,51.0099983215332,51.619998931884766,50.25,51.0,47.93427658081055,44095400
2022-01-26,51.130001068115234,52.720001220703125,50.75,51.689998626708984,48.582794189453125,54895400
2022-01-27,49.97999954223633,50.060001373291016,47.779998779296875,48.04999923706055,45.16160583496094,89642800
2022-01-28,47.709999084472656,48.20000076293945,46.29999923706055,47.72999954223633,44.860843658447266,61945400
2022-01-31,47.68000030517578,48.869998931884766,47.310001373291016,48.81999969482422,45.88532638549805,51828400
2022-02-01,48.779998779296875,49.029998779296875,48.36000061035156,48.95000076293945,46.007511138916016,35386100
2022-02-02,48.25,49.58000183105469,48.09000015258789,49.5099983215332,46.53384780883789,37962700
2022-02-03,49.25,49.689998626708984,48.25,48.279998779296875,45.377777099609375,42145800
2022-02-04,47.86000061035156,48.2400016784668,47.130001068115234,48.0099983215332,45.467750549316406,32431500
2022-02-07,48.130001068115234,48.65999984741211,47.959999084472656,48.18000030517578,45.62874984741211,27558500
2022-02-08,47.97999954223633,48.939998626708984,47.900001525878906,48.810001373291016,46.22539520263672,28051200
2022-02-09,49.33000183105469,49.970001220703125,48.83000183105469,49.90999984741211,47.26714324951172,35217300
2022-02-10,49.18000030517578,49.93000030517578,48.7599983215332,48.86000061035156,46.272743225097656,32762700
2022-02-11,48.95000076293945,49.11000061035156,47.5,47.630001068115234,45.107872009277344,37208200
2022-02-14,47.91999816894531,48.18000030517578,47.11000061035156,47.58000183105469,45.060523986816406,28456900
2022-02-15,47.70000076293945,48.459999084472656,47.189998626708984,48.439998626708984,45.874977111816406,35837900
2022-02-16,48.060001373291016,48.4900016784668,47.599998474121094,48.22999954223633,45.67610168457031,26022900
2022-02-17,47.86000061035156,48.2599983215332,47.380001068115234,47.56999969482422,45.05105209350586,32030600
2022-02-18,46.189998626708984,46.209999084472656,44.5099983215332,45.040000915527344,42.65502166748047,76520100
2022-02-22,44.689998626708984,45.40999984741211,43.849998474121094,44.689998626708984,42.323551177978516,57093300
2022-02-23,45.16999816894531,45.709999084472656,44.54999923706055,44.650001525878906,42.28567886352539,38176700
2022-02-24,43.900001525878906,46.790000915527344,43.630001068115234,46.720001220703125,44.246063232421875,72740100
2022-02-25,46.93000030517578,47.790000915527344,46.25,47.709999084472656,45.18363571166992,39266300
2022-02-28,47.0,47.81999969482422,46.849998474121094,47.70000076293945,45.174163818359375,41946100
2022-03-01,47.540000915527344,47.900001525878906,46.220001220703125,46.81999969482422,44.340763092041016,53853000
2022-03-02,47.52000045776367,48.9900016784668,47.47999954223633,48.869998931884766,46.28221130371094,46936500
2022-03-03,48.18000030517578,48.54999923706055,47.619998931884766,47.93000030517578,45.391990661621094,36389900
2022-03-04,47.369998931884766,48.27000045776367,47.369998931884766,48.06999969482422,45.524574279785156,38310700
2022-03-07,48.0099983215332,48.540000915527344,47.599998474121094,47.68000030517578,45.15522766113281,43813700
2022-03-08,47.689998626708984,48.720001220703125,46.88999938964844,47.5,44.98475646972656,44813900
2022-03-09,48.40999984741211,48.459999084472656,46.88999938964844,47.630001068115234,45.107872009277344,36076500
2022-03-10,47.290000915527344,47.310001373291016,46.15999984741211,46.65999984741211,44.18924331665039,36456000
2022-03-11,47.150001525878906,47.279998779296875,45.77000045776367,45.83000183105469,43.4031867980957,27082100
2022-03-14,45.900001525878906,45.97999954223633,44.29999923706055,44.400001525878906,42.048912048339844,35993900
2022-03-15,44.5,44.900001525878906,44.06999969482422,44.810001373291016,42.437198638916016,34448900
2022-03-16,45.29999923706055,46.630001068115234,45.27000045776367,46.630001068115234,44.16082763671875,38885500
2022-03-17,46.31999969482422,47.290000915527344,45.72999954223633,47.13999938964844,44.64381790161133,28555000
2022-03-18,46.81999969482422,47.599998474121094,46.349998474121094,47.45000076293945,44.937400817871094,46237100
2022-03-21,47.459999084472656,47.88999938964844,47.06999969482422,47.38999938964844,44.88058090209961,32910900
2022-03-22,47.5,48.470001220703125,47.400001525878906,48.38999938964844,45.82762908935547,27923300
2022-03-23,48.459999084472656,49.58000183105469,48.060001373291016,48.27000045776367,45.713985443115234,37126400
2022-03-24,48.65999984741211,51.650001525878906,48.59000015258789,51.619998931884766,48.886592864990234,51677900
2022-03-25,50.689998626708984,51.97999954223633,50.45000076293945,51.83000183105469,49.08547592163086,33239800
2022-03-28,51.36000061035156,51.56999969482422,50.560001373291016,51.5099983215332,48.782413482666016,22932400
2022-03-29,52.0,52.290000915527344,51.279998779296875,52.25,49.48323440551758,27303700
2022-03-30,52.25,52.5099983215332,51.220001220703125,51.43000030517578,48.7066535949707,24623300
2022-03-31,51.20000076293945,51.2599983215332,49.5099983215332,49.560001373291016,46.9356803894043,43698300
2022-04-01,49.83000183105469,49.900001525878906,47.33000183105469,48.11000061035156,45.562461853027344,46598600
2022-04-04,48.16999816894531,49.22999954223633,47.91999816894531,49.20000076293945,46.59474182128906,23784900
2022-04-05,48.83000183105469,48.97999954223633,48.02000045776367,48.130001068115234,45.581398010253906,25779200
2022-04-06,47.439998626708984,48.16999816894531,47.2400016784668,47.540000915527344,45.022640228271484,31518700
2022-04-07,47.43000030517578,47.90999984741211,46.77000045776367,47.560001373291016,45.04158401489258,24117000
2022-04-08,47.279998779296875,47.58000183105469,46.849998474121094,47.02000045776367,44.53017807006836,22167300
2022-04-11,46.900001525878906,47.29999923706055,46.529998779296875,46.56999969482422,44.104007720947266,30352500
2022-04-12,47.31999969482422,47.90999984741211,46.40999984741211,46.5,44.0377082824707,29861400
2022-04-13,46.75,47.27000045776367,46.54999923706055,47.0099983215332,44.52070236206055,22171300
2022-04-14,46.75,46.75,45.619998931884766,45.66999816894531,43.25165939331055,36181800
2022-04-18,45.529998779296875,46.88999938964844,45.52000045776367,46.63999938964844,44.1702995300293,25593100
2022-04-19,46.599998474121094,48.0,46.34000015258789,47.93000030517578,45.391990661621094,31483100
2022-04-20,48.36000061035156,48.75,47.97999954223633,48.11000061035156,45.562461853027344,22787100
2022-04-21,48.619998931884766,48.900001525878906,47.400001525878906,47.5,44.98475646972656,27316900
2022-04-22,47.45000076293945,47.650001525878906,46.5,46.540000915527344,44.075592041015625,28219900
2022-04-25,46.209999084472656,47.13999938964844,46.18000030517578,47.060001373291016,44.56806182861328,35999300
2022-04-26,46.689998626708984,46.84000015258789,45.5099983215332,45.52000045776367,43.10960006713867,35356600
2022-04-27,45.47999954223633,46.060001373291016,45.0099983215332,45.220001220703125,42.82549285888672,28320900
2022-04-28,45.790000915527344,47.27000045776367,45.540000915527344,46.84000015258789,44.359710693359375,41097000
2022-04-29,44.9900016784668,45.36000061035156,43.5,43.59000015258789,41.281803131103516,70765900
2022-05-02,43.720001220703125,44.9900016784668,43.5099983215332,44.959999084472656,42.579254150390625,45446500
2022-05-03,44.790000915527344,45.4900016784668,44.22999954223633,45.060001373291016,42.6739616394043,40158400
2022-05-04,45.060001373291016,46.63999938964844,44.40999984741211,46.540000915527344,44.075592041015625,44625600
2022-05-05,45.599998474121094,45.90999984741211,44.130001068115234,44.599998474121094,42.572200775146484,52996700
2022-05-06,44.4900016784668,45.150001525878906,43.84000015258789,44.29999923706055,42.28583526611328,40916600
2022-05-09,43.810001373291016,44.20000076293945,42.869998931884766,43.06999969482422,41.11176300048828,44925800
2022-05-10,44.349998474121094,44.7400016784668,43.5,44.0099983215332,42.00902557373047,42770000
2022-05-11,44.02000045776367,44.290000915527344,42.779998779296875,42.83000183105469,40.8826789855957,40351700
2022-05-12,42.72999954223633,42.90999984741211,42.0099983215332,42.84000015258789,40.89221954345703,42329600
2022-05-13,43.41999816894531,43.84000015258789,42.970001220703125,43.599998474121094,41.61766815185547,32034100
2022-05-16,43.41999816894531,43.61000061035156,42.790000915527344,43.08000183105469,41.121315002441406,25071900
2022-05-17,43.81999969482422,44.41999816894531,43.650001525878906,44.400001525878906,42.38129425048828,28596600
2022-05-18,43.97999954223633,43.97999954223633,42.220001220703125,42.349998474121094,40.424503326416016,35218400
2022-05-19,42.31999969482422,42.70000076293945,41.720001220703125,42.0099983215332,40.099952697753906,29181000
2022-05-20,42.25,42.290000915527344,40.310001373291016,41.650001525878906,39.75632858276367,44802300
2022-05-23,41.689998626708984,42.25,41.33000183105469,42.0,40.090415954589844,27199500
2022-05-24,41.70000076293945,41.88999938964844,41.099998474121094,41.66999816894531,39.775413513183594,29837500
2022-05-25,41.439998626708984,42.52000045776367,41.38999938964844,42.20000076293945,40.28132247924805,26283100
2022-05-26,42.16999816894531,43.68000030517578,42.08000183105469,43.47999954223633,41.50312423706055,28826700
2022-05-27,43.59000015258789,44.54999923706055,43.54999923706055,44.54999923706055,42.52447509765625,30553300
2022-05-31,44.25,44.75,43.650001525878906,44.41999816894531,42.40038299560547,41111500
2022-06-01,44.77000045776367,44.93000030517578,43.529998779296875,44.11000061035156,42.1044807434082,29885500
2022-06-02,44.189998626708984,44.880001068115234,43.939998626708984,44.84000015258789,42.80128860473633,28727600
2022-06-03,44.11000061035156,44.25,43.34000015258789,43.38999938964844,41.41721725463867,33174700
2022-06-06,43.810001373291016,44.040000915527344,43.08000183105469,43.34000015258789,41.36949157714844,25437100
2022-06-07,43.060001373291016,43.59000015258789,42.65999984741211,43.529998779296875,41.55085372924805,25168700
2022-06-08,42.25,42.2599983215332,41.029998779296875,41.22999954223633,39.35541915893555,59649900
2022-06-09,41.0099983215332,41.349998474121094,40.0099983215332,40.0099983215332,38.19089126586914,39047200
2022-06-10,39.849998474121094,40.08000183105469,39.18000030517578,39.18000030517578,37.39863204956055,43066200
2022-06-13,38.54999923706055,38.810001373291016,37.66999816894531,37.77000045776367,36.05274200439453,50335900
2022-06-14,38.0099983215332,38.20000076293945,37.540000915527344,37.93000030517578,36.20545959472656,31351700
2022-06-15,38.560001373291016,39.16999816894531,37.91999816894531,38.650001525878906,36.89272689819336,37652300
2022-06-16,37.70000076293945,37.790000915527344,36.93000030517578,37.34000015258789,35.64229202270508,45576500
2022-06-17,37.47999954223633,38.119998931884766,36.599998474121094,36.970001220703125,35.28911209106445,71393200
2022-06-21,37.36000061035156,38.029998779296875,37.33000183105469,37.72999954223633,36.01455307006836,34004900
2022-06-22,37.33000183105469,37.77000045776367,37.220001220703125,37.380001068115234,35.68046569824219,32571000
2022-06-23,37.61000061035156,37.619998931884766,36.90999984741211,37.40999984741211,35.7091064453125,30163000
2022-06-24,37.849998474121094,38.63999938964844,37.7400016784668,38.61000061035156,36.85454559326172,38159900
2022-06-27,38.869998931884766,39.060001373291016,38.470001220703125,38.630001068115234,36.87363815307617,29585300
2022-06-28,38.58000183105469,39.02000045776367,37.7400016784668,37.779998779296875,36.062278747558594,37824200
2022-06-29,37.540000915527344,37.599998474121094,37.02000045776367,37.290000915527344,35.594566345214844,25437200
2022-06-30,37.209999084472656,38.0,36.72999954223633,37.40999984741211,35.7091064453125,35141000
2022-07-01,37.09000015258789,37.20000076293945,35.880001068115234,36.34000015258789,34.6877555847168,40596300
2022-07-05,35.93000030517578,36.7400016784668,35.540000915527344,36.689998626708984,35.02184295654297,33215000
2022-07-06,36.81999969482422,37.41999816894531,36.459999084472656,36.9900016784668,35.308204650878906,26258300
2022-07-07,37.88999938964844,38.33000183105469,37.72999954223633,38.13999938964844,36.40591049194336,33165400
2022-07-08,37.65999984741211,38.13999938964844,37.38999938964844,37.9900016784668,36.262733459472656,22566300
2022-07-11,37.65999984741211,37.66999816894531,37.029998779296875,37.20000076293945,35.5086555480957,25904300
2022-07-12,37.650001525878906,37.70000076293945,36.9900016784668,37.209999084472656,35.518192291259766,30546300
2022-07-13,36.68000030517578,37.43000030517578,36.619998931884766,37.209999084472656,35.518192291259766,27059200
2022-07-14,36.9900016784668,38.15999984741211,36.290000915527344,37.709999084472656,35.995460510253906,36690700
2022-07-15,38.27000045776367,38.66999816894531,37.72999954223633,38.619998931884766,36.86408996582031,32892300
2022-07-18,39.099998474121094,39.34000015258789,38.529998779296875,38.709999084472656,36.95000076293945,30814400
2022-07-19,39.31999969482422,40.72999954223633,39.2400016784668,40.220001220703125,38.3913459777832,53095300
2022-07-20,40.209999084472656,40.66999816894531,39.560001373291016,40.560001373291016,38.71588897705078,36387900
2022-07-21,40.5099983215332,40.650001525878906,39.81999969482422,40.61000061035156,38.76361083984375,29661200
2022-07-22,40.369998931884766,40.5099983215332,38.939998626708984,39.20000076293945,37.417720794677734,41350000
2022-07-25,39.279998779296875,39.40999984741211,38.54999923706055,39.15999984741211,37.37954330444336,32263400
2022-07-26,39.099998474121094,39.56999969482422,38.880001068115234,38.959999084472656,37.18863296508789,35925500
2022-07-27,39.27000045776367,40.41999816894531,39.22999954223633,40.18000030517578,38.35316467285156,42571600
2022-07-28,40.09000015258789,40.119998931884766,39.040000915527344,39.709999084472656,37.9045295715332,56662300
2022-07-29,35.599998474121094,36.619998931884766,35.2400016784668,36.310001373291016,34.65911865234375,125292400
2022-08-01,36.04999923706055,37.689998626708984,36.04999923706055,36.959999084472656,35.279563903808594,52513400
2022-08-02,36.59000015258789,36.65999984741211,36.0,36.0099983215332,34.37275695800781,53929400
2022-08-03,36.09000015258789,36.59000015258789,35.2599983215332,36.52000045776367,34.85956573486328,59513900
2022-08-04,36.0099983215332,36.099998474121094,35.36000061035156,35.65999984741211,34.38230895996094,54046300
2022-08-05,35.349998474121094,35.689998626708984,35.18000030517578,35.38999938964844,34.12197494506836,40205100
2022-08-08,35.36000061035156,35.959999084472656,35.20000076293945,35.380001068115234,34.11233901977539,41534600
2022-08-09,35.220001220703125,35.29999923706055,34.400001525878906,34.52000045776367,33.28314971923828,48202300
2022-08-10,34.9900016784668,35.400001525878906,34.59000015258789,35.369998931884766,34.10269546508789,42243300
2022-08-11,35.63999938964844,36.290000915527344,35.4900016784668,35.59000015258789,34.31481170654297,35569700
2022-08-12,35.79999923706055,36.13999938964844,35.66999816894531,36.11000061035156,34.81618118286133,37675200
2022-08-15,36.099998474121094,36.43000030517578,35.709999084472656,36.34000015258789,35.037940979003906,25400600
2022-08-16,36.15999984741211,36.58000183105469,35.70000076293945,36.189998626708984,34.893314361572266,25000200
2022-08-17,35.810001373291016,36.08000183105469,35.27000045776367,35.779998779296875,34.49800491333008,29176100
2022-08-18,35.68000030517578,36.33000183105469,35.56999969482422,36.20000076293945,34.9029541015625,24598200
2022-08-19,35.79999923706055,36.029998779296875,35.189998626708984,35.380001068115234,34.11233901977539,31425500
2022-08-22,35.0,35.060001373291016,33.72999954223633,33.84000015258789,32.62751388549805,51006100
2022-08-23,33.97999954223633,34.38999938964844,33.90999984741211,33.95000076293945,32.73357391357422,30687100
2022-08-24,33.970001220703125,33.9900016784668,33.599998474121094,33.86000061035156,32.64679718017578,25105700
2022-08-25,33.869998931884766,34.93000030517578,33.81999969482422,34.88999938964844,33.639892578125,29799100
2022-08-26,34.95000076293945,35.029998779296875,33.349998474121094,33.36000061035156,32.16471481323242,44851500
2022-08-29,33.22999954223633,33.40999984741211,32.810001373291016,32.939998626708984,31.759761810302734,32976800
2022-08-30,33.040000915527344,33.06999969482422,32.150001525878906,32.2599983215332,31.1041259765625,40182500
2022-08-31,32.38999938964844,32.38999938964844,31.770000457763672,31.920000076293945,30.77630615234375,44074500
2022-09-01,31.56999969482422,31.829999923706055,31.1299991607666,31.760000228881836,30.622041702270508,36440700
2022-09-02,32.209999084472656,32.380001068115234,31.059999465942383,31.219999313354492,30.101388931274414,34893300
2022-09-06,31.389999389648438,31.389999389648438,30.329999923706055,30.360000610351562,29.27220344543457,46989600
2022-09-07,30.420000076293945,30.790000915527344,30.049999237060547,30.649999618530273,29.55181312561035,37329500
2022-09-08,30.3700008392334,30.850000381469727,29.90999984741211,30.75,29.64822769165039,37359500
2022-09-09,31.190000534057617,31.5,31.079999923706055,31.459999084472656,30.33279037475586,34069500
2022-09-12,31.739999771118164,31.860000610351562,31.100000381469727,31.559999465942383,30.42920684814453,38305500
2022-09-13,30.829999923706055,30.93000030517578,29.25,29.290000915527344,28.240541458129883,71417900
2022-09-14,29.549999237060547,29.770000457763672,29.010000228881836,29.18000030517578,28.134483337402344,40767200
2022-09-15,29.149999618530273,29.40999984741211,28.709999084472656,28.84000015258789,27.80666732788086,39919100
2022-09-16,28.700000762939453,29.31999969482422,28.420000076293945,29.239999771118164,28.192333221435547,72748000
2022-09-19,29.020000457763672,29.5,28.899999618530273,29.440000534057617,28.385168075561523,33151900
2022-09-20,29.06999969482422,29.170000076293945,28.709999084472656,28.959999084472656,27.92236328125,31129000
2022-09-21,29.149999618530273,29.59000015258789,28.459999084472656,28.469999313354492,27.449920654296875,39977300
2022-09-22,28.399999618530273,28.5,28.040000915527344,28.06999969482422,27.064252853393555,36092700
2022-09-23,27.899999618530273,27.899999618530273,27.190000534057617,27.520000457763672,26.53396224975586,43491100
2022-09-26,27.559999465942383,27.700000762939453,26.860000610351562,26.969999313354492,26.0036678314209,44786400
2022-09-27,27.399999618530273,27.600000381469727,26.6200008392334,26.889999389648438,25.926532745361328,44121400
2022-09-28,26.860000610351562,27.280000686645508,26.600000381469727,27.1299991607666,26.157934188842773,40433400
2022-09-29,26.780000686645508,26.780000686645508,26.190000534057617,26.3799991607666,25.434804916381836,41831300
2022-09-30,26.299999237060547,26.56999969482422,25.739999771118164,25.770000457763672,24.84666633605957,43821000
2022-10-03,26.329999923706055,27.25,26.06999969482422,26.969999313354492,26.0036678314209,44096200
2022-10-04,27.43000030517578,27.799999237060547,27.09000015258789,27.700000762939453,26.70751190185547,42427500
2022-10-05,27.3700008392334,27.84000015258789,26.889999389648438,27.639999389648438,26.649658203125,30120000
2022-10-06,27.440000534057617,27.760000228881836,27.0,27.18000030517578,26.20614242553711,33985100
2022-10-07,26.170000076293945,26.280000686645508,25.649999618530273,25.719999313354492,24.79845428466797,57215500
2022-10-10,25.940000534057617,25.989999771118164,25.09000015258789,25.200000762939453,24.29708480834961,43409300
2022-10-11,25.010000228881836,25.479999542236328,24.690000534057617,25.040000915527344,24.142820358276367,48134900
2022-10-12,25.049999237060547,25.520000457763672,24.65999984741211,25.329999923706055,24.42243003845215,39634100
2022-10-13,24.729999542236328,26.84000015258789,24.59000015258789,26.420000076293945,25.473373413085938,62447000
2022-10-14,26.459999084472656,26.6299991607666,25.760000228881836,25.90999984741211,24.981647491455078,48185400
2022-10-17,26.309999465942383,26.75,26.170000076293945,26.420000076293945,25.473373413085938,39416500
2022-10-18,26.739999771118164,26.959999084472656,25.540000915527344,25.8700008392334,24.94308090209961,51126900
2022-10-19,25.739999771118164,26.25,25.690000534057617,26.0,25.06842041015625,33882300
2022-10-20,26.149999618530273,26.950000762939453,25.950000762939453,26.079999923706055,25.14555549621582,33247700
2022-10-21,25.850000381469727,27.049999237060547,25.790000915527344,26.969999313354492,26.0036678314209,53058700
2022-10-24,26.75,27.479999542236328,26.520000457763672,27.18000030517578,26.20614242553711,43831600
2022-10-25,27.18000030517578,27.559999465942383,27.0,27.40999984741211,26.42790412902832,32205300
2022-10-26,27.190000534057617,27.799999237060547,26.989999771118164,27.209999084472656,26.235069274902344,37111100
2022-10-27,27.450000762939453,27.59000015258789,26.1299991607666,26.270000457763672,25.328746795654297,56305100
2022-10-28,28.18000030517578,29.219999313354492,27.860000610351562,29.06999969482422,28.02842140197754,91695700
2022-10-31,29.079999923706055,29.18000030517578,28.049999237060547,28.43000030517578,27.411357879638672,59507700
2022-11-01,28.799999237060547,28.850000381469727,27.889999389648438,28.299999237060547,27.286012649536133,44418700
2022-11-02,28.270000457763672,28.850000381469727,27.40999984741211,27.420000076293945,26.437541961669922,51956100
2022-11-03,27.450000762939453,27.8799991607666,27.170000076293945,27.389999389648438,26.408618927001953,39678200
2022-11-04,27.56999969482422,28.239999771118164,27.40999984741211,28.200000762939453,27.556821823120117,43051900
2022-11-07,28.360000610351562,28.469999313354492,27.889999389648438,28.40999984741211,27.76202964782715,34389800
2022-11-08,28.760000228881836,28.950000762939453,27.93000030517578,28.479999542236328,27.830432891845703,36258000
2022-11-09,28.219999313354492,28.299999237060547,27.520000457763672,27.520000457763672,26.892330169677734,30544800
2022-11-10,28.8799991607666,29.829999923706055,28.649999618530273,29.760000228881836,29.081239700317383,62943900
2022-11-11,28.93000030517578,30.6299991607666,28.8700008392334,30.43000030517578,29.735960006713867,49826500
2022-11-14,30.34000015258789,30.989999771118164,30.18000030517578,30.350000381469727,29.65778350830078,39395300
2022-11-15,31.100000381469727,31.34000015258789,30.170000076293945,30.709999084472656,30.009571075439453,40933200
2022-11-16,30.110000610351562,30.229999542236328,29.440000534057617,29.530000686645508,28.85648536682129,35582800
2022-11-17,29.06999969482422,29.950000762939453,29.0,29.889999389648438,29.208274841308594,31983300
2022-11-18,30.260000228881836,30.260000228881836,29.610000610351562,29.8700008392334,29.188730239868164,27122200
2022-11-21,29.65999984741211,29.719999313354492,28.90999984741211,28.940000534057617,28.27994155883789,36086800
2022-11-22,29.139999389648438,29.860000610351562,29.059999465942383,29.81999969482422,29.13987159729004,25584100
2022-11-23,29.729999542236328,30.079999923706055,29.489999771118164,29.670000076293945,28.9932918548584,23143900
2022-11-25,29.68000030517578,29.68000030517578,29.34000015258789,29.34000015258789,28.670818328857422,11314900
2022-11-28,29.100000381469727,29.190000534057617,28.540000915527344,28.729999542236328,28.074731826782227,28267900
2022-11-29,28.850000381469727,29.18000030517578,28.739999771118164,28.899999618530273,28.240854263305664,24361500
2022-11-30,28.770000457763672,30.079999923706055,28.219999313354492,30.06999969482422,29.38416862487793,72072500
2022-12-01,30.239999771118164,30.479999542236328,29.520000457763672,29.829999923706055,29.149642944335938,38896300
2022-12-02,29.170000076293945,29.43000030517578,28.709999084472656,29.40999984741211,28.73922348022461,31546000
2022-12-05,29.420000076293945,29.75,28.889999389648438,29.170000076293945,28.504697799682617,34040400
2022-12-06,29.190000534057617,29.309999465942383,28.34000015258789,28.600000381469727,27.947696685791016,27701200
2022-12-07,28.280000686645508,28.549999237060547,28.149999618530273,28.329999923706055,27.683855056762695,28239900
2022-12-08,28.31999969482422,28.600000381469727,28.06999969482422,28.440000534057617,27.791345596313477,28486100
2022-12-09,28.389999389648438,28.780000686645508,28.190000534057617,28.239999771118164,27.59590721130371,25641300
2022-12-12,28.1299991607666,28.709999084472656,27.860000610351562,28.690000534057617,28.03564453125,35117900
2022-12-13,29.790000915527344,30.09000015258789,28.3700008392334,28.729999542236328,28.074731826782227,58546800
2022-12-14,28.510000228881836,29.1200008392334,28.010000228881836,28.260000228881836,27.615449905395508,37141100
2022-12-15,27.940000534057617,28.0,27.1200008392334,27.149999618530273,26.5307674407959,45682700
2022-12-16,27.0,27.139999389648438,26.450000762939453,26.920000076293945,26.306013107299805,81104200
2022-12-19,26.899999618530273,26.969999313354492,26.5,26.790000915527344,26.178979873657227,37662500
2022-12-20,26.540000915527344,26.8700008392334,26.420000076293945,26.440000534057617,25.83696174621582,31863300
2022-12-21,26.59000015258789,26.969999313354492,26.579999923706055,26.829999923706055,26.21806526184082,28100900
2022-12-22,26.450000762939453,26.450000762939453,25.350000381469727,25.969999313354492,25.377681732177734,47478300
2022-12-23,25.920000076293945,26.190000534057617,25.68000030517578,26.09000015258789,25.494943618774414,23600900
2022-12-27,25.850000381469727,26.100000381469727,25.649999618530273,25.940000534057617,25.348365783691406,29548100
2022-12-28,25.84000015258789,26.1200008392334,25.5,25.540000915527344,24.957489013671875,26176900
2022-12-29,25.770000457763672,26.290000915527344,25.75,26.209999084472656,25.612207412719727,30944800
2022-12-30,25.899999618530273,26.459999084472656,25.799999237060547,26.43000030517578,25.82718849182129,31030100
2023-01-03,27.049999237060547,27.06999969482422,26.3700008392334,26.729999542236328,26.120346069335938,31308000
2023-01-04,27.40999984741211,27.920000076293945,27.15999984741211,27.68000030517578,27.04867935180664,37665200
2023-01-05,27.440000534057617,27.780000686645508,27.3799991607666,27.559999465942383,26.93141746520996,33552600
2023-01-06,27.93000030517578,28.829999923706055,27.3799991607666,28.729999542236328,28.074731826782227,31788600
2023-01-09,28.84000015258789,29.8700008392334,28.84000015258789,29.309999465942383,28.641502380371094,37493200
2023-01-10,29.239999771118164,29.510000228881836,28.920000076293945,29.440000534057617,28.768539428710938,23008100
2023-01-11,29.68000030517578,29.8799991607666,29.0,29.850000381469727,29.169187545776367,30375400
2023-01-12,29.979999542236328,30.3799991607666,29.469999313354492,30.290000915527344,29.599151611328125,28963900
2023-01-13,29.969999313354492,30.170000076293945,29.809999465942383,30.110000610351562,29.423255920410156,31361900
2023-01-17,30.18000030517578,30.260000228881836,29.520000457763672,29.600000381469727,28.924890518188477,34759100
2023-01-18,29.799999237060547,29.81999969482422,28.6299991607666,28.809999465942383,28.15290641784668,44199600
2023-01-19,28.610000610351562,28.760000228881836,28.239999771118164,28.420000076293945,27.771800994873047,36886600
2023-01-20,28.420000076293945,29.229999542236328,28.25,29.219999313354492,28.553556442260742,35158500
2023-01-23,29.329999923706055,30.489999771118164,29.18000030517578,30.270000457763672,29.579608917236328,38795800
2023-01-24,29.940000534057617,30.190000534057617,29.729999542236328,29.920000076293945,29.23758888244629,24855100
2023-01-25,29.520000457763672,29.889999389648438,29.170000076293945,29.700000762939453,29.022607803344727,28268000
2023-01-26,30.059999465942383,30.110000610351562,29.329999923706055,30.09000015258789,29.40371322631836,56088100
2023-01-27,27.06999969482422,28.239999771118164,26.780000686645508,28.15999984741211,27.517730712890625,148548200
2023-01-30,27.719999313354492,28.510000228881836,27.670000076293945,27.950000762939453,27.312522888183594,55145800
2023-01-31,27.780000686645508,28.290000915527344,27.530000686645508,28.260000228881836,27.615449905395508,52621600
2023-02-01,27.889999389648438,29.43000030517578,27.68000030517578,29.06999969482422,28.40697479248047,63330600
2023-02-02,29.25,30.299999237060547,28.799999237060547,30.190000534057617,29.501434326171875,62230700
2023-02-03,29.6200008392334,31.170000076293945,29.530000686645508,30.31999969482422,29.62846565246582,57603100
2023-02-06,29.549999237060547,29.649999618530273,28.610000610351562,28.690000534057617,28.377256393432617,48726400
2023-02-07,28.649999618530273,29.270000457763672,28.43000030517578,29.049999237060547,28.73332977294922,50780800
2023-02-08,28.950000762939453,29.1200008392334,28.209999084472656,28.239999771118164,27.932161331176758,36479100
2023-02-09,28.68000030517578,28.81999969482422,27.56999969482422,27.729999542236328,27.42772102355957,43906400
2023-02-10,27.6299991607666,27.989999771118164,27.34000015258789,27.799999237060547,27.496957778930664,31232500
2023-02-13,27.8700008392334,28.549999237060547,27.719999313354492,28.549999237060547,28.238780975341797,32347500
2023-02-14,28.3799991607666,28.719999313354492,27.989999771118164,28.639999389648438,28.327800750732422,27928900
2023-02-15,28.360000610351562,28.8799991607666,28.15999984741211,28.850000381469727,28.535512924194336,23359400
2023-02-16,28.5,28.829999923706055,28.1299991607666,28.200000762939453,27.892597198486328,28972500
2023-02-17,28.0,28.06999969482422,27.3799991607666,27.610000610351562,27.30902862548828,32086200
2023-02-21,27.110000610351562,27.270000457763672,26.040000915527344,26.059999465942383,25.775924682617188,63668400
2023-02-22,25.90999984741211,26.899999618530273,25.299999237060547,25.469999313354492,25.19235610961914,89195300
2023-02-23,25.780000686645508,26.079999923706055,25.31999969482422,25.610000610351562,25.330833435058594,56473200
2023-02-24,25.219999313354492,25.350000381469727,24.920000076293945,25.139999389648438,24.86595344543457,44089900
2023-02-27,25.549999237060547,25.579999923706055,24.8799991607666,24.899999618530273,24.628568649291992,37657000
2023-02-28,24.940000534057617,25.1200008392334,24.729999542236328,24.93000030517578,24.65824317932129,50255300
2023-03-01,25.030000686645508,25.920000076293945,24.969999313354492,25.329999923706055,25.053882598876953,47823400
2023-03-02,25.209999084472656,26.299999237060547,25.1200008392334,26.200000762939453,25.914400100708008,48309300
2023-03-03,26.200000762939453,26.479999542236328,26.010000228881836,26.399999618530273,26.112218856811523,36744900
2023-03-06,26.469999313354492,26.540000915527344,25.93000030517578,25.989999771118164,25.706687927246094,37879800
2023-03-07,25.84000015258789,25.989999771118164,25.5,25.530000686645508,25.2517032623291,43164600
2023-03-08,25.559999465942383,26.010000228881836,25.450000762939453,25.979999542236328,25.696796417236328,36071900
2023-03-09,25.979999542236328,26.979999542236328,25.969999313354492,26.440000534057617,26.151782989501953,54886100
2023-03-10,26.549999237060547,27.520000457763672,26.31999969482422,27.219999313354492,26.92327880859375,65187000
2023-03-13,26.739999771118164,27.309999465942383,26.610000610351562,26.950000762939453,26.656225204467773,50977000
2023-03-14,27.350000381469727,28.100000381469727,27.25,28.010000228881836,27.704668045043945,47689800
2023-03-15,27.729999542236328,28.5,27.65999984741211,28.40999984741211,28.10030746459961,49322800
2023-03-16,28.389999389648438,30.270000457763672,28.389999389648438,30.18000030517578,29.851015090942383,75779500
2023-03-17,29.920000076293945,31.0,29.440000534057617,29.809999465942383,29.48504638671875,80628500
2023-03-20,29.799999237060547,29.899999618530273,28.6299991607666,29.15999984741211,28.842132568359375,38780100
2023-03-21,29.0,29.170000076293945,27.979999542236328,28.459999084472656,28.149761199951172,55650800
2023-03-22,28.479999542236328,29.1200008392334,28.100000381469727,28.1299991607666,27.823360443115234,37415500
2023-03-23,28.3799991607666,29.15999984741211,28.219999313354492,29.030000686645508,28.713550567626953,43785500
2023-03-24,29.040000915527344,29.809999465942383,28.93000030517578,29.360000610351562,29.039953231811523,55912100
2023-03-27,29.3700008392334,29.729999542236328,29.079999923706055,29.18000030517578,28.861913681030273,34758200
2023-03-28,29.079999923706055,29.329999923706055,28.6299991607666,29.290000915527344,28.97071647644043,37407900
2023-03-29,29.770000457763672,31.889999389648438,29.760000228881836,31.520000457763672,31.176406860351562,85556200
2023-03-30,31.850000381469727,32.58000183105469,31.809999465942383,32.09000015258789,31.74019432067871,70077600
2023-03-31,31.799999237060547,32.900001525878906,31.729999542236328,32.66999816894531,32.313865661621094,59765000
2023-04-03,32.939998626708984,33.560001373291016,32.540000915527344,32.88999938964844,32.531471252441406,57038300
2023-04-04,32.849998474121094,33.84000015258789,32.84000015258789,33.099998474121094,32.73917770385742,55714100
2023-04-05,32.79999923706055,32.9900016784668,32.34000015258789,32.83000183105469,32.472129821777344,39615700
2023-04-06,32.599998474121094,33.0,32.459999084472656,32.810001373291016,32.45234680175781,28551900
2023-04-10,32.599998474121094,32.7599983215332,32.20000076293945,32.52000045776367,32.165504455566406,30534400
2023-04-11,32.65999984741211,33.11000061035156,32.31999969482422,32.349998474121094,31.997356414794922,27059100
2023-04-12,32.77000045776367,32.88999938964844,31.959999084472656,32.02000045776367,31.670955657958984,37070800
2023-04-13,31.81999969482422,32.43000030517578,31.649999618530273,32.130001068115234,31.77975845336914,29722300
2023-04-14,32.0,32.2400016784668,31.690000534057617,31.889999389648438,31.542373657226562,24623600
2023-04-17,31.950000762939453,32.63999938964844,31.770000457763672,32.13999938964844,31.78964614868164,29601100
2023-04-18,32.43000030517578,32.459999084472656,31.780000686645508,31.829999923706055,31.4830265045166,26041400
2023-04-19,31.100000381469727,31.520000457763672,31.079999923706055,31.149999618530273,30.810440063476562,25746600
2023-04-20,30.760000228881836,31.25,30.709999084472656,30.860000610351562,30.523601531982422,30255100
2023-04-21,30.84000015258789,30.84000015258789,30.229999542236328,30.299999237060547,29.969703674316406,28655800
2023-04-24,30.1299991607666,30.3700008392334,29.610000610351562,29.65999984741211,29.33668327331543,38732500
2023-04-25,29.440000534057617,29.56999969482422,28.8700008392334,28.8799991607666,28.565185546875,38289900
2023-04-26,29.200000762939453,29.809999465942383,28.84000015258789,29.049999237060547,28.73332977294922,41218800
2023-04-27,28.75,29.950000762939453,28.510000228881836,29.860000610351562,29.534503936767578,60186200
2023-04-28,31.979999542236328,32.56999969482422,30.809999465942383,31.059999465942383,30.721420288085938,80229700
2023-05-01,31.110000610351562,31.239999771118164,30.280000686645508,30.299999237060547,29.969703674316406,36918500
2023-05-02,30.299999237060547,30.579999923706055,29.75,29.770000457763672,29.44548225402832,33463400
2023-05-03,30.639999389648438,31.110000610351562,30.25,30.649999618530273,30.31589126586914,45554500
2023-05-04,30.440000534057617,31.719999313354492,30.3799991607666,31.239999771118164,31.025991439819336,46104000
2023-05-05,31.3799991607666,31.40999984741211,30.729999542236328,30.989999771118164,30.7777042388916,35010800
2023-05-08,30.700000762939453,30.84000015258789,30.389999389648438,30.770000457763672,30.559213638305664,30882800
2023-05-09,30.3799991607666,30.579999923706055,29.90999984741211,30.100000381469727,29.893802642822266,30706500
2023-05-10,30.290000915527344,30.399999618530273,29.489999771118164,29.969999313354492,29.764692306518555,40526500
2023-05-11,29.600000381469727,29.68000030517578,28.81999969482422,28.860000610351562,28.662296295166016,47144400
2023-05-12,29.030000686645508,29.100000381469727,28.719999313354492,28.950000762939453,28.751680374145508,24147300
2023-05-15,28.899999618530273,29.829999923706055,28.8799991607666,29.799999237060547,29.595857620239258,28717500
2023-05-16,29.6200008392334,29.899999618530273,29.209999084472656,29.219999313354492,29.01983070373535,22812000
2023-05-17,29.520000457763672,29.559999465942383,28.68000030517578,28.8700008392334,28.672229766845703,41667300
2023-05-18,29.0,29.760000228881836,28.8700008392334,29.68000030517578,29.4766788482666,36529200
2023-05-19,29.600000381469727,30.239999771118164,29.5,29.93000030517578,29.724966049194336,40668700
2023-05-22,29.850000381469727,30.450000762939453,29.81999969482422,30.280000686645508,30.07257080078125,28693400
2023-05-23,30.049999237060547,30.200000762939453,29.489999771118164,29.510000228881836,29.307844161987305,29400900
2023-05-24,29.309999465942383,29.489999771118164,28.81999969482422,29.0,28.80133819580078,28045800
2023-05-25,28.290000915527344,28.290000915527344,26.860000610351562,27.399999618530273,27.212297439575195,78009400
2023-05-26,27.440000534057617,29.09000015258789,27.100000381469727,29.0,28.80133819580078,71910600
2023-05-30,29.700000762939453,30.040000915527344,29.0,29.989999771118164,29.784557342529297,54874800
2023-05-31,29.700000762939453,32.290000915527344,29.670000076293945,31.440000534057617,31.22462272644043,136243800
2023-06-01,31.799999237060547,31.940000534057617,31.020000457763672,31.1299991607666,30.916746139526367,52667400
2023-06-02,31.399999618530273,31.59000015258789,30.829999923706055,31.309999465942383,31.09551239013672,36496200
2023-06-05,31.309999465942383,31.399999618530273,29.829999923706055,29.860000610351562,29.655447006225586,48244100
2023-06-06,29.770000457763672,31.450000762939453,29.700000762939453,30.959999084472656,30.74791145324707,42295300
2023-06-07,31.030000686645508,31.3700008392334,30.93000030517578,31.280000686645508,31.065719604492188,39098000
2023-06-08,31.43000030517578,31.850000381469727,31.059999465942383,31.81999969482422,31.602018356323242,35199000
2023-06-09,31.93000030517578,31.989999771118164,30.68000030517578,31.34000015258789,31.125307083129883,40218000
2023-06-12,31.399999618530273,33.29999923706055,31.360000610351562,33.06999969482422,32.84346008300781,59881600
2023-06-13,33.77000045776367,33.95000076293945,33.06999969482422,33.90999984741211,33.67770004272461,51990000
2023-06-14,33.869998931884766,35.599998474121094,33.79999923706055,35.58000183105469,35.336265563964844,74404300
2023-06-15,35.279998779296875,36.41999816894531,35.220001220703125,35.81999969482422,35.574615478515625,67676300
2023-06-16,36.36000061035156,36.79999923706055,35.599998474121094,36.369998931884766,36.120849609375,110188500
2023-06-20,36.77000045776367,37.11000061035156,34.720001220703125,35.0,34.76023483276367,65970200
2023-06-21,34.91999816894531,35.04999923706055,32.83000183105469,32.900001525878906,32.67462158203125,70973500
2023-06-22,32.689998626708984,33.2400016784668,32.130001068115234,32.709999084472656,32.485923767089844,45740300
2023-06-23,32.209999084472656,33.45000076293945,32.029998779296875,33.0,32.77393341064453,46199200
2023-06-26,33.189998626708984,33.9900016784668,33.099998474121094,33.34000015258789,33.11160659790039,38952400
2023-06-27,33.220001220703125,34.22999954223633,33.0099983215332,34.099998474121094,33.86640167236328,33038900
2023-06-28,33.61000061035156,33.810001373291016,33.029998779296875,33.56999969482422,33.34003448486328,33906900
2023-06-29,33.34000015258789,33.34000015258789,32.4900016784668,32.90999984741211,32.68455505371094,38313000
2023-06-30,33.36000061035156,33.560001373291016,33.15999984741211,33.439998626708984,33.21092224121094,33798400
2023-07-03,33.540000915527344,33.88999938964844,33.13999938964844,33.619998931884766,33.38969039916992,15753000
2023-07-05,33.310001373291016,33.33000183105469,32.5,32.5099983215332,32.28729248046875,37664700
2023-07-06,31.899999618530273,32.040000915527344,31.3799991607666,31.969999313354492,31.75098991394043,41693600
2023-07-07,32.0,32.40999984741211,31.81999969482422,31.850000381469727,31.63181495666504,28345700
2023-07-10,31.8700008392334,32.83000183105469,31.770000457763672,32.7400016784668,32.51572036743164,36305700
2023-07-11,32.81999969482422,33.36000061035156,32.5,33.29999923706055,33.07188034057617,28148800
2023-07-12,33.689998626708984,34.08000183105469,33.060001373291016,33.97999954223633,33.747222900390625,37762200
2023-07-13,34.150001525878906,34.29999923706055,33.619998931884766,33.869998931884766,33.637977600097656,32745800
2023-07-14,33.779998779296875,33.869998931884766,33.0,33.150001525878906,32.922908782958984,30426200
2023-07-17,33.15999984741211,34.599998474121094,33.06999969482422,34.369998931884766,34.134552001953125,34111200
2023-07-18,34.279998779296875,34.70000076293945,33.83000183105469,34.5,34.2636604309082,29679500
2023-07-19,34.400001525878906,34.84000015258789,34.33000183105469,34.459999084472656,34.223934173583984,26486700
2023-07-20,33.70000076293945,34.209999084472656,33.22999954223633,33.369998931884766,33.14140319824219,37878000
2023-07-21,33.72999954223633,34.25,33.41999816894531,34.02000045776367,33.786949157714844,79724100
2023-07-24,33.84000015258789,34.459999084472656,33.560001373291016,33.630001068115234,33.399620056152344,25225800
2023-07-25,33.70000076293945,34.34000015258789,33.400001525878906,34.099998474121094,33.86640167236328,31771100
2023-07-26,33.720001220703125,34.529998779296875,33.70000076293945,34.36000061035156,34.12461853027344,32643200
2023-07-27,34.81999969482422,35.029998779296875,34.11000061035156,34.54999923706055,34.31332015991211,58890800
2023-07-28,36.75,36.9900016784668,35.5099983215332,36.83000183105469,36.577701568603516,90863000
2023-07-31,36.869998931884766,37.189998626708984,35.66999816894531,35.77000045776367,35.524959564208984,55630700
2023-08-01,35.81999969482422,36.02000045776367,35.279998779296875,35.79999923706055,35.554752349853516,24702200
2023-08-02,35.150001525878906,35.18000030517578,34.279998779296875,34.38999938964844,34.154415130615234,39052000
2023-08-03,34.290000915527344,35.029998779296875,34.130001068115234,34.869998931884766,34.631126403808594,24817900
2023-08-04,34.47999954223633,35.560001373291016,34.47999954223633,35.13999938964844,35.02482986450195,26664300
2023-08-07,35.40999984741211,35.54999923706055,34.75,35.22999954223633,35.11453628540039,22486900
2023-08-08,34.66999816894531,35.099998474121094,33.86000061035156,35.02000045776367,34.90522384643555,34753600
2023-08-09,35.0,35.099998474121094,34.22999954223633,34.279998779296875,34.16764831542969,28720200
2023-08-10,34.70000076293945,35.09000015258789,34.47999954223633,34.68000030517578,34.56633758544922,30957300
2023-08-11,34.459999084472656,34.95000076293945,34.36000061035156,34.88999938964844,34.77565002441406,28752000
2023-08-14,34.66999816894531,35.709999084472656,34.470001220703125,35.68000030517578,35.56306076049805,36896100
2023-08-15,35.40999984741211,35.630001068115234,34.75,34.77000045776367,34.656044006347656,27420300
2023-08-16,34.52000045776367,34.630001068115234,33.459999084472656,33.529998779296875,33.42010498046875,35757300
2023-08-17,33.560001373291016,33.59000015258789,32.349998474121094,32.58000183105469,32.47322463989258,39906700
2023-08-18,32.22999954223633,32.90999984741211,32.18000030517578,32.75,32.64266586303711,23692300
2023-08-21,32.599998474121094,33.16999816894531,32.02000045776367,33.13999938964844,33.03138732910156,43718200
2023-08-22,33.220001220703125,33.79999923706055,32.83000183105469,32.88999938964844,32.782203674316406,23434200
2023-08-23,32.880001068115234,34.150001525878906,32.79999923706055,33.97999954223633,33.86863327026367,32324300
2023-08-24,33.720001220703125,34.09000015258789,32.4900016784668,32.59000015258789,32.48318862915039,37931000
2023-08-25,32.529998779296875,33.400001525878906,32.349998474121094,33.25,33.14102554321289,27324800
2023-08-28,33.5,33.779998779296875,33.209999084472656,33.619998931884766,33.50981140136719,22341800
2023-08-29,33.4900016784668,34.47999954223633,33.470001220703125,34.310001373291016,34.19755172729492,29943600
2023-08-30,34.060001373291016,34.65999984741211,33.779998779296875,34.529998779296875,34.41682815551758,26279200
2023-08-31,34.31999969482422,35.560001373291016,34.29999923706055,35.13999938964844,35.02482986450195,48157600
2023-09-01,35.790000915527344,36.75,35.72999954223633,36.61000061035156,36.490013122558594,43782600
2023-09-05,36.58000183105469,37.40999984741211,36.459999084472656,36.709999084472656,36.589683532714844,43379400
2023-09-06,36.560001373291016,37.040000915527344,36.029998779296875,36.97999954223633,36.85879898071289,39643400
2023-09-07,36.83000183105469,38.34000015258789,36.75,38.18000030517578,38.054866790771484,67659700
2023-09-08,38.119998931884766,38.83000183105469,37.709999084472656,38.0099983215332,37.88542175292969,44255200
2023-09-11,38.2400016784668,38.7400016784668,37.84000015258789,38.59000015258789,38.463523864746094,36349300
2023-09-12,38.650001525878906,40.06999969482422,38.650001525878906,38.86000061035156,38.73263931274414,55326600
2023-09-13,38.79999923706055,39.150001525878906,38.25,38.709999084472656,38.5831298828125,35407800
2023-09-14,38.810001373291016,38.900001525878906,38.29999923706055,38.66999816894531,38.54325866699219,30616500
2023-09-15,38.41999816894531,38.52000045776367,37.619998931884766,37.880001068115234,37.75585174560547,68868800
2023-09-18,37.619998931884766,38.38999938964844,37.5099983215332,37.9900016784668,37.86549377441406,29322200
2023-09-19,38.040000915527344,38.099998474121094,36.02000045776367,36.34000015258789,36.22089767456055,53288100
2023-09-20,36.220001220703125,36.25,34.630001068115234,34.689998626708984,34.5763053894043,57660800
2023-09-21,34.56999969482422,35.25,34.459999084472656,34.650001525878906,34.53643798828125,45215900
2023-09-22,34.810001373291016,34.88999938964844,34.13999938964844,34.18000030517578,34.06797790527344,29232700
2023-09-25,34.0,34.369998931884766,33.77000045776367,34.290000915527344,34.17761993408203,21729400
2023-09-26,34.13999938964844,34.779998779296875,33.63999938964844,33.83000183105469,33.7191276550293,34198300
2023-09-27,33.91999816894531,34.83000183105469,33.880001068115234,34.61000061035156,34.4965705871582,44369100
2023-09-28,34.650001525878906,35.65999984741211,34.380001068115234,35.18000030517578,35.064701080322266,32265300
2023-09-29,35.650001525878906,35.90999984741211,35.15999984741211,35.54999923706055,35.43348693847656,28758500
2023-10-02,35.61000061035156,35.97999954223633,34.97999954223633,35.459999084472656,35.343780517578125,26086200
2023-10-03,35.27000045776367,36.540000915527344,35.27000045776367,35.689998626708984,35.573028564453125,45292600
2023-10-04,36.52000045776367,36.52000045776367,35.33000183105469,35.93000030517578,35.8122444152832,39842200
2023-10-05,35.970001220703125,36.099998474121094,35.599998474121094,35.88999938964844,35.77237319946289,25771200
2023-10-06,35.869998931884766,36.459999084472656,35.18000030517578,36.189998626708984,36.071388244628906,33252300
2023-10-09,35.70000076293945,36.16999816894531,35.5,36.060001373291016,35.94181823730469,19376100
2023-10-10,36.13999938964844,36.7400016784668,35.810001373291016,36.43000030517578,36.310604095458984,24044100
2023-10-11,36.619998931884766,37.029998779296875,36.380001068115234,36.880001068115234,36.75912857055664,19262600
2023-10-12,36.79999923706055,37.220001220703125,36.38999938964844,36.84000015258789,36.719261169433594,23639200
2023-10-13,36.7400016784668,36.790000915527344,35.86000061035156,35.970001220703125,35.85211181640625,28390100
2023-10-16,36.13999938964844,36.939998626708984,36.08000183105469,36.560001373291016,36.44017791748047,29555800
2023-10-17,35.91999816894531,36.349998474121094,35.06999969482422,36.060001373291016,35.94181823730469,24993600
2023-10-18,35.52000045776367,36.02000045776367,35.45000076293945,35.63999938964844,35.523193359375,22086000
2023-10-19,35.959999084472656,36.36000061035156,35.52000045776367,35.66999816894531,35.55309295654297,29201800
2023-10-20,35.650001525878906,36.279998779296875,34.869998931884766,34.91999816894531,34.80554962158203,32291800
2023-10-23,34.599998474121094,35.189998626708984,33.38999938964844,33.849998474121094,33.73905944824219,53924700
2023-10-24,33.63999938964844,34.709999084472656,33.63999938964844,34.59000015258789,34.47663497924805,52673900
2023-10-25,34.18000030517578,34.45000076293945,32.54999923706055,32.83000183105469,32.72240447998047,44658500
2023-10-26,32.88999938964844,33.220001220703125,32.150001525878906,32.52000045776367,32.41341781616211,59142500
2023-10-27,34.65999984741211,36.380001068115234,34.599998474121094,35.540000915527344,35.42352294921875,84128200
2023-10-30,35.470001220703125,35.959999084472656,34.91999816894531,35.689998626708984,35.573028564453125,36656300
2023-10-31,35.65999984741211,36.56999969482422,35.619998931884766,36.5,36.380374908447266,41185200
2023-11-01,36.5,37.31999969482422,36.279998779296875,37.290000915527344,37.16778564453125,41710700
2023-11-02,37.58000183105469,37.81999969482422,36.90999984741211,37.70000076293945,37.57644271850586,35440000
2023-11-03,38.0,38.31999969482422,37.66999816894531,38.13999938964844,38.01499938964844,30493400
2023-11-06,38.02000045776367,38.20000076293945,37.849998474121094,37.95000076293945,37.95000076293945,23877200
2023-11-07,38.2400016784668,38.900001525878906,37.97999954223633,38.77000045776367,38.77000045776367,32052000
2023-11-08,38.849998474121094,38.88999938964844,37.75,37.91999816894531,37.91999816894531,33483400
2023-11-09,38.04999923706055,38.52000045776367,37.77000045776367,37.79999923706055,37.79999923706055,48955800
2023-11-10,38.2400016784668,38.9900016784668,38.2400016784668,38.86000061035156,38.86000061035156,38862500
2023-11-13,38.349998474121094,38.56999969482422,38.13999938964844,38.22999954223633,38.22999954223633,24558300
2023-11-14,38.79999923706055,39.4900016784668,38.06999969482422,39.40999984741211,39.40999984741211,45457400
2023-11-15,39.59000015258789,40.84000015258789,39.58000183105469,40.61000061035156,40.61000061035156,47392100
2023-11-16,41.0,43.400001525878906,40.81999969482422,43.349998474121094,43.349998474121094,86405700
2023-11-17,42.90999984741211,43.810001373291016,42.560001373291016,43.810001373291016,43.810001373291016,49735000
2023-11-20,43.779998779296875,44.93000030517578,43.779998779296875,44.7400016784668,44.7400016784668,44564900
2023-11-21,44.5,44.65999984741211,43.29999923706055,43.63999938964844,43.63999938964844,37252100
2023-11-22,44.029998779296875,44.630001068115234,43.540000915527344,43.66999816894531,43.66999816894531,31481200
2023-11-24,43.68000030517578,44.0,43.61000061035156,43.959999084472656,43.959999084472656,13037100
2023-11-27,43.650001525878906,44.54999923706055,43.650001525878906,44.08000183105469,44.08000183105469,33339900
2023-11-28,43.689998626708984,44.380001068115234,43.65999984741211,44.22999954223633,44.22999954223633,24548900
2023-11-29,44.599998474121094,45.34000015258789,44.599998474121094,44.939998626708984,44.939998626708984,38982000
2023-11-30,44.650001525878906,45.09000015258789,44.40999984741211,44.70000076293945,44.70000076293945,46263000
2023-12-01,44.36000061035156,44.36000061035156,42.86000061035156,43.7400016784668,43.7400016784668,43922500
2023-12-04,43.29999923706055,43.310001373291016,41.689998626708984,42.349998474121094,42.349998474121094,50417600
2023-12-05,41.90999984741211,42.290000915527344,41.61000061035156,41.91999816894531,41.91999816894531,31859300
2023-12-06,42.47999954223633,42.59000015258789,41.16999816894531,41.27000045776367,41.27000045776367,31992300
2023-12-07,41.75,42.439998626708984,41.18000030517578,42.150001525878906,42.150001525878906,29118700
2023-12-08,41.84000015258789,42.959999084472656,41.810001373291016,42.70000076293945,42.70000076293945,42805900
2023-12-11,43.15999984741211,44.72999954223633,43.08000183105469,44.540000915527344,44.540000915527344,48288200
2023-12-12,44.36000061035156,44.439998626708984,43.630001068115234,44.040000915527344,44.040000915527344,31452200
2023-12-13,44.08000183105469,44.720001220703125,43.33000183105469,44.56999969482422,44.56999969482422,35216100
2023-12-14,45.0099983215332,47.06999969482422,44.650001525878906,45.18000030517578,45.18000030517578,70620800
2023-12-15,45.939998626708984,47.27000045776367,45.66999816894531,46.15999984741211,46.15999984741211,84553800
2023-12-18,46.150001525878906,46.22999954223633,45.400001525878906,45.689998626708984,45.689998626708984,27895700
2023-12-19,45.599998474121094,46.68000030517578,45.5099983215332,46.65999984741211,46.65999984741211,35358800
2023-12-20,46.63999938964844,46.95000076293945,45.70000076293945,45.7599983215332,45.7599983215332,38159100
2023-12-21,46.47999954223633,47.119998931884766,46.02000045776367,47.08000183105469,47.08000183105469,28320500
2023-12-22,47.25,48.15999984741211,47.20000076293945,48.0,48.0,30053700
2023-12-26,48.91999816894531,50.52000045776367,48.709999084472656,50.5,50.5,60287400
2023-12-27,50.630001068115234,51.279998779296875,50.189998626708984,50.7599983215332,50.7599983215332,52148000
2023-12-28,50.810001373291016,50.869998931884766,50.15999984741211,50.38999938964844,50.38999938964844,27705200
2023-12-29,50.29999923706055,50.56999969482422,49.77000045776367,50.25,50.25,29266500
2024-01-02,49.20000076293945,49.380001068115234,47.45000076293945,47.79999923706055,47.79999923706055,45905700
2024-01-03,47.099998474121094,47.810001373291016,46.79999923706055,47.04999923706055,47.04999923706055,35858400
2024-01-04,45.720001220703125,47.15999984741211,45.2400016784668,46.869998931884766,46.869998931884766,47797800
2024-01-05,47.029998779296875,47.83000183105469,46.63999938964844,46.88999938964844,46.88999938964844,34332100
2024-01-08,47.06999969482422,48.7599983215332,46.970001220703125,48.45000076293945,48.45000076293945,42135100
2024-01-09,48.0099983215332,48.560001373291016,47.79999923706055,48.04999923706055,48.04999923706055,30097000
2024-01-10,48.2400016784668,48.29999923706055,46.939998626708984,47.470001220703125,47.470001220703125,31480200
2024-01-11,47.439998626708984,47.84000015258789,46.72999954223633,47.63999938964844,47.63999938964844,31707900
2024-01-12,47.599998474121094,47.66999816894531,46.61000061035156,47.119998931884766,47.119998931884766,27448800
2024-01-16,46.97999954223633,47.220001220703125,46.380001068115234,47.060001373291016,47.060001373291016,43720700
2024-01-17,46.41999816894531,46.41999816894531,45.650001525878906,46.060001373291016,46.060001373291016,33488000
2024-01-18,47.029998779296875,47.56999969482422,46.16999816894531,46.7400016784668,46.7400016784668,46681300
2024-01-19,47.0,48.7599983215332,46.439998626708984,48.150001525878906,48.150001525878906,55912900
2024-01-22,48.849998474121094,49.16999816894531,47.63999938964844,48.220001220703125,48.220001220703125,45639500
2024-01-23,48.119998931884766,48.939998626708984,47.31999969482422,48.88999938964844,48.88999938964844,37224100
2024-01-24,49.16999816894531,49.77000045776367,48.27000045776367,49.09000015258789,49.09000015258789,49375800
2024-01-25,50.0,50.29999923706055,48.970001220703125,49.54999923706055,49.54999923706055,84845100
2024-01-26,44.18000030517578,45.40999984741211,43.349998474121094,43.650001525878906,43.650001525878906,127665300
2024-01-29,43.709999084472656,43.9900016784668,42.810001373291016,43.84000015258789,43.84000015258789,51790900
2024-01-30,43.66999816894531,43.81999969482422,42.88999938964844,42.91999816894531,42.91999816894531,47958800
2024-01-31,42.56999969482422,43.790000915527344,42.36000061035156,43.08000183105469,43.08000183105469,51584200
2024-02-01,43.150001525878906,43.56999969482422,42.4900016784668,43.36000061035156,43.36000061035156,38819900
2024-02-02,43.0,43.13999938964844,41.599998474121094,42.599998474121094,42.599998474121094,53669900
