Date,Open,High,Low,Close,Adj Close,Volume
2014-02-06,87.62999725341797,88.76000213623047,87.55000305175781,88.75,67.60247802734375,10037900
2014-02-07,88.91999816894531,90.04000091552734,88.61000061035156,90.04000091552734,68.58509826660156,9435100
2014-02-10,90.23999786376953,91.08000183105469,89.80000305175781,91.06999969482422,69.36967468261719,8080200
2014-02-11,91.08999633789062,92.97000122070312,90.94999694824219,92.97000122070312,70.81696319580078,11556300
2014-02-12,92.94999694824219,92.98999786376953,91.94999694824219,92.41999816894531,70.39797973632812,7696100
2014-02-13,92.0,92.62000274658203,91.70999908447266,92.55999755859375,70.50463104248047,5926000
2014-02-14,92.5999984741211,92.94999694824219,92.02999877929688,92.76000213623047,70.65699005126953,5485100
2014-02-18,92.7699966430664,92.8499984741211,92.08999633789062,92.16999816894531,70.20758056640625,6926500
2014-02-19,92.1500015258789,92.75,91.56999969482422,91.63999938964844,69.80386352539062,7693400
2014-02-20,91.69000244140625,92.7300033569336,91.30999755859375,92.37999725341797,70.3675308227539,8160100
2014-02-21,91.86000061035156,92.25,91.44999694824219,91.5199966430664,70.21408081054688,7381500
2014-02-24,91.44999694824219,92.05999755859375,91.0999984741211,91.11000061035156,69.89952087402344,8406700
2014-02-25,91.58999633789062,91.87000274658203,90.66000366210938,91.11000061035156,69.89952087402344,6383400
2014-02-26,91.11000061035156,91.54000091552734,90.7699966430664,91.11000061035156,69.89952087402344,6334100
2014-02-27,91.16000366210938,91.41999816894531,90.75,91.36000061035156,70.09133911132812,7040300
2014-02-28,91.41999816894531,92.63999938964844,91.05999755859375,92.12000274658203,70.6744155883789,9643700
2014-03-03,91.12999725341797,91.9800033569336,90.83000183105469,91.55999755859375,70.2447509765625,7506700
2014-03-04,92.47000122070312,93.45999908447266,92.25,93.33999633789062,71.61036682128906,8796300
2014-03-05,93.2699966430664,93.30000305175781,92.37999725341797,92.58999633789062,71.03496551513672,6842500
2014-03-06,93.19000244140625,93.6500015258789,92.81999969482422,92.88999938964844,71.26514434814453,7718300
2014-03-07,93.37000274658203,93.4800033569336,92.69000244140625,93.31999969482422,71.59504699707031,6792000
2014-03-10,93.16999816894531,93.48999786376953,92.79000091552734,93.44999694824219,71.69477844238281,4878200
2014-03-11,93.70999908447266,93.75,93.08999633789062,93.48999786376953,71.72547149658203,5837200
2014-03-12,92.81999969482422,93.62000274658203,92.6500015258789,93.5999984741211,71.80985260009766,6154900
2014-03-13,93.8499984741211,94.19999694824219,92.9800033569336,93.0,71.34954071044922,7659400
2014-03-14,92.87999725341797,93.44000244140625,92.45999908447266,92.80999755859375,71.20378875732422,7337800
2014-03-17,93.26000213623047,94.18000030517578,93.18000030517578,93.93000030517578,72.06303405761719,5872600
2014-03-18,93.9000015258789,94.23999786376953,93.4800033569336,93.94000244140625,72.07070922851562,5891900
2014-03-19,93.88999938964844,94.36000061035156,92.91999816894531,93.58999633789062,71.80220031738281,5937600
2014-03-20,93.5199966430664,94.19000244140625,92.95999908447266,94.12000274658203,72.20883178710938,5727400
2014-03-21,94.7699966430664,95.93000030517578,93.87999725341797,95.93000030517578,73.59745025634766,23988800
2014-03-24,95.30000305175781,95.43000030517578,94.54000091552734,95.19999694824219,73.0373764038086,13944100
2014-03-25,95.69999694824219,97.69999694824219,95.69999694824219,97.37999725341797,74.70987701416016,14167300
2014-03-26,97.51000213623047,98.47000122070312,97.05000305175781,97.05000305175781,74.45671081542969,11215100
2014-03-27,97.08000183105469,97.69999694824219,96.26000213623047,97.27999877929688,74.6331558227539,8694600
2014-03-28,97.51000213623047,98.22000122070312,96.95999908447266,97.44000244140625,74.75590515136719,8816000
2014-03-31,98.0,98.5999984741211,97.61000061035156,98.2300033569336,75.36201477050781,7545700
2014-04-01,98.30999755859375,98.68000030517578,97.37000274658203,97.94000244140625,75.13951110839844,7068500
2014-04-02,98.01000213623047,98.38999938964844,97.37000274658203,98.2300033569336,75.36201477050781,7995600
2014-04-03,97.97000122070312,98.33999633789062,97.52999877929688,98.26000213623047,75.38501739501953,5471200
2014-04-04,98.62000274658203,99.37999725341797,98.31999969482422,98.41999816894531,75.50776672363281,10309700
2014-04-07,98.38999938964844,99.36000061035156,97.83000183105469,97.88999938964844,75.10115051269531,11409200
2014-04-08,98.02999877929688,98.7300033569336,97.5,98.05999755859375,75.2315673828125,9601800
2014-04-09,98.41999816894531,99.0,97.77999877929688,98.94999694824219,75.91436767578125,8921300
2014-04-10,98.86000061035156,98.93000030517578,96.5199966430664,96.54000091552734,74.06541442871094,9667800
2014-04-11,96.19999694824219,97.19999694824219,96.05000305175781,96.87000274658203,74.318603515625,8710700
2014-04-14,97.27999877929688,97.36000061035156,96.25,97.13999938964844,74.5257339477539,8617200
2014-04-15,98.44999694824219,99.20999908447266,98.05000305175781,99.19999694824219,76.1061782836914,13999100
2014-04-16,99.56999969482422,99.70999908447266,98.06999969482422,98.75,75.76095581054688,11308000
2014-04-17,98.69000244140625,99.6500015258789,98.69000244140625,98.95999908447266,75.92202758789062,9153500
2014-04-21,99.01000213623047,100.12999725341797,98.66999816894531,100.0,76.71994018554688,7031400
2014-04-22,100.0,100.75,99.73999786376953,100.18000030517578,76.8580093383789,7937900
2014-04-23,100.23999786376953,100.55999755859375,99.91999816894531,100.22000122070312,76.88871765136719,5876000
2014-04-24,100.23999786376953,100.37000274658203,99.55000305175781,99.95999908447266,76.68924713134766,6149900
2014-04-25,99.97000122070312,100.26000213623047,99.4000015258789,99.79000091552734,76.55882263183594,5895900
2014-04-28,100.55999755859375,101.5,100.12000274658203,101.33999633789062,77.74798583984375,8792900
2014-04-29,101.62999725341797,101.9800033569336,100.95999908447266,101.02999877929688,77.5101547241211,7811200
2014-04-30,100.83999633789062,101.66999816894531,100.69999694824219,101.29000091552734,77.70962524414062,8513600
2014-05-01,100.7699966430664,101.02999877929688,99.93000030517578,100.52999877929688,77.12655639648438,6590500
2014-05-02,100.16999816894531,100.37999725341797,98.87999725341797,99.30999755859375,76.19056701660156,8744200
2014-05-05,99.29000091552734,100.16999816894531,99.04000091552734,100.0,76.71994018554688,5438200
2014-05-06,100.0199966430664,100.0199966430664,99.51000213623047,99.51000213623047,76.3440170288086,5795900
2014-05-07,99.8499984741211,101.05000305175781,99.3499984741211,100.91000366210938,77.41809844970703,8720800
2014-05-08,100.66999816894531,101.08999633789062,100.36000061035156,100.5,77.10353088378906,5667900
2014-05-09,100.86000061035156,101.25,100.41000366210938,100.91000366210938,77.41809844970703,5691700
2014-05-12,101.23999786376953,101.23999786376953,100.41999816894531,100.5199966430664,77.11886596679688,7437300
2014-05-13,100.9000015258789,101.48999786376953,100.62999725341797,101.0199966430664,77.50247192382812,6183200
2014-05-14,100.94999694824219,101.0999984741211,100.7699966430664,100.87000274658203,77.38739776611328,4187200
2014-05-15,100.63999938964844,100.83999633789062,100.41000366210938,100.69000244140625,77.24929809570312,7007600
2014-05-16,100.56999969482422,100.88999938964844,100.13999938964844,100.58000183105469,77.16490936279297,6516900
2014-05-19,100.22000122070312,100.93000030517578,100.12999725341797,100.63999938964844,77.21092224121094,6997200
2014-05-20,100.80999755859375,100.9800033569336,99.95999908447266,100.25,76.91171264648438,5438400
2014-05-21,100.5999984741211,101.19999694824219,100.52999877929688,101.13999938964844,77.59455108642578,5302500
2014-05-22,100.58000183105469,101.01000213623047,100.08000183105469,100.95999908447266,77.99626159667969,5124900
2014-05-23,101.04000091552734,101.16000366210938,100.66999816894531,100.9800033569336,78.01172637939453,5275700
2014-05-27,101.0999984741211,101.36000061035156,100.2699966430664,100.80999755859375,77.88038635253906,4524400
2014-05-28,100.66999816894531,100.93000030517578,100.12000274658203,100.30000305175781,77.48639678955078,4352700
2014-05-29,100.55999755859375,100.80000305175781,100.1500015258789,100.76000213623047,77.8417739868164,3685200
2014-05-30,100.69999694824219,101.54000091552734,100.55000305175781,101.45999908447266,78.38253784179688,5973900
2014-06-02,101.54000091552734,102.26000213623047,101.01000213623047,102.16999816894531,78.93104553222656,5845400
2014-06-03,101.91000366210938,102.5999984741211,101.83999633789062,102.45999908447266,79.15508270263672,6681300
2014-06-04,102.2300033569336,102.70999908447266,101.94000244140625,102.68000030517578,79.3250732421875,5608600
2014-06-05,102.77999877929688,103.36000061035156,102.41999816894531,103.22000122070312,79.74223327636719,4730900
2014-06-06,103.25,103.33000183105469,102.83999633789062,103.18000030517578,79.7113265991211,4624000
2014-06-09,103.06999969482422,103.2300033569336,102.68000030517578,103.22000122070312,79.74223327636719,3748800
2014-06-10,103.47000122070312,104.12000274658203,102.7699966430664,104.0999984741211,80.42204284667969,5792100
2014-06-11,103.80999755859375,104.1500015258789,103.12999725341797,103.31999969482422,79.8194808959961,5960500
2014-06-12,103.18000030517578,103.20999908447266,102.51000213623047,102.52999877929688,79.20916748046875,5930700
2014-06-13,102.51000213623047,102.6500015258789,102.16999816894531,102.52999877929688,79.20916748046875,4301600
2014-06-16,102.5199966430664,102.88999938964844,101.83999633789062,102.44999694824219,79.14737701416016,5645500
2014-06-17,102.12999725341797,102.19999694824219,101.37999725341797,101.93000030517578,78.74564361572266,4834600
2014-06-18,101.91000366210938,102.83000183105469,101.86000061035156,102.80999755859375,79.42547607421875,5445000
2014-06-19,102.93000030517578,103.87000274658203,102.80999755859375,103.80999755859375,80.19801330566406,5481500
2014-06-20,104.37000274658203,105.4800033569336,104.06999969482422,105.2699966430664,81.32593536376953,12459700
2014-06-23,104.91000366210938,105.12000274658203,104.44000244140625,104.75,80.92422485351562,6063200
2014-06-24,104.62999725341797,105.2300033569336,104.55000305175781,104.58999633789062,80.80061340332031,5915000
2014-06-25,104.2300033569336,105.87000274658203,104.2300033569336,105.76000213623047,81.70448303222656,6411100
2014-06-26,105.83999633789062,105.97000122070312,105.02999877929688,105.6500015258789,81.6195068359375,5106900
2014-06-27,105.47000122070312,105.58999633789062,104.44999694824219,104.98999786376953,81.10963439941406,6463000
2014-06-30,105.62000274658203,106.0,104.5199966430664,104.62000274658203,80.82377624511719,6877800
2014-07-01,105.1500015258789,106.0,104.98999786376953,105.87000274658203,81.78947448730469,5129200
2014-07-02,105.69999694824219,105.97000122070312,105.30000305175781,105.86000061035156,81.78175354003906,3764900
2014-07-03,105.87000274658203,106.25,105.11000061035156,105.41999816894531,81.44181823730469,4199100
2014-07-07,105.41999816894531,106.73999786376953,105.2699966430664,106.47000122070312,82.25301361083984,7014900
2014-07-08,106.20999908447266,106.25,105.5199966430664,105.72000122070312,81.67357635498047,6268400
2014-07-09,106.0,106.20999908447266,105.72000122070312,106.04000091552734,81.9207992553711,5720900
2014-07-10,105.08000183105469,106.0,104.5199966430664,105.80000305175781,81.73539733886719,4955100
2014-07-11,105.83999633789062,106.01000213623047,104.86000061035156,105.0999984741211,81.19461059570312,5461000
2014-07-14,105.37999725341797,105.48999786376953,105.11000061035156,105.37999725341797,81.41094970703125,7784800
2014-07-15,105.2300033569336,105.47000122070312,102.7699966430664,103.27999877929688,79.78858947753906,14219700
2014-07-16,103.52999877929688,103.66999816894531,101.94999694824219,102.22000122070312,78.96968078613281,11946800
2014-07-17,101.9000015258789,102.0999984741211,100.26000213623047,100.37000274658203,77.54045104980469,11218900
2014-07-18,100.66999816894531,101.95999908447266,100.37000274658203,101.80000305175781,78.64521026611328,8408400
2014-07-21,101.44000244140625,101.58000183105469,101.0199966430664,101.2699966430664,78.23577117919922,6379900
2014-07-22,101.91000366210938,102.54000091552734,101.77999877929688,102.47000122070312,79.1628189086914,6554100
2014-07-23,102.80000305175781,102.93000030517578,101.87999725341797,102.19000244140625,78.94650268554688,4815300
2014-07-24,102.33999633789062,102.7300033569336,102.0199966430664,102.19999694824219,78.95423889160156,5177200
2014-07-25,102.2699966430664,102.4000015258789,101.80000305175781,102.11000061035156,78.88471221923828,3951500
2014-07-28,101.88999938964844,102.4000015258789,101.66000366210938,102.11000061035156,78.88471221923828,4634800
2014-07-29,102.44999694824219,102.51000213623047,101.69000244140625,101.95999908447266,78.76881408691406,6053900
2014-07-30,102.2699966430664,102.8499984741211,101.80999755859375,102.30000305175781,79.03147888183594,5994800
2014-07-31,101.7699966430664,101.83999633789062,100.05000305175781,100.08999633789062,77.32415008544922,9141500
2014-08-01,99.76000213623047,100.41000366210938,98.80000305175781,99.9000015258789,77.1773452758789,8610700
2014-08-04,99.98999786376953,100.37999725341797,99.31999969482422,100.16000366210938,77.37825775146484,6790800
2014-08-05,99.83000183105469,100.23999786376953,99.55000305175781,99.81999969482422,77.11557006835938,6230900
2014-08-06,99.66999816894531,100.83000183105469,99.5999984741211,100.70999908447266,77.8031234741211,7412100
2014-08-07,101.08999633789062,101.19000244140625,99.58000183105469,99.93000030517578,77.2005615234375,7417800
2014-08-08,100.20999908447266,101.1500015258789,99.7699966430664,101.08000183105469,78.08897399902344,5618400
2014-08-11,101.62000274658203,101.77999877929688,101.01000213623047,101.16000366210938,78.15076446533203,5703000
2014-08-12,101.0,101.22000122070312,100.30999755859375,100.62999725341797,77.7413330078125,4577700
2014-08-13,101.1500015258789,101.94999694824219,101.1500015258789,101.73999786376953,78.59886169433594,4563700
2014-08-14,101.88999938964844,102.05000305175781,101.5,102.0199966430664,78.81517791748047,5239400
2014-08-15,102.20999908447266,102.44000244140625,100.80000305175781,101.16999816894531,78.15849304199219,6986000
2014-08-18,101.91999816894531,102.72000122070312,101.75,102.69999694824219,79.34049987792969,5979500
2014-08-19,102.7300033569336,102.95999908447266,102.0199966430664,102.95999908447266,79.5413818359375,5670000
2014-08-20,102.87000274658203,103.30000305175781,102.69999694824219,103.20999908447266,79.7344970703125,5183000
2014-08-21,103.33000183105469,104.41999816894531,103.33000183105469,104.19000244140625,80.49156951904297,8357600
2014-08-22,103.62999725341797,104.02999877929688,102.97000122070312,103.0999984741211,80.18826293945312,5076300
2014-08-25,103.6500015258789,103.80999755859375,103.08999633789062,103.2300033569336,80.28936767578125,3678200
2014-08-26,103.47000122070312,103.72000122070312,103.16999816894531,103.44000244140625,80.45268249511719,3512400
2014-08-27,103.5999984741211,103.72000122070312,102.91000366210938,103.22000122070312,80.28158569335938,4786100
2014-08-28,102.9000015258789,103.19000244140625,102.70999908447266,102.94999694824219,80.07160186767578,3482200
2014-08-29,103.0999984741211,103.76000213623047,103.01000213623047,103.7300033569336,80.67826843261719,5287800
2014-09-02,103.30000305175781,103.70999908447266,103.0199966430664,103.36000061035156,80.39046478271484,4644800
2014-09-03,103.81999969482422,104.0999984741211,103.54000091552734,103.76000213623047,80.70159912109375,4725800
2014-09-04,103.98999786376953,104.0999984741211,103.76000213623047,103.83999633789062,80.76380157470703,6147700
2014-09-05,103.91999816894531,104.41999816894531,103.33999633789062,104.41999816894531,81.21492004394531,5744400
2014-09-08,104.41999816894531,104.58000183105469,103.83000183105469,104.05000305175781,80.9271469116211,4900300
2014-09-09,104.4000015258789,104.4000015258789,103.55000305175781,103.80000305175781,80.73271179199219,5999400
2014-09-10,104.19000244140625,105.33999633789062,103.95999908447266,104.98999786376953,81.65824890136719,7402200
2014-09-11,104.77999877929688,104.88999938964844,104.0999984741211,104.55000305175781,81.31603240966797,4834100
2014-09-12,104.54000091552734,104.80999755859375,103.95999908447266,104.58000183105469,81.33937072753906,5929200
2014-09-15,104.58999633789062,104.91000366210938,104.3499984741211,104.72000122070312,81.44828033447266,4525500
2014-09-16,104.48999786376953,105.94000244140625,104.30000305175781,105.87999725341797,82.3504638671875,6081400
2014-09-17,105.87999725341797,106.62999725341797,105.80000305175781,106.19000244140625,82.59159851074219,6627800
2014-09-18,106.18000030517578,107.41000366210938,106.02999877929688,107.3499984741211,83.49378967285156,6628700
2014-09-19,107.88999938964844,108.37000274658203,107.62000274658203,107.98999786376953,83.99156188964844,13033400
2014-09-22,108.0,108.25,107.77999877929688,107.87999725341797,83.9060287475586,5788300
2014-09-23,107.7699966430664,108.0999984741211,107.19000244140625,107.45999908447266,83.57933044433594,8108100
2014-09-24,107.69999694824219,108.7699966430664,107.33999633789062,108.63999938964844,84.49710845947266,5890900
2014-09-25,108.52999877929688,108.55000305175781,107.06999969482422,107.0999984741211,83.29933166503906,5688200
2014-09-26,107.41000366210938,107.48999786376953,106.19999694824219,107.0999984741211,83.29933166503906,4467500
2014-09-29,106.37999725341797,106.6500015258789,106.04000091552734,106.54000091552734,82.8637924194336,6581600
2014-09-30,106.5,107.20999908447266,106.44999694824219,106.58999633789062,82.90270233154297,6822500
2014-10-01,105.9800033569336,106.27999877929688,103.94999694824219,104.30000305175781,81.12158966064453,12263700
2014-10-02,104.05999755859375,104.54000091552734,103.25,103.8499984741211,80.7715835571289,7566100
2014-10-03,104.2300033569336,105.19000244140625,104.12999725341797,105.12999725341797,81.76712799072266,6856100
2014-10-06,105.68000030517578,106.0,104.37000274658203,104.86000061035156,81.5571517944336,5015100
2014-10-07,104.45999908447266,104.45999908447266,102.33999633789062,102.38999938964844,79.63603210449219,8407800
2014-10-08,102.43000030517578,105.02999877929688,102.04000091552734,104.91000366210938,81.59602355957031,8337000
2014-10-09,104.62999725341797,104.86000061035156,101.79000091552734,102.08000183105469,79.39495086669922,10675900
2014-10-10,102.3499984741211,102.52999877929688,101.2300033569336,101.2300033569336,78.73383331298828,9984100
2014-10-13,101.45999908447266,101.45999908447266,99.0199966430664,99.12000274658203,77.09273529052734,10334600
2014-10-14,100.52999877929688,100.9000015258789,95.33999633789062,97.01000213623047,75.45162963867188,20807400
2014-10-15,96.05000305175781,98.72000122070312,95.0999984741211,98.20999908447266,76.38495635986328,21905900
2014-10-16,96.97000122070312,98.0,96.5,96.77999877929688,75.27275848388672,14575300
2014-10-17,97.54000091552734,99.1500015258789,97.30999755859375,98.69999694824219,76.76607513427734,12272900
2014-10-20,98.83000183105469,99.19999694824219,98.31999969482422,99.19999694824219,77.15495300292969,7988900
2014-10-21,99.83000183105469,100.37999725341797,99.33999633789062,100.36000061035156,78.05716705322266,7287300
2014-10-22,101.0999984741211,101.79000091552734,100.5199966430664,101.22000122070312,78.72603607177734,9360100
2014-10-23,102.26000213623047,102.9800033569336,101.94000244140625,102.62999725341797,79.82270050048828,7570400
2014-10-24,102.94999694824219,103.29000091552734,102.20999908447266,103.12999725341797,80.21160125732422,5973100
2014-10-27,103.06999969482422,104.23999786376953,103.04000091552734,104.06999969482422,80.94269561767578,7043900
2014-10-28,104.55000305175781,104.80000305175781,103.55999755859375,104.79000091552734,81.502685546875,10347800
2014-10-29,105.0,105.55999755859375,104.86000061035156,105.55999755859375,82.10159301757812,8188300
2014-10-30,105.16999816894531,107.05000305175781,104.91000366210938,107.04000091552734,83.25270080566406,9068300
2014-10-31,107.94000244140625,108.18000030517578,107.26000213623047,107.77999877929688,83.82823181152344,10800100
2014-11-03,107.83000183105469,108.12000274658203,106.75,107.45999908447266,83.57933044433594,7082600
2014-11-04,107.88999938964844,108.7300033569336,107.33999633789062,108.62000274658203,84.48155975341797,9349000
2014-11-05,109.05000305175781,109.26000213623047,107.94999694824219,108.81999969482422,84.63711547851562,6966800
2014-11-06,108.93000030517578,109.31999969482422,108.55000305175781,109.01000213623047,84.78490447998047,6200300
2014-11-07,109.0,109.02999877929688,107.91999816894531,108.19999694824219,84.15489196777344,6652600
2014-11-10,108.06999969482422,108.91999816894531,107.19999694824219,108.81999969482422,84.63711547851562,7573300
2014-11-11,108.87999725341797,109.4000015258789,108.55000305175781,108.91000366210938,84.7071304321289,6221100
2014-11-12,108.66999816894531,109.0,108.38999938964844,108.75,84.58267974853516,4895900
2014-11-13,109.05000305175781,109.48999786376953,108.5,109.06999969482422,84.83153533935547,4860000
2014-11-14,108.91999816894531,109.05999755859375,108.01000213623047,108.16000366210938,84.1238021850586,5650700
2014-11-17,108.0,108.69000244140625,107.61000061035156,108.30000305175781,84.2326889038086,5233000
2014-11-18,108.12999725341797,109.05999755859375,107.72000122070312,108.83000183105469,84.64488220214844,5407200
2014-11-19,108.44999694824219,108.80999755859375,108.0999984741211,108.76000213623047,84.5904541015625,5217800
2014-11-20,108.55000305175781,108.56999969482422,107.69000244140625,108.18000030517578,84.13933563232422,8090700
2014-11-21,108.7300033569336,108.7300033569336,107.62000274658203,107.86000061035156,84.43681335449219,8417400
2014-11-24,107.91999816894531,108.2300033569336,106.63999938964844,106.87999725341797,83.66963958740234,9098000
2014-11-25,106.9800033569336,107.19000244140625,106.69999694824219,106.69999694824219,83.52873229980469,7367900
2014-11-26,106.7699966430664,107.25,106.5999984741211,107.20999908447266,83.927978515625,5503700
2014-11-28,107.61000061035156,108.81999969482422,107.33000183105469,108.25,84.74212646484375,5881200
2014-12-01,107.88999938964844,108.80999755859375,107.3499984741211,108.02999877929688,84.56990814208984,5638800
2014-12-02,107.97000122070312,108.52999877929688,107.5,108.51000213623047,84.94567108154297,6184400
2014-12-03,108.54000091552734,108.98999786376953,107.6500015258789,107.72000122070312,84.32720947265625,8957400
2014-12-04,108.08999633789062,108.30000305175781,107.37999725341797,107.55999755859375,84.20198822021484,6697600
2014-12-05,107.52999877929688,108.73999786376953,107.22000122070312,108.51000213623047,84.94567108154297,6449700
2014-12-08,108.41999816894531,108.87999725341797,108.13999938964844,108.5199966430664,84.9534912109375,6499300
2014-12-09,108.22000122070312,108.47000122070312,106.88999938964844,108.05000305175781,84.58556365966797,7214300
2014-12-10,107.61000061035156,107.95999908447266,106.1500015258789,106.23999786376953,83.16863250732422,9416400
2014-12-11,105.8499984741211,107.30999755859375,105.36000061035156,106.72000122070312,83.54438781738281,7114600
2014-12-12,106.6500015258789,106.87000274658203,104.38999938964844,104.43000030517578,81.75166320800781,8325500
2014-12-15,104.7699966430664,105.05999755859375,103.62999725341797,103.95999908447266,81.38374328613281,12110600
2014-12-16,103.4800033569336,105.20999908447266,102.5,102.76000213623047,80.44434356689453,10209200
2014-12-17,103.2699966430664,104.48999786376953,102.69999694824219,104.06999969482422,81.46987915039062,10207600
2014-12-18,105.62000274658203,106.81999969482422,104.73999786376953,106.80999755859375,83.61483764648438,11756800
2014-12-19,106.62999725341797,107.38999938964844,105.5,105.55000305175781,82.62847900390625,19154400
2014-12-22,105.69000244140625,106.83000183105469,105.66999816894531,106.73999786376953,83.56004333496094,8124500
2014-12-23,106.66000366210938,106.91000366210938,103.91999816894531,104.27999877929688,81.63427734375,10171700
2014-12-24,104.37999725341797,105.33000183105469,104.37999725341797,104.58999633789062,81.87693786621094,3415100
2014-12-26,105.06999969482422,105.69000244140625,104.69000244140625,105.05999755859375,82.244873046875,2951000
2014-12-29,104.63999938964844,105.69000244140625,104.61000061035156,105.33000183105469,82.45623779296875,4273400
2014-12-30,105.41999816894531,105.80000305175781,105.05999755859375,105.36000061035156,82.479736328125,4371700
2014-12-31,105.61000061035156,106.11000061035156,104.54000091552734,104.56999969482422,81.86126708984375,6202100
2015-01-02,105.05000305175781,105.55000305175781,104.12999725341797,104.5199966430664,81.82213592529297,5753600
2015-01-05,104.4800033569336,104.7300033569336,103.68000030517578,103.79000091552734,81.25069427490234,8079300
2015-01-06,104.33999633789062,104.98999786376953,102.94000244140625,103.27999877929688,80.85142517089844,7428000
2015-01-07,103.91000366210938,105.83000183105469,103.80999755859375,105.55999755859375,82.63630676269531,7931700
2015-01-08,106.05999755859375,106.48999786376953,105.75,106.38999938964844,83.28604125976562,9916000
2015-01-09,106.5,106.5,104.75,104.94000244140625,82.15093231201172,7364800
2015-01-12,105.16999816894531,105.81999969482422,104.30000305175781,104.58000183105469,81.86911010742188,6839000
2015-01-13,105.44000244140625,106.33000183105469,104.23999786376953,104.76000213623047,82.0100326538086,10151100
2015-01-14,103.86000061035156,104.43000030517578,103.51000213623047,104.0,81.41506958007812,8887700
2015-01-15,102.97000122070312,103.93000030517578,101.94999694824219,102.48999786376953,80.23299407958984,10834800
2015-01-16,102.05999755859375,104.62000274658203,102.0,104.04000091552734,81.4463882446289,14092300
2015-01-20,101.55000305175781,102.05000305175781,100.26000213623047,101.29000091552734,79.29358673095703,20460000
2015-01-21,100.55999755859375,102.0999984741211,100.4000015258789,101.9000015258789,79.77111053466797,11702900
2015-01-22,102.38999938964844,103.83000183105469,101.56999969482422,103.76000213623047,81.2271728515625,9036600
2015-01-23,102.94000244140625,102.97000122070312,101.94000244140625,102.19999694824219,80.00597381591797,10126000
2015-01-26,101.80000305175781,102.44999694824219,101.20999908447266,102.26000213623047,80.0529556274414,8962800
2015-01-27,101.83000183105469,102.7699966430664,100.93000030517578,102.08999633789062,79.91985321044922,10160500
2015-01-28,102.4800033569336,102.93000030517578,101.44000244140625,101.4800033569336,79.44230651855469,9053200
2015-01-29,101.51000213623047,102.45999908447266,100.66999816894531,102.37999725341797,80.14685821533203,7569300
2015-01-30,101.58000183105469,102.0,100.08999633789062,100.13999938964844,78.3933334350586,10676300
2015-02-02,100.48999786376953,100.8499984741211,99.37999725341797,100.83000183105469,78.93347930908203,8990700
2015-02-03,101.4000015258789,102.55999755859375,101.12000274658203,102.45999908447266,80.20948791503906,10005200
2015-02-04,102.12000274658203,102.44999694824219,101.0199966430664,101.36000061035156,79.34837341308594,9514100
2015-02-05,101.56999969482422,102.55999755859375,101.45999908447266,102.45999908447266,80.20948791503906,6642200
2015-02-06,102.11000061035156,102.44999694824219,100.83000183105469,101.0999984741211,79.14484405517578,9215700
2015-02-09,101.05999755859375,101.05999755859375,99.0999984741211,99.77999877929688,78.11149597167969,9851700
2015-02-10,100.19000244140625,100.69999694824219,99.43000030517578,100.3499984741211,78.55769348144531,12275500
2015-02-11,100.45999908447266,100.79000091552734,99.94999694824219,100.37999725341797,78.58119201660156,8177000
2015-02-12,100.5,100.54000091552734,97.1500015258789,98.44000244140625,77.0625,25835200
2015-02-13,98.44000244140625,99.66999816894531,98.33000183105469,99.62000274658203,77.98623657226562,11153600
2015-02-17,99.38999938964844,100.4800033569336,99.12000274658203,100.44000244140625,78.628173828125,8627100
2015-02-18,100.69999694824219,100.94000244140625,99.37999725341797,99.95999908447266,78.25241088867188,7878200
2015-02-19,99.94999694824219,100.83999633789062,99.61000061035156,100.69999694824219,78.83169555664062,10028200
2015-02-20,100.18000030517578,100.37000274658203,99.11000061035156,100.26000213623047,79.03666687011719,10085700
2015-02-23,100.73999786376953,100.7699966430664,99.80000305175781,100.18000030517578,78.97359466552734,6878200
2015-02-24,100.25,101.05000305175781,100.0,100.69999694824219,79.38351440429688,6587200
2015-02-25,100.94000244140625,101.29000091552734,100.16000366210938,101.20999908447266,79.78559112548828,9684000
2015-02-26,101.37999725341797,103.18000030517578,101.22000122070312,102.80000305175781,81.03900909423828,11437900
2015-02-27,103.04000091552734,103.33000183105469,102.4800033569336,102.51000213623047,80.81038665771484,8500000
2015-03-02,102.51000213623047,103.41000366210938,102.51000213623047,103.22000122070312,81.37007141113281,7277600
2015-03-03,103.0999984741211,103.0999984741211,101.80999755859375,102.33999633789062,80.67634582519531,6419700
2015-03-04,102.12000274658203,102.12000274658203,101.16999816894531,101.6500015258789,80.13243865966797,8665500
2015-03-05,102.06999969482422,103.20999908447266,102.0,102.5199966430664,80.8182601928711,8042300
2015-03-06,102.08999633789062,102.43000030517578,99.87999725341797,100.11000061035156,78.91841888427734,9287600
2015-03-09,100.19999694824219,100.91999816894531,99.76000213623047,100.66000366210938,79.35198974609375,5701100
2015-03-10,99.98999786376953,100.44000244140625,99.51000213623047,99.52999877929688,78.46118927001953,8735700
2015-03-11,99.83000183105469,99.83000183105469,98.22000122070312,98.31999969482422,77.50733947753906,9138100
2015-03-12,98.95999908447266,100.23999786376953,98.83000183105469,99.83000183105469,78.69772338867188,8318000
2015-03-13,99.8499984741211,100.05000305175781,98.63999938964844,99.20999908447266,78.20893859863281,7821800
2015-03-16,99.73999786376953,101.06999969482422,99.73999786376953,101.05999755859375,79.66731262207031,7726500
2015-03-17,100.11000061035156,100.5199966430664,99.41000366210938,99.88999938964844,78.74498748779297,7301500
2015-03-18,99.88999938964844,101.73999786376953,99.12999725341797,101.45999908447266,79.98265838623047,7972500
2015-03-19,101.04000091552734,101.95999908447266,100.91000366210938,101.69000244140625,80.16395568847656,6863100
2015-03-20,101.87000274658203,102.9000015258789,101.76000213623047,102.4000015258789,80.72367858886719,12433800
2015-03-23,102.47000122070312,103.3499984741211,102.2300033569336,102.9800033569336,81.18090057373047,9016000
2015-03-24,102.83000183105469,103.2300033569336,101.93000030517578,101.95999908447266,80.37681579589844,8390700
2015-03-25,101.8499984741211,102.5,100.33999633789062,100.33999633789062,79.0997314453125,8444100
2015-03-26,99.94999694824219,100.80999755859375,99.55999755859375,100.13999938964844,78.94210052490234,9972400
2015-03-27,100.27999877929688,100.94999694824219,100.1500015258789,100.33999633789062,79.0997314453125,5847400
2015-03-30,101.23999786376953,101.86000061035156,100.76000213623047,101.55000305175781,80.0535888671875,6061200
2015-03-31,100.97000122070312,101.48999786376953,100.58999633789062,100.5999984741211,79.3046875,8028000
2015-04-01,100.45999908447266,100.45999908447266,98.61000061035156,99.1500015258789,78.16162872314453,11368100
2015-04-02,99.44000244140625,99.98999786376953,98.88999938964844,99.63999938964844,78.54790496826172,6097100
2015-04-06,98.83999633789062,99.55999755859375,98.04000091552734,99.16000366210938,78.16952514648438,9697600
2015-04-07,99.55000305175781,100.87000274658203,99.43000030517578,100.0999984741211,78.91055297851562,7900300
2015-04-08,99.83999633789062,100.44999694824219,99.5999984741211,100.16000366210938,78.95783996582031,7354100
2015-04-09,100.56999969482422,101.6500015258789,100.33000183105469,101.33000183105469,79.88015747070312,8073900
2015-04-10,101.33000183105469,102.13999938964844,100.93000030517578,102.05999755859375,80.45565032958984,6786500
2015-04-13,101.54000091552734,101.9800033569336,100.55000305175781,100.55000305175781,79.26526641845703,10753500
2015-04-14,101.05000305175781,101.45999908447266,100.19000244140625,100.5199966430664,79.24162292480469,9322200
2015-04-15,100.54000091552734,101.23999786376953,100.33000183105469,100.5999984741211,79.3046875,8237100
2015-04-16,100.2699966430664,100.31999969482422,99.7699966430664,99.79000091552734,78.66615295410156,7324800
2015-04-17,99.37000274658203,99.8499984741211,99.11000061035156,99.58000183105469,78.5006103515625,11084200
2015-04-20,100.26000213623047,100.87999725341797,100.05000305175781,100.20999908447266,78.99723815917969,6668500
2015-04-21,100.66000366210938,100.98999786376953,100.16000366210938,100.30000305175781,79.06819152832031,6532700
2015-04-22,100.62999725341797,100.80000305175781,99.95999908447266,100.43000030517578,79.1706771850586,4763900
2015-04-23,100.5,100.81999969482422,99.91000366210938,100.45999908447266,79.19432830810547,7351500
2015-04-24,100.11000061035156,101.52999877929688,100.0,101.08000183105469,79.68309783935547,6566900
2015-04-27,101.16000366210938,101.5999984741211,100.47000122070312,100.58000183105469,79.28892517089844,9113900
2015-04-28,100.44999694824219,100.94999694824219,99.30999755859375,100.73999786376953,79.41505432128906,7484600
2015-04-29,100.51000213623047,100.61000061035156,99.9000015258789,100.38999938964844,79.1391372680664,8926200
2015-04-30,100.06999969482422,100.1500015258789,98.7699966430664,99.19999694824219,78.2010498046875,10170600
2015-05-01,99.62000274658203,100.38999938964844,99.62000274658203,100.12999725341797,78.93417358398438,6255000
2015-05-04,100.33000183105469,100.55000305175781,100.16000366210938,100.3499984741211,79.10759735107422,5532400
2015-05-05,100.12999725341797,100.29000091552734,99.29000091552734,99.5,78.43753814697266,8828000
2015-05-06,99.62000274658203,99.87000274658203,98.66000366210938,99.16999816894531,78.17740631103516,8030800
2015-05-07,98.94000244140625,100.0,98.91000366210938,99.66000366210938,78.56369018554688,6401600
2015-05-08,100.4800033569336,101.66999816894531,100.44000244140625,101.47000122070312,79.99053192138672,7508600
2015-05-11,101.31999969482422,101.66000366210938,101.01000213623047,101.02999877929688,79.64366149902344,5698900
2015-05-12,100.87999725341797,101.05000305175781,100.27999877929688,100.47000122070312,79.20221710205078,6903100
2015-05-13,100.68000030517578,101.12999725341797,100.47000122070312,100.55000305175781,79.26526641845703,5826800
2015-05-14,100.97000122070312,101.87000274658203,100.94999694824219,101.83000183105469,80.27433013916016,5454000
2015-05-15,101.9800033569336,102.31999969482422,101.66999816894531,102.30000305175781,80.64484405517578,6023500
2015-05-18,102.37000274658203,104.33999633789062,102.31999969482422,103.41999816894531,81.52776336669922,10479600
2015-05-19,103.66000366210938,104.12000274658203,103.26000213623047,103.95999908447266,81.95342254638672,7724100
2015-05-20,104.41999816894531,104.4800033569336,103.30999755859375,103.5999984741211,81.66963195800781,7146500
2015-05-21,102.91000366210938,103.30000305175781,102.33999633789062,102.41999816894531,81.32820129394531,6875600
2015-05-22,102.2699966430664,102.41000366210938,101.33000183105469,101.3499984741211,80.47854614257812,6216600
2015-05-26,101.2300033569336,101.55000305175781,100.58000183105469,100.81999969482422,80.05769348144531,7918900
2015-05-27,101.01000213623047,101.41000366210938,100.80000305175781,101.12999725341797,80.30384826660156,9297900
2015-05-28,101.01000213623047,101.69999694824219,100.80999755859375,101.1500015258789,80.31973266601562,5700100
2015-05-29,101.55000305175781,101.62000274658203,99.83000183105469,100.13999938964844,79.51774597167969,9957800
2015-06-01,100.27999877929688,100.5999984741211,99.72000122070312,100.04000091552734,79.43831634521484,7298100
2015-06-02,99.91999816894531,100.23999786376953,99.0999984741211,99.9800033569336,79.39066314697266,8312400
2015-06-03,100.31999969482422,100.43000030517578,99.83999633789062,100.08999633789062,79.47801971435547,5375200
2015-06-04,99.94000244140625,100.47000122070312,99.05999755859375,99.2300033569336,78.79512786865234,8057900
2015-06-05,98.98999786376953,99.05000305175781,98.19999694824219,98.58999633789062,78.28693389892578,7557300
2015-06-08,98.5999984741211,98.9800033569336,97.95999908447266,97.95999908447266,77.78667449951172,7054600
2015-06-09,98.44000244140625,98.54000091552734,97.80000305175781,98.20999908447266,77.98516082763672,7844300
2015-06-10,98.4800033569336,99.55000305175781,98.19999694824219,98.87999725341797,78.5171890258789,10025100
2015-06-11,99.19999694824219,99.80000305175781,98.83000183105469,99.23999786376953,78.80306243896484,6175200
2015-06-12,98.87999725341797,99.2300033569336,98.12000274658203,98.3499984741211,78.09632873535156,8717200
2015-06-15,97.75,97.87000274658203,97.01000213623047,97.48999786376953,77.41344451904297,6833500
2015-06-16,97.5,98.48999786376953,97.0999984741211,98.36000061035156,78.10429382324219,6049500
2015-06-17,98.37999725341797,99.12000274658203,98.1500015258789,98.7300033569336,78.39810943603516,6155800
2015-06-18,98.86000061035156,100.55000305175781,98.70999908447266,100.36000061035156,79.69242095947266,8815800
2015-06-19,99.87999725341797,100.19999694824219,99.77999877929688,99.86000061035156,79.29541015625,11653600
2015-06-22,100.5999984741211,100.83999633789062,99.98999786376953,100.08999633789062,79.47801971435547,5055900
2015-06-23,100.0999984741211,100.36000061035156,99.4800033569336,99.77999877929688,79.23188018798828,6046600
2015-06-24,99.51000213623047,99.80999755859375,99.06999969482422,99.33000183105469,78.87451171875,7254700
2015-06-25,99.5,99.9800033569336,99.11000061035156,99.12000274658203,78.70779418945312,6581100
2015-06-26,99.43000030517578,100.12999725341797,99.25,99.63999938964844,79.12068176269531,9041100
2015-06-29,98.9800033569336,99.3499984741211,97.62000274658203,97.68000030517578,77.56432342529297,11150900
2015-06-30,98.43000030517578,98.44999694824219,97.30000305175781,97.45999908447266,77.38961029052734,8967900
2015-07-01,98.30000305175781,98.68000030517578,97.63999938964844,98.47000122070312,78.19164276123047,6726700
2015-07-02,98.8499984741211,99.0199966430664,98.31999969482422,98.44000244140625,78.16783905029297,6091900
2015-07-06,97.70999908447266,98.5,96.63999938964844,98.19999694824219,77.97726440429688,6817800
2015-07-07,98.62999725341797,98.9800033569336,97.5199966430664,98.91999816894531,78.54896545410156,7122600
2015-07-08,98.41999816894531,98.58999633789062,97.69000244140625,97.7699966430664,77.63579559326172,6845500
2015-07-09,99.05000305175781,99.54000091552734,98.4000015258789,98.4000015258789,78.13603973388672,7316400
2015-07-10,99.77999877929688,99.88999938964844,99.08999633789062,99.52999877929688,79.0333480834961,6969300
2015-07-13,100.05000305175781,100.4800033569336,99.87000274658203,100.2699966430664,79.6209487915039,6986300
2015-07-14,99.26000213623047,99.87999725341797,98.55000305175781,99.77999877929688,79.23188018798828,9890600
2015-07-15,99.76000213623047,100.94000244140625,99.62999725341797,100.41999816894531,79.74006652832031,7990300
2015-07-16,100.94999694824219,101.36000061035156,100.77999877929688,101.11000061035156,80.2879867553711,5775000
2015-07-17,100.88999938964844,100.91000366210938,99.95999908447266,100.08000183105469,79.47008514404297,8054200
2015-07-20,100.5,100.6500015258789,100.0999984741211,100.37000274658203,79.70035552978516,5016200
2015-07-21,100.5999984741211,100.80999755859375,100.06999969482422,100.33999633789062,79.6765365600586,5891600
2015-07-22,100.41000366210938,100.70999908447266,99.7300033569336,100.18000030517578,79.54948425292969,6721900
2015-07-23,100.5,100.5999984741211,100.0,100.19999694824219,79.56539154052734,5016100
2015-07-24,99.75,99.94999694824219,99.05000305175781,99.1500015258789,78.73160552978516,6524200
2015-07-27,98.97000122070312,98.98999786376953,97.91999816894531,98.27999877929688,78.040771484375,8734000
2015-07-28,98.88999938964844,99.2300033569336,98.41999816894531,99.0199966430664,78.62838745117188,7757500
2015-07-29,99.26000213623047,100.05000305175781,99.05000305175781,99.7300033569336,79.19215393066406,7853500
2015-07-30,99.80000305175781,100.0,99.37999725341797,99.83999633789062,79.2795181274414,5517400
2015-07-31,100.33999633789062,100.9800033569336,99.95999908447266,100.20999908447266,79.57330322265625,6216800
2015-08-03,100.0,100.20999908447266,99.2300033569336,100.0199966430664,79.42243194580078,6172500
2015-08-04,100.41000366210938,100.5,99.6500015258789,99.80000305175781,79.24774932861328,6005300
2015-08-05,100.56999969482422,101.0,100.3499984741211,100.5199966430664,79.8194580078125,4571300
2015-08-06,100.48999786376953,100.5999984741211,99.01000213623047,99.06999969482422,78.66808319091797,6988000
2015-08-07,99.0199966430664,99.06999969482422,98.16000366210938,98.8499984741211,78.49339294433594,6027900
2015-08-10,99.56999969482422,100.05999755859375,99.44999694824219,99.79000091552734,79.23980712890625,6133500
2015-08-11,99.05000305175781,99.33999633789062,98.7699966430664,99.01000213623047,78.62043762207031,6682600
2015-08-12,98.4000015258789,98.7300033569336,97.41000366210938,98.70999908447266,78.38223266601562,7462400
2015-08-13,98.73999786376953,98.9800033569336,98.1500015258789,98.4800033569336,78.1995849609375,5048000
2015-08-14,98.33000183105469,98.83000183105469,97.87000274658203,98.80999755859375,78.4616470336914,5177300
2015-08-17,98.44000244140625,99.87999725341797,98.05999755859375,99.87000274658203,79.3033447265625,6901800
2015-08-18,99.23999786376953,99.68000030517578,99.0199966430664,99.37000274658203,78.90628814697266,7618800
2015-08-19,99.18000030517578,99.98999786376953,98.77999877929688,99.30999755859375,78.8586654663086,7642400
2015-08-20,98.94999694824219,100.12000274658203,98.79000091552734,98.79000091552734,78.44574737548828,10620400
2015-08-21,97.22000122070312,98.5199966430664,95.51000213623047,95.55999755859375,76.46138000488281,16141500
2015-08-24,91.08000183105469,95.20999908447266,81.79000091552734,92.81999969482422,74.26899719238281,25636300
2015-08-25,95.69000244140625,95.69999694824219,90.4000015258789,90.7300033569336,72.59671783447266,15671100
2015-08-26,92.91000366210938,95.22000122070312,91.45999908447266,95.11000061035156,76.10132598876953,14738300
2015-08-27,96.0999984741211,96.4000015258789,94.3499984741211,96.22000122070312,76.98949432373047,11131200
2015-08-28,95.93000030517578,96.29000091552734,94.37999725341797,95.16999816894531,76.14933776855469,9200300
2015-08-31,94.87999725341797,95.16999816894531,93.58000183105469,93.9800033569336,75.19718170166016,9083500
2015-09-01,92.29000091552734,92.88999938964844,91.45999908447266,92.08999633789062,73.68492126464844,14593500
2015-09-02,93.16999816894531,93.47000122070312,92.5,93.3499984741211,74.69306945800781,11517400
2015-09-03,93.66000366210938,94.08999633789062,92.26000213623047,92.63999938964844,74.1249771118164,9027200
2015-09-04,91.58000183105469,91.87999725341797,90.56999969482422,91.30999755859375,73.06080627441406,10996800
2015-09-08,93.08999633789062,93.9800033569336,92.51000213623047,93.94000244140625,75.16516876220703,11394100
2015-09-09,94.98999786376953,95.16000366210938,92.02999877929688,92.22000122070312,73.78893280029297,7384500
2015-09-10,92.11000061035156,93.4800033569336,91.62000274658203,92.72000122070312,74.18899536132812,8359500
2015-09-11,92.44000244140625,93.0,91.80000305175781,92.93000030517578,74.35701751708984,7381300
2015-09-14,92.9000015258789,93.91000366210938,92.51000213623047,93.31999969482422,74.66908264160156,7948700
2015-09-15,93.79000091552734,94.75,93.19000244140625,94.4000015258789,75.5332260131836,7030700
2015-09-16,94.48999786376953,94.81999969482422,93.81999969482422,94.61000061035156,75.70128631591797,5630400
2015-09-17,94.52999877929688,96.19000244140625,94.31999969482422,94.83999633789062,75.88529205322266,8258000
2015-09-18,94.08000183105469,94.72000122070312,93.25,93.38999938964844,74.72508239746094,14211100
2015-09-21,93.87000274658203,94.5999984741211,92.37000274658203,93.12999725341797,74.51705932617188,7053700
2015-09-22,92.26000213623047,93.44000244140625,91.87999725341797,93.23999786376953,74.60506439208984,10618700
2015-09-23,93.20999908447266,93.69999694824219,92.55999755859375,92.98999786376953,74.40502166748047,5609300
2015-09-24,92.5199966430664,92.94000244140625,91.77999877929688,92.4800033569336,73.9969711303711,7407600
2015-09-25,92.93000030517578,93.12999725341797,90.76000213623047,91.0,72.81275939941406,10794400
2015-09-28,90.69999694824219,92.06999969482422,89.9000015258789,91.37000274658203,73.10880279541016,14332800
2015-09-29,92.23999786376953,93.83999633789062,91.83000183105469,93.04000091552734,74.44503784179688,11520000
2015-09-30,94.12999725341797,94.47000122070312,92.58999633789062,93.3499984741211,74.69306945800781,10970100
2015-10-01,93.43000030517578,93.8499984741211,91.76000213623047,93.16999816894531,74.5490493774414,9675900
2015-10-02,92.13999938964844,93.97000122070312,91.83999633789062,93.93000030517578,75.15715026855469,8368100
2015-10-05,94.19000244140625,94.81999969482422,94.08000183105469,94.76000213623047,75.82128143310547,9419200
2015-10-06,94.5199966430664,94.66000366210938,92.58000183105469,93.41999816894531,74.74909210205078,8365200
2015-10-07,94.26000213623047,95.41999816894531,93.44000244140625,94.9800033569336,75.997314453125,9397300
2015-10-08,94.70999908447266,95.19999694824219,93.80999755859375,95.08000183105469,76.07735443115234,7090700
2015-10-09,95.13999938964844,95.95999908447266,94.77999877929688,95.37000274658203,76.30936431884766,8259700
2015-10-12,95.06999969482422,96.47000122070312,94.9800033569336,95.98999786376953,76.80543518066406,8957900
2015-10-13,94.79000091552734,96.2300033569336,94.30999755859375,95.44999694824219,76.3733901977539,12761900
2015-10-14,95.20999908447266,95.95999908447266,94.12000274658203,94.52999877929688,75.63724517822266,8881900
2015-10-15,95.0,97.3499984741211,94.86000061035156,97.1500015258789,77.73361206054688,9561900
2015-10-16,97.87000274658203,98.30999755859375,97.4000015258789,98.23999786376953,78.60577392578125,9495300
2015-10-19,98.05000305175781,98.19999694824219,97.30999755859375,97.94000244140625,78.36573791503906,8725400
2015-10-20,97.94999694824219,98.25,97.30999755859375,97.58999633789062,78.08568572998047,6041800
2015-10-21,97.63999938964844,98.22000122070312,97.06999969482422,97.62999725341797,78.11766815185547,7059800
2015-10-22,97.8499984741211,99.80999755859375,97.12999725341797,99.52999877929688,79.63794708251953,9887900
2015-10-23,99.87999725341797,100.87999725341797,99.52999877929688,100.30999755859375,80.26206970214844,9178900
2015-10-26,100.05000305175781,100.27999877929688,99.48999786376953,99.94000244140625,79.96601867675781,7561600
2015-10-27,99.91999816894531,100.9000015258789,99.69999694824219,100.19000244140625,80.16605377197266,8883200
2015-10-28,100.44999694824219,100.4800033569336,99.5,100.4800033569336,80.39808654785156,7256300
2015-10-29,100.47000122070312,101.52999877929688,100.12000274658203,101.37000274658203,81.11019897460938,6340700
2015-10-30,101.52999877929688,102.12000274658203,101.01000213623047,101.02999877929688,80.83816528320312,10520300
2015-11-02,101.18000030517578,102.33999633789062,100.83999633789062,102.16999816894531,81.75032043457031,6297900
2015-11-03,101.83999633789062,102.30000305175781,101.11000061035156,101.95999908447266,81.58229064941406,6229200
2015-11-04,101.9000015258789,102.38999938964844,101.69000244140625,101.94000244140625,81.5663070678711,5592300
2015-11-05,102.25,102.48999786376953,101.41999816894531,102.33000183105469,81.87833404541016,6545600
2015-11-06,101.56999969482422,101.91999816894531,100.86000061035156,101.91999816894531,81.55027770996094,6221100
2015-11-09,101.38999938964844,101.58999633789062,100.55000305175781,100.83999633789062,80.68614959716797,6625900
2015-11-10,101.0,101.76000213623047,100.68000030517578,101.44999694824219,81.17420959472656,5114200
2015-11-11,101.77999877929688,102.36000061035156,101.5,101.86000061035156,81.50228881835938,6284700
2015-11-12,101.13999938964844,101.61000061035156,100.22000122070312,100.2699966430664,80.23003387451172,6918700
2015-11-13,100.04000091552734,100.94000244140625,99.73999786376953,99.87999725341797,79.91801452636719,8517500
2015-11-16,100.37999725341797,101.29000091552734,100.04000091552734,101.22000122070312,80.99018096923828,5755800
2015-11-17,100.37999725341797,101.70999908447266,100.37999725341797,101.5,81.21420288085938,5124000
2015-11-18,101.52999877929688,102.80000305175781,101.30999755859375,102.66999816894531,82.15038299560547,7148400
2015-11-19,102.66000366210938,102.68000030517578,102.05999755859375,102.48999786376953,82.00636291503906,5164500
2015-11-20,102.48999786376953,102.80000305175781,102.19999694824219,102.4800033569336,82.60282897949219,7671500
2015-11-23,102.38999938964844,103.0,102.19000244140625,102.7699966430664,82.8365707397461,6730600
2015-11-24,101.80999755859375,102.79000091552734,101.80999755859375,102.04000091552734,82.2481689453125,7492400
2015-11-25,102.16999816894531,102.33000183105469,101.95999908447266,101.95999908447266,82.18368530273438,5400800
2015-11-27,102.27999877929688,102.62000274658203,101.79000091552734,102.37000274658203,82.51416778564453,2353800
2015-11-30,102.4800033569336,102.4800033569336,101.23999786376953,101.23999786376953,81.60334777832031,8983700
2015-12-01,101.7300033569336,102.48999786376953,101.12000274658203,102.36000061035156,82.50613403320312,7545700
2015-12-02,102.5,102.93000030517578,101.98999786376953,102.05000305175781,82.25624084472656,6623500
2015-12-03,102.2699966430664,102.37000274658203,100.30999755859375,100.79000091552734,81.24064636230469,12008700
2015-12-04,101.4000015258789,103.0,101.27999877929688,102.94999694824219,82.98167419433594,7845400
2015-12-07,102.61000061035156,103.48999786376953,102.5999984741211,103.31999969482422,83.2798843383789,7262900
2015-12-08,102.9800033569336,103.23999786376953,101.91000366210938,102.41999816894531,82.5544662475586,8005400
2015-12-09,102.13999938964844,103.33999633789062,101.66999816894531,102.1500015258789,82.33684539794922,7947000
2015-12-10,102.30000305175781,103.33999633789062,101.80000305175781,102.63999938964844,82.73180389404297,6479300
2015-12-11,102.37000274658203,102.37000274658203,101.43000030517578,101.68000030517578,81.9580078125,7796500
2015-12-14,101.6500015258789,102.29000091552734,100.77999877929688,102.1500015258789,82.33684539794922,10641500
2015-12-15,102.6500015258789,104.69000244140625,102.6500015258789,104.12999725341797,83.93280029296875,9283200
2015-12-16,104.63999938964844,105.48999786376953,103.5199966430664,105.25,84.83555603027344,8178800
2015-12-17,105.16000366210938,105.26000213623047,103.62999725341797,103.63999938964844,83.53781127929688,8740800
2015-12-18,103.08000183105469,103.08000183105469,101.94999694824219,101.94999694824219,82.1756362915039,14966000
2015-12-21,102.33999633789062,102.91999816894531,100.8499984741211,101.58000183105469,81.87740325927734,8321900
2015-12-22,101.91000366210938,102.87999725341797,101.1500015258789,102.70999908447266,82.78822326660156,5581600
2015-12-23,103.11000061035156,103.66999816894531,102.73999786376953,103.48999786376953,83.41691589355469,5531700
2015-12-24,103.12000274658203,103.91000366210938,103.01000213623047,103.72000122070312,83.60233306884766,2546300
2015-12-28,103.18000030517578,103.47000122070312,102.93000030517578,103.22000122070312,83.19928741455078,4063000
2015-12-29,103.33999633789062,104.19000244140625,103.33999633789062,104.02999877929688,83.85220336914062,4230000
2015-12-30,104.11000061035156,104.33999633789062,103.52999877929688,103.77999877929688,83.65067291259766,3847800
2015-12-31,103.37000274658203,103.62000274658203,102.69000244140625,102.72000122070312,82.79627990722656,4592600
2016-01-04,101.70999908447266,101.80999755859375,99.44999694824219,100.4800033569336,80.99077606201172,12722800
2016-01-05,100.58000183105469,101.44000244140625,100.56999969482422,100.9000015258789,81.32929992675781,6467200
2016-01-06,99.81999969482422,100.97000122070312,99.5999984741211,100.38999938964844,80.91822052001953,7733800
2016-01-07,99.30999755859375,100.08999633789062,98.87999725341797,99.22000122070312,79.97514343261719,9433100
2016-01-08,99.87999725341797,99.94000244140625,97.8499984741211,98.16000366210938,79.1207275390625,9766700
2016-01-11,98.23999786376953,98.62999725341797,96.08000183105469,97.56999969482422,78.64517974853516,8151400
2016-01-12,97.98999786376953,98.62999725341797,97.23999786376953,98.23999786376953,79.18522644042969,6745000
2016-01-13,98.48999786376953,98.9800033569336,96.83999633789062,97.0199966430664,78.20185852050781,8290700
2016-01-14,97.0999984741211,99.47000122070312,97.0,98.88999938964844,79.70915222167969,10164300
2016-01-15,96.37000274658203,98.0,96.25,97.0,78.18573760986328,12662200
2016-01-19,97.93000030517578,98.41000366210938,96.9000015258789,97.5,78.5887451171875,12457800
2016-01-20,96.11000061035156,97.27999877929688,94.52999877929688,95.75,77.17820739746094,12685200
2016-01-21,95.7699966430664,96.63999938964844,94.27999877929688,95.94000244140625,77.33133697509766,11266400
2016-01-22,97.0199966430664,97.08999633789062,95.94999694824219,96.75,77.9842300415039,8380000
2016-01-25,96.72000122070312,97.69000244140625,96.04000091552734,96.4000015258789,77.70209503173828,9350200
2016-01-26,97.26000213623047,101.33999633789062,97.13999938964844,101.18000030517578,81.55497741699219,17266600
2016-01-27,100.48999786376953,103.37999725341797,100.48999786376953,102.16000366210938,82.34490966796875,19330500
2016-01-28,102.5,103.04000091552734,101.8499984741211,102.2699966430664,82.43356323242188,12789500
2016-01-29,102.88999938964844,104.75,102.62999725341797,104.44000244140625,84.18267822265625,15614600
2016-02-01,103.61000061035156,104.79000091552734,103.22000122070312,104.37000274658203,84.12625122070312,9803700
2016-02-02,103.30000305175781,104.26000213623047,103.0,103.41000366210938,83.35244750976562,10616300
2016-02-03,103.6500015258789,104.37999725341797,102.01000213623047,104.13999938964844,83.94084167480469,10168600
2016-02-04,103.61000061035156,104.08999633789062,102.7300033569336,103.9000015258789,83.74739837646484,10389000
2016-02-05,102.66000366210938,102.7699966430664,99.77999877929688,100.54000091552734,81.03913879394531,15522200
2016-02-08,100.30999755859375,103.51000213623047,100.22000122070312,102.0,82.21593475341797,14323800
2016-02-09,101.30999755859375,102.23999786376953,100.97000122070312,101.97000122070312,82.19175720214844,10044500
2016-02-10,102.05000305175781,102.91000366210938,101.37000274658203,101.7300033569336,81.99830627441406,9833100
2016-02-11,100.45999908447266,102.0199966430664,99.9800033569336,101.69999694824219,81.97410583496094,12465800
2016-02-12,101.81999969482422,101.9800033569336,100.72000122070312,101.81999969482422,82.07085418701172,9035000
2016-02-16,102.37000274658203,103.05000305175781,101.6500015258789,102.31999969482422,82.47386932373047,10452800
2016-02-17,102.75,103.23999786376953,102.2300033569336,102.5,82.61895751953125,8904000
2016-02-18,102.83000183105469,104.68000030517578,102.5,104.23999786376953,84.02145385742188,10744600
2016-02-19,103.58000183105469,104.68000030517578,103.37999725341797,104.16000366210938,84.56543731689453,9343300
2016-02-22,104.16000366210938,104.75,104.05000305175781,104.75,85.04444122314453,6947000
2016-02-23,104.6500015258789,104.79000091552734,103.95999908447266,104.08000183105469,84.50048065185547,6629200
2016-02-24,103.33999633789062,105.08000183105469,102.97000122070312,104.95999908447266,85.21492767333984,9076100
2016-02-25,104.94999694824219,106.38999938964844,104.7699966430664,106.37999725341797,86.36779022216797,8092500
2016-02-26,106.81999969482422,106.91999816894531,105.41999816894531,105.77999877929688,85.88066864013672,9049400
2016-02-29,105.27999877929688,106.19999694824219,105.04000091552734,105.20999908447266,85.41790771484375,10111100
2016-03-01,105.9000015258789,107.23999786376953,105.44000244140625,107.22000122070312,87.04977416992188,8298500
2016-03-02,106.91000366210938,107.41000366210938,106.43000030517578,107.04000091552734,86.90362548828125,9767000
2016-03-03,106.81999969482422,107.0,105.62999725341797,106.6500015258789,86.58700561523438,6927200
2016-03-04,106.51000213623047,106.9800033569336,106.06999969482422,106.5,86.4652099609375,6715700
2016-03-07,106.0,106.91999816894531,105.48999786376953,106.73999786376953,86.66006469726562,6973500
2016-03-08,106.5199966430664,106.7699966430664,105.97000122070312,106.22000122070312,86.23788452148438,7632900
2016-03-09,106.83999633789062,107.0199966430664,106.08999633789062,106.83999633789062,86.74126434326172,7564200
2016-03-10,106.98999786376953,107.4800033569336,106.06999969482422,107.13999938964844,86.98480987548828,10474700
2016-03-11,107.5,107.98999786376953,107.20999908447266,107.70999908447266,87.44758605957031,7763800
2016-03-14,107.91999816894531,108.30000305175781,107.30999755859375,107.66000366210938,87.40702056884766,7242800
2016-03-15,107.62000274658203,108.3499984741211,106.76000213623047,107.76000213623047,87.48818969726562,8476600
2016-03-16,107.7300033569336,107.77999877929688,106.87999725341797,107.41000366210938,87.20404815673828,7065100
2016-03-17,107.47000122070312,107.5999984741211,106.44999694824219,106.73999786376953,86.66006469726562,8571100
2016-03-18,106.98999786376953,107.83999633789062,106.36000061035156,107.5,87.277099609375,14758300
2016-03-21,107.41000366210938,107.75,106.55000305175781,107.27999877929688,87.09849548339844,7674700
2016-03-22,107.27999877929688,107.62999725341797,107.05000305175781,107.37999725341797,87.17967224121094,7821700
2016-03-23,107.29000091552734,108.83000183105469,107.19999694824219,108.5,88.08895874023438,8191300
2016-03-24,108.22000122070312,108.61000061035156,107.75,108.30999755859375,87.93473052978516,6284500
2016-03-28,108.41000366210938,108.9000015258789,108.05999755859375,108.2300033569336,87.86978912353516,4738100
2016-03-29,108.30000305175781,109.25,107.73999786376953,109.13999938964844,88.60858154296875,6612800
2016-03-30,109.44999694824219,109.55999755859375,108.93000030517578,108.9800033569336,88.47868347167969,5248200
2016-03-31,108.86000061035156,108.9800033569336,108.04000091552734,108.19999694824219,87.84541320800781,8167700
2016-04-01,108.0,109.29000091552734,107.69000244140625,109.19000244140625,88.64917755126953,9043200
2016-04-04,108.81999969482422,109.0999984741211,108.26000213623047,108.58999633789062,88.16205596923828,10668900
2016-04-05,108.2300033569336,109.83999633789062,108.01000213623047,108.94999694824219,88.4543228149414,7939000
2016-04-06,108.72000122070312,109.5,107.87999725341797,109.41999816894531,88.8359146118164,6828700
2016-04-07,109.0,109.62000274658203,108.62999725341797,109.2699966430664,88.71412658691406,7822900
2016-04-08,109.37000274658203,109.63999938964844,108.76000213623047,109.0999984741211,88.57609558105469,6301600
2016-04-11,109.1500015258789,109.62000274658203,108.6500015258789,108.97000122070312,88.4705810546875,6823900
2016-04-12,109.0,110.23999786376953,108.75,109.5999984741211,88.98204803466797,8412300
2016-04-13,110.0,110.3499984741211,109.30999755859375,109.87000274658203,89.20127868652344,5758300
2016-04-14,110.0,110.29000091552734,109.44999694824219,109.83999633789062,89.17691040039062,4457100
2016-04-15,110.06999969482422,110.4000015258789,109.5,110.18000030517578,89.45294952392578,10057900
2016-04-18,110.0,111.0999984741211,109.66999816894531,110.93000030517578,90.06185150146484,7772500
2016-04-19,111.6500015258789,113.94999694824219,111.4800033569336,112.68000030517578,91.48263549804688,10526400
2016-04-20,113.19000244140625,114.19000244140625,113.05000305175781,113.58000183105469,92.21331787109375,8213400
2016-04-21,113.30999755859375,113.7300033569336,112.7699966430664,113.56999969482422,92.2052001953125,7884500
2016-04-22,113.43000030517578,113.75,112.83000183105469,113.31999969482422,92.00224304199219,7508700
2016-04-25,113.30999755859375,113.55000305175781,112.4800033569336,113.51000213623047,92.15652465820312,6139900
2016-04-26,113.44999694824219,113.55999755859375,112.6500015258789,112.91000366210938,91.66937255859375,5853600
2016-04-27,112.95999908447266,113.19999694824219,112.45999908447266,112.7699966430664,91.55570220947266,5759300
2016-04-28,112.0999984741211,112.70999908447266,111.63999938964844,112.4800033569336,91.32028198242188,6640000
2016-04-29,112.05999755859375,112.22000122070312,111.51000213623047,112.08000183105469,90.99552154541016,7774500
2016-05-02,112.22000122070312,112.79000091552734,111.93000030517578,112.75,91.53947448730469,5178800
2016-05-03,112.55999755859375,113.0999984741211,112.12000274658203,112.69000244140625,91.49076843261719,7554500
2016-05-04,112.04000091552734,112.54000091552734,111.69999694824219,112.22000122070312,91.10917663574219,5214600
2016-05-05,112.08000183105469,113.0999984741211,112.04000091552734,112.87999725341797,91.64501953125,5404300
2016-05-06,112.58000183105469,113.05000305175781,112.27999877929688,112.73999786376953,91.53134155273438,6099900
2016-05-09,112.9800033569336,113.98999786376953,112.7300033569336,113.72000122070312,92.3270034790039,6512700
2016-05-10,114.0,115.0,113.91999816894531,114.66999816894531,93.09827423095703,8356400
2016-05-11,114.56999969482422,114.76000213623047,114.30999755859375,114.37000274658203,92.8547134399414,6680700
2016-05-12,114.5,114.76000213623047,113.54000091552734,114.2300033569336,92.74105834960938,7156300
2016-05-13,113.9000015258789,114.08999633789062,113.36000061035156,113.55999755859375,92.19709014892578,6779900
2016-05-16,113.38999938964844,114.62999725341797,113.30999755859375,114.44000244140625,92.91154479980469,6222900
2016-05-17,114.54000091552734,114.55999755859375,113.23999786376953,113.83000183105469,92.41629791259766,9233900
2016-05-18,113.61000061035156,114.02999877929688,112.87999725341797,113.58999633789062,92.22145080566406,8267900
2016-05-19,112.98999786376953,113.04000091552734,112.19999694824219,112.8499984741211,91.62065124511719,8232200
2016-05-20,112.19999694824219,112.91999816894531,111.76000213623047,112.63999938964844,92.10306549072266,7435200
2016-05-23,112.7699966430664,112.81999969482422,112.04000091552734,112.16000366210938,91.71062469482422,6462300
2016-05-24,112.5199966430664,113.5,112.5199966430664,112.69000244140625,92.14398193359375,6125300
2016-05-25,113.18000030517578,113.7300033569336,112.8499984741211,113.3499984741211,92.68363952636719,5453800
2016-05-26,113.11000061035156,113.31999969482422,112.8499984741211,112.9000015258789,92.3156967163086,3973600
2016-05-27,113.04000091552734,113.33999633789062,112.69000244140625,113.05999755859375,92.44649505615234,4647000
2016-05-31,113.26000213623047,113.62999725341797,112.31999969482422,112.69000244140625,92.14398193359375,10104700
2016-06-01,112.69000244140625,113.05999755859375,112.06999969482422,112.77999877929688,92.21755981445312,4748900
2016-06-02,112.87000274658203,114.6500015258789,112.86000061035156,114.48999786376953,93.61579895019531,7310800
2016-06-03,114.47000122070312,115.38999938964844,114.12000274658203,114.76000213623047,93.83655548095703,6881700
2016-06-06,114.97000122070312,116.0,114.93000030517578,115.7699966430664,94.66242980957031,6349400
2016-06-07,116.01000213623047,116.2300033569336,115.44999694824219,115.7300033569336,94.62970733642578,6417400
2016-06-08,115.5199966430664,115.94999694824219,115.41000366210938,115.80000305175781,94.68696594238281,5863800
2016-06-09,115.77999877929688,117.19000244140625,115.61000061035156,117.0,95.66816711425781,7375500
2016-06-10,116.73999786376953,117.2300033569336,116.36000061035156,117.01000213623047,95.67634582519531,6067400
2016-06-13,117.12999725341797,117.63999938964844,116.79000091552734,116.79000091552734,95.49644470214844,7940900
2016-06-14,116.44999694824219,117.18000030517578,116.30000305175781,117.12000274658203,95.76628112792969,6378400
2016-06-15,117.63999938964844,117.73999786376953,116.33999633789062,116.41000366210938,95.18573760986328,6371400
2016-06-16,115.69000244140625,116.88999938964844,115.22000122070312,116.63999938964844,95.3738021850586,6664300
2016-06-17,116.62000274658203,116.66999816894531,115.01000213623047,115.4800033569336,94.42530059814453,10702200
2016-06-20,116.5999984741211,117.13999938964844,116.43000030517578,116.54000091552734,95.29200744628906,5588200
2016-06-21,116.98999786376953,117.1500015258789,116.18000030517578,116.18000030517578,94.99767303466797,5493500
2016-06-22,116.54000091552734,117.20999908447266,116.30999755859375,116.45999908447266,95.22660064697266,5833800
2016-06-23,117.19999694824219,117.37999725341797,116.68000030517578,117.37999725341797,95.97885131835938,6775900
2016-06-24,115.06999969482422,117.12000274658203,115.0,115.62999725341797,94.54793548583984,13939500
2016-06-27,115.0,116.63999938964844,115.0,116.55000305175781,95.30020141601562,10877400
2016-06-28,117.16999816894531,118.37000274658203,116.55000305175781,118.2300033569336,96.67388916015625,10089600
2016-06-29,118.83999633789062,119.41000366210938,118.0999984741211,119.33000183105469,97.5733413696289,8341500
2016-06-30,119.18000030517578,121.41000366210938,119.16000366210938,121.30000305175781,99.18415832519531,11559900
2016-07-01,121.30000305175781,121.54000091552734,120.79000091552734,121.29000091552734,99.1760025024414,7051400
2016-07-05,121.36000061035156,123.2300033569336,121.33999633789062,122.2699966430664,99.97732543945312,9334100
2016-07-06,121.93000030517578,122.66000366210938,121.54000091552734,122.63999938964844,100.27985382080078,9332400
2016-07-07,122.58999633789062,122.80999755859375,122.01000213623047,122.51000213623047,100.17355346679688,6058700
2016-07-08,123.0,123.0999984741211,121.95999908447266,122.8499984741211,100.45154571533203,6129900
2016-07-11,122.70999908447266,123.44999694824219,122.41000366210938,122.93000030517578,100.51697540283203,6711600
2016-07-12,122.6500015258789,123.19999694824219,122.61000061035156,122.91999816894531,100.50881958007812,6415900
2016-07-13,122.68000030517578,123.4000015258789,122.30000305175781,123.0,100.57422637939453,5230800
2016-07-14,122.9800033569336,123.73999786376953,122.91000366210938,123.18000030517578,100.72140502929688,5322700
2016-07-15,123.7699966430664,124.30000305175781,122.70999908447266,123.0,100.57422637939453,7192800
2016-07-18,123.0,123.22000122070312,122.44000244140625,123.13999938964844,100.68867492675781,6599200
2016-07-19,124.77999877929688,125.75,123.33999633789062,125.25,102.41398620605469,11325700
2016-07-20,125.83999633789062,126.06999969482422,125.04000091552734,125.13999938964844,102.32405090332031,7334600
2016-07-21,125.20999908447266,125.73999786376953,124.88999938964844,125.1500015258789,102.33224487304688,5492600
2016-07-22,125.12000274658203,125.3499984741211,124.6500015258789,125.02999877929688,102.23410034179688,5839200
2016-07-25,125.06999969482422,125.12999725341797,124.13999938964844,124.88999938964844,102.11963653564453,4880600
2016-07-26,125.02999877929688,125.55000305175781,124.75,125.1500015258789,102.33224487304688,5589900
2016-07-27,125.0999984741211,125.2300033569336,124.33999633789062,124.7699966430664,102.02149200439453,4812600
2016-07-28,124.9800033569336,125.0,124.41000366210938,124.45999908447266,101.76801300048828,4320400
2016-07-29,124.33999633789062,125.31999969482422,124.33999633789062,125.2300033569336,102.39765167236328,7020900
2016-08-01,125.30999755859375,125.70999908447266,125.0999984741211,125.4000015258789,102.5366439819336,4615100
2016-08-02,125.6500015258789,125.9000015258789,124.4800033569336,124.8499984741211,102.0869140625,7158700
2016-08-03,125.0,125.0,123.69000244140625,123.9000015258789,101.31013488769531,5310600
2016-08-04,124.23999786376953,124.38999938964844,123.63999938964844,123.86000061035156,101.27742767333984,4728200
2016-08-05,124.37999725341797,124.37999725341797,123.76000213623047,124.23999786376953,101.588134765625,5146900
2016-08-08,124.0,124.1500015258789,123.2300033569336,123.6500015258789,101.10569763183594,5232500
2016-08-09,123.91000366210938,124.0,123.33000183105469,123.43000030517578,100.92582702636719,3941500
2016-08-10,123.58999633789062,123.77999877929688,123.23999786376953,123.36000061035156,100.86857604980469,4333500
2016-08-11,123.8499984741211,124.13999938964844,123.47000122070312,123.7699966430664,101.20382690429688,4052000
2016-08-12,123.47000122070312,123.7699966430664,122.94999694824219,123.22000122070312,100.75411987304688,4234800
2016-08-15,123.12000274658203,123.2699966430664,122.27999877929688,122.30999755859375,100.01001739501953,6469500
2016-08-16,122.11000061035156,122.31999969482422,120.05999755859375,120.33000183105469,98.39102935791016,11289100
2016-08-17,120.5,121.33000183105469,119.8499984741211,121.30999755859375,99.19235229492188,10442800
2016-08-18,121.16999816894531,121.38999938964844,119.9000015258789,120.72000122070312,98.70993041992188,8728000
2016-08-19,119.91000366210938,119.98999786376953,119.31999969482422,119.91999816894531,98.70992279052734,7798300
2016-08-22,119.9000015258789,119.9000015258789,118.94999694824219,119.12999725341797,98.05963134765625,6544900
2016-08-23,119.66999816894531,119.95999908447266,119.0199966430664,119.44000244140625,98.3148193359375,5603200
2016-08-24,119.4800033569336,119.61000061035156,118.62000274658203,118.70999908447266,97.71391296386719,6303900
2016-08-25,118.86000061035156,119.20999908447266,118.33000183105469,118.56999969482422,97.59867858886719,5566000
2016-08-26,118.83999633789062,119.73999786376953,118.55999755859375,119.04000091552734,97.98555755615234,6482700
2016-08-29,119.30000305175781,120.12999725341797,119.05999755859375,119.91999816894531,98.70992279052734,5074900
2016-08-30,120.66999816894531,120.66999816894531,119.26000213623047,119.47000122070312,98.33949279785156,3820500
2016-08-31,119.54000091552734,119.62000274658203,119.01000213623047,119.33999633789062,98.23250579833984,5693100
2016-09-01,119.19000244140625,119.38999938964844,118.5999984741211,119.08000183105469,98.01847839355469,4551800
2016-09-02,119.36000061035156,119.80999755859375,118.9000015258789,119.31999969482422,98.2160415649414,5806400
2016-09-06,119.77999877929688,119.97000122070312,119.36000061035156,119.75,98.57000732421875,5280700
2016-09-07,119.83999633789062,119.94999694824219,119.44000244140625,119.61000061035156,98.45475006103516,4753800
2016-09-08,119.37000274658203,119.81999969482422,119.13999938964844,119.47000122070312,98.33949279785156,4833000
2016-09-09,119.02999877929688,119.16000366210938,118.18000030517578,118.2300033569336,97.3188247680664,7957300
2016-09-12,117.76000213623047,119.44999694824219,117.37999725341797,119.16000366210938,98.08434295654297,7239800
2016-09-13,118.41999816894531,118.83000183105469,117.48999786376953,117.61000061035156,96.80847930908203,7957900
2016-09-14,117.8499984741211,118.33000183105469,117.45999908447266,117.86000061035156,97.01425170898438,6124900
2016-09-15,117.80999755859375,118.94000244140625,117.31999969482422,118.62999725341797,97.64807891845703,5812100
2016-09-16,118.51000213623047,119.13999938964844,118.12000274658203,118.25,97.3353042602539,12408800
2016-09-19,118.36000061035156,118.66000366210938,117.63999938964844,117.66000366210938,96.84963989257812,5457600
2016-09-20,118.16999816894531,118.23999786376953,117.69000244140625,117.94999694824219,97.08834838867188,5187700
2016-09-21,117.94999694824219,119.0,117.63999938964844,118.91000366210938,97.87854766845703,6337300
2016-09-22,119.25,119.83999633789062,119.13999938964844,119.45999908447266,98.33126068115234,5340500
2016-09-23,119.41000366210938,119.5999984741211,118.70999908447266,118.80999755859375,97.7962417602539,4773000
2016-09-26,118.62999725341797,118.63999938964844,117.55999755859375,117.77999877929688,96.94840240478516,5998900
2016-09-27,118.38999938964844,119.22000122070312,117.72000122070312,119.22000122070312,98.13371276855469,5349500
2016-09-28,119.05000305175781,119.5199966430664,118.80999755859375,119.38999938964844,98.2736587524414,5076100
2016-09-29,118.87999725341797,119.2699966430664,117.04000091552734,117.2699966430664,96.52861785888672,6190200
2016-09-30,117.77999877929688,118.62000274658203,117.38999938964844,118.12999725341797,97.23650360107422,7941100
2016-10-03,118.0,119.01000213623047,117.43000030517578,118.80999755859375,97.7962417602539,6098600
2016-10-04,118.83999633789062,119.4800033569336,118.27999877929688,118.81999969482422,97.80447387695312,5733900
2016-10-05,119.22000122070312,119.44000244140625,118.5999984741211,119.18000030517578,98.10082244873047,5778700
2016-10-06,118.5,118.8499984741211,117.91999816894531,118.75,97.74684143066406,4448500
2016-10-07,119.16999816894531,119.56999969482422,118.69000244140625,119.23999786376953,98.15017700195312,4799300
2016-10-10,119.51000213623047,120.19999694824219,119.3499984741211,119.80000305175781,98.61116027832031,3657000
2016-10-11,119.41000366210938,119.62999725341797,117.05999755859375,117.63999938964844,96.83317565917969,6394200
2016-10-12,117.95999908447266,118.43000030517578,117.5,117.97000122070312,97.10481262207031,4685200
2016-10-13,117.54000091552734,119.19999694824219,117.27999877929688,118.26000213623047,97.343505859375,7387400
2016-10-14,118.5,118.80000305175781,117.55999755859375,117.55999755859375,96.76730346679688,5640500
2016-10-17,117.5,118.55000305175781,117.5,118.48999786376953,97.5328140258789,6956400
2016-10-18,117.37999725341797,118.4800033569336,115.16000366210938,115.41000366210938,94.99759674072266,12598300
2016-10-19,115.56999969482422,115.88999938964844,114.45999908447266,114.58999633789062,94.32263946533203,7400900
2016-10-20,114.83000183105469,115.69999694824219,114.58999633789062,114.87000274658203,94.55311584472656,6973000
2016-10-21,114.11000061035156,114.23999786376953,112.98999786376953,113.44000244140625,93.37602233886719,8422000
2016-10-24,113.93000030517578,114.19000244140625,113.44000244140625,113.61000061035156,93.51596069335938,6141900
2016-10-25,113.63999938964844,114.16000366210938,113.08999633789062,113.95999908447266,93.8040542602539,5595000
2016-10-26,113.63999938964844,115.22000122070312,113.5999984741211,114.55999755859375,94.29794311523438,6429200
2016-10-27,114.9800033569336,116.55000305175781,114.79000091552734,115.69999694824219,95.2363052368164,7548700
2016-10-28,115.81999969482422,115.91000366210938,114.56999969482422,115.33000183105469,94.9317398071289,8813300
2016-10-31,115.27999877929688,116.2300033569336,114.5,115.98999786376953,95.47502136230469,8552500
2016-11-01,114.76000213623047,115.94000244140625,114.62999725341797,115.33999633789062,94.93999481201172,7591900
2016-11-02,115.5199966430664,115.76000213623047,114.83000183105469,114.86000061035156,94.54486846923828,6591300
2016-11-03,114.87999725341797,115.44000244140625,114.75,115.02999877929688,94.68480682373047,6227100
2016-11-04,115.04000091552734,115.94000244140625,115.04000091552734,115.11000061035156,94.75067138671875,7160600
2016-11-07,115.88999938964844,116.72000122070312,115.83999633789062,116.66000366210938,96.02649688720703,6398200
2016-11-08,116.4800033569336,117.56999969482422,116.47000122070312,117.05000305175781,96.34752655029297,6675300
2016-11-09,120.0,122.5,118.0999984741211,120.30999755859375,99.03092956542969,16220000
2016-11-10,120.7699966430664,121.0999984741211,119.0199966430664,119.54000091552734,98.39712524414062,11904500
2016-11-11,119.48999786376953,119.48999786376953,118.12999725341797,118.47000122070312,97.5163803100586,8134800
2016-11-14,118.58000183105469,118.98999786376953,116.5,116.5999984741211,95.97711181640625,10054900
2016-11-15,116.4000015258789,116.69000244140625,115.81999969482422,116.31999969482422,95.74664306640625,7446700
2016-11-16,116.6500015258789,116.77999877929688,116.08000183105469,116.36000061035156,95.77957153320312,6594800
2016-11-17,116.68000030517578,116.68000030517578,116.12000274658203,116.56999969482422,95.952392578125,5730300
2016-11-18,115.79000091552734,115.91999816894531,114.80999755859375,115.36000061035156,95.61259460449219,7717800
2016-11-21,115.44000244140625,115.68000030517578,114.80000305175781,115.0,95.31422424316406,5843300
2016-11-22,114.58999633789062,115.0,112.2699966430664,112.73999786376953,93.44110107421875,11649700
2016-11-23,112.25,113.43000030517578,111.55999755859375,113.06999969482422,93.7146224975586,7892600
2016-11-25,113.5999984741211,114.2300033569336,113.37999725341797,114.12999725341797,94.5931625366211,3433300
2016-11-28,113.79000091552734,114.12000274658203,113.05000305175781,113.12999725341797,93.76435089111328,9065700
2016-11-29,112.94999694824219,113.41000366210938,112.16999816894531,112.4800033569336,93.22561645507812,7799600
2016-11-30,112.19000244140625,112.5199966430664,111.30000305175781,111.30000305175781,92.24759674072266,11178500
2016-12-01,111.36000061035156,111.54000091552734,111.0,111.37999725341797,92.31391143798828,8143300
2016-12-02,111.72000122070312,112.52999877929688,111.44000244140625,111.95999908447266,92.79460906982422,6167700
2016-12-05,112.4000015258789,112.41999816894531,111.7300033569336,111.94000244140625,92.7780532836914,5451600
2016-12-06,112.23999786376953,113.19999694824219,111.8499984741211,112.05999755859375,92.87751007080078,6530400
2016-12-07,111.88999938964844,111.88999938964844,109.31999969482422,111.0999984741211,92.08184051513672,11761100
2016-12-08,110.54000091552734,111.19999694824219,109.93000030517578,110.98999786376953,91.99066162109375,7774900
2016-12-09,111.41000366210938,112.43000030517578,111.19999694824219,112.26000213623047,93.04328155517578,7672100
2016-12-12,112.69000244140625,115.4000015258789,112.58000183105469,115.36000061035156,95.61259460449219,9544600
2016-12-13,115.52999877929688,115.97000122070312,115.01000213623047,115.88999938964844,96.0519027709961,7051600
2016-12-14,116.12000274658203,117.30000305175781,114.58000183105469,114.98999786376953,95.30594635009766,9378700
2016-12-15,115.33000183105469,115.91999816894531,114.88999938964844,115.88999938964844,96.0519027709961,6738100
2016-12-16,116.41000366210938,116.45999908447266,115.45999908447266,115.87999725341797,96.04358673095703,11291100
2016-12-19,116.06999969482422,116.66000366210938,115.94000244140625,116.0199966430664,96.15962219238281,6310800
2016-12-20,115.9800033569336,116.25,114.91000366210938,115.66000366210938,95.86125183105469,5715200
2016-12-21,116.19999694824219,116.19999694824219,114.73999786376953,115.30999755859375,95.57117462158203,5907600
2016-12-22,115.0,115.52999877929688,113.87999725341797,115.44000244140625,95.67892456054688,4602300
2016-12-23,115.4000015258789,116.31999969482422,115.30000305175781,115.95999908447266,96.10989379882812,2992500
2016-12-27,115.88999938964844,116.0,115.37999725341797,115.91000366210938,96.06845092773438,3232600
2016-12-28,115.87999725341797,116.16000366210938,115.05000305175781,115.0999984741211,95.3971176147461,3278300
2016-12-29,115.2300033569336,115.87000274658203,115.01000213623047,115.48999786376953,95.72034454345703,2993600
2016-12-30,115.80000305175781,115.98999786376953,114.9800033569336,115.20999908447266,95.48828125,5506700
2017-01-03,115.77999877929688,116.0,115.2300033569336,115.83999633789062,96.01045227050781,5953000
2017-01-04,115.5,116.2300033569336,115.30999755859375,115.6500015258789,95.85296630859375,5828900
2017-01-05,116.0,116.97000122070312,115.44000244140625,116.86000061035156,96.8558349609375,6217200
2017-01-06,116.66999816894531,117.0,115.76000213623047,116.30000305175781,96.39170837402344,5221400
2017-01-09,116.3499984741211,116.61000061035156,115.88999938964844,116.27999877929688,96.37511444091797,5457500
2017-01-10,116.02999877929688,117.0,115.87000274658203,116.16000366210938,96.2756576538086,5312800
2017-01-11,116.08000183105469,116.25,114.0199966430664,114.7300033569336,95.09046173095703,8887200
2017-01-12,114.2699966430664,114.7300033569336,113.37000274658203,114.62000274658203,94.9992904663086,6627300
2017-01-13,114.94000244140625,115.0199966430664,114.44000244140625,114.5999984741211,94.98270416259766,4935200
2017-01-17,113.94000244140625,115.05000305175781,113.66999816894531,114.87000274658203,95.20648193359375,6255400
2017-01-18,114.87000274658203,115.0999984741211,114.41000366210938,114.69999694824219,95.06556701660156,5014600
2017-01-19,114.68000030517578,114.9000015258789,113.91999816894531,114.19999694824219,94.65119171142578,5540800
2017-01-20,114.48999786376953,115.02999877929688,114.08000183105469,114.1500015258789,94.6097412109375,7502400
2017-01-23,114.51000213623047,114.7699966430664,113.80000305175781,113.91000366210938,94.41081237792969,7989800
2017-01-24,112.91000366210938,113.30000305175781,111.1500015258789,111.76000213623047,92.62886810302734,12450300
2017-01-25,111.93000030517578,112.80000305175781,110.76000213623047,112.80000305175781,93.49081420898438,9385500
2017-01-26,112.0,112.83999633789062,111.5999984741211,111.83999633789062,92.69515991210938,10164300
2017-01-27,112.0,113.54000091552734,111.9000015258789,113.37999725341797,93.97154235839844,8886100
2017-01-30,113.4000015258789,113.5999984741211,112.8499984741211,113.12999725341797,93.76435089111328,6969400
2017-01-31,112.79000091552734,113.4000015258789,112.43000030517578,113.25,93.8637924194336,8713400
2017-02-01,112.4800033569336,113.31999969482422,112.47000122070312,113.2300033569336,93.84724426269531,7082300
2017-02-02,112.81999969482422,113.62000274658203,112.7699966430664,113.56999969482422,94.12902069091797,7826300
2017-02-03,113.5,113.66000366210938,112.66000366210938,113.63999938964844,94.18704986572266,7267600
2017-02-06,113.45999908447266,113.58999633789062,112.62000274658203,113.4000015258789,93.98810577392578,6178400
2017-02-07,113.5999984741211,113.62000274658203,113.05000305175781,113.4800033569336,94.054443359375,5507900
2017-02-08,113.30000305175781,113.69000244140625,113.1500015258789,113.4000015258789,93.98810577392578,5272000
2017-02-09,113.4000015258789,114.6500015258789,113.4000015258789,114.08000183105469,94.55171966552734,5854600
2017-02-10,114.31999969482422,115.98999786376953,114.2300033569336,115.23999786376953,95.51315307617188,6438500
2017-02-13,115.27999877929688,116.12000274658203,115.22000122070312,115.87999725341797,96.04358673095703,5710800
2017-02-14,115.44000244140625,116.4000015258789,115.31999969482422,116.36000061035156,96.44142150878906,5539100
2017-02-15,115.9000015258789,117.45999908447266,115.58999633789062,117.19999694824219,97.13764190673828,5979700
2017-02-16,117.0,118.27999877929688,117.0,118.08000183105469,97.86700439453125,7119300
2017-02-17,118.19000244140625,118.9000015258789,118.05000305175781,118.86000061035156,98.51347351074219,8691400
2017-02-21,118.4000015258789,119.88999938964844,118.31999969482422,119.66000366210938,99.17652893066406,8595100
2017-02-22,119.27999877929688,119.7699966430664,119.25,119.5199966430664,99.06047821044922,5103900
2017-02-23,119.5199966430664,121.9000015258789,119.4800033569336,121.69999694824219,100.8673324584961,9980900
2017-02-24,121.5,122.73999786376953,120.9000015258789,122.7300033569336,102.39410400390625,10835000
2017-02-27,122.12999725341797,122.87999725341797,122.0999984741211,122.4000015258789,102.11881256103516,5946200
2017-02-28,122.01000213623047,122.6500015258789,121.94000244140625,122.20999908447266,101.96026611328125,8885500
2017-03-01,122.48999786376953,124.44999694824219,122.41999816894531,123.86000061035156,103.33684539794922,9393900
2017-03-02,123.75,124.36000061035156,123.0199966430664,123.62999725341797,103.14496612548828,6950200
2017-03-03,123.62999725341797,123.93000030517578,123.2300033569336,123.79000091552734,103.2784652709961,5585200
2017-03-06,123.01000213623047,124.43000030517578,122.5999984741211,123.70999908447266,103.21173095703125,6670700
2017-03-07,122.58000183105469,124.45999908447266,122.38999938964844,123.83000183105469,103.31183624267578,6644000
2017-03-08,123.75,124.68000030517578,123.5,124.0999984741211,103.53709411621094,7909900
2017-03-09,124.58000183105469,126.20999908447266,124.16999816894531,125.94999694824219,105.08055114746094,8571100
2017-03-10,126.04000091552734,126.48999786376953,125.54000091552734,126.20999908447266,105.2974853515625,7395400
2017-03-13,125.83000183105469,126.94999694824219,125.79000091552734,126.68000030517578,105.68959045410156,7162500
2017-03-14,126.86000061035156,127.75,126.7699966430664,127.05000305175781,105.99829864501953,7679700
2017-03-15,127.05000305175781,129.0,126.5999984741211,128.9600067138672,107.5918197631836,8360600
2017-03-16,128.44000244140625,128.6999969482422,127.7699966430664,128.4600067138672,107.17465209960938,7610700
2017-03-17,128.4499969482422,128.94000244140625,127.94999694824219,128.05999755859375,106.8409423828125,13300800
2017-03-20,128.0399932861328,128.4199981689453,127.97000122070312,128.07000732421875,106.84928894042969,5827500
2017-03-21,128.3800048828125,128.4499969482422,127.13999938964844,127.25,106.16516876220703,7578600
2017-03-22,127.05000305175781,127.6500015258789,126.20999908447266,126.26000213623047,105.33920288085938,10272700
2017-03-23,126.0999984741211,127.0,125.66000366210938,125.9000015258789,105.0388412475586,8508100
2017-03-24,125.86000061035156,126.36000061035156,125.12999725341797,125.4800033569336,104.68843841552734,6490300
2017-03-27,125.16000366210938,126.13999938964844,125.1500015258789,125.80000305175781,104.9554214477539,5004300
2017-03-28,125.62000274658203,125.77999877929688,124.77999877929688,125.66000366210938,104.8386001586914,5287600
2017-03-29,125.05000305175781,125.33000183105469,124.36000061035156,124.91999816894531,104.2212142944336,3971800
2017-03-30,124.73999786376953,125.43000030517578,124.27999877929688,124.66000366210938,104.00430297851562,4711700
2017-03-31,124.11000061035156,124.83000183105469,124.02999877929688,124.55000305175781,103.91252899169922,5657600
2017-04-03,124.7300033569336,125.30999755859375,124.27999877929688,124.69000244140625,104.02933502197266,4956400
2017-04-04,124.51000213623047,124.7699966430664,124.22000122070312,124.68000030517578,104.0209732055664,5358500
2017-04-05,124.72000122070312,125.5999984741211,124.41000366210938,124.80000305175781,104.12110900878906,5646300
2017-04-06,124.8499984741211,125.45999908447266,124.5,125.05000305175781,104.3296890258789,4324200
2017-04-07,125.12000274658203,125.47000122070312,124.83000183105469,124.91999816894531,104.2212142944336,3615100
2017-04-10,124.87000274658203,124.94999694824219,124.2300033569336,124.33999633789062,103.73731994628906,4594200
2017-04-11,124.26000213623047,124.79000091552734,123.94999694824219,124.22000122070312,103.63719940185547,4161500
2017-04-12,124.54000091552734,125.45999908447266,124.36000061035156,125.4000015258789,104.62171173095703,5556600
2017-04-13,125.12999725341797,125.6500015258789,124.95999908447266,124.98999786376953,104.27962493896484,5396500
2017-04-17,125.0199966430664,125.80999755859375,124.93000030517578,125.72000122070312,104.88865661621094,5367500
2017-04-18,123.18000030517578,123.37000274658203,120.94999694824219,121.81999969482422,101.63489532470703,13485700
2017-04-19,122.0999984741211,122.27999877929688,121.11000061035156,121.37000274658203,101.25944519042969,6993100
2017-04-20,121.86000061035156,122.1500015258789,121.3499984741211,121.87000274658203,101.6766128540039,6330100
2017-04-21,121.77999877929688,122.04000091552734,121.54000091552734,121.76000213623047,101.5848159790039,6021700
2017-04-24,122.5199966430664,123.20999908447266,122.1500015258789,122.88999938964844,102.52759552001953,5679000
2017-04-25,123.33999633789062,123.75,123.01000213623047,123.43000030517578,102.97808837890625,5090000
2017-04-26,123.79000091552734,124.26000213623047,123.4800033569336,123.51000213623047,103.04486083984375,5021800
2017-04-27,123.58000183105469,124.30999755859375,123.4000015258789,123.73999786376953,103.23674774169922,4225200
2017-04-28,123.8499984741211,123.9000015258789,123.12999725341797,123.47000122070312,103.01148986816406,4381800
2017-05-01,123.4000015258789,123.77999877929688,123.0,123.33999633789062,102.90303802490234,4556400
2017-05-02,123.5199966430664,123.73999786376953,122.88999938964844,123.69999694824219,103.20336151123047,4881600
2017-05-03,123.58999633789062,123.69999694824219,123.04000091552734,123.33000183105469,102.89468383789062,3736500
2017-05-04,123.69000244140625,123.94999694824219,123.2300033569336,123.94999694824219,103.4119644165039,3753700
2017-05-05,123.80000305175781,123.80000305175781,122.86000061035156,123.51000213623047,103.04486083984375,4139800
2017-05-08,123.52999877929688,123.80000305175781,123.0199966430664,123.25,102.82794952392578,3608600
2017-05-09,123.2300033569336,123.47000122070312,122.87999725341797,123.20999908447266,102.79457092285156,3762500
2017-05-10,122.91000366210938,123.05999755859375,122.37999725341797,122.80999755859375,102.46085357666016,4237400
2017-05-11,122.5,123.20999908447266,122.33999633789062,123.19999694824219,102.7862319946289,4095900
2017-05-12,123.11000061035156,124.0999984741211,123.01000213623047,123.63999938964844,103.15331268310547,4097100
2017-05-15,124.41000366210938,127.36000061035156,124.33000183105469,126.98999786376953,105.94824981689453,9854600
2017-05-16,127.33999633789062,128.3699951171875,127.05999755859375,127.7699966430664,106.59899139404297,7233800
2017-05-17,127.7699966430664,127.88999938964844,126.44999694824219,126.66999816894531,105.68126678466797,6480800
2017-05-18,126.45999908447266,127.87000274658203,125.95999908447266,126.97000122070312,105.93155670166016,6571300
2017-05-19,127.02999877929688,127.38999938964844,126.44000244140625,127.0,105.95657348632812,6957200
2017-05-22,126.62999725341797,127.6500015258789,126.62999725341797,127.26000213623047,106.17350769042969,4858200
2017-05-23,127.30999755859375,128.14999389648438,127.30999755859375,127.5199966430664,106.39041900634766,3972500
2017-05-24,127.79000091552734,128.0,127.29000091552734,127.51000213623047,106.38208770751953,3965200
2017-05-25,126.73999786376953,127.62000274658203,126.33000183105469,127.52999877929688,107.10432434082031,5294300
2017-05-26,127.2300033569336,127.66999816894531,126.83000183105469,126.91999816894531,106.59203338623047,4005200
2017-05-30,126.69999694824219,127.38999938964844,126.19000244140625,127.11000061035156,106.75160217285156,3665400
2017-05-31,127.3499984741211,128.8000030517578,127.3499984741211,128.25,107.70902252197266,8813500
2017-06-01,128.32000732421875,128.77999877929688,128.1199951171875,128.77999877929688,108.1541519165039,5790900
2017-06-02,129.0500030517578,130.13999938964844,128.8300018310547,130.0800018310547,109.24591827392578,6562600
2017-06-05,129.97000122070312,130.52000427246094,129.8000030517578,130.36000061035156,109.48106384277344,4634700
2017-06-06,130.17999267578125,131.3300018310547,130.02999877929688,130.8300018310547,109.87578582763672,5619100
2017-06-07,131.0,131.47999572753906,130.5800018310547,130.75,109.80862426757812,5765200
2017-06-08,130.75,131.39999389648438,129.9600067138672,130.5500030517578,109.64063262939453,8101700
2017-06-09,130.3699951171875,131.6999969482422,130.30999755859375,131.52999877929688,110.46366882324219,5992500
2017-06-12,131.52999877929688,131.8300018310547,131.4199981689453,131.82000732421875,110.70724487304688,8020700
2017-06-13,131.75,132.72999572753906,131.39999389648438,132.02000427246094,110.8752212524414,5733800
2017-06-14,132.50999450683594,133.55999755859375,132.50999450683594,132.77000427246094,111.50508117675781,7329400
2017-06-15,132.0,133.35000610351562,131.80999755859375,133.0399932861328,111.73184204101562,5265000
2017-06-16,133.72000122070312,134.60000610351562,133.0399932861328,134.35000610351562,112.83204650878906,12639600
2017-06-19,134.14999389648438,134.67999267578125,133.49000549316406,134.07000732421875,112.59689331054688,7488700
2017-06-20,133.89999389648438,134.75999450683594,133.89999389648438,134.22000122070312,112.72283935546875,5201200
2017-06-21,134.2899932861328,135.11000061035156,134.02000427246094,134.91000366210938,113.3023452758789,5841100
2017-06-22,135.4499969482422,137.0,135.27000427246094,136.0500030517578,114.2597427368164,7311000
2017-06-23,135.4499969482422,136.50999450683594,135.32000732421875,136.42999267578125,114.578857421875,9007100
2017-06-26,136.47999572753906,136.89999389648438,136.1999969482422,136.33999633789062,114.50328826904297,5561800
2017-06-27,136.5,136.72999572753906,134.99000549316406,135.00999450683594,113.38630676269531,6120500
2017-06-28,135.9499969482422,136.1999969482422,133.57000732421875,133.82000732421875,112.38690948486328,6557900
2017-06-29,133.39999389648438,133.72999572753906,132.30999755859375,132.63999938964844,111.3958969116211,5750000
2017-06-30,132.6999969482422,133.1999969482422,132.27999877929688,132.2899932861328,111.10196685791016,5264400
2017-07-03,132.7899932861328,133.32000732421875,132.64999389648438,132.89999389648438,111.61426544189453,2931000
2017-07-05,132.97999572753906,134.05999755859375,132.4199981689453,133.63999938964844,112.23573303222656,4302700
2017-07-06,133.61000061035156,133.97000122070312,132.41000366210938,132.52000427246094,111.29509735107422,4282200
2017-07-07,132.91000366210938,133.0,131.69000244140625,132.5399932861328,111.31189727783203,4994100
2017-07-10,132.74000549316406,132.8699951171875,131.22999572753906,131.5500030517578,110.48047637939453,4019600
2017-07-11,131.42999267578125,131.7899932861328,130.47999572753906,131.22999572753906,110.21172332763672,3733100
2017-07-12,132.0399932861328,132.88999938964844,131.77000427246094,132.22999572753906,111.05157470703125,5053200
2017-07-13,132.10000610351562,132.22000122070312,130.99000549316406,131.86000061035156,110.7408447265625,4424400
2017-07-14,132.0,133.0,131.74000549316406,132.60000610351562,111.36231231689453,4383100
2017-07-17,132.7100067138672,132.92999267578125,131.75,132.14999389648438,110.98438262939453,4939400
2017-07-18,131.6199951171875,134.9499969482422,131.0800018310547,134.4600067138672,112.9244155883789,10256000
2017-07-19,134.83999633789062,135.41000366210938,134.52000427246094,135.2100067138672,113.55429077148438,5503300
2017-07-20,135.72999572753906,137.0800018310547,135.6199951171875,136.57000732421875,114.69645690917969,6088600
2017-07-21,135.3300018310547,136.27000427246094,135.10000610351562,135.30999755859375,113.63824462890625,6773500
2017-07-24,134.99000549316406,135.16000366210938,132.85000610351562,133.00999450683594,111.7066421508789,8306700
2017-07-25,133.74000549316406,133.85000610351562,131.4499969482422,131.8800048828125,110.75761413574219,6262900
2017-07-26,131.66000366210938,132.24000549316406,130.75,130.9499969482422,109.9765853881836,5382200
2017-07-27,130.85000610351562,131.14999389648438,129.57000732421875,130.8300018310547,109.87578582763672,5838100
2017-07-28,131.13999938964844,131.99000549316406,130.52000427246094,131.85000610351562,110.7324447631836,4970900
2017-07-31,132.13999938964844,133.5800018310547,132.10000610351562,132.72000122070312,111.46309661865234,5440800
2017-08-01,133.1699981689453,133.35000610351562,132.27999877929688,132.50999450683594,111.28671264648438,3837600
2017-08-02,132.0800018310547,132.5,131.5,132.16000366210938,110.9927749633789,4032100
2017-08-03,131.91000366210938,133.39999389648438,131.50999450683594,133.35000610351562,111.99217987060547,4327300
2017-08-04,133.74000549316406,134.00999450683594,132.8000030517578,133.17999267578125,111.84941864013672,3192800
2017-08-07,133.08999633789062,133.47999572753906,132.50999450683594,132.86000061035156,111.58065032958984,3010800
2017-08-08,132.5,132.8000030517578,131.39999389648438,132.27000427246094,111.08516693115234,5535800
2017-08-09,132.80999755859375,133.41000366210938,132.3699951171875,133.22999572753906,111.89140319824219,6332300
2017-08-10,133.0399932861328,133.85000610351562,132.3699951171875,133.08999633789062,111.7738037109375,5607900
2017-08-11,133.63999938964844,134.49000549316406,132.75,133.10000610351562,111.78225708007812,4270600
2017-08-14,134.1999969482422,134.3699951171875,132.8699951171875,133.47999572753906,112.10137176513672,3041100
2017-08-15,133.85000610351562,133.94000244140625,133.1999969482422,133.3800048828125,112.01739501953125,3931800
2017-08-16,134.0800018310547,134.97000122070312,133.86000061035156,134.1699981689453,112.68082427978516,4469900
2017-08-17,134.17999267578125,134.74000549316406,133.02999877929688,133.0399932861328,111.73184204101562,5741400
2017-08-18,132.6699981689453,133.77999877929688,132.3800048828125,132.6300048828125,111.38750457763672,4792800
2017-08-21,132.27999877929688,133.64999389648438,132.19000244140625,133.4499969482422,112.076171875,4660000
2017-08-22,133.27000427246094,134.7899932861328,132.89999389648438,134.6999969482422,113.12593078613281,4150300
2017-08-23,134.42999267578125,134.49000549316406,132.64999389648438,132.8000030517578,111.5302505493164,5129900
2017-08-24,132.82000732421875,133.0800018310547,132.27000427246094,132.88999938964844,111.60587310791016,5398400
2017-08-25,131.91000366210938,132.55999755859375,131.6199951171875,131.67999267578125,111.29310607910156,4133300
2017-08-28,131.67999267578125,132.1199951171875,131.49000549316406,131.74000549316406,111.3438491821289,5349200
2017-08-29,131.57000732421875,132.4499969482422,131.3000030517578,132.2100067138672,111.74109649658203,3277900
2017-08-30,132.0,132.0,130.89999389648438,131.07000732421875,110.77759552001953,5430800
2017-08-31,131.38999938964844,132.5,131.25,132.3699951171875,111.87630462646484,7407100
2017-09-01,132.60000610351562,132.64999389648438,130.94000244140625,131.02999877929688,110.7437515258789,3820800
2017-09-05,130.72000122070312,131.17999267578125,129.72000122070312,129.89999389648438,109.7887191772461,5146600
2017-09-06,130.5399932861328,131.0,130.2100067138672,130.6699981689453,110.43952941894531,5601900
2017-09-07,130.86000061035156,132.52000427246094,130.25,132.19000244140625,111.72416687011719,3800200
2017-09-08,132.0,132.33999633789062,130.8699951171875,130.97999572753906,110.7015380859375,4854400
2017-09-11,131.3699951171875,133.33999633789062,131.02000427246094,133.2100067138672,112.58626556396484,5724200
2017-09-12,133.8300018310547,133.8800048828125,131.92999267578125,132.6300048828125,112.09607696533203,5465200
2017-09-13,132.6699981689453,133.75,131.85000610351562,132.4499969482422,111.94390869140625,4679500
2017-09-14,132.13999938964844,134.47000122070312,131.99000549316406,134.17999267578125,113.40608215332031,6274500
2017-09-15,134.7899932861328,135.4499969482422,134.17999267578125,134.4499969482422,113.63428497314453,15522000
2017-09-18,134.44000244140625,135.77000427246094,134.11000061035156,135.3800048828125,114.4203109741211,5260800
2017-09-19,135.02000427246094,135.7899932861328,134.35000610351562,135.22000122070312,114.28509521484375,4903800
2017-09-20,133.25,134.2899932861328,132.33999633789062,133.22000122070312,112.59471893310547,8705500
2017-09-21,133.30999755859375,133.82000732421875,131.3800048828125,131.75,111.35231018066406,6051800
2017-09-22,131.99000549316406,132.38999938964844,131.27000427246094,131.38999938964844,111.04803466796875,4334900
2017-09-25,131.47000122070312,131.75999450683594,130.8300018310547,131.1699981689453,110.86209869384766,6017400
2017-09-26,131.5,131.94000244140625,130.82000732421875,130.94000244140625,110.667724609375,4516200
2017-09-27,131.0,131.08999633789062,129.42999267578125,129.75,109.66195678710938,5796100
2017-09-28,129.91000366210938,130.27000427246094,129.2899932861328,129.47000122070312,109.42528533935547,3992700
2017-09-29,129.5800018310547,130.47000122070312,129.0500030517578,130.00999450683594,109.88169860839844,5736900
2017-10-02,130.16000366210938,131.3300018310547,130.02000427246094,131.22000122070312,110.90437316894531,4492900
2017-10-03,131.64999389648438,132.39999389648438,131.36000061035156,132.10000610351562,111.64812469482422,3900800
2017-10-04,132.39999389648438,133.17999267578125,132.10000610351562,132.88999938964844,112.31581115722656,3589000
2017-10-05,132.88999938964844,133.30999755859375,132.36000061035156,133.19000244140625,112.56936645507812,3741100
2017-10-06,133.0,133.25,132.47999572753906,133.22000122070312,112.59471893310547,2469500
2017-10-09,133.66000366210938,133.82000732421875,133.1699981689453,133.4499969482422,112.78912353515625,3750500
2017-10-10,133.55999755859375,134.1300048828125,132.9199981689453,133.89999389648438,113.1694107055664,4184600
2017-10-11,134.8800048828125,137.0800018310547,134.3699951171875,136.64999389648438,115.49365234375,8269400
2017-10-12,136.33999633789062,137.52000427246094,136.02000427246094,136.8300018310547,115.64581298828125,5172800
2017-10-13,136.60000610351562,137.4199981689453,136.33999633789062,136.42999267578125,115.3077163696289,4106600
2017-10-16,136.4499969482422,137.25999450683594,135.5399932861328,136.1199951171875,115.04571533203125,5120100
2017-10-17,137.6699981689453,141.1199951171875,137.05999755859375,140.7899932861328,118.99269104003906,11717300
2017-10-18,140.7899932861328,141.5800018310547,140.07000732421875,140.67999267578125,118.89974212646484,6827700
2017-10-19,140.7100067138672,142.97999572753906,140.5399932861328,142.0399932861328,120.04920959472656,9181300
2017-10-20,142.3800048828125,143.6199951171875,141.8300018310547,142.39999389648438,120.35344696044922,5634500
2017-10-23,142.1300048828125,144.35000610351562,142.0800018310547,143.6199951171875,121.38455963134766,6686000
2017-10-24,143.3800048828125,143.3800048828125,140.92999267578125,141.63999938964844,119.71112060546875,6585800
2017-10-25,141.16000366210938,143.22999572753906,140.9600067138672,142.36000061035156,120.3196792602539,6563600
2017-10-26,142.50999450683594,143.75,141.3800048828125,141.80999755859375,119.85478973388672,5841100
2017-10-27,141.0,142.6999969482422,140.1999969482422,141.77999877929688,119.82946014404297,5140100
2017-10-30,141.0800018310547,141.2100067138672,139.32000732421875,140.0,118.32504272460938,6034300
2017-10-31,140.02000427246094,140.25999450683594,138.97999572753906,139.41000366210938,117.82640838623047,4832100
2017-11-01,139.8300018310547,140.58999633789062,139.33999633789062,139.97999572753906,118.30811309814453,5006800
2017-11-02,140.11000061035156,140.2899932861328,139.11000061035156,139.92999267578125,118.2658920288086,3494100
2017-11-03,139.72999572753906,140.39999389648438,139.3000030517578,140.0800018310547,118.39263916015625,2737000
2017-11-06,140.00999450683594,140.49000549316406,139.72000122070312,139.75999450683594,118.12217712402344,4220700
2017-11-07,140.0800018310547,140.14999389648438,138.91000366210938,139.77000427246094,118.130615234375,4201900
2017-11-08,139.6999969482422,141.8699951171875,139.4600067138672,141.32000732421875,119.44065856933594,4440700
2017-11-09,140.86000061035156,141.41000366210938,139.8000030517578,140.35000610351562,118.620849609375,3517100
2017-11-10,140.1300048828125,140.1300048828125,138.61000061035156,139.55999755859375,117.9531478881836,4240800
2017-11-13,139.00999450683594,140.02000427246094,138.4199981689453,139.75999450683594,118.12217712402344,4322300
2017-11-14,139.57000732421875,140.27999877929688,138.9199981689453,139.49000549316406,117.89400482177734,4078200
2017-11-15,139.22999572753906,139.8300018310547,138.75,139.10000610351562,117.5643539428711,4811500
2017-11-16,139.4199981689453,139.67999267578125,138.63999938964844,138.8699951171875,117.36996459960938,4193800
2017-11-17,138.3000030517578,138.86000061035156,137.88999938964844,138.0,116.63468170166016,4247400
2017-11-20,138.14999389648438,138.55999755859375,137.74000549316406,137.92999267578125,116.57548522949219,4266300
2017-11-21,138.4499969482422,139.25999450683594,138.19000244140625,138.33999633789062,116.92200469970703,5660600
2017-11-22,138.3000030517578,138.3800048828125,136.60000610351562,137.2899932861328,116.03458404541016,3917000
2017-11-24,137.5,138.3800048828125,137.30999755859375,138.00999450683594,116.64311981201172,2606800
2017-11-27,137.50999450683594,138.30999755859375,137.47999572753906,138.10000610351562,117.43397521972656,3933100
2017-11-28,138.3000030517578,140.52999877929688,138.25,140.02000427246094,119.06664276123047,5052800
2017-11-29,140.22000122070312,140.6300048828125,138.9499969482422,139.80999755859375,118.8880615234375,5851400
2017-11-30,140.05999755859375,140.27999877929688,138.47999572753906,139.3300018310547,118.47989654541016,8941900
2017-12-01,139.57000732421875,140.52999877929688,138.60000610351562,139.97999572753906,119.03260040283203,5990500
2017-12-04,140.6199951171875,141.5,138.92999267578125,139.00999450683594,118.20777130126953,5916700
2017-12-05,139.7899932861328,140.80999755859375,139.1999969482422,139.6699981689453,118.7690200805664,6745300
2017-12-06,140.83999633789062,141.9600067138672,140.19000244140625,141.05999755859375,119.95100402832031,5591700
2017-12-07,140.00999450683594,141.5,139.25999450683594,140.00999450683594,119.0581283569336,4713100
2017-12-08,140.0,140.75999450683594,139.8000030517578,140.58999633789062,119.55132293701172,5101300
2017-12-11,140.89999389648438,141.1699981689453,139.8300018310547,141.13999938964844,120.01900482177734,4358600
2017-12-12,142.60000610351562,143.57000732421875,142.0399932861328,142.60000610351562,121.26056671142578,8016700
2017-12-13,142.5,143.42999267578125,142.2100067138672,142.88999938964844,121.50712585449219,6118400
2017-12-14,143.52000427246094,143.6199951171875,141.61000061035156,141.64999389648438,120.45266723632812,5337900
2017-12-15,142.47999572753906,143.13999938964844,141.77999877929688,142.4600067138672,121.14147186279297,12517000
2017-12-18,142.55999755859375,143.8000030517578,141.39999389648438,141.8000030517578,120.58026123046875,5833200
2017-12-19,141.88999938964844,142.3800048828125,141.36000061035156,141.77999877929688,120.5632553100586,6580100
2017-12-20,142.25999450683594,142.5800018310547,141.0800018310547,141.16000366210938,120.03604888916016,6289800
2017-12-21,141.58999633789062,142.1699981689453,141.02000427246094,141.05999755859375,119.95100402832031,6284700
2017-12-22,141.0,141.35000610351562,140.0399932861328,140.1199951171875,119.1516342163086,4665600
2017-12-26,140.4600067138672,140.5399932861328,139.67999267578125,140.08999633789062,119.12613677978516,3271100
2017-12-27,140.4199981689453,141.14999389648438,140.1999969482422,140.57000732421875,119.53437042236328,3753600
2017-12-28,140.6999969482422,141.0,140.3300018310547,140.55999755859375,119.52581787109375,2485000
2017-12-29,140.97999572753906,141.2100067138672,139.5800018310547,139.72000122070312,118.81153106689453,4452900
2018-01-02,139.66000366210938,139.9499969482422,138.72000122070312,139.22999572753906,118.39485168457031,6842100
2018-01-03,139.36000061035156,140.67999267578125,138.89999389648438,140.55999755859375,119.52581787109375,5350500
2018-01-04,140.4499969482422,141.13999938964844,140.22000122070312,140.5500030517578,119.51734161376953,4837600
2018-01-05,140.69000244140625,141.82000732421875,140.27999877929688,141.7100067138672,120.50374603271484,6158800
2018-01-08,141.6999969482422,142.0,140.9199981689453,141.88999938964844,120.65682220458984,5129800
2018-01-09,142.3699951171875,145.67999267578125,142.25999450683594,144.13999938964844,122.5700912475586,8897000
2018-01-10,143.5500030517578,144.16000366210938,143.32000732421875,143.97000122070312,122.425537109375,6558600
2018-01-11,144.1300048828125,144.89999389648438,143.69000244140625,144.7899932861328,123.12281799316406,4962200
2018-01-12,144.99000549316406,146.4199981689453,144.89999389648438,145.75999450683594,123.94767761230469,5450600
2018-01-16,146.4199981689453,148.05999755859375,146.02999877929688,146.86000061035156,124.88311004638672,8804000
2018-01-17,147.83999633789062,148.32000732421875,145.47999572753906,146.97999572753906,124.9851303100586,10619700
2018-01-18,146.92999267578125,147.44000244140625,145.97000122070312,146.9199981689453,124.93407440185547,5554800
2018-01-19,147.4600067138672,147.64999389648438,146.4199981689453,147.36000061035156,125.3082275390625,8738800
2018-01-22,147.00999450683594,148.13999938964844,146.72000122070312,148.13999938964844,125.97148895263672,7010400
2018-01-23,146.9600067138672,147.44000244140625,141.6199951171875,141.8300018310547,120.60577392578125,17473600
2018-01-24,143.5,143.55999755859375,141.8000030517578,142.07000732421875,120.80988311767578,13034400
2018-01-25,142.30999755859375,144.66000366210938,142.2100067138672,144.39999389648438,122.79116821289062,7938800
2018-01-26,144.5,145.60000610351562,144.1300048828125,145.3300018310547,123.58200073242188,8065600
2018-01-29,144.85000610351562,144.94000244140625,143.52999877929688,143.67999267578125,122.17893981933594,8013400
2018-01-30,143.39999389648438,143.82000732421875,142.42999267578125,142.42999267578125,121.11598205566406,8376100
2018-01-31,142.57000732421875,142.57000732421875,138.10000610351562,138.19000244140625,117.510498046875,13137400
2018-02-01,137.52999877929688,140.6699981689453,137.0,140.02000427246094,119.06664276123047,9393600
2018-02-02,139.02000427246094,140.36000061035156,137.3800048828125,137.67999267578125,117.07679748535156,9262500
2018-02-05,136.5800018310547,137.0,122.1500015258789,130.38999938964844,110.87774658203125,19954100
2018-02-06,130.00999450683594,132.99000549316406,128.0,131.8300018310547,112.10223388671875,19193500
2018-02-07,131.88999938964844,133.42999267578125,131.35000610351562,131.4199981689453,111.75358581542969,10550400
2018-02-08,130.91000366210938,131.25,126.11000061035156,126.36000061035156,107.45082092285156,11680200
2018-02-09,127.5199966430664,130.9199981689453,125.44000244140625,129.52999877929688,110.14640045166016,15030900
2018-02-12,130.0,131.32000732421875,127.68000030517578,130.27000427246094,110.77569580078125,9963900
2018-02-13,129.2100067138672,130.60000610351562,128.6999969482422,129.9600067138672,110.51207733154297,6339000
2018-02-14,129.44000244140625,130.00999450683594,128.38999938964844,129.6699981689453,110.26546478271484,6259700
2018-02-15,130.10000610351562,131.27999877929688,129.39999389648438,131.22999572753906,111.59203338623047,5606400
2018-02-16,130.9600067138672,134.4499969482422,130.83999633789062,133.14999389648438,113.2247085571289,7970100
2018-02-20,132.8699951171875,133.4499969482422,130.66000366210938,130.8699951171875,111.28589630126953,6563500
2018-02-21,130.8000030517578,132.42999267578125,129.86000061035156,129.91000366210938,110.46954345703125,6578000
2018-02-22,130.10000610351562,131.02000427246094,129.47999572753906,129.91000366210938,110.46954345703125,5732200
2018-02-23,130.08999633789062,132.0800018310547,130.02000427246094,132.02000427246094,112.2637939453125,5126800
2018-02-26,131.7100067138672,133.41000366210938,131.0,132.07000732421875,113.02548217773438,6684400
2018-02-27,132.2100067138672,133.08999633789062,131.60000610351562,131.6699981689453,112.68313598632812,7158600
2018-02-28,131.9499969482422,132.3300018310547,129.8699951171875,129.8800048828125,111.1512680053711,7985900
2018-03-01,129.11000061035156,130.1199951171875,126.5199966430664,127.27999877929688,108.92618560791016,9424000
2018-03-02,126.91000366210938,129.11000061035156,126.91000366210938,128.82000732421875,110.24410247802734,6910400
2018-03-05,128.6300048828125,130.3000030517578,128.17999267578125,129.7899932861328,111.07423400878906,5799800
2018-03-06,130.0,130.1999969482422,127.91999816894531,128.22000122070312,109.73062133789062,5546500
2018-03-07,127.4800033569336,129.3300018310547,127.2699966430664,129.0399932861328,110.432373046875,6391700
2018-03-08,129.3300018310547,132.3000030517578,129.3300018310547,132.05999755859375,113.01689910888672,6423400
2018-03-09,132.50999450683594,133.82000732421875,131.55999755859375,133.8000030517578,114.50599670410156,7557800
2018-03-12,133.8000030517578,134.22999572753906,132.32000732421875,132.6300048828125,113.50471496582031,4942000
2018-03-13,133.8000030517578,135.38999938964844,133.4499969482422,134.35000610351562,114.9766845703125,9152300
2018-03-14,135.24000549316406,135.6999969482422,131.89999389648438,132.32000732421875,113.23944091796875,6770600
2018-03-15,132.5500030517578,134.24000549316406,132.47000122070312,133.05999755859375,113.87269592285156,6147200
2018-03-16,133.16000366210938,134.39999389648438,132.10000610351562,133.67999267578125,114.40330505371094,14233500
2018-03-19,133.35000610351562,133.47000122070312,129.36000061035156,130.24000549316406,111.45935821533203,6017000
2018-03-20,130.77999877929688,131.77999877929688,129.3800048828125,131.2100067138672,112.28947448730469,6214300
2018-03-21,131.39999389648438,132.77999877929688,130.66000366210938,131.19000244140625,112.27237701416016,5158700
2018-03-22,130.47000122070312,130.67999267578125,127.0999984741211,127.37999725341797,109.01177215576172,7560100
2018-03-23,127.62999725341797,127.80000305175781,124.9000015258789,125.0999984741211,107.06051635742188,8452500
2018-03-26,126.41000366210938,127.54000091552734,125.20999908447266,127.38999938964844,109.02030944824219,8358200
2018-03-27,127.11000061035156,129.10000610351562,126.38999938964844,127.20999908447266,108.86627197265625,7789900
2018-03-28,127.62999725341797,129.02000427246094,127.20999908447266,127.44999694824219,109.07166290283203,6868500
2018-03-29,127.97000122070312,128.75999450683594,126.81999969482422,128.14999389648438,109.67071533203125,6119400
2018-04-02,127.81999969482422,127.87999725341797,123.54000091552734,124.55999755859375,106.59840393066406,8916900
2018-04-03,125.18000030517578,128.49000549316406,124.68000030517578,128.35000610351562,109.84191131591797,8035000
2018-04-04,126.9000015258789,131.1199951171875,126.38999938964844,130.41000366210938,111.6048355102539,7717100
2018-04-05,130.41000366210938,131.1999969482422,129.5,130.7100067138672,111.86158752441406,5621700
2018-04-06,130.22000122070312,130.63999938964844,126.41000366210938,128.10000610351562,109.62796783447266,6399300
2018-04-09,128.64999389648438,131.13999938964844,127.68000030517578,129.47999572753906,110.80892181396484,6395800
2018-04-10,130.25,130.91000366210938,129.2899932861328,130.25,111.46791076660156,6019300
2018-04-11,129.13999938964844,130.35000610351562,129.02999877929688,129.6300048828125,110.93730926513672,4575400
2018-04-12,130.08999633789062,131.30999755859375,129.86000061035156,130.42999267578125,111.62193298339844,4559800
2018-04-13,131.08999633789062,131.4199981689453,129.6300048828125,130.6199951171875,111.7845458984375,4742300
2018-04-16,131.41000366210938,132.8800048828125,131.27999877929688,131.75999450683594,112.76014709472656,6379600
2018-04-17,132.11000061035156,132.1999969482422,128.80999755859375,130.5399932861328,111.71609497070312,11008700
2018-04-18,129.69000244140625,129.89999389648438,126.94000244140625,127.72000122070312,109.30274963378906,9383600
2018-04-19,127.62999725341797,128.27000427246094,126.88999938964844,127.55000305175781,109.15723419189453,5959500
2018-04-20,128.0,128.3000030517578,126.16999816894531,126.66000366210938,108.39558410644531,7743900
2018-04-23,126.87999725341797,127.30000305175781,125.77999877929688,126.83000183105469,108.54109191894531,7501900
2018-04-24,126.94000244140625,127.45999908447266,125.30999755859375,126.19000244140625,107.99335479736328,6577500
2018-04-25,125.91000366210938,126.8499984741211,125.27999877929688,126.76000213623047,108.48117065429688,5859600
2018-04-26,126.62000274658203,129.22000122070312,126.62000274658203,128.00999450683594,109.5509262084961,8211100
2018-04-27,127.7300033569336,128.7899932861328,127.5,128.27000427246094,109.77342987060547,4266800
2018-04-30,128.86000061035156,128.97999572753906,126.48999786376953,126.48999786376953,108.25009155273438,8219400
2018-05-01,126.31999969482422,126.63999938964844,124.97000122070312,126.01000213623047,107.83931732177734,5122600
2018-05-02,125.5199966430664,126.18000030517578,123.19999694824219,123.5,105.69125366210938,7390800
2018-05-03,123.30000305175781,123.69000244140625,121.27999877929688,123.02999877929688,105.28901672363281,7282900
2018-05-04,122.5999984741211,124.51000213623047,121.80000305175781,124.19000244140625,106.28176879882812,6127600
2018-05-07,124.13999938964844,125.23999786376953,123.31999969482422,123.58999633789062,105.76828002929688,6707900
2018-05-08,122.86000061035156,123.48999786376953,121.69000244140625,122.61000061035156,104.92960357666016,5951800
2018-05-09,122.98999786376953,124.05000305175781,122.52999877929688,123.51000213623047,105.6998291015625,6808600
2018-05-10,124.22000122070312,126.05000305175781,124.0,125.3499984741211,107.27448272705078,4948000
2018-05-11,125.7699966430664,127.5999984741211,125.76000213623047,127.23999786376953,108.89196014404297,5716700
2018-05-14,127.3499984741211,127.61000061035156,125.5999984741211,126.05999755859375,107.8821029663086,6101600
2018-05-15,125.54000091552734,125.83000183105469,124.4000015258789,125.12999725341797,107.08621215820312,5875700
2018-05-16,125.44000244140625,125.9000015258789,125.0,125.3499984741211,107.27448272705078,3818100
2018-05-17,125.48999786376953,125.58999633789062,123.55000305175781,123.8499984741211,105.99079895019531,6473400
2018-05-18,123.77999877929688,124.44000244140625,123.27999877929688,124.23999786376953,106.32454681396484,5433900
2018-05-21,124.62000274658203,124.98999786376953,123.31999969482422,123.72000122070312,105.8795166015625,5558700
2018-05-22,123.80000305175781,124.23999786376953,122.76000213623047,122.91000366210938,105.18634033203125,7172700
2018-05-23,122.87000274658203,123.97000122070312,122.73999786376953,123.44999694824219,105.64846801757812,4940800
2018-05-24,123.22000122070312,123.38999938964844,121.55000305175781,122.25,104.62150573730469,6923600
2018-05-25,121.55999755859375,122.80000305175781,121.12999725341797,121.47000122070312,104.7249526977539,4594800
2018-05-29,120.5,120.80000305175781,118.62000274658203,119.4000015258789,102.94033813476562,9821900
2018-05-30,120.12000274658203,121.58000183105469,119.54000091552734,120.97000122070312,104.29389953613281,6423700
2018-05-31,120.91999816894531,121.25,119.54000091552734,119.62000274658203,103.12998962402344,10337500
2018-06-01,120.37999725341797,121.31999969482422,119.97000122070312,121.26000213623047,104.54393005371094,5741000
2018-06-04,121.8499984741211,122.37000274658203,121.0199966430664,121.94999694824219,105.13878631591797,4853000
2018-06-05,122.05000305175781,122.55999755859375,120.9000015258789,121.4800033569336,104.73357391357422,5125400
2018-06-06,121.97000122070312,122.79000091552734,121.45999908447266,122.79000091552734,105.86299896240234,6799300
2018-06-07,123.0,123.48999786376953,122.2699966430664,123.33000183105469,106.32856750488281,7414100
2018-06-08,123.36000061035156,124.8499984741211,123.33000183105469,124.05999755859375,106.95792388916016,6208100
2018-06-11,124.2699966430664,124.33999633789062,122.55000305175781,122.66000366210938,105.75091552734375,5571400
2018-06-12,123.16000366210938,123.18000030517578,121.94999694824219,122.54000091552734,105.64747619628906,5227300
2018-06-13,123.1500015258789,124.08999633789062,122.45999908447266,122.62999725341797,105.72506713867188,5836900
2018-06-14,122.70999908447266,123.1500015258789,122.08999633789062,122.41000366210938,105.53536987304688,5239200
2018-06-15,122.0999984741211,122.7300033569336,121.23999786376953,122.61000061035156,105.70781707763672,13173500
2018-06-18,121.61000061035156,121.80999755859375,120.25,121.31999969482422,104.59564971923828,6787400
2018-06-19,120.66000366210938,123.16999816894531,120.56999969482422,122.56999969482422,105.67333221435547,8572400
2018-06-20,122.41999816894531,122.66000366210938,121.66000366210938,122.04000091552734,105.21640014648438,6277200
2018-06-21,121.83000183105469,122.23999786376953,121.11000061035156,121.44999694824219,104.7077407836914,4417200
2018-06-22,121.68000030517578,123.37999725341797,121.6500015258789,122.83999633789062,105.9061050415039,9501400
2018-06-25,122.81999969482422,123.43000030517578,121.51000213623047,122.58999633789062,105.69055938720703,8170500
2018-06-26,122.48999786376953,122.88999938964844,121.5999984741211,122.3499984741211,105.48365783691406,5496400
2018-06-27,122.12999725341797,122.97000122070312,121.44999694824219,121.61000061035156,104.84567260742188,5666000
2018-06-28,121.77999877929688,122.41000366210938,121.06999969482422,122.0,105.1819076538086,5296800
2018-06-29,122.23999786376953,123.18000030517578,121.19000244140625,121.33999633789062,104.61287689208984,7308700
2018-07-02,121.33999633789062,121.7300033569336,120.11000061035156,121.58000183105469,104.81980895996094,5481400
2018-07-03,121.6500015258789,123.45999908447266,121.26000213623047,122.70999908447266,105.79403686523438,4248100
2018-07-05,123.5999984741211,125.12000274658203,123.2300033569336,125.0,107.76834869384766,7319100
2018-07-06,125.16000366210938,125.91999816894531,124.61000061035156,125.75,108.4149398803711,7297900
2018-07-09,126.22000122070312,126.75,125.5999984741211,126.05000305175781,108.67361450195312,6706100
2018-07-10,126.37000274658203,127.5199966430664,126.11000061035156,127.37999725341797,109.82026672363281,5075600
2018-07-11,127.41000366210938,127.44000244140625,126.05999755859375,126.23999786376953,108.83738708496094,4827400
2018-07-12,127.70999908447266,128.2100067138672,127.16999816894531,127.76000213623047,110.14788055419922,6199000
2018-07-13,125.31999969482422,127.5,125.31999969482422,125.93000030517578,108.57014465332031,8250200
2018-07-16,126.0,126.0999984741211,124.16000366210938,124.69000244140625,107.50106811523438,7314400
2018-07-17,128.52999877929688,130.5399932861328,127.55999755859375,129.11000061035156,111.31178283691406,12858700
2018-07-18,128.80999755859375,129.0500030517578,127.16999816894531,127.80000305175781,110.18235778808594,7152000
2018-07-19,127.52999877929688,127.69999694824219,125.87000274658203,125.94000244140625,108.57874298095703,5984600
2018-07-20,125.30000305175781,126.13999938964844,125.12000274658203,125.8499984741211,108.50117492675781,5835500
2018-07-23,125.75,126.68000030517578,125.44999694824219,126.62999725341797,109.17362976074219,4631100
2018-07-24,127.23999786376953,129.6199951171875,127.1500015258789,129.36000061035156,111.52731323242188,7158800
2018-07-25,129.13999938964844,129.22999572753906,127.6500015258789,128.6199951171875,110.88929748535156,6523000
2018-07-26,129.89999389648438,131.22000122070312,129.85000610351562,130.27999877929688,112.32047271728516,7640600
2018-07-27,129.97999572753906,132.27000427246094,129.94000244140625,131.5500030517578,113.41539001464844,6620400
2018-07-30,131.77999877929688,132.49000549316406,131.25,132.1699981689453,113.949951171875,11013100
2018-07-31,132.27999877929688,132.63999938964844,131.77000427246094,132.52000427246094,114.25170135498047,7598900
2018-08-01,132.38999938964844,132.9600067138672,132.0800018310547,132.63999938964844,114.35513305664062,5770400
2018-08-02,132.88999938964844,133.0,131.08999633789062,131.25,113.15674591064453,6563300
2018-08-03,131.17999267578125,132.6999969482422,130.89999389648438,131.9499969482422,113.76025390625,6498700
2018-08-06,131.63999938964844,132.52999877929688,131.00999450683594,132.02000427246094,113.82060241699219,5840000
2018-08-07,131.8800048828125,132.1699981689453,131.3000030517578,131.4600067138672,113.33779907226562,4664600
2018-08-08,131.49000549316406,131.8000030517578,130.88999938964844,131.1699981689453,113.08778381347656,3721500
2018-08-09,131.5399932861328,131.72000122070312,130.6699981689453,131.1999969482422,113.1136474609375,4057800
2018-08-10,131.19000244140625,131.6300048828125,130.25999450683594,130.75,112.7256851196289,4324000
2018-08-13,130.72000122070312,130.89999389648438,129.85000610351562,130.22000122070312,112.26875305175781,3778000
2018-08-14,129.6699981689453,130.47000122070312,129.35000610351562,129.5,111.64800262451172,4542800
2018-08-15,129.75,130.74000549316406,128.92999267578125,130.42999267578125,112.44978332519531,5377300
2018-08-16,131.02000427246094,132.8800048828125,130.57000732421875,132.47999572753906,114.2171859741211,7861500
2018-08-17,132.4499969482422,135.0,132.19000244140625,134.47000122070312,115.9328842163086,6700900
2018-08-20,134.92999267578125,137.1199951171875,134.0,136.8800048828125,118.01063537597656,7935000
2018-08-21,137.0,137.42999267578125,135.3000030517578,135.35000610351562,116.69155883789062,5832100
2018-08-22,135.55999755859375,135.67999267578125,134.4199981689453,134.61000061035156,116.05355834960938,4688400
2018-08-23,134.61000061035156,135.49000549316406,134.10000610351562,135.11000061035156,116.4846420288086,5057600
2018-08-24,135.11000061035156,136.14999389648438,134.8300018310547,135.9499969482422,117.20882415771484,4809400
2018-08-27,135.5,136.0500030517578,134.2100067138672,134.9199981689453,117.09602355957031,4325900
2018-08-28,134.77999877929688,134.89999389648438,133.88999938964844,134.32000732421875,116.57530975341797,6037500
2018-08-29,134.32000732421875,134.94000244140625,133.94000244140625,134.86000061035156,117.04396057128906,4648700
2018-08-30,134.6999969482422,135.60000610351562,134.60000610351562,134.9499969482422,117.12203216552734,4821900
2018-08-31,134.60000610351562,135.0,133.97000122070312,134.69000244140625,116.89642333984375,6139500
2018-09-04,134.69000244140625,134.75,133.44000244140625,133.72000122070312,116.05457305908203,4406800
2018-09-05,133.47999572753906,135.94000244140625,133.4600067138672,135.86000061035156,117.91182708740234,6174800
2018-09-06,135.5,137.30999755859375,135.17999267578125,136.8699951171875,118.7884292602539,6562000
2018-09-07,136.77999877929688,137.69000244140625,135.75,137.32000732421875,119.17898559570312,6375200
2018-09-10,137.52999877929688,138.47000122070312,137.05999755859375,137.2100067138672,119.08348846435547,4892200
2018-09-11,137.63999938964844,138.91000366210938,137.22000122070312,138.50999450683594,120.21176147460938,7856800
2018-09-12,138.89999389648438,139.99000549316406,138.55999755859375,139.36000061035156,120.94947052001953,6767700
2018-09-13,139.88999938964844,140.47999572753906,139.02000427246094,139.88999938964844,121.40946197509766,6456100
2018-09-14,140.0,140.35000610351562,139.10000610351562,139.49000549316406,121.06230163574219,4534800
2018-09-17,139.3300018310547,140.39999389648438,139.17999267578125,139.9600067138672,121.47020721435547,5295500
2018-09-18,140.27000427246094,140.83999633789062,139.8300018310547,140.5399932861328,121.97358703613281,4581200
2018-09-19,140.75999450683594,140.99000549316406,140.0500030517578,140.4600067138672,121.90413665771484,5049900
2018-09-20,140.82000732421875,142.13999938964844,140.50999450683594,141.97999572753906,123.22333526611328,5019300
2018-09-21,142.17999267578125,143.1300048828125,141.69000244140625,142.8800048828125,124.00443267822266,13283400
2018-09-24,142.10000610351562,142.5,140.22999572753906,140.47000122070312,121.91282653808594,6708000
2018-09-25,140.52999877929688,140.9600067138672,138.39999389648438,138.63999938964844,120.32457733154297,7982800
2018-09-26,138.9499969482422,140.0,137.9600067138672,138.16000366210938,119.90801239013672,7133300
2018-09-27,138.4499969482422,139.5800018310547,137.57000732421875,138.22000122070312,119.96009063720703,6450500
2018-09-28,138.10000610351562,138.55999755859375,137.41000366210938,138.1699981689453,119.91667938232422,6638500
2018-10-01,138.25999450683594,139.85000610351562,138.0,139.69000244140625,121.23590087890625,4871800
2018-10-02,139.7899932861328,140.72999572753906,139.64999389648438,140.47999572753906,121.92146301269531,6439100
2018-10-03,140.5399932861328,141.27000427246094,138.8800048828125,139.02999877929688,120.66305541992188,5411800
2018-10-04,138.5500030517578,139.52999877929688,137.32000732421875,139.35000610351562,120.9407958984375,4738700
2018-10-05,139.8000030517578,140.25,138.55999755859375,139.10000610351562,120.72380065917969,4309300
2018-10-08,138.89999389648438,139.67999267578125,138.6199951171875,139.38999938964844,120.97550964355469,5174100
2018-10-09,138.74000549316406,139.6199951171875,137.80999755859375,139.1999969482422,120.81062316894531,4475300
2018-10-10,139.35000610351562,140.4600067138672,137.72999572753906,137.72999572753906,119.53479766845703,7265600
2018-10-11,137.91000366210938,138.66000366210938,132.8800048828125,133.83999633789062,116.15869903564453,11603200
2018-10-12,134.39999389648438,134.41000366210938,132.22999572753906,133.8699951171875,116.18472290039062,6998000
2018-10-15,133.8800048828125,135.3000030517578,133.50999450683594,133.9499969482422,116.25416564941406,6398700
2018-10-16,134.75,137.99000549316406,134.75,136.55999755859375,118.51934051513672,9592800
2018-10-17,136.22999572753906,140.0,136.2100067138672,139.4600067138672,121.03624725341797,8261100
2018-10-18,139.1999969482422,139.80999755859375,137.7100067138672,139.5,121.07096862792969,7583900
2018-10-19,138.33999633789062,140.0,137.91000366210938,139.0500030517578,120.680419921875,5924800
2018-10-22,138.61000061035156,139.25999450683594,138.13999938964844,138.67999267578125,120.35929107666016,4864300
2018-10-23,137.7899932861328,139.49000549316406,137.4499969482422,138.92999267578125,120.57624053955078,8282700
2018-10-24,138.52000427246094,140.11000061035156,137.1699981689453,137.47000122070312,119.30915069580078,8279200
2018-10-25,137.4600067138672,139.08999633789062,135.0500030517578,138.47000122070312,120.17707061767578,9720700
2018-10-26,137.94000244140625,139.3000030517578,135.3300018310547,136.97000122070312,118.8752212524414,11371400
2018-10-29,136.99000549316406,139.10000610351562,136.22000122070312,137.5500030517578,119.37857818603516,6783000
2018-10-30,137.92999267578125,141.10000610351562,137.0,140.75,122.15583038330078,9646200
2018-10-31,141.0,141.42999267578125,139.61000061035156,139.99000549316406,121.49623107910156,9968900
2018-11-01,140.07000732421875,141.5800018310547,139.85000610351562,140.82000732421875,122.21658325195312,6913500
2018-11-02,141.97000122070312,142.0,139.66000366210938,140.67999267578125,122.09507751464844,7673200
2018-11-05,141.0,142.74000549316406,139.0,142.1999969482422,123.41426849365234,5601400
2018-11-06,141.52999877929688,142.8300018310547,141.05999755859375,142.57000732421875,123.73541259765625,5798900
2018-11-07,143.10000610351562,144.8699951171875,142.97000122070312,144.75,125.62739562988281,7173600
2018-11-08,144.30999755859375,145.7899932861328,144.0,145.3000030517578,126.1047592163086,5497100
2018-11-09,145.0399932861328,145.74000549316406,144.3800048828125,145.33999633789062,126.13948822021484,5343100
2018-11-12,144.99000549316406,146.24000549316406,144.72999572753906,145.6199951171875,126.38246154785156,7013600
2018-11-13,146.19000244140625,146.75,143.4199981689453,144.67999267578125,125.56666564941406,7432300
2018-11-14,145.02000427246094,145.30999755859375,143.55999755859375,144.25,125.19347381591797,6433100
2018-11-15,143.41000366210938,144.50999450683594,142.47999572753906,144.5,125.41045379638672,6657900
2018-11-16,144.7100067138672,146.74000549316406,144.5500030517578,145.99000549316406,126.70358276367188,8494300
2018-11-19,146.42999267578125,148.44000244140625,146.3699951171875,147.72999572753906,128.21368408203125,8714600
2018-11-20,147.5,148.75,146.35000610351562,146.4499969482422,127.10279083251953,8937700
2018-11-21,146.22999572753906,146.22999572753906,140.77999877929688,141.99000549316406,123.23201751708984,10275400
2018-11-23,141.85000610351562,142.72999572753906,141.60000610351562,142.22999572753906,123.44033813476562,3404900
2018-11-26,142.0,142.0500030517578,140.72000122070312,141.3699951171875,123.47525787353516,7590900
2018-11-27,140.57000732421875,143.35000610351562,139.66000366210938,143.22000122070312,125.09107971191406,5962100
2018-11-28,143.8300018310547,146.55999755859375,143.36000061035156,146.44000244140625,127.90348815917969,8411400
2018-11-29,145.6199951171875,147.1999969482422,144.83999633789062,145.85000610351562,127.3882064819336,6900000
2018-11-30,145.33999633789062,147.0,145.10000610351562,146.89999389648438,128.3052520751953,12517600
2018-12-03,145.57000732421875,146.6300048828125,144.94000244140625,146.2100067138672,127.70262145996094,8827200
2018-12-04,146.32000732421875,148.99000549316406,145.82000732421875,146.02999877929688,127.54539489746094,9803500
2018-12-06,144.5,146.4499969482422,142.7899932861328,145.91000366210938,127.44055938720703,11572500
2018-12-07,145.49000549316406,147.33999633789062,144.1199951171875,145.42999267578125,127.02133178710938,9444500
2018-12-10,145.38999938964844,145.8800048828125,142.3800048828125,145.25999450683594,126.87286376953125,6848100
2018-12-11,146.2899932861328,148.2100067138672,145.7899932861328,146.5,127.9559326171875,9857400
2018-12-12,147.0,148.49000549316406,147.0,147.10000610351562,128.47996520996094,8869200
2018-12-13,146.9600067138672,148.58999633789062,146.8000030517578,147.83999633789062,129.1262969970703,6008300
2018-12-14,144.33999633789062,145.3800048828125,130.1999969482422,133.0,116.16474914550781,58140200
2018-12-17,128.32000732421875,131.64999389648438,126.83000183105469,129.13999938964844,112.79334259033203,36933100
2018-12-18,132.0500030517578,132.8000030517578,129.1999969482422,130.4199981689453,113.91131591796875,24640100
2018-12-19,129.8699951171875,131.35000610351562,127.08999633789062,127.61000061035156,111.45700073242188,21232100
2018-12-20,127.72000122070312,129.75,126.76000213623047,128.27000427246094,112.03346252441406,16609600
2018-12-21,127.80000305175781,130.60000610351562,127.12000274658203,128.08999633789062,111.87625122070312,19732900
2018-12-24,127.30000305175781,128.0,121.0,122.83999633789062,107.29080200195312,7531900
2018-12-26,123.41999816894531,126.76000213623047,122.01000213623047,126.70999908447266,110.67092895507812,9253000
2018-12-27,125.87000274658203,127.41000366210938,123.06999969482422,127.41000366210938,111.2823257446289,9918700
2018-12-28,127.91000366210938,128.75,126.75,127.2699966430664,111.16004943847656,6537200
2018-12-31,128.17999267578125,129.5500030517578,127.41999816894531,129.0500030517578,112.7147445678711,7409900
2019-01-02,128.1300048828125,128.3800048828125,126.27999877929688,127.75,111.57930755615234,7631700
2019-01-03,128.13999938964844,128.27000427246094,125.36000061035156,125.72000122070312,109.8062515258789,8654500
2019-01-04,127.12000274658203,128.64999389648438,126.7300033569336,127.83000183105469,111.64915466308594,8831700
2019-01-07,127.62999725341797,128.35000610351562,126.80000305175781,127.01000213623047,110.9329605102539,8404700
2019-01-08,128.17999267578125,130.5,127.7300033569336,129.9600067138672,113.50955200195312,9351600
2019-01-09,129.8300018310547,130.24000549316406,128.3300018310547,128.92999267578125,112.60991668701172,7403500
2019-01-10,127.69000244140625,129.88999938964844,127.69000244140625,129.7100067138672,113.29119873046875,6224400
2019-01-11,129.0,129.83999633789062,128.30999755859375,129.75,113.3261489868164,5300400
2019-01-14,128.74000549316406,128.9600067138672,127.58999633789062,128.27999877929688,112.0422134399414,7374400
2019-01-15,128.52000427246094,129.49000549316406,127.6500015258789,129.36000061035156,112.98548126220703,5194400
2019-01-16,129.41000366210938,129.41000366210938,127.9000015258789,128.0399932861328,111.83259582519531,6264200
2019-01-17,127.70999908447266,129.52000427246094,127.45999908447266,129.08999633789062,112.74967193603516,7632000
2019-01-18,129.89999389648438,131.17999267578125,129.4499969482422,130.69000244140625,114.14715576171875,10593000
2019-01-22,128.1999969482422,129.5,127.01000213623047,128.8000030517578,112.49637603759766,10568100
2019-01-23,128.5,129.3000030517578,127.93000030517578,128.8000030517578,112.49637603759766,9267800
2019-01-24,128.49000549316406,128.6999969482422,125.0,127.02999877929688,110.95043182373047,9917000
2019-01-25,128.1300048828125,128.4499969482422,127.02999877929688,128.22999572753906,111.99851989746094,7585100
2019-01-28,127.80999755859375,129.14999389648438,127.29000091552734,128.99000549316406,112.66233825683594,6927700
2019-01-29,128.9499969482422,130.47000122070312,128.5,130.3300018310547,113.83271789550781,6669300
2019-01-30,130.3699951171875,132.19000244140625,130.3000030517578,131.63999938964844,114.97689819335938,7299300
2019-01-31,131.6300048828125,135.19000244140625,130.8699951171875,133.0800018310547,116.23461151123047,17298100
2019-02-01,134.02000427246094,134.69000244140625,133.47000122070312,134.1999969482422,117.21286010742188,9575200
2019-02-04,133.9600067138672,134.14999389648438,132.2100067138672,132.8800048828125,116.05995178222656,7759000
2019-02-05,133.52000427246094,133.8800048828125,132.75,132.8800048828125,116.05995178222656,6449800
2019-02-06,133.0800018310547,133.57000732421875,132.3000030517578,133.0,116.16474914550781,5066100
2019-02-07,132.4499969482422,132.63999938964844,131.52999877929688,132.0500030517578,115.33499908447266,6085300
2019-02-08,131.9499969482422,132.4600067138672,131.5399932861328,132.39999389648438,115.64069366455078,4436700
2019-02-11,132.30999755859375,132.6699981689453,131.25999450683594,132.0,115.29135131835938,4962200
2019-02-12,132.0800018310547,134.3000030517578,132.0800018310547,134.16000366210938,117.17791748046875,6262300
2019-02-13,134.07000732421875,134.97999572753906,133.2100067138672,134.4499969482422,117.43119812011719,7902200
2019-02-14,134.3000030517578,134.82000732421875,133.35000610351562,134.30999755859375,117.30890655517578,3910400
2019-02-15,135.19000244140625,136.41000366210938,135.00999450683594,136.3800048828125,119.11692810058594,6665000
2019-02-19,136.13999938964844,136.3800048828125,135.6300048828125,135.69000244140625,118.51425170898438,5935500
2019-02-20,135.97000122070312,136.72999572753906,135.72999572753906,136.35000610351562,119.0907211303711,6089800
2019-02-21,134.97999572753906,135.7899932861328,134.27000427246094,135.4199981689453,118.27841186523438,6665500
2019-02-22,135.2899932861328,136.63999938964844,134.82000732421875,136.60000610351562,119.30906677246094,5223900
2019-02-25,136.35000610351562,137.49000549316406,135.86000061035156,136.1999969482422,119.74864959716797,6846600
2019-02-26,136.44000244140625,136.9600067138672,136.0500030517578,136.11000061035156,119.66951751708984,5106900
2019-02-27,135.52000427246094,136.25,135.38999938964844,135.8699951171875,119.45849609375,4378100
2019-02-28,135.9499969482422,137.9499969482422,135.69000244140625,136.63999938964844,120.13551330566406,10133200
2019-03-01,137.22000122070312,138.61000061035156,137.00999450683594,138.35000610351562,121.63894653320312,5641600
2019-03-04,138.85000610351562,139.41000366210938,137.50999450683594,138.47999572753906,121.7532730102539,8377700
2019-03-05,138.80999755859375,139.13999938964844,138.36000061035156,138.77000427246094,122.00824737548828,6568900
2019-03-06,139.47000122070312,139.64999389648438,138.60000610351562,139.08999633789062,122.28956604003906,6236900
2019-03-07,138.52999877929688,139.1199951171875,137.6999969482422,138.24000549316406,121.54225158691406,6100400
2019-03-08,138.08999633789062,139.3000030517578,136.4199981689453,138.05999755859375,121.38397979736328,7046700
2019-03-11,138.11000061035156,139.02999877929688,137.52000427246094,138.55999755859375,121.8236083984375,6150400
2019-03-12,138.64999389648438,140.0,138.5,139.17999267578125,122.36866760253906,5552900
2019-03-13,139.58999633789062,139.83999633789062,139.02000427246094,139.41000366210938,122.5709228515625,6446900
2019-03-14,138.33999633789062,138.8000030517578,137.94000244140625,138.02000427246094,121.34881591796875,8493600
2019-03-15,138.0,138.25999450683594,136.8300018310547,137.60000610351562,120.97956085205078,11922500
2019-03-18,137.64999389648438,137.77999877929688,136.72000122070312,137.1699981689453,120.60148620605469,7369600
2019-03-19,137.61000061035156,138.82000732421875,137.47000122070312,138.44000244140625,121.71808624267578,5882500
2019-03-20,138.3300018310547,138.50999450683594,136.64999389648438,137.2899932861328,120.70698547363281,5475700
2019-03-21,137.0,138.77999877929688,136.9499969482422,138.10000610351562,121.41915893554688,5765100
2019-03-22,137.75,138.38999938964844,136.86000061035156,136.91000366210938,120.37290954589844,6528800
2019-03-25,136.91000366210938,137.00999450683594,135.74000549316406,136.61000061035156,120.10913848876953,4500300
2019-03-26,136.92999267578125,139.27000427246094,136.92999267578125,138.57000732421875,121.83241271972656,4758600
2019-03-27,138.58999633789062,139.47999572753906,138.07000732421875,138.6999969482422,121.94669342041016,6764900
2019-03-28,139.05999755859375,139.4600067138672,138.7100067138672,138.8800048828125,122.10494232177734,4602100
2019-03-29,139.27999877929688,139.8800048828125,138.8800048828125,139.7899932861328,122.90502166748047,7168400
2019-04-01,139.99000549316406,140.2899932861328,138.74000549316406,138.97999572753906,122.19284057617188,5885200
2019-04-02,139.00999450683594,139.00999450683594,136.91000366210938,137.7100067138672,121.07627868652344,5517800
2019-04-03,138.1999969482422,138.24000549316406,136.8699951171875,137.1699981689453,120.60148620605469,5947000
2019-04-04,136.8699951171875,137.00999450683594,135.1300048828125,135.57000732421875,119.19475555419922,5844600
2019-04-05,136.0399932861328,136.5800018310547,135.6999969482422,136.17999267578125,119.7310791015625,4759700
2019-04-08,136.0500030517578,136.50999450683594,135.6999969482422,136.13999938964844,119.69589233398438,4329600
2019-04-09,136.0,136.25999450683594,134.55999755859375,135.57000732421875,119.19475555419922,5210300
2019-04-10,135.88999938964844,136.1300048828125,135.3300018310547,135.5800018310547,119.20355224609375,4194100
2019-04-11,135.9600067138672,136.17999267578125,134.4199981689453,135.2100067138672,118.87825012207031,4485200
2019-04-12,135.22000122070312,136.35000610351562,134.75,135.97999572753906,119.55523681640625,5756800
2019-04-15,136.0,136.7899932861328,135.8000030517578,136.52000427246094,120.02999877929688,5380900
2019-04-16,138.32000732421875,140.6999969482422,137.55999755859375,138.02000427246094,121.34881591796875,10745700
2019-04-17,139.0,140.14999389648438,137.6699981689453,138.52000427246094,121.78844451904297,9543700
2019-04-18,139.35000610351562,140.24000549316406,135.75,137.52000427246094,120.90922546386719,10485300
2019-04-22,136.97999572753906,138.49000549316406,136.4600067138672,137.8300018310547,121.18177032470703,4666500
2019-04-23,137.4199981689453,140.85000610351562,137.25,139.89999389648438,123.0017318725586,5790500
2019-04-24,139.64999389648438,140.13999938964844,138.86000061035156,139.1999969482422,122.38628387451172,5676300
2019-04-25,138.52000427246094,139.77000427246094,137.9600067138672,139.64999389648438,122.78190612792969,5218100
2019-04-26,139.8800048828125,140.52000427246094,139.30999755859375,140.38999938964844,123.43254852294922,4613600
2019-04-29,140.35000610351562,140.42999267578125,139.5800018310547,139.83999633789062,122.94896697998047,4275200
2019-04-30,140.19000244140625,141.4499969482422,138.9600067138672,141.1999969482422,124.14469146728516,6003700
2019-05-01,140.9499969482422,142.35000610351562,139.75,141.9499969482422,124.8041000366211,6656300
2019-05-02,141.91000366210938,142.14999389648438,140.1199951171875,141.27999877929688,124.21504211425781,8835600
2019-05-03,141.2899932861328,142.08999633789062,141.0800018310547,142.00999450683594,124.85689544677734,5281600
2019-05-06,140.25,142.24000549316406,139.92999267578125,142.08999633789062,124.92720031738281,5818900
2019-05-07,140.82000732421875,141.3800048828125,139.05999755859375,139.97000122070312,123.06331634521484,6606700
2019-05-08,140.1999969482422,140.9199981689453,139.6999969482422,139.7899932861328,122.90502166748047,4667300
2019-05-09,138.9499969482422,139.32000732421875,137.63999938964844,138.72999572753906,121.97305297851562,5604200
2019-05-10,138.42999267578125,139.25,136.41000366210938,139.0500030517578,122.25440216064453,4771600
2019-05-13,137.85000610351562,138.05999755859375,136.52999877929688,137.1999969482422,120.62786102294922,5560000
2019-05-14,137.0399932861328,137.83999633789062,136.72999572753906,136.82000732421875,120.29375457763672,7179400
2019-05-15,136.89999389648438,137.49000549316406,135.3300018310547,136.91000366210938,120.37290954589844,6429400
2019-05-16,137.38999938964844,139.19000244140625,136.97000122070312,138.2100067138672,121.515869140625,6857200
2019-05-17,137.0,139.02999877929688,136.86000061035156,138.61000061035156,121.86754608154297,6915300
2019-05-20,138.61000061035156,138.9600067138672,137.67999267578125,138.4199981689453,121.70051574707031,4771100
2019-05-21,139.1199951171875,139.57000732421875,138.0800018310547,138.1199951171875,121.43672943115234,4859000
2019-05-22,138.35000610351562,138.9499969482422,137.49000549316406,138.75999450683594,121.99942016601562,5456800
2019-05-23,138.5,139.85000610351562,137.6699981689453,139.7899932861328,122.90502166748047,6951800
2019-05-24,139.5,139.5,138.55999755859375,138.85000610351562,122.91387939453125,5473300
2019-05-28,139.0,140.49000549316406,137.0500030517578,137.07000732421875,121.33817291259766,11919600
2019-05-29,135.88999938964844,135.88999938964844,128.52000427246094,131.3300018310547,116.2569580078125,23247400
2019-05-30,131.44000244140625,132.82000732421875,131.1699981689453,132.11000061035156,116.94743347167969,7360600
2019-05-31,131.52000427246094,132.0,129.61000061035156,131.14999389648438,116.09761810302734,7811000
2019-06-03,131.5,132.39999389648438,131.0399932861328,131.44000244140625,116.35435485839844,8434600
2019-06-04,132.60000610351562,134.3000030517578,132.5800018310547,133.72999572753906,118.38150024414062,6648900
2019-06-05,134.6999969482422,135.1300048828125,133.86000061035156,134.3800048828125,118.95690155029297,6860600
2019-06-06,134.89999389648438,137.66000366210938,134.58999633789062,136.67999267578125,120.992919921875,9115800
2019-06-07,137.58999633789062,139.58999633789062,137.13999938964844,138.5500030517578,122.64832305908203,6533900
2019-06-10,138.60000610351562,139.14999389648438,137.60000610351562,139.02000427246094,123.06436920166016,4994700
2019-06-11,139.67999267578125,140.66000366210938,139.5,139.77999877929688,123.73712921142578,8230500
2019-06-12,140.3000030517578,142.91000366210938,140.3000030517578,141.67999267578125,125.41902160644531,9216500
2019-06-13,141.72000122070312,141.9499969482422,140.2100067138672,140.7100067138672,124.56040954589844,7500800
2019-06-14,141.22999572753906,141.49000549316406,140.0399932861328,140.08999633789062,124.01154327392578,6548100
2019-06-17,140.0,140.24000549316406,139.2100067138672,139.44000244140625,123.43616485595703,5562800
2019-06-18,140.55999755859375,140.92999267578125,139.7899932861328,140.22999572753906,124.13548278808594,7122700
2019-06-19,140.00999450683594,140.97000122070312,139.91000366210938,140.4499969482422,124.33020782470703,6393400
2019-06-20,141.25,142.39999389648438,141.0,142.2100067138672,125.88822937011719,7335800
2019-06-21,141.4600067138672,142.42999267578125,141.00999450683594,142.08999633789062,125.781982421875,11272200
2019-06-24,142.4199981689453,143.6999969482422,142.08999633789062,143.05999755859375,126.64066314697266,5894700
2019-06-25,143.27000427246094,144.97999572753906,143.19000244140625,144.24000549316406,127.68524932861328,7517000
2019-06-26,143.85000610351562,143.85000610351562,140.75999450683594,141.85000610351562,125.56959533691406,7674100
2019-06-27,142.22999572753906,142.5,140.60000610351562,140.69000244140625,124.5427017211914,5233500
2019-06-28,140.74000549316406,141.10000610351562,138.50999450683594,139.27999877929688,123.29452514648438,12792400
2019-07-01,140.1999969482422,140.25999450683594,138.72000122070312,139.36000061035156,123.3653335571289,5872300
2019-07-02,139.22000122070312,140.02999877929688,138.69000244140625,140.02999877929688,123.95845031738281,4501200
2019-07-03,141.0,142.17999267578125,140.7899932861328,142.13999938964844,125.82627868652344,3436300
2019-07-05,141.74000549316406,141.86000061035156,140.3699951171875,140.57000732421875,124.43645477294922,4652400
2019-07-08,140.1199951171875,141.0800018310547,139.63999938964844,140.97000122070312,124.7905502319336,4078100
2019-07-09,141.4600067138672,142.47000122070312,140.91000366210938,141.41000366210938,125.18006134033203,4217400
2019-07-10,141.77999877929688,141.99000549316406,140.6699981689453,141.2100067138672,125.00299835205078,4874400
2019-07-11,140.94000244140625,141.2100067138672,139.02000427246094,140.11000061035156,124.0292739868164,5817400
2019-07-12,140.1199951171875,140.1199951171875,132.32000732421875,134.3000030517578,118.8861083984375,17780100
2019-07-15,135.38999938964844,136.36000061035156,134.4499969482422,134.7100067138672,119.2490234375,10038200
2019-07-16,132.92999267578125,133.8300018310547,131.75,132.5,117.29268646240234,10214500
2019-07-17,132.49000549316406,133.5800018310547,131.41000366210938,131.86000061035156,116.72614288330078,8862100
2019-07-18,132.1300048828125,132.50999450683594,131.1699981689453,132.07000732421875,116.91202545166016,6203100
2019-07-19,132.25,132.38999938964844,130.19000244140625,130.30999755859375,115.35401153564453,8340200
2019-07-22,130.0,130.14999389648438,127.83999633789062,128.63999938964844,113.87569427490234,12624800
2019-07-23,128.61000061035156,129.4499969482422,128.16000366210938,128.83999633789062,114.05274200439453,5803600
2019-07-24,128.8800048828125,129.7899932861328,128.57000732421875,129.77999877929688,114.88484954833984,6838600
2019-07-25,130.05999755859375,131.52999877929688,129.6699981689453,131.1199951171875,116.07105255126953,8897800
2019-07-26,131.3000030517578,131.3000030517578,130.49000549316406,130.72999572753906,115.725830078125,4894600
2019-07-29,131.0,133.30999755859375,130.2100067138672,133.02000427246094,117.75300598144531,7832000
2019-07-30,132.47000122070312,132.49000549316406,131.27000427246094,132.0800018310547,116.92089080810547,5509600
2019-07-31,131.63999938964844,132.0,130.17999267578125,130.22000122070312,115.27436828613281,8559200
2019-08-01,130.25999450683594,130.74000549316406,129.02000427246094,130.2899932861328,115.33631896972656,7870700
2019-08-02,130.86000061035156,131.47000122070312,129.77000427246094,131.07000732421875,116.02681732177734,6574900
2019-08-05,130.91000366210938,131.4600067138672,129.00999450683594,130.16000366210938,115.22123718261719,9480000
2019-08-06,130.33999633789062,131.22000122070312,129.58999633789062,130.77000427246094,115.76123046875,7880600
2019-08-07,129.36000061035156,130.91000366210938,128.19000244140625,130.2100067138672,115.26549530029297,6771700
2019-08-08,130.97999572753906,131.9499969482422,130.22999572753906,131.67999267578125,116.56681060791016,5260500
2019-08-09,131.8000030517578,132.75999450683594,131.22999572753906,132.0399932861328,116.8854751586914,4677300
2019-08-12,131.5,132.6999969482422,131.2899932861328,131.92999267578125,116.7880859375,6852100
2019-08-13,132.3000030517578,134.10000610351562,132.0,133.4199981689453,118.10708618164062,5013200
2019-08-14,132.52999877929688,132.5399932861328,130.1300048828125,130.25999450683594,115.30976867675781,7736200
2019-08-15,130.1699981689453,131.07000732421875,129.25,130.5399932861328,115.55762481689453,7251200
2019-08-16,131.47000122070312,131.6699981689453,130.60000610351562,131.36000061035156,116.28351593017578,5858900
2019-08-19,132.5,132.57000732421875,131.82000732421875,132.25,117.07138061523438,4958000
2019-08-20,131.9600067138672,132.66000366210938,130.4600067138672,130.60000610351562,115.61076354980469,7302000
2019-08-21,131.6999969482422,132.41000366210938,130.85000610351562,131.52999877929688,116.43400573730469,6912800
2019-08-22,131.60000610351562,132.1300048828125,130.8000030517578,131.27000427246094,116.203857421875,7213500
2019-08-23,131.07000732421875,131.25999450683594,127.12999725341797,127.7300033569336,113.07013702392578,15714000
2019-08-26,127.41999816894531,128.0800018310547,126.62999725341797,127.80000305175781,113.97984313964844,8889500
2019-08-27,129.8800048828125,132.39999389648438,129.10000610351562,129.63999938964844,115.62086486816406,20183800
2019-08-28,127.86000061035156,128.8699951171875,127.01000213623047,128.67999267578125,114.76467895507812,9878800
2019-08-29,128.83999633789062,129.1999969482422,126.83000183105469,128.24000549316406,114.37227630615234,6749900
2019-08-30,128.27000427246094,129.10000610351562,127.62000274658203,128.36000061035156,114.47928619384766,7371100
2019-09-03,127.98999786376953,128.97999572753906,127.51000213623047,128.74000549316406,114.81819915771484,5710200
2019-09-04,129.49000549316406,129.58999633789062,128.0800018310547,128.86000061035156,114.92520904541016,4807200
2019-09-05,129.89999389648438,129.89999389648438,128.30999755859375,128.5800018310547,114.67547607421875,4754100
2019-09-06,128.8800048828125,129.22999572753906,128.07000732421875,128.2100067138672,114.34551239013672,6758300
2019-09-09,128.0,128.16000366210938,126.58999633789062,126.94999694824219,113.22177124023438,7684700
2019-09-10,127.33999633789062,129.5500030517578,126.33999633789062,129.5500030517578,115.54061126708984,8239500
2019-09-11,129.86000061035156,131.27999877929688,129.0800018310547,131.1699981689453,116.98541259765625,6203600
2019-09-12,131.36000061035156,131.77000427246094,130.05999755859375,130.42999267578125,116.32543182373047,5250000
2019-09-13,131.3300018310547,131.57000732421875,129.9600067138672,130.77999877929688,116.63756561279297,5369800
2019-09-16,130.11000061035156,130.75,129.3300018310547,129.5399932861328,115.53168487548828,5101700
2019-09-17,129.60000610351562,130.5,129.11000061035156,129.6699981689453,115.64762115478516,4976400
2019-09-18,129.89999389648438,130.55999755859375,128.77999877929688,130.41000366210938,116.3075942993164,4373600
2019-09-19,129.6300048828125,131.19000244140625,129.36000061035156,130.11000061035156,116.04003143310547,4730100
2019-09-20,131.0,132.0,130.2899932861328,131.64999389648438,117.41350555419922,12053100
2019-09-23,131.02000427246094,132.0500030517578,130.49000549316406,131.74000549316406,117.4937744140625,5183700
2019-09-24,132.10000610351562,132.77999877929688,131.33999633789062,131.5500030517578,117.32432556152344,7102600
2019-09-25,131.5,131.57000732421875,130.22999572753906,130.99000549316406,116.82490539550781,4522900
2019-09-26,131.08999633789062,131.30999755859375,128.02999877929688,128.85000610351562,114.91630554199219,7545800
2019-09-27,128.61000061035156,129.39999389648438,126.69999694824219,128.60000610351562,114.69332122802734,6006500
2019-09-30,129.07000732421875,130.27999877929688,129.0,129.3800048828125,115.38899993896484,6552100
2019-10-01,130.02000427246094,130.8000030517578,129.77000427246094,129.99000549316406,115.93302917480469,7673000
2019-10-02,132.75999450683594,134.6999969482422,131.22000122070312,132.0,117.72566986083984,12051800
2019-10-03,131.63999938964844,132.3699951171875,130.00999450683594,131.19000244140625,117.00326538085938,6997600
2019-10-04,131.33999633789062,133.72000122070312,131.25,133.66000366210938,119.20614624023438,7233300
2019-10-07,133.08999633789062,133.82000732421875,132.13999938964844,133.16000366210938,118.76025390625,5427200
2019-10-08,132.4499969482422,133.25999450683594,131.49000549316406,131.83999633789062,117.58296966552734,7870400
2019-10-09,131.13999938964844,131.25,128.52000427246094,129.22000122070312,115.24630737304688,7787700
2019-10-10,128.9499969482422,130.1199951171875,128.6300048828125,129.05999755859375,115.10356903076172,5119700
2019-10-11,131.13999938964844,132.6199951171875,130.82000732421875,131.3300018310547,117.12810516357422,7161400
2019-10-14,131.36000061035156,131.36000061035156,130.4199981689453,130.72000122070312,116.58409118652344,5700000
2019-10-15,133.0,134.25,132.10000610351562,132.83999633789062,118.47481536865234,10008800
2019-10-16,134.89999389648438,136.58999633789062,133.8000030517578,135.1699981689453,120.55286407470703,12434200
2019-10-17,135.9600067138672,137.49000549316406,135.64999389648438,136.1699981689453,121.44471740722656,8434000
2019-10-18,133.30999755859375,134.38999938964844,127.69999694824219,127.69999694824219,113.8906478881836,25868700
2019-10-21,128.6699981689453,129.6699981689453,127.05999755859375,128.02000427246094,114.17606353759766,13823600
2019-10-22,128.75999450683594,130.5399932861328,128.08999633789062,129.1999969482422,115.22846984863281,7613700
2019-10-23,129.66000366210938,130.47999572753906,129.07000732421875,129.89999389648438,115.85272979736328,6693400
2019-10-24,130.4199981689453,130.5800018310547,126.0999984741211,127.5,113.71228790283203,12111600
2019-10-25,127.83000183105469,129.10000610351562,127.30999755859375,128.35000610351562,114.47036743164062,6947300
2019-10-28,128.6199951171875,130.0,128.50999450683594,129.17999267578125,115.21060180664062,7876300
2019-10-29,129.6999969482422,129.97000122070312,128.55999755859375,129.1199951171875,115.1571044921875,4506300
2019-10-30,133.3000030517578,133.52999877929688,131.72999572753906,132.83999633789062,118.47481536865234,9627600
2019-10-31,132.3800048828125,132.83999633789062,130.88999938964844,132.0399932861328,117.7613296508789,7686700
2019-11-01,132.0500030517578,133.0,131.13999938964844,131.1999969482422,117.01216125488281,5541800
2019-11-04,131.8000030517578,131.9499969482422,130.08999633789062,130.22999572753906,116.1470718383789,6140300
2019-11-05,130.52999877929688,131.47000122070312,129.67999267578125,130.4199981689453,116.3165283203125,6257300
2019-11-06,130.4199981689453,131.47999572753906,129.6999969482422,130.9600067138672,116.79814147949219,5450000
2019-11-07,131.72999572753906,132.3800048828125,131.00999450683594,131.42999267578125,117.21728515625,5873700
2019-11-08,131.3000030517578,133.0399932861328,130.97000122070312,133.0,118.61753845214844,5003000
2019-11-11,132.27000427246094,132.52000427246094,131.3300018310547,131.97999572753906,117.70780181884766,4371400
2019-11-12,132.0,132.08999633789062,131.02000427246094,131.35000610351562,117.14598846435547,5228700
2019-11-13,131.0399932861328,131.49000549316406,130.72000122070312,131.27000427246094,117.0746078491211,5885400
2019-11-14,131.02999877929688,131.36000061035156,130.13999938964844,130.9600067138672,116.79814147949219,4217500
2019-11-15,131.25,134.97000122070312,130.77999877929688,134.94000244140625,120.34772491455078,10495100
2019-11-18,134.22000122070312,135.69000244140625,132.66000366210938,134.8300018310547,120.24964141845703,9291800
2019-11-19,135.0,135.19000244140625,134.2100067138672,134.82000732421875,120.24072265625,5192200
2019-11-20,135.11000061035156,136.33999633789062,134.07000732421875,135.94000244140625,121.23960876464844,7594400
2019-11-21,135.94000244140625,136.85000610351562,135.0,136.44000244140625,121.6855239868164,6424900
2019-11-22,136.64999389648438,138.6300048828125,136.5,138.07000732421875,123.13927459716797,9235800
2019-11-25,137.05999755859375,137.64999389648438,136.24000549316406,137.17999267578125,123.19313049316406,6111900
2019-11-26,136.47000122070312,137.33999633789062,135.14999389648438,137.1699981689453,123.18415832519531,10636500
2019-11-27,137.16000366210938,138.25,136.89999389648438,137.75,123.70501708984375,5523000
2019-11-29,137.60000610351562,138.27000427246094,136.94000244140625,137.49000549316406,123.47152709960938,3278900
2019-12-02,137.72000122070312,137.85000610351562,136.85000610351562,137.36000061035156,123.35478210449219,4717100
2019-12-03,136.91000366210938,137.4499969482422,136.16000366210938,137.16000366210938,123.17517852783203,5741400
2019-12-04,138.5,139.74000549316406,138.0399932861328,139.3800048828125,125.1688461303711,7257300
2019-12-05,139.35000610351562,139.75,137.9499969482422,139.55999755859375,125.3304672241211,5472900
2019-12-06,139.4600067138672,141.5800018310547,139.4600067138672,140.3800048828125,126.0668716430664,6640400
2019-12-09,140.38999938964844,140.80999755859375,140.05999755859375,140.5,126.17463684082031,4241000
2019-12-10,140.8000030517578,141.0,139.91000366210938,139.99000549316406,125.71664428710938,5310300
2019-12-11,140.92999267578125,141.97999572753906,140.6300048828125,140.97999572753906,126.60569763183594,6631500
2019-12-12,141.32000732421875,142.05999755859375,140.72999572753906,141.33999633789062,126.9289779663086,5012400
2019-12-13,141.10000610351562,141.8000030517578,140.30999755859375,141.3800048828125,126.96495056152344,4257200
2019-12-16,141.72999572753906,142.85000610351562,141.49000549316406,141.7899932861328,127.33308410644531,5353100
2019-12-17,143.0,144.0500030517578,142.52000427246094,143.55999755859375,128.92266845703125,10722400
2019-12-18,143.72000122070312,143.8800048828125,142.74000549316406,143.19000244140625,128.59034729003906,7849200
2019-12-19,143.88999938964844,145.8800048828125,143.61000061035156,145.35000610351562,130.53016662597656,9414700
2019-12-20,146.8800048828125,147.83999633789062,144.8000030517578,146.05999755859375,131.16773986816406,14532800
2019-12-23,145.74000549316406,146.75999450683594,145.33999633789062,146.44000244140625,131.50900268554688,6558700
2019-12-24,146.0,146.00999450683594,145.25999450683594,145.92999267578125,131.05093383789062,4238900
2019-12-26,145.97000122070312,146.17999267578125,145.16000366210938,145.8300018310547,130.96119689941406,3019300
2019-12-27,146.1999969482422,146.5500030517578,145.5399932861328,145.75,130.8893585205078,3432700
2019-12-30,145.77999877929688,146.1999969482422,145.02999877929688,145.3000030517578,130.4852294921875,2923300
2019-12-31,145.10000610351562,146.00999450683594,144.77999877929688,145.8699951171875,130.99708557128906,4435000
2020-01-02,145.8699951171875,146.02000427246094,145.0800018310547,145.97000122070312,131.08689880371094,5777000
2020-01-03,143.5,145.3699951171875,143.0,144.27999877929688,129.56924438476562,5752400
2020-01-06,144.0,144.1999969482422,142.85000610351562,144.10000610351562,129.40760803222656,7731300
2020-01-07,144.00999450683594,145.4499969482422,141.3800048828125,144.97999572753906,130.19786071777344,7382900
2020-01-08,144.8699951171875,145.97999572753906,143.6999969482422,144.9600067138672,130.17990112304688,6605800
2020-01-09,145.75999450683594,146.02999877929688,144.99000549316406,145.38999938964844,130.5660400390625,6112700
2020-01-10,145.75,146.17999267578125,144.89999389648438,145.05999755859375,130.26968383789062,5042600
2020-01-13,145.47999572753906,145.7899932861328,144.72000122070312,145.6999969482422,130.8444366455078,4593200
2020-01-14,145.0500030517578,146.61000061035156,144.72999572753906,146.52000427246094,131.58082580566406,7037500
2020-01-15,146.39999389648438,147.39999389648438,146.24000549316406,147.00999450683594,132.0208740234375,4960300
2020-01-16,147.4199981689453,148.83999633789062,146.1999969482422,148.1999969482422,133.08953857421875,6476000
2020-01-17,148.41000366210938,149.41000366210938,147.92999267578125,149.1699981689453,133.96066284179688,9083600
2020-01-21,148.5800018310547,150.1699981689453,148.5,149.27000427246094,134.05043029785156,9543900
2020-01-22,146.6999969482422,149.17999267578125,146.0,148.25,133.1344451904297,10305300
2020-01-23,148.0399932861328,148.77000427246094,146.75999450683594,148.52999877929688,133.38589477539062,8671900
2020-01-24,148.5800018310547,148.9499969482422,147.92999267578125,148.32000732421875,133.19729614257812,9051900
2020-01-27,147.52000427246094,149.4600067138672,147.0,148.75,133.5834503173828,7587100
2020-01-28,148.4600067138672,150.57000732421875,148.14999389648438,149.5,134.2570037841797,7336600
2020-01-29,149.4499969482422,151.19000244140625,149.1300048828125,150.5399932861328,135.19093322753906,6288600
2020-01-30,150.02999877929688,150.50999450683594,149.0500030517578,150.36000061035156,135.029296875,6470600
2020-01-31,149.75,150.0,148.63999938964844,148.8699951171875,133.69122314453125,8651700
2020-02-03,149.4199981689453,150.49000549316406,149.24000549316406,150.1699981689453,134.85870361328125,5765200
2020-02-04,151.49000549316406,152.75,151.1999969482422,151.60000610351562,136.1428985595703,6541400
2020-02-05,151.72000122070312,154.02000427246094,151.30999755859375,153.99000549316406,138.2891845703125,5979900
2020-02-06,154.25,154.5,152.74000549316406,153.52999877929688,137.87611389160156,6201200
2020-02-07,153.33999633789062,153.4600067138672,151.5500030517578,151.88999938964844,136.40330505371094,5700300
2020-02-10,151.67999267578125,151.91000366210938,150.88999938964844,151.86000061035156,136.3763427734375,4835600
2020-02-11,152.2899932861328,152.3800048828125,151.5399932861328,151.99000549316406,136.4931182861328,3715300
2020-02-12,151.8699951171875,152.14999389648438,150.9199981689453,151.08999633789062,135.68487548828125,5166800
2020-02-13,150.16000366210938,151.0399932861328,149.8800048828125,150.08999633789062,134.7868194580078,5480200
2020-02-14,150.55999755859375,150.63999938964844,149.14999389648438,150.1300048828125,134.82276916503906,5716300
2020-02-18,150.47000122070312,150.74000549316406,149.05999755859375,149.13999938964844,133.93370056152344,7230700
2020-02-19,149.2100067138672,149.75999450683594,148.5800018310547,148.94000244140625,133.7541046142578,6115200
2020-02-20,148.61000061035156,149.3800048828125,147.39999389648438,148.3699951171875,133.24221801757812,7464700
2020-02-21,148.08999633789062,150.24000549316406,147.5399932861328,149.92999267578125,134.6431427001953,7776800
2020-02-24,146.5,149.0,145.25,145.91000366210938,131.8686065673828,10588900
2020-02-25,145.99000549316406,146.75,143.8300018310547,144.64999389648438,130.72982788085938,10529000
2020-02-26,145.35000610351562,146.22000122070312,143.58999633789062,143.67999267578125,129.85321044921875,10093800
2020-02-27,142.55999755859375,144.77000427246094,138.9499969482422,139.1199951171875,125.73199462890625,12566700
2020-02-28,135.36000061035156,137.2899932861328,130.82000732421875,134.47999572753906,121.53852844238281,19820300
2020-03-02,134.77999877929688,140.1300048828125,134.00999450683594,140.02000427246094,126.54539489746094,11508200
2020-03-03,140.0,140.99000549316406,133.10000610351562,135.58999633789062,122.54169464111328,13662500
2020-03-04,137.67999267578125,143.63999938964844,137.13999938964844,143.47999572753906,129.67242431640625,10560500
2020-03-05,140.8000030517578,142.67999267578125,139.83999633789062,142.00999450683594,128.34390258789062,11339200
2020-03-06,138.47999572753906,143.00999450683594,137.41000366210938,142.02999877929688,128.36199951171875,12239100
2020-03-09,136.3300018310547,139.67999267578125,134.89999389648438,136.44000244140625,123.30992126464844,13848600
2020-03-10,139.97000122070312,141.9499969482422,134.22999572753906,141.63999938964844,128.00950622558594,12698100
2020-03-11,138.08999633789062,138.75,131.5,131.8000030517578,119.11643981933594,17763400
2020-03-12,127.30999755859375,133.75999450683594,124.5,125.41000366210938,113.34138488769531,21539200
2020-03-13,129.32000732421875,134.9199981689453,124.6500015258789,134.2899932861328,121.36682891845703,20084200
2020-03-16,123.56999969482422,133.75999450683594,122.43000030517578,127.12999725341797,114.89583587646484,18877900
2020-03-17,128.5500030517578,136.77000427246094,127.80999755859375,136.58999633789062,123.44548797607422,18911800
2020-03-18,131.02000427246094,135.6699981689453,128.7100067138672,134.9600067138672,121.97234344482422,17521100
2020-03-19,134.99000549316406,134.99000549316406,126.1500015258789,127.05000305175781,114.82355499267578,18482300
2020-03-20,126.83000183105469,127.44000244140625,118.12999725341797,119.88999938964844,108.35258483886719,19785100
2020-03-23,117.0,118.55999755859375,109.16000366210938,111.13999938964844,100.44461822509766,20815200
2020-03-24,118.76000213623047,119.6500015258789,113.86000061035156,119.18000030517578,107.71089172363281,17604800
2020-03-25,118.91000366210938,123.95999908447266,116.69999694824219,119.4000015258789,107.90973663330078,13986100
2020-03-26,120.56999969482422,127.0999984741211,120.37999725341797,126.56999969482422,114.38975524902344,15066800
2020-03-27,121.6500015258789,127.62000274658203,120.58000183105469,123.16000366210938,111.30789947509766,12133200
2020-03-30,128.4600067138672,133.99000549316406,127.5,133.00999450683594,120.20999908447266,21754000
2020-03-31,134.99000549316406,135.7100067138672,130.0500030517578,131.1300048828125,118.51093292236328,15746100
2020-04-01,127.69999694824219,130.22999572753906,125.5,128.80999755859375,116.41419219970703,12606100
2020-04-02,129.1199951171875,134.0,127.22000122070312,133.14999389648438,120.33651733398438,11594500
2020-04-03,132.3800048828125,134.7899932861328,131.5800018310547,134.1699981689453,121.25835418701172,10071200
2020-04-06,137.00999450683594,140.97000122070312,135.5399932861328,139.75999450683594,126.3104019165039,14994400
2020-04-07,139.86000061035156,142.02999877929688,137.25999450683594,137.47999572753906,124.24983215332031,11567100
2020-04-08,137.75,144.1300048828125,137.3000030517578,143.25999450683594,129.47360229492188,10758200
2020-04-09,144.00999450683594,145.4199981689453,140.27999877929688,141.22999572753906,127.63895416259766,11125400
2020-04-13,140.0,141.49000549316406,137.83999633789062,139.77000427246094,126.31944274902344,8153200
2020-04-14,145.4199981689453,147.4199981689453,144.0500030517578,146.02999877929688,131.97703552246094,13838000
2020-04-15,145.5500030517578,147.91000366210938,143.5399932861328,147.66000366210938,133.45016479492188,11962300
2020-04-16,148.30999755859375,150.67999267578125,146.44000244140625,149.6699981689453,135.26675415039062,12181700
2020-04-17,151.99000549316406,152.3000030517578,149.60000610351562,152.02000427246094,137.39060974121094,10920000
2020-04-20,150.92999267578125,153.0,150.08999633789062,151.6699981689453,137.07427978515625,12226200
2020-04-21,150.1199951171875,151.63999938964844,148.57000732421875,149.67999267578125,135.27574157714844,9951100
2020-04-22,152.80999755859375,155.0,151.72999572753906,152.99000549316406,138.26724243164062,11515600
2020-04-23,154.25,157.0,153.6999969482422,155.50999450683594,140.5447540283203,10665000
2020-04-24,155.57000732421875,156.3000030517578,153.63999938964844,154.86000061035156,139.95729064941406,8653400
2020-04-27,154.80999755859375,156.0500030517578,154.0,154.2899932861328,139.44216918945312,8924000
2020-04-28,151.25,153.10000610351562,150.6999969482422,151.38999938964844,136.82119750976562,8558700
2020-04-29,151.3800048828125,151.6300048828125,149.16000366210938,150.24000549316406,135.7819061279297,9285200
2020-04-30,148.4600067138672,150.42999267578125,147.16000366210938,150.0399932861328,135.60110473632812,14829600
2020-05-01,149.6199951171875,149.6699981689453,146.7899932861328,148.2899932861328,134.01954650878906,7309000
2020-05-04,148.77000427246094,149.0800018310547,147.08999633789062,148.27000427246094,134.00148010253906,7198400
2020-05-05,149.0,150.77999877929688,148.63999938964844,149.5,135.1131134033203,6562300
2020-05-06,150.0,150.32000732421875,148.0399932861328,148.0800018310547,133.8297576904297,6191600
2020-05-07,149.3699951171875,149.52999877929688,147.1300048828125,147.58999633789062,133.38690185546875,5570500
2020-05-08,148.9199981689453,149.17999267578125,147.88999938964844,148.6999969482422,134.39012145996094,4712100
2020-05-11,148.4499969482422,150.10000610351562,148.1199951171875,149.11000061035156,134.76063537597656,5887500
2020-05-12,150.10000610351562,150.33999633789062,147.02999877929688,147.13999938964844,132.980224609375,7039200
2020-05-13,146.0800018310547,148.9499969482422,146.00999450683594,147.1300048828125,132.97120666503906,6970500
2020-05-14,145.38999938964844,147.75999450683594,144.25999450683594,147.63999938964844,133.43209838867188,6871400
2020-05-15,147.8699951171875,150.47999572753906,145.66000366210938,150.44000244140625,135.962646484375,10340400
2020-05-18,152.49000549316406,153.6199951171875,150.4600067138672,150.52000427246094,136.03492736816406,7388400
2020-05-19,150.10000610351562,151.10000610351562,148.39999389648438,149.02000427246094,134.67930603027344,6107300
2020-05-20,149.75,150.38999938964844,147.27000427246094,147.67999267578125,133.46824645996094,5713400
2020-05-21,148.5,148.5,145.82000732421875,146.7100067138672,132.5915985107422,6487300
2020-05-22,144.57000732421875,146.2899932861328,144.05999755859375,144.3699951171875,131.38125610351562,6140900
2020-05-26,146.19000244140625,146.44000244140625,144.3000030517578,144.55999755859375,131.55416870117188,7072300
2020-05-27,144.32000732421875,145.25,143.00999450683594,144.88999938964844,131.8544921875,7950000
2020-05-28,146.02000427246094,148.11000061035156,145.80999755859375,146.97000122070312,133.7473602294922,6189600
2020-05-29,147.9600067138672,149.35000610351562,145.3300018310547,148.75,135.36717224121094,8504000
2020-06-01,147.2899932861328,148.33999633789062,146.00999450683594,147.19000244140625,133.94754028320312,6141800
2020-06-02,147.05999755859375,148.35000610351562,146.1199951171875,148.25,134.91217041015625,6078300
2020-06-03,148.52000427246094,149.13999938964844,146.4499969482422,148.64999389648438,135.27618408203125,6339500
2020-06-04,146.8000030517578,148.3699951171875,145.5800018310547,146.72999572753906,133.52891540527344,8170500
2020-06-05,147.69000244140625,149.63999938964844,146.60000610351562,147.3000030517578,134.04766845703125,9725400
2020-06-08,145.8800048828125,147.61000061035156,145.74000549316406,146.77000427246094,133.5653533935547,7555600
2020-06-09,148.25,149.3300018310547,145.64999389648438,145.9600067138672,132.8282012939453,8247200
2020-06-10,146.60000610351562,150.02999877929688,146.60000610351562,147.8000030517578,134.50267028808594,10137100
2020-06-11,148.5800018310547,149.1699981689453,140.75,140.8699951171875,128.19613647460938,11913300
2020-06-12,142.83999633789062,143.7100067138672,140.27999877929688,142.14999389648438,129.3609619140625,8687400
2020-06-15,141.0,142.39999389648438,139.38999938964844,141.25,128.54196166992188,8649600
2020-06-16,144.08999633789062,145.4199981689453,142.77000427246094,144.4600067138672,131.46316528320312,7579100
2020-06-17,144.89999389648438,145.4199981689453,143.47000122070312,144.02000427246094,131.062744140625,5100100
2020-06-18,142.52000427246094,144.1199951171875,141.8699951171875,143.41000366210938,130.5076141357422,4797400
2020-06-19,145.7899932861328,145.8800048828125,143.25,143.8300018310547,130.8898468017578,12206900
2020-06-22,143.47000122070312,143.66000366210938,142.02999877929688,143.38999938964844,130.48944091796875,5285600
2020-06-23,143.74000549316406,144.0800018310547,142.67999267578125,142.86000061035156,130.0071258544922,5921600
2020-06-24,141.49000549316406,142.19000244140625,138.72000122070312,139.82000732421875,127.24060821533203,8211200
2020-06-25,140.57000732421875,140.57000732421875,137.5399932861328,139.6699981689453,127.10411071777344,7421200
2020-06-26,139.52999877929688,139.60000610351562,137.02000427246094,137.80999755859375,125.41144561767578,12849700
2020-06-29,138.74000549316406,139.6999969482422,137.97999572753906,139.0399932861328,126.53080749511719,5309800
2020-06-30,139.39999389648438,141.02000427246094,137.83999633789062,140.6300048828125,127.97776794433594,7738300
2020-07-01,140.69000244140625,141.38999938964844,140.05999755859375,140.3800048828125,127.75025177001953,6174800
2020-07-02,141.25,141.83999633789062,140.3300018310547,140.97000122070312,128.2871551513672,5152200
2020-07-06,142.1699981689453,143.77000427246094,141.8800048828125,142.97999572753906,130.11634826660156,6156400
2020-07-07,141.38999938964844,143.97000122070312,141.22999572753906,142.85000610351562,129.99801635742188,5622600
2020-07-08,142.8699951171875,143.38999938964844,141.6999969482422,143.27000427246094,130.3802490234375,6257400
2020-07-09,142.75999450683594,144.42999267578125,140.5800018310547,142.49000549316406,129.67037963867188,5738600
2020-07-10,142.75,142.8699951171875,141.42999267578125,142.3699951171875,129.5612030029297,4282400
2020-07-13,143.61000061035156,146.63999938964844,143.27999877929688,145.2100067138672,132.14569091796875,6951900
2020-07-14,145.32000732421875,148.38999938964844,145.25999450683594,147.9199981689453,134.61187744140625,7447100
2020-07-15,149.72999572753906,150.2100067138672,148.22999572753906,148.25999450683594,134.92127990722656,8512800
2020-07-16,148.67999267578125,149.33999633789062,146.67999267578125,149.25,135.8222198486328,9304700
2020-07-17,150.0,150.5800018310547,148.69000244140625,149.35000610351562,135.91322326660156,7441100
2020-07-20,150.22999572753906,150.32000732421875,148.42999267578125,149.60000610351562,136.1407470703125,6191500
2020-07-21,149.60000610351562,151.6699981689453,149.5,149.74000549316406,136.26812744140625,5575900
2020-07-22,149.92999267578125,150.41000366210938,147.85000610351562,150.00999450683594,136.51380920410156,5910200
2020-07-23,150.2100067138672,150.85000610351562,149.27999877929688,149.61000061035156,136.14981079101562,6566300
2020-07-24,150.5,150.60000610351562,147.02999877929688,148.1199951171875,134.7938690185547,5405900
2020-07-27,147.3699951171875,148.9199981689453,146.86000061035156,147.17999267578125,133.9384307861328,5675200
2020-07-28,147.39999389648438,147.99000549316406,146.75,146.8300018310547,133.6199188232422,4842200
2020-07-29,146.38999938964844,147.47000122070312,146.07000732421875,146.5399932861328,133.35601806640625,4489100
2020-07-30,147.44000244140625,147.5,146.13999938964844,146.83999633789062,133.62901306152344,5922500
2020-07-31,146.66000366210938,147.4499969482422,143.9600067138672,145.75999450683594,132.6461944580078,8259600
2020-08-03,146.38999938964844,147.7899932861328,146.14999389648438,147.35000610351562,134.09315490722656,4078700
2020-08-04,146.99000549316406,147.22000122070312,145.82000732421875,147.22000122070312,133.974853515625,4162200
2020-08-05,149.10000610351562,149.30999755859375,147.8000030517578,148.39999389648438,135.04869079589844,5467500
2020-08-06,148.39999389648438,149.25,146.5,147.5500030517578,134.27513122558594,4837900
2020-08-07,147.50999450683594,148.64999389648438,147.14999389648438,148.60000610351562,135.230712890625,3635100
2020-08-10,148.86000061035156,149.00999450683594,147.72000122070312,148.02999877929688,134.7119598388672,4096600
2020-08-11,149.13999938964844,149.22999572753906,146.3699951171875,146.97000122070312,133.7473602294922,6388400
2020-08-12,147.5399932861328,150.24000549316406,147.49000549316406,149.66000366210938,136.1953582763672,5257300
2020-08-13,148.5399932861328,149.19000244140625,147.52999877929688,148.0,134.68467712402344,5155500
2020-08-14,147.61000061035156,149.33999633789062,147.5800018310547,148.24000549316406,134.90309143066406,4240200
2020-08-17,148.32000732421875,150.22999572753906,148.22999572753906,148.99000549316406,135.58560180664062,4306900
2020-08-18,149.25999450683594,150.10000610351562,148.57000732421875,150.08999633789062,136.58660888671875,4322600
2020-08-19,149.5800018310547,151.5800018310547,149.32000732421875,150.38999938964844,136.8596649169922,7816300
2020-08-20,149.75,151.5800018310547,149.5500030517578,151.4199981689453,137.7969970703125,4874700
2020-08-21,151.77999877929688,153.64999389648438,150.58999633789062,152.75999450683594,139.0164031982422,6722800
2020-08-24,152.74000549316406,152.89999389648438,150.35000610351562,152.14999389648438,139.3828125,5387900
2020-08-25,152.77999877929688,153.07000732421875,151.5399932861328,152.05999755859375,139.3004150390625,3863500
2020-08-26,151.86000061035156,152.64999389648438,150.63999938964844,152.3000030517578,139.5203094482422,8008300
2020-08-27,152.4199981689453,153.25999450683594,151.88999938964844,152.97999572753906,140.1431884765625,5575400
2020-08-28,152.74000549316406,153.6999969482422,151.89999389648438,153.63999938964844,140.74783325195312,5395700
2020-08-31,153.0,154.39999389648438,152.25999450683594,153.41000366210938,140.5371551513672,6362700
2020-09-01,153.8699951171875,154.0800018310547,150.07000732421875,151.52000427246094,138.80572509765625,6307700
2020-09-02,150.7899932861328,154.3300018310547,149.25,153.8300018310547,140.92190551757812,6881900
2020-09-03,154.8300018310547,155.47000122070312,148.3000030517578,149.5500030517578,137.0010223388672,8672800
2020-09-04,150.1699981689453,150.9499969482422,147.1300048828125,148.58999633789062,136.12159729003906,7200100
2020-09-08,150.25,150.88999938964844,146.89999389648438,147.25999450683594,134.9031982421875,8756800
2020-09-09,148.14999389648438,151.10000610351562,148.1199951171875,149.6999969482422,137.13844299316406,6960700
2020-09-10,149.25,149.77999877929688,146.52000427246094,146.91000366210938,134.58258056640625,6191800
2020-09-11,147.0500030517578,148.52999877929688,146.6300048828125,147.77999877929688,135.37957763671875,3934700
2020-09-14,148.1199951171875,149.47000122070312,148.00999450683594,148.35000610351562,135.90174865722656,4375800
2020-09-15,149.4499969482422,150.58999633789062,148.52000427246094,148.88999938964844,136.39642333984375,3658800
2020-09-16,149.38999938964844,150.05999755859375,148.35000610351562,148.39999389648438,135.947509765625,4323000
2020-09-17,148.0399932861328,148.6300048828125,146.0500030517578,147.1699981689453,134.8207244873047,5461400
2020-09-18,146.50999450683594,149.64999389648438,146.1999969482422,149.17999267578125,136.66207885742188,12174000
2020-09-21,147.5800018310547,147.92999267578125,142.9600067138672,145.10000610351562,132.92446899414062,7574500
2020-09-22,144.69000244140625,145.35000610351562,143.72000122070312,144.2100067138672,132.10910034179688,5295900
2020-09-23,147.47999572753906,147.5500030517578,144.3800048828125,144.44000244140625,132.31982421875,8784400
2020-09-24,144.55999755859375,145.25,143.33999633789062,144.6699981689453,132.530517578125,5614800
2020-09-25,144.0,146.25,143.88999938964844,145.66000366210938,133.4374237060547,5531200
2020-09-28,146.72999572753906,148.2899932861328,146.4199981689453,147.11000061035156,134.76576232910156,5843200
2020-09-29,147.60000610351562,147.9199981689453,146.05999755859375,147.05999755859375,134.719970703125,6768600
2020-09-30,147.4499969482422,149.72999572753906,146.83999633789062,148.8800048828125,136.38726806640625,8487700
2020-10-01,149.30999755859375,149.64999389648438,146.4600067138672,147.32000732421875,134.95816040039062,6457800
2020-10-02,146.2100067138672,148.41000366210938,145.8300018310547,146.24000549316406,133.96876525878906,5485600
2020-10-05,147.0,148.3800048828125,146.4199981689453,148.22999572753906,135.79176330566406,4992800
2020-10-06,148.27999877929688,148.61000061035156,145.8699951171875,146.25999450683594,133.98712158203125,5118200
2020-10-07,146.49000549316406,148.22999572753906,145.80999755859375,147.8800048828125,135.47116088867188,5603100
2020-10-08,148.5,149.85000610351562,148.0399932861328,148.88999938964844,136.39642333984375,4413500
2020-10-09,149.64999389648438,151.47999572753906,149.4499969482422,150.97000122070312,138.30191040039062,5054100
2020-10-12,151.60000610351562,153.13999938964844,151.02000427246094,151.83999633789062,139.09886169433594,7273200
2020-10-13,149.0,150.1199951171875,147.77000427246094,148.36000061035156,135.910888671875,11057600
2020-10-14,148.82000732421875,149.02999877929688,147.38999938964844,148.10000610351562,135.67269897460938,7706400
2020-10-15,147.47999572753906,147.89999389648438,146.3300018310547,147.19000244140625,134.83908081054688,5978600
2020-10-16,147.60000610351562,148.75999450683594,147.00999450683594,148.10000610351562,135.67269897460938,6097000
2020-10-19,148.52999877929688,148.89999389648438,144.1300048828125,144.32000732421875,132.20989990234375,7250800
2020-10-20,144.66000366210938,145.75,144.1199951171875,144.5500030517578,132.4205780029297,5325400
2020-10-21,144.1199951171875,145.33999633789062,143.91000366210938,143.92999267578125,131.8525848388672,5221300
2020-10-22,144.16000366210938,145.69000244140625,143.83999633789062,145.0800018310547,132.90611267089844,5279700
2020-10-23,145.8800048828125,147.47000122070312,144.35000610351562,145.24000549316406,133.05270385742188,4154400
2020-10-26,144.42999267578125,144.77000427246094,142.75,143.97000122070312,131.88926696777344,6929500
2020-10-27,143.74000549316406,144.2899932861328,142.9199981689453,143.14999389648438,131.13804626464844,4890100
2020-10-28,141.42999267578125,141.97999572753906,138.17999267578125,138.36000061035156,126.74999237060547,8426100
2020-10-29,138.0,138.6999969482422,136.0500030517578,137.19000244140625,125.67816162109375,7205400
2020-10-30,136.67999267578125,137.5399932861328,133.64999389648438,137.11000061035156,125.60492706298828,7364100
2020-11-02,138.97999572753906,139.00999450683594,137.49000549316406,138.69000244140625,127.05233001708984,7088000
2020-11-03,140.02000427246094,140.9600067138672,137.77999877929688,138.5,126.87823486328125,6363000
2020-11-04,139.49000549316406,142.5399932861328,138.6999969482422,139.39999389648438,127.70272827148438,10263500
2020-11-05,140.5500030517578,141.8300018310547,139.25999450683594,139.75999450683594,128.0325469970703,8016200
2020-11-06,140.39999389648438,143.19000244140625,139.64999389648438,142.25,130.31358337402344,5942500
2020-11-09,148.42999267578125,148.99000549316406,144.9199981689453,146.0800018310547,133.8221893310547,12351600
2020-11-10,147.25,148.75,146.25999450683594,148.27999877929688,135.83761596679688,7386500
2020-11-11,149.1699981689453,149.1999969482422,146.86000061035156,147.8000030517578,135.39788818359375,6382400
2020-11-12,147.61000061035156,148.64999389648438,146.75,148.3000030517578,135.8559112548828,4710300
2020-11-13,149.08999633789062,150.41000366210938,148.41000366210938,149.89999389648438,137.32164001464844,5893500
2020-11-16,150.9199981689453,151.3000030517578,149.8000030517578,150.85000610351562,138.1919708251953,6266400
2020-11-17,150.0,150.6300048828125,149.1199951171875,149.35000610351562,136.8178253173828,7297700
2020-11-18,148.8699951171875,149.75999450683594,147.3699951171875,147.3699951171875,135.00396728515625,6661000
2020-11-19,147.3000030517578,147.4600067138672,145.58999633789062,147.13999938964844,134.79324340820312,7987700
2020-11-20,147.0500030517578,147.94000244140625,146.1300048828125,146.36000061035156,134.07870483398438,6354900
2020-11-23,146.00999450683594,146.00999450683594,143.0399932861328,143.8699951171875,132.71347045898438,7318300
2020-11-24,144.0,144.75999450683594,143.61000061035156,143.8699951171875,132.71347045898438,11034800
2020-11-25,144.05999755859375,144.1699981689453,142.86000061035156,143.67999267578125,132.53819274902344,7594600
2020-11-27,144.5,144.66000366210938,143.22000122070312,144.0,132.8334197998047,3059000
2020-11-30,144.22999572753906,144.86000061035156,143.05999755859375,144.67999267578125,133.46066284179688,15663200
2020-12-01,146.2899932861328,149.1300048828125,145.86000061035156,147.4499969482422,136.01585388183594,9738200
2020-12-02,147.85000610351562,149.7100067138672,147.6999969482422,148.13999938964844,136.65234375,7745500
2020-12-03,148.0399932861328,149.5800018310547,147.69000244140625,149.0,137.44566345214844,7310500
2020-12-04,149.7899932861328,150.30999755859375,149.27000427246094,150.27000427246094,138.6171875,6747100
2020-12-07,149.35000610351562,149.91000366210938,148.50999450683594,148.97000122070312,137.41798400878906,6634700
2020-12-08,150.0,152.13999938964844,149.5500030517578,151.5500030517578,139.79795837402344,8339800
2020-12-09,152.8300018310547,153.5,151.75999450683594,153.10000610351562,141.22772216796875,8440100
2020-12-10,152.82000732421875,152.97999572753906,151.67999267578125,152.25,140.44366455078125,7392900
2020-12-11,151.52999877929688,153.41000366210938,151.22999572753906,152.9499969482422,141.08937072753906,5977400
2020-12-14,153.25,153.47999572753906,148.99000549316406,149.07000732421875,137.51025390625,8547300
2020-12-15,150.0,150.75,149.52999877929688,150.57000732421875,138.89389038085938,7612600
2020-12-16,150.1999969482422,150.9199981689453,149.5500030517578,149.6699981689453,138.063720703125,8486100
2020-12-17,150.08999633789062,153.88999938964844,149.9600067138672,153.6199951171875,141.7073974609375,9920300
2020-12-18,153.64999389648438,155.10000610351562,151.6699981689453,154.50999450683594,142.52841186523438,17137200
2020-12-21,152.00999450683594,153.41000366210938,150.0500030517578,153.02000427246094,141.15394592285156,7893400
2020-12-22,152.39999389648438,153.89999389648438,151.86000061035156,152.72000122070312,140.87721252441406,4699500
2020-12-23,152.8000030517578,153.60000610351562,151.89999389648438,151.94000244140625,140.15768432617188,4607300
2020-12-24,151.85000610351562,153.0399932861328,151.82000732421875,152.47000122070312,140.6465606689453,2114900
2020-12-28,153.32000732421875,153.8699951171875,152.3000030517578,153.19000244140625,141.3107452392578,3855500
2020-12-29,154.11000061035156,154.92999267578125,153.8000030517578,154.13999938964844,142.1870880126953,5212000
2020-12-30,154.74000549316406,156.3800048828125,154.60000610351562,156.0500030517578,143.94895935058594,5412800
2020-12-31,156.52999877929688,157.66000366210938,155.11000061035156,157.3800048828125,145.17581176757812,5099900
2021-01-04,157.24000549316406,157.3800048828125,154.1300048828125,156.5,144.3640899658203,11765900
2021-01-05,156.25,158.75999450683594,155.07000732421875,158.33999633789062,146.06138610839844,9602300
2021-01-06,157.24000549316406,160.22999572753906,156.72000122070312,159.8300018310547,147.4358367919922,8230100
2021-01-07,159.0,161.02999877929688,158.35000610351562,160.3699951171875,147.93394470214844,7747200
2021-01-08,160.50999450683594,161.10000610351562,159.8800048828125,160.0399932861328,147.6295623779297,8228900
2021-01-11,160.55999755859375,161.32000732421875,158.77000427246094,159.3699951171875,147.01148986816406,7066200
2021-01-12,159.14999389648438,159.66000366210938,157.3300018310547,158.1300048828125,145.86767578125,6903200
2021-01-13,158.22999572753906,158.4600067138672,156.75,157.88999938964844,145.64630126953125,6643100
2021-01-14,160.4499969482422,161.9499969482422,159.61000061035156,160.64999389648438,148.19227600097656,10030800
2021-01-15,160.3000030517578,161.41000366210938,159.11000061035156,160.3000030517578,147.86940002441406,7630800
2021-01-19,162.0,163.0399932861328,161.10000610351562,162.77999877929688,150.15708923339844,9057600
2021-01-20,163.1999969482422,164.13999938964844,161.8000030517578,162.3800048828125,149.78810119628906,6839900
2021-01-21,161.32000732421875,162.47999572753906,160.05999755859375,161.72999572753906,149.18849182128906,6818000
2021-01-22,162.36000061035156,165.16000366210938,161.8699951171875,163.5500030517578,150.8673553466797,8137000
2021-01-25,165.00999450683594,166.08999633789062,163.66000366210938,165.97999572753906,153.1089324951172,9924400
2021-01-26,169.6999969482422,173.64999389648438,169.38999938964844,170.47999572753906,157.25994873046875,14205700
2021-01-27,169.1199951171875,170.9199981689453,167.4499969482422,167.8800048828125,154.86158752441406,14207300
2021-01-28,168.1999969482422,170.86000061035156,167.8000030517578,169.16000366210938,156.0423126220703,8944400
2021-01-29,164.25999450683594,166.0,160.5500030517578,163.1300048828125,150.47994995117188,22505900
2021-02-01,165.30999755859375,165.30999755859375,162.60000610351562,162.7100067138672,150.09251403808594,9971400
2021-02-02,163.3800048828125,163.66000366210938,161.17999267578125,161.25,148.74574279785156,11443300
2021-02-03,160.94000244140625,161.52000427246094,159.57000732421875,160.5,148.0538787841797,8601900
2021-02-04,161.0,162.08999633789062,159.75999450683594,161.99000549316406,149.42835998535156,7758100
2021-02-05,164.86000061035156,165.44000244140625,163.86000061035156,164.4499969482422,151.69757080078125,9495300
2021-02-08,165.02999877929688,165.9199981689453,163.8800048828125,164.9199981689453,152.131103515625,6035300
2021-02-09,165.1999969482422,166.58999633789062,164.97000122070312,166.27000427246094,153.37646484375,5544200
2021-02-10,167.88999938964844,167.94000244140625,165.6999969482422,166.80999755859375,153.87460327148438,5921300
2021-02-11,167.0,167.3800048828125,165.60000610351562,166.05999755859375,153.18275451660156,4871300
2021-02-12,164.39999389648438,166.85000610351562,164.0,166.5800018310547,153.6624298095703,4413100
2021-02-16,166.5800018310547,167.0500030517578,164.63999938964844,165.07000732421875,152.26951599121094,5656100
2021-02-17,164.97000122070312,166.08999633789062,164.36000061035156,165.66000366210938,152.81375122070312,6676700
2021-02-18,164.9600067138672,166.16000366210938,164.3000030517578,165.74000549316406,152.8875274658203,5189100
2021-02-19,165.60000610351562,165.9600067138672,162.91000366210938,162.97999572753906,150.34156799316406,8190900
2021-02-22,161.8699951171875,162.5399932861328,160.2899932861328,161.8699951171875,150.24876403808594,6447100
2021-02-23,161.47999572753906,163.19000244140625,160.39999389648438,160.44000244140625,148.92141723632812,7042800
2021-02-24,162.39999389648438,164.38999938964844,160.9199981689453,162.58999633789062,150.91705322265625,10286100
2021-02-25,163.1300048828125,163.6999969482422,161.99000549316406,162.75999450683594,151.07485961914062,9719700
2021-02-26,162.0,162.41000366210938,157.97000122070312,158.4600067138672,147.08358764648438,14417500
2021-03-01,161.4499969482422,161.52999877929688,159.08999633789062,159.32000732421875,147.8818359375,10551400
2021-03-02,159.77999877929688,160.77999877929688,158.60000610351562,159.02000427246094,147.60337829589844,7610900
2021-03-03,158.25,158.89999389648438,156.05999755859375,156.22000122070312,145.00440979003906,8499600
2021-03-04,155.99000549316406,156.10000610351562,151.47000122070312,153.07000732421875,142.08058166503906,11033200
2021-03-05,153.97999572753906,156.69000244140625,153.1300048828125,156.10000610351562,144.8930206298828,8331600
2021-03-08,157.0,159.3300018310547,155.97999572753906,157.39999389648438,146.0996551513672,6546700
2021-03-09,156.88999938964844,160.75,156.88999938964844,157.6999969482422,146.37814331054688,7461300
2021-03-10,158.82000732421875,159.89999389648438,157.36000061035156,159.14999389648438,147.72402954101562,6635600
2021-03-11,159.5399932861328,160.6300048828125,158.9199981689453,159.13999938964844,147.7147674560547,6305600
2021-03-12,159.27999877929688,160.30999755859375,159.19000244140625,159.60000610351562,148.14175415039062,5474800
2021-03-15,159.75,160.66000366210938,158.5,160.4199981689453,148.90286254882812,5524100
2021-03-16,160.4600067138672,161.67999267578125,160.24000549316406,161.3699951171875,149.78463745117188,6369100
2021-03-17,160.8300018310547,161.72999572753906,159.52999877929688,160.77000427246094,149.22772216796875,6001400
2021-03-18,160.2100067138672,161.49000549316406,159.9600067138672,160.47000122070312,148.94927978515625,4801800
2021-03-19,160.69000244140625,161.5,159.47000122070312,160.0399932861328,148.55015563964844,14891500
2021-03-22,158.30999755859375,160.64999389648438,158.0,160.5,148.9771270751953,7544100
2021-03-23,160.2100067138672,161.1999969482422,158.8800048828125,160.35000610351562,148.83787536621094,7178300
2021-03-24,160.10000610351562,162.47999572753906,159.82000732421875,161.91000366210938,150.28590393066406,6370100
2021-03-25,162.44000244140625,162.4499969482422,160.63999938964844,161.97000122070312,150.34158325195312,6269800
2021-03-26,162.08999633789062,165.10000610351562,161.3800048828125,164.92999267578125,153.08905029296875,7619200
2021-03-29,163.8300018310547,167.02999877929688,163.6300048828125,166.0399932861328,154.119384765625,8535100
2021-03-30,165.02000427246094,165.66000366210938,164.22999572753906,165.00999450683594,153.16331481933594,7236300
2021-03-31,164.9600067138672,165.38999938964844,163.6999969482422,164.35000610351562,152.5507049560547,8281500
2021-04-01,162.60000610351562,163.83999633789062,162.25999450683594,162.8300018310547,151.1398162841797,7229700
2021-04-05,163.63999938964844,164.75,162.66000366210938,163.42999267578125,151.69674682617188,7387100
2021-04-06,164.0800018310547,164.52000427246094,163.0,163.38999938964844,151.65965270996094,5074200
2021-04-07,163.5500030517578,164.27999877929688,163.32000732421875,163.61000061035156,151.8638458251953,4608000
2021-04-08,164.0,164.11000061035156,162.85000610351562,162.97000122070312,151.26980590820312,5039400
2021-04-09,162.1199951171875,162.92999267578125,159.77999877929688,161.25,149.6732635498047,8418300
2021-04-12,161.08999633789062,162.0800018310547,160.33999633789062,161.63999938964844,150.03524780273438,5022800
2021-04-13,156.86000061035156,159.92999267578125,156.52999877929688,159.47999572753906,148.0303497314453,18424100
2021-04-14,157.8300018310547,160.11000061035156,157.5399932861328,159.9199981689453,148.4387664794922,7718300
2021-04-15,160.72000122070312,162.38999938964844,160.22999572753906,160.38999938964844,148.87501525878906,7524600
2021-04-16,161.33999633789062,162.50999450683594,160.55999755859375,162.24000549316406,150.59217834472656,9049400
2021-04-19,162.5,163.11000061035156,160.83999633789062,162.69000244140625,151.00987243652344,8353500
2021-04-20,161.0,167.7899932861328,161.0,166.47999572753906,154.52777099609375,14050700
2021-04-21,166.3699951171875,166.91000366210938,165.2899932861328,166.58999633789062,154.62991333007812,6333200
2021-04-22,165.83999633789062,166.27999877929688,164.6199951171875,165.17999267578125,153.3211212158203,7233000
2021-04-23,164.52999877929688,166.05999755859375,164.0,165.52000427246094,153.63673400878906,6015300
2021-04-26,165.2100067138672,165.41000366210938,163.75999450683594,164.1199951171875,152.33721923828125,6027800
2021-04-27,163.75999450683594,163.91000366210938,162.47000122070312,163.17999267578125,151.46470642089844,6217700
2021-04-28,162.86000061035156,163.1999969482422,161.64999389648438,161.97999572753906,150.35086059570312,7448000
2021-04-29,161.89999389648438,164.25999450683594,161.80999755859375,164.1999969482422,152.41148376464844,6394300
2021-04-30,164.14999389648438,164.3300018310547,162.52000427246094,162.72999572753906,151.04702758789062,9079100
2021-05-03,163.60000610351562,165.32000732421875,163.1199951171875,165.2100067138672,153.34898376464844,6594100
2021-05-04,164.8300018310547,167.85000610351562,164.6699981689453,167.77000427246094,155.72518920898438,10179500
2021-05-05,167.5,168.39999389648438,166.7899932861328,167.07000732421875,155.075439453125,7792300
2021-05-06,166.7899932861328,167.88999938964844,166.24000549316406,167.74000549316406,155.69732666015625,5529900
2021-05-07,168.3000030517578,169.17999267578125,167.8300018310547,168.5,156.4027862548828,5316200
2021-05-10,169.89999389648438,171.52999877929688,169.22999572753906,170.27000427246094,158.0457000732422,8357500
2021-05-11,170.64999389648438,170.8699951171875,168.27999877929688,168.8800048828125,156.7554931640625,8217900
2021-05-12,168.5399932861328,169.8000030517578,167.9499969482422,168.1999969482422,156.12428283691406,6758300
2021-05-13,166.97000122070312,170.6999969482422,166.97000122070312,169.9600067138672,157.75796508789062,8018600
2021-05-14,171.47999572753906,171.61000061035156,170.1699981689453,170.22000122070312,157.99929809570312,5797700
2021-05-17,170.39999389648438,171.88999938964844,170.30999755859375,170.38999938964844,158.15707397460938,5722600
2021-05-18,169.97999572753906,171.3699951171875,169.52999877929688,170.4499969482422,158.21273803710938,5846000
2021-05-19,169.91000366210938,170.16000366210938,168.0399932861328,170.0800018310547,157.8693389892578,5533800
2021-05-20,169.94000244140625,171.58999633789062,169.69000244140625,171.07000732421875,158.78826904296875,4853200
2021-05-21,171.3300018310547,172.74000549316406,170.8699951171875,170.9600067138672,158.68617248535156,6501800
2021-05-24,170.89999389648438,171.35000610351562,169.77000427246094,170.5500030517578,159.29322814941406,5195100
2021-05-25,170.6699981689453,171.02999877929688,169.74000549316406,170.0800018310547,158.85426330566406,7444700
2021-05-26,170.0,170.0800018310547,168.27999877929688,169.07000732421875,157.9109344482422,5726400
2021-05-27,169.25999450683594,170.1699981689453,168.3800048828125,168.80999755859375,157.66810607910156,8114700
2021-05-28,169.52000427246094,171.00999450683594,169.1699981689453,169.25,158.0790557861328,6400800
2021-06-01,170.14999389648438,170.1999969482422,165.3800048828125,165.52999877929688,154.6046142578125,10448400
2021-06-02,165.3000030517578,166.72999572753906,165.11000061035156,166.1999969482422,155.2303466796875,6806000
2021-06-03,165.88999938964844,167.14999389648438,165.7100067138672,166.0399932861328,155.08091735839844,5808800
2021-06-04,167.00999450683594,167.57000732421875,165.8699951171875,165.97000122070312,155.01553344726562,6510300
2021-06-07,166.0,166.32000732421875,164.6300048828125,164.83999633789062,153.9601287841797,5362800
2021-06-08,165.27999877929688,165.66000366210938,162.07000732421875,163.38999938964844,152.60581970214844,7746800
2021-06-09,163.99000549316406,165.77999877929688,163.66000366210938,165.58999633789062,154.66062927246094,5552600
2021-06-10,166.0,167.5800018310547,165.9499969482422,167.0800018310547,156.05226135253906,6463100
2021-06-11,167.07000732421875,167.0800018310547,164.22000122070312,164.9600067138672,154.0721893310547,7389900
2021-06-14,164.5,165.4600067138672,163.89999389648438,165.3699951171875,154.4551544189453,4931300
2021-06-15,165.22999572753906,165.86000061035156,164.38999938964844,164.49000549316406,153.63320922851562,5062900
2021-06-16,164.8000030517578,165.75,163.47999572753906,164.42999267578125,153.57716369628906,6988500
2021-06-17,164.19000244140625,165.6999969482422,163.5,165.22000122070312,154.31503295898438,5874700
2021-06-18,163.27000427246094,164.19000244140625,161.7899932861328,161.97999572753906,151.2888946533203,12993000
2021-06-21,162.77000427246094,164.25999450683594,162.25,163.83999633789062,153.02613830566406,6592300
2021-06-22,163.7100067138672,164.0399932861328,163.27999877929688,163.6199951171875,152.82066345214844,5627800
2021-06-23,163.69000244140625,163.69000244140625,162.47999572753906,162.6300048828125,151.89598083496094,4493400
2021-06-24,163.27000427246094,164.1999969482422,162.8000030517578,163.3699951171875,152.58712768554688,4549200
2021-06-25,162.94000244140625,164.77999877929688,162.88999938964844,164.2100067138672,153.37168884277344,10963800
2021-06-28,164.44000244140625,165.07000732421875,163.52000427246094,164.02000427246094,153.19424438476562,5604000
2021-06-29,164.0,164.63999938964844,163.41000366210938,164.02999877929688,153.2035675048828,3749500
2021-06-30,164.0,164.97000122070312,163.6699981689453,164.74000549316406,153.86672973632812,6151700
2021-07-01,164.74000549316406,166.00999450683594,164.6300048828125,165.9600067138672,155.0061798095703,6320200
2021-07-02,166.02000427246094,169.3000030517578,165.63999938964844,168.97999572753906,157.82688903808594,9059900
2021-07-06,167.91000366210938,168.86000061035156,166.99000549316406,167.97000122070312,156.883544921875,6098500
2021-07-07,167.47999572753906,169.5,167.47999572753906,169.41000366210938,158.22848510742188,6293500
2021-07-08,168.6999969482422,169.4600067138672,167.5800018310547,169.0800018310547,157.9202423095703,5755500
2021-07-09,169.3699951171875,170.3699951171875,169.24000549316406,169.75,158.54603576660156,6120900
2021-07-12,169.72999572753906,171.17999267578125,168.5399932861328,169.47999572753906,158.29385375976562,7840500
2021-07-13,168.97000122070312,169.75999450683594,168.6699981689453,169.27000427246094,158.09771728515625,4691200
2021-07-14,170.0,170.8300018310547,169.0399932861328,170.4199981689453,159.17184448242188,6162900
2021-07-15,169.3000030517578,169.89999389648438,167.72000122070312,168.3699951171875,157.2571258544922,6656900
2021-07-16,168.33999633789062,169.08999633789062,167.9499969482422,168.10000610351562,157.0049591064453,5834900
2021-07-19,166.47999572753906,168.19000244140625,165.32000732421875,166.8800048828125,155.86549377441406,8219700
2021-07-20,166.89999389648438,170.80999755859375,166.83999633789062,168.4499969482422,157.33181762695312,9902800
2021-07-21,169.3000030517578,169.69000244140625,167.47999572753906,169.49000549316406,158.30320739746094,7585200
2021-07-22,169.36000061035156,171.07000732421875,168.64999389648438,169.97999572753906,158.7608642578125,5281900
2021-07-23,171.0,172.17999267578125,170.3800048828125,171.7899932861328,160.451416015625,5014900
2021-07-26,171.82000732421875,172.13999938964844,170.86000061035156,171.8699951171875,160.526123046875,4484900
2021-07-27,171.8000030517578,172.72000122070312,170.6699981689453,172.66000366210938,161.2639923095703,7089300
2021-07-28,172.72999572753906,173.3800048828125,172.0800018310547,172.17999267578125,160.81565856933594,5750700
2021-07-29,172.74000549316406,173.33999633789062,171.08999633789062,172.17999267578125,160.81565856933594,4214100
2021-07-30,172.5399932861328,172.97999572753906,171.83999633789062,172.1999969482422,160.83433532714844,5346400
2021-08-02,172.47000122070312,172.83999633789062,171.3000030517578,172.27000427246094,160.89971923828125,3721500
2021-08-03,172.72999572753906,174.5,172.44000244140625,174.38999938964844,162.87977600097656,6033000
2021-08-04,174.1999969482422,174.58999633789062,173.25999450683594,173.36000061035156,161.9177703857422,4793100
2021-08-05,173.85000610351562,173.85000610351562,172.4199981689453,173.69000244140625,162.22601318359375,4291000
2021-08-06,173.94000244140625,173.94000244140625,172.4499969482422,173.11000061035156,161.6842803955078,4581100
2021-08-09,173.72000122070312,174.25,172.92999267578125,173.7100067138672,162.24468994140625,3950200
2021-08-10,173.25999450683594,174.11000061035156,172.77999877929688,173.77000427246094,162.3007049560547,3678300
2021-08-11,174.25,174.47000122070312,173.55999755859375,173.8000030517578,162.32875061035156,4221300
2021-08-12,173.82000732421875,175.2899932861328,173.58999633789062,175.1999969482422,163.63633728027344,4300400
2021-08-13,175.2899932861328,176.2899932861328,175.1199951171875,176.25,164.61705017089844,5882100
2021-08-16,176.5500030517578,177.88999938964844,175.9499969482422,177.83999633789062,166.10208129882812,4782800
2021-08-17,177.30999755859375,179.50999450683594,177.30999755859375,179.47000122070312,167.62451171875,6041900
2021-08-18,179.5,179.5,177.1300048828125,177.19000244140625,165.4949951171875,7134100
2021-08-19,176.6199951171875,179.3300018310547,176.07000732421875,178.57000732421875,166.78390502929688,5615000
2021-08-20,178.88999938964844,179.9199981689453,178.07000732421875,179.44000244140625,167.5965118408203,5428700
2021-08-23,178.38999938964844,178.92999267578125,177.5399932861328,177.61000061035156,166.87301635742188,6461700
2021-08-24,176.99000549316406,177.2100067138672,175.27999877929688,175.38999938964844,164.78721618652344,5734800
2021-08-25,175.69000244140625,175.89999389648438,173.88999938964844,174.22999572753906,163.6973419189453,5700300
2021-08-26,173.9499969482422,174.72000122070312,173.0500030517578,173.3000030517578,162.82359313964844,5031600
2021-08-27,174.27999877929688,174.27999877929688,172.75,172.92999267578125,162.47593688964844,7046100
2021-08-30,172.7899932861328,174.27999877929688,172.77999877929688,173.66000366210938,163.1618194580078,3252700
2021-08-31,173.49000549316406,174.49000549316406,172.47999572753906,173.1300048828125,162.66384887695312,7106800
2021-09-01,172.89999389648438,173.74000549316406,172.05999755859375,173.74000549316406,163.23695373535156,5327400
2021-09-02,174.33999633789062,175.19000244140625,173.91000366210938,174.92999267578125,164.3550262451172,4544300
2021-09-03,175.10000610351562,175.22000122070312,173.80999755859375,175.0399932861328,164.45838928222656,4096900
2021-09-07,174.35000610351562,175.02999877929688,171.6699981689453,172.32000732421875,161.90283203125,6859900
2021-09-08,171.6199951171875,172.97999572753906,171.0800018310547,171.89999389648438,161.50819396972656,4661700
2021-09-09,171.19000244140625,171.47999572753906,167.6999969482422,168.07000732421875,157.90977478027344,7114600
2021-09-10,168.5500030517578,169.08999633789062,166.8699951171875,166.97000122070312,156.87625122070312,6699300
2021-09-13,167.9199981689453,168.1199951171875,165.1300048828125,165.8000030517578,155.7769775390625,6273500
2021-09-14,166.39999389648438,166.5399932861328,164.50999450683594,164.8000030517578,154.83741760253906,5259600
2021-09-15,165.0,165.9600067138672,164.30999755859375,165.4199981689453,155.41993713378906,7935300
2021-09-16,165.64999389648438,166.4600067138672,164.19000244140625,165.22000122070312,155.23204040527344,5665400
2021-09-17,164.3000030517578,164.91000366210938,163.55999755859375,164.75,154.7904510498047,13419800
2021-09-20,163.47999572753906,165.1699981689453,162.1699981689453,163.80999755859375,153.90728759765625,7270800
2021-09-21,164.61000061035156,165.97999572753906,164.24000549316406,164.52999877929688,154.58375549316406,6663600
2021-09-22,165.35000610351562,165.9499969482422,163.6300048828125,163.92999267578125,154.02001953125,5657100
2021-09-23,164.39999389648438,165.77000427246094,164.14999389648438,164.86000061035156,154.89381408691406,4697900
2021-09-24,164.75,165.64999389648438,163.88999938964844,164.36000061035156,154.4240264892578,4399300
2021-09-27,164.0,164.36000061035156,162.85000610351562,163.1699981689453,153.30596923828125,5775500
2021-09-28,163.10000610351562,163.91000366210938,161.77000427246094,162.80999755859375,152.9677276611328,7610400
2021-09-29,163.0,164.66000366210938,162.77999877929688,164.02000427246094,154.10458374023438,5124100
2021-09-30,164.63999938964844,165.39999389648438,161.41000366210938,161.5,151.73690795898438,6972300
2021-10-01,161.52999877929688,161.89999389648438,158.6199951171875,160.47000122070312,150.76919555664062,8568300
2021-10-04,159.99000549316406,161.0,157.6699981689453,159.22000122070312,149.59474182128906,8620700
2021-10-05,159.86000061035156,161.11000061035156,159.14999389648438,159.5800018310547,149.9329833984375,5129000
2021-10-06,159.8699951171875,159.9499969482422,157.83999633789062,159.91000366210938,150.2430419921875,7312600
2021-10-07,160.02000427246094,162.61000061035156,160.02000427246094,161.33999633789062,151.5865936279297,5309200
2021-10-08,161.32000732421875,161.61000061035156,160.25,160.92999267578125,151.2013702392578,4343200
2021-10-11,160.86000061035156,161.85000610351562,159.94000244140625,160.25,150.5625,4101600
2021-10-12,160.0,160.17999267578125,157.33999633789062,157.69000244140625,148.1572265625,6686400
2021-10-13,157.82000732421875,160.0800018310547,157.75,159.1999969482422,149.5759735107422,6901100
2021-10-14,159.7100067138672,161.13999938964844,159.60000610351562,160.11000061035156,150.43093872070312,4579200
2021-10-15,161.02999877929688,161.80999755859375,160.41000366210938,161.3000030517578,151.5489959716797,6918400
2021-10-18,160.25,160.88999938964844,159.1999969482422,160.1199951171875,150.44032287597656,7465500
2021-10-19,160.89999389648438,165.14999389648438,160.72999572753906,163.8699951171875,153.96363830566406,10081300
2021-10-20,163.97999572753906,164.75,163.25999450683594,163.77999877929688,153.8791046142578,6003200
2021-10-21,164.3000030517578,164.38999938964844,162.27999877929688,163.39999389648438,153.5220489501953,4524100
2021-10-22,163.05999755859375,164.05999755859375,162.9600067138672,163.72000122070312,153.82273864746094,4304300
2021-10-25,163.72000122070312,164.30999755859375,161.7100067138672,164.0800018310547,154.1609344482422,6715400
2021-10-26,164.55999755859375,166.02999877929688,164.0500030517578,165.75,155.72999572753906,6939100
2021-10-27,165.67999267578125,165.75999450683594,163.30999755859375,163.74000549316406,153.84149169921875,7018800
2021-10-28,163.77000427246094,165.1999969482422,162.32000732421875,162.85000610351562,153.0053253173828,6278800
2021-10-29,162.35000610351562,163.25,160.61000061035156,162.8800048828125,153.0334930419922,8526800
2021-11-01,163.16000366210938,163.97999572753906,159.39999389648438,163.02000427246094,153.1650390625,5846400
2021-11-02,163.6999969482422,166.97999572753906,162.97999572753906,165.58999633789062,155.57968139648438,8450600
2021-11-03,165.0399932861328,165.77000427246094,163.42999267578125,165.05999755859375,155.08172607421875,6717800
2021-11-04,164.94000244140625,164.99000549316406,162.6699981689453,164.60000610351562,154.6495361328125,8224400
2021-11-05,162.47999572753906,164.60000610351562,162.1999969482422,163.42999267578125,153.5502166748047,6215900
2021-11-08,163.67999267578125,164.1699981689453,162.00999450683594,162.8699951171875,153.02410888671875,5578800
2021-11-09,162.61000061035156,163.58999633789062,162.02000427246094,162.50999450683594,152.68585205078125,6112800
2021-11-10,162.52999877929688,164.83999633789062,162.35000610351562,164.27000427246094,154.33946228027344,6225100
2021-11-11,163.49000549316406,163.80999755859375,162.49000549316406,163.05999755859375,153.20260620117188,4118800
2021-11-12,167.42999267578125,167.6199951171875,164.61000061035156,165.00999450683594,155.0347137451172,18995200
2021-11-15,165.0,165.4600067138672,163.22000122070312,163.52000427246094,153.63479614257812,7496200
2021-11-16,163.17999267578125,164.35000610351562,162.6199951171875,162.6699981689453,152.836181640625,7594700
2021-11-17,162.8699951171875,163.86000061035156,161.7899932861328,163.27999877929688,153.40931701660156,5414500
2021-11-18,163.4499969482422,164.47000122070312,162.1300048828125,162.39999389648438,152.58251953125,6358700
2021-11-19,163.0399932861328,163.19000244140625,161.77999877929688,162.88999938964844,153.04286193847656,7620700
2021-11-22,161.02999877929688,162.63999938964844,159.64999389648438,159.6999969482422,151.02853393554688,7634500
2021-11-23,159.52000427246094,161.0,158.77999877929688,160.69000244140625,151.96478271484375,7734000
2021-11-24,160.13999938964844,160.6199951171875,159.3800048828125,160.24000549316406,151.5392303466797,5230900
2021-11-26,160.60000610351562,161.16000366210938,158.66000366210938,159.1999969482422,150.5557098388672,8523100
2021-11-29,159.5,160.4199981689453,158.4199981689453,159.75,151.07583618164062,9188500
2021-11-30,158.50999450683594,159.0,155.85000610351562,155.92999267578125,147.4632568359375,14981700
2021-12-01,156.8800048828125,160.0800018310547,156.25,158.0800018310547,149.49652099609375,9835800
2021-12-02,157.25999450683594,159.2899932861328,156.75,157.08999633789062,148.5602569580078,11334700
2021-12-03,157.91000366210938,159.6699981689453,157.58999633789062,159.3800048828125,150.72592163085938,8750500
2021-12-06,160.19000244140625,163.52000427246094,159.8300018310547,162.94000244140625,154.09262084960938,9692000
2021-12-07,164.0,164.27000427246094,162.41000366210938,163.36000061035156,154.4898223876953,8311300
2021-12-08,163.47000122070312,164.57000732421875,162.63999938964844,164.33999633789062,155.41661071777344,6216400
2021-12-09,164.17999267578125,165.97999572753906,163.49000549316406,165.89999389648438,156.89187622070312,8574200
2021-12-10,165.57000732421875,166.69000244140625,164.64999389648438,165.49000549316406,156.504150390625,6572200
2021-12-13,164.75,169.1999969482422,163.8000030517578,168.4499969482422,159.3034210205078,11142300
2021-12-14,168.3300018310547,170.97000122070312,167.16000366210938,170.2899932861328,161.0435028076172,10482400
2021-12-15,169.85000610351562,171.3000030517578,169.4199981689453,171.13999938964844,161.84739685058594,8552200
2021-12-16,171.25999450683594,173.50999450683594,170.83999633789062,173.00999450683594,163.6158447265625,8998600
2021-12-17,169.63999938964844,170.77999877929688,167.66000366210938,168.22999572753906,159.0953826904297,16726200
2021-12-20,167.80999755859375,168.50999450683594,166.5500030517578,167.75,158.64146423339844,7954500
2021-12-21,168.05999755859375,168.10000610351562,165.97999572753906,167.2100067138672,158.13076782226562,7954200
2021-12-22,167.05999755859375,168.1699981689453,166.1199951171875,167.92999267578125,158.8116455078125,4178200
2021-12-23,167.8800048828125,168.9499969482422,167.36000061035156,168.25,159.1143035888672,3501500
2021-12-27,169.13999938964844,169.85000610351562,168.6999969482422,169.6699981689453,160.4571990966797,3704800
2021-12-28,169.7899932861328,170.63999938964844,169.58999633789062,170.35000610351562,161.10028076171875,3187000
2021-12-29,170.0,171.99000549316406,169.91000366210938,171.5500030517578,162.235107421875,3662000
2021-12-30,172.1199951171875,172.8800048828125,171.75,172.30999755859375,162.95384216308594,4231800
2021-12-31,172.52999877929688,172.67999267578125,171.02999877929688,171.07000732421875,161.78118896484375,4409500
2022-01-03,170.2100067138672,171.60000610351562,169.10000610351562,171.5399932861328,162.2256622314453,6012200
2022-01-04,171.05999755859375,172.2899932861328,170.60000610351562,171.0800018310547,161.79063415527344,6748400
2022-01-05,172.0,173.47000122070312,171.6199951171875,172.22000122070312,162.86874389648438,7016100
2022-01-06,172.14999389648438,172.5,170.8000030517578,171.6300048828125,162.31077575683594,7301600
2022-01-07,171.4600067138672,174.3000030517578,171.1300048828125,173.9499969482422,164.50479125976562,6986000
2022-01-10,173.69000244140625,173.69000244140625,172.16000366210938,173.08999633789062,163.69151306152344,7698400
2022-01-11,172.99000549316406,173.38999938964844,170.11000061035156,171.25,161.95140075683594,8341100
2022-01-12,169.61000061035156,170.0800018310547,168.33999633789062,169.7899932861328,160.57069396972656,8116200
2022-01-13,169.0,170.4199981689453,168.4600067138672,168.75999450683594,159.59658813476562,6159400
2022-01-14,168.6300048828125,168.64999389648438,167.14999389648438,167.83999633789062,158.72654724121094,5847700
2022-01-18,167.10000610351562,167.72000122070312,166.00999450683594,167.10000610351562,158.02674865722656,7815600
2022-01-19,167.1999969482422,168.72000122070312,166.32000732421875,166.5800018310547,157.53497314453125,5926500
2022-01-20,167.2899932861328,167.86000061035156,164.92999267578125,165.25,156.27719116210938,6011300
2022-01-21,166.19000244140625,167.99000549316406,164.47000122070312,164.8699951171875,155.91781616210938,10550300
2022-01-24,164.0,164.1699981689453,158.25999450683594,162.97000122070312,154.12100219726562,14054600
2022-01-25,162.36000061035156,168.41000366210938,161.5800018310547,167.6300048828125,158.52796936035156,14081200
2022-01-26,167.5399932861328,169.22000122070312,166.22999572753906,168.3800048828125,159.2372283935547,9963200
2022-01-27,169.38999938964844,171.91000366210938,169.0,170.58999633789062,161.32723999023438,9066700
2022-01-28,170.86000061035156,171.83999633789062,169.3000030517578,171.7899932861328,162.46209716796875,9783100
2022-01-31,171.5,172.6199951171875,170.82000732421875,172.2899932861328,162.93492126464844,8054800
2022-02-01,171.74000549316406,171.97999572753906,169.42999267578125,170.8800048828125,161.60150146484375,8154700
2022-02-02,169.64999389648438,172.99000549316406,169.64999389648438,172.77000427246094,163.3888702392578,7382800
2022-02-03,172.25999450683594,173.6199951171875,171.0399932861328,172.75999450683594,163.37942504882812,6240400
2022-02-04,171.0,172.97999572753906,170.1199951171875,171.6300048828125,162.31077575683594,6392200
2022-02-07,171.41000366210938,171.74000549316406,170.00999450683594,171.05999755859375,161.771728515625,6065700
2022-02-08,171.02000427246094,172.0500030517578,170.47999572753906,171.50999450683594,162.197265625,6296100
2022-02-09,172.07000732421875,172.24000549316406,171.25,171.49000549316406,162.17837524414062,5387500
2022-02-10,171.2100067138672,171.22000122070312,169.3000030517578,169.4199981689453,160.2207489013672,10355300
2022-02-11,169.1199951171875,170.14999389648438,167.5399932861328,167.7100067138672,158.60360717773438,13125300
2022-02-14,167.7100067138672,167.97000122070312,163.80999755859375,165.60000610351562,156.60818481445312,8967600
2022-02-15,166.1300048828125,168.10000610351562,166.00999450683594,167.30999755859375,158.22535705566406,6631400
2022-02-16,166.49000549316406,167.83999633789062,165.7100067138672,167.2100067138672,158.13076782226562,8482400
2022-02-17,167.2100067138672,167.4499969482422,164.9199981689453,166.19000244140625,157.16612243652344,6227600
2022-02-18,164.97999572753906,165.36000061035156,162.94000244140625,163.36000061035156,155.4815216064453,6423200
2022-02-22,163.57000732421875,163.74000549316406,160.44000244140625,161.13999938964844,153.3685760498047,6868900
2022-02-23,161.50999450683594,162.63999938964844,160.85000610351562,161.22000122070312,153.44471740722656,8016900
2022-02-24,159.77999877929688,160.1300048828125,155.72000122070312,158.13999938964844,150.5132598876953,12883400
2022-02-25,160.0,166.99000549316406,159.6999969482422,166.0,157.9941864013672,11340400
2022-02-28,162.8699951171875,165.17999267578125,162.3800048828125,164.57000732421875,156.6331787109375,9373500
2022-03-01,163.0399932861328,164.75,162.41000366210938,164.0,156.0906524658203,8737800
2022-03-02,164.41000366210938,167.6300048828125,164.0399932861328,166.0399932861328,158.03225708007812,6793300
2022-03-03,166.6999969482422,169.33999633789062,166.32000732421875,168.47999572753906,160.3545684814453,7333700
2022-03-04,167.63999938964844,169.86000061035156,166.85000610351562,169.47999572753906,161.3063507080078,6302500
2022-03-07,168.3000030517578,173.1199951171875,167.36000061035156,172.2100067138672,163.90469360351562,11663400
2022-03-08,172.0399932861328,173.1199951171875,168.50999450683594,168.72000122070312,160.5830078125,11100300
2022-03-09,170.00999450683594,170.22999572753906,167.88999938964844,169.36000061035156,161.19215393066406,7248200
2022-03-10,168.55999755859375,170.14999389648438,168.0800018310547,169.66000366210938,161.4776611328125,6171400
2022-03-11,169.1300048828125,171.4600067138672,169.02000427246094,169.35000610351562,161.1826171875,5188000
2022-03-14,170.67999267578125,174.1199951171875,170.35000610351562,171.69000244140625,163.4097900390625,7729500
2022-03-15,173.3300018310547,176.52000427246094,172.5500030517578,176.13999938964844,167.64517211914062,10554400
2022-03-16,175.4600067138672,176.9499969482422,172.55999755859375,174.52000427246094,166.10328674316406,9603300
2022-03-17,175.2100067138672,176.83999633789062,174.1999969482422,176.8000030517578,168.2733154296875,7472100
2022-03-18,177.0,177.0,173.66000366210938,174.83999633789062,166.40785217285156,13809500
2022-03-21,174.66000366210938,177.16000366210938,174.32000732421875,175.8300018310547,167.35011291503906,7574900
2022-03-22,175.8300018310547,176.3699951171875,173.91000366210938,175.0,166.5601348876953,8442100
2022-03-23,175.22999572753906,175.5399932861328,174.08999633789062,174.33999633789062,165.93197631835938,5254200
2022-03-24,175.0,175.5399932861328,174.07000732421875,175.24000549316406,166.78855895996094,5012300
2022-03-25,175.69000244140625,177.6999969482422,175.22000122070312,176.9199981689453,168.38754272460938,4809500
2022-03-28,176.64999389648438,178.17999267578125,176.35000610351562,177.8300018310547,169.25363159179688,5604200
2022-03-29,178.6199951171875,179.39999389648438,176.8000030517578,177.74000549316406,169.16799926757812,5933400
2022-03-30,178.44000244140625,179.86000061035156,177.67999267578125,179.58999633789062,170.9287872314453,6277600
2022-03-31,179.58999633789062,180.2100067138672,176.97999572753906,177.22999572753906,168.6825714111328,11490400
2022-04-01,177.0500030517578,178.42999267578125,175.60000610351562,178.19000244140625,169.59628295898438,6525600
2022-04-04,178.19000244140625,178.19000244140625,175.52000427246094,176.47000122070312,167.95924377441406,6860600
2022-04-05,176.47000122070312,179.64999389648438,176.2899932861328,177.61000061035156,169.04425048828125,7446100
2022-04-06,179.38999938964844,182.60000610351562,178.6199951171875,182.22999572753906,173.4414520263672,10330900
2022-04-07,181.6699981689453,182.9499969482422,180.22999572753906,181.75999450683594,172.994140625,7385200
2022-04-08,181.3300018310547,183.19000244140625,180.42999267578125,182.1199951171875,173.3367462158203,7144500
2022-04-11,183.0,184.1999969482422,179.60000610351562,179.83999633789062,171.1667022705078,5932000
2022-04-12,179.1999969482422,180.80999755859375,178.1999969482422,179.89999389648438,171.2238311767578,5957500
2022-04-13,179.89999389648438,180.83999633789062,179.24000549316406,180.66000366210938,171.94717407226562,5643100
2022-04-14,180.0,181.39999389648438,179.72999572753906,179.89999389648438,171.2238311767578,6188200
2022-04-18,179.72999572753906,180.38999938964844,176.74000549316406,177.66000366210938,169.09185791015625,6318700
2022-04-19,180.72000122070312,185.94000244140625,179.9499969482422,183.0800018310547,174.25045776367188,14380800
2022-04-20,182.24000549316406,184.32000732421875,181.89999389648438,183.88999938964844,175.02139282226562,8044900
2022-04-21,183.92999267578125,184.8699951171875,182.55999755859375,183.36000061035156,174.51695251464844,6969200
2022-04-22,182.47000122070312,183.14999389648438,181.3800048828125,181.5399932861328,172.7847137451172,8003600
2022-04-25,182.33999633789062,186.69000244140625,182.10000610351562,186.00999450683594,177.03915405273438,11176500
2022-04-26,185.10000610351562,186.57000732421875,184.17999267578125,184.67999267578125,175.77328491210938,10190000
2022-04-27,184.24000549316406,184.82000732421875,181.74000549316406,182.10000610351562,173.31771850585938,11090100
2022-04-28,182.25,184.5,181.9199981689453,183.4600067138672,174.61212158203125,9403900
2022-04-29,182.5,182.5500030517578,180.1999969482422,180.4600067138672,171.75682067871094,8463100
2022-05-02,180.47000122070312,181.41000366210938,177.02999877929688,178.63999938964844,170.0245819091797,7145400
2022-05-03,178.8000030517578,180.6300048828125,177.67999267578125,178.2899932861328,169.69146728515625,5898700
2022-05-04,178.14999389648438,180.5,177.14999389648438,180.1999969482422,171.5093536376953,5923000
2022-05-05,179.4199981689453,179.7100067138672,175.27000427246094,176.75999450683594,168.23526000976562,7089200
2022-05-06,175.13999938964844,176.8699951171875,174.69000244140625,176.3699951171875,167.86407470703125,6434000
2022-05-09,175.4499969482422,178.55999755859375,174.58999633789062,177.3300018310547,168.7777557373047,7855200
2022-05-10,178.22999572753906,179.17999267578125,176.5,177.08999633789062,168.5493621826172,8186700
2022-05-11,175.9600067138672,178.32000732421875,175.8800048828125,176.1300048828125,167.63563537597656,6138900
2022-05-12,176.47000122070312,177.9499969482422,174.7100067138672,177.8699951171875,169.29173278808594,6898600
2022-05-13,178.6999969482422,178.88999938964844,175.8000030517578,176.85000610351562,168.32095336914062,7732200
2022-05-16,176.85000610351562,179.1300048828125,176.1699981689453,178.0800018310547,169.49159240722656,5516700
2022-05-17,178.72000122070312,179.6999969482422,176.58999633789062,178.82000732421875,170.19590759277344,5751100
2022-05-18,178.83999633789062,179.3699951171875,175.1699981689453,175.5,167.03602600097656,8608800
2022-05-19,174.72000122070312,174.8000030517578,172.69000244140625,173.94000244140625,165.55125427246094,6874500
2022-05-20,174.85000610351562,177.16000366210938,174.0500030517578,176.97999572753906,168.4446258544922,7522100
2022-05-23,177.60000610351562,179.92999267578125,177.4600067138672,179.44000244140625,171.88348388671875,7040800
2022-05-24,179.25,181.74000549316406,179.10000610351562,181.39999389648438,173.7609405517578,6419800
2022-05-25,180.52999877929688,181.5500030517578,179.05999755859375,179.6199951171875,172.05587768554688,6558900
2022-05-26,181.0,181.0,178.60000610351562,179.4600067138672,171.9026336669922,6897600
2022-05-27,179.75999450683594,181.16000366210938,178.22999572753906,181.08999633789062,173.4639892578125,5853600
2022-05-31,178.0,180.1699981689453,175.00999450683594,179.52999877929688,171.9696807861328,16391400
2022-06-01,179.14999389648438,179.8300018310547,175.89999389648438,177.7100067138672,170.226318359375,5175400
2022-06-02,177.74000549316406,177.80999755859375,174.58999633789062,177.14999389648438,169.68991088867188,8666500
2022-06-03,177.07000732421875,178.6699981689453,176.14999389648438,176.4199981689453,168.99063110351562,4234200
2022-06-06,177.2100067138672,178.5,176.0,176.39999389648438,168.9714813232422,5386500
2022-06-07,176.97999572753906,179.3000030517578,176.39999389648438,178.33999633789062,170.82980346679688,5447800
2022-06-08,178.10000610351562,179.4499969482422,176.8000030517578,177.27999877929688,169.81443786621094,4333100
2022-06-09,177.2100067138672,178.64999389648438,173.63999938964844,173.7100067138672,166.39476013183594,5509600
2022-06-10,172.1699981689453,173.97000122070312,170.6199951171875,172.5500030517578,165.28359985351562,6647300
2022-06-13,170.0800018310547,172.25,170.0800018310547,170.80999755859375,163.61688232421875,7997000
2022-06-14,171.05999755859375,171.11000061035156,167.25999450683594,168.19000244140625,161.10723876953125,7116800
2022-06-15,169.63999938964844,171.44000244140625,168.63999938964844,169.99000549316406,162.8314208984375,7796100
2022-06-16,168.39999389648438,170.2100067138672,167.41000366210938,170.0800018310547,162.91763305664062,7056700
2022-06-17,170.6300048828125,172.1999969482422,169.24000549316406,169.4600067138672,162.32374572753906,12486600
2022-06-21,170.75,173.86000061035156,169.55999755859375,173.00999450683594,165.72425842285156,8219700
2022-06-22,172.0,177.9199981689453,171.69000244140625,175.74000549316406,168.33929443359375,10593100
2022-06-23,177.0,179.82000732421875,176.52000427246094,179.66000366210938,172.09420776367188,10223500
2022-06-24,180.77999877929688,182.52999877929688,179.97999572753906,182.2899932861328,174.61343383789062,9374400
2022-06-27,181.63999938964844,183.35000610351562,181.5,182.1199951171875,174.4506072998047,5908600
2022-06-28,182.1699981689453,182.97000122070312,176.30999755859375,176.94000244140625,169.48875427246094,9245700
2022-06-29,177.22000122070312,178.3000030517578,176.42999267578125,176.99000549316406,169.53663635253906,7097900
2022-06-30,176.86000061035156,178.2899932861328,175.02999877929688,177.50999450683594,170.0347137451172,10777200
2022-07-01,177.4499969482422,179.72000122070312,176.69000244140625,179.52000427246094,171.9600830078125,5498400
2022-07-05,178.8300018310547,179.1300048828125,174.61000061035156,178.13999938964844,170.63819885253906,5676400
2022-07-06,178.07000732421875,179.44000244140625,177.41000366210938,178.3000030517578,170.79147338867188,5335600
2022-07-07,177.86000061035156,179.1199951171875,177.50999450683594,178.5,170.98304748535156,5725800
2022-07-08,178.3300018310547,179.99000549316406,177.77000427246094,178.27999877929688,170.7722930908203,3828300
2022-07-11,177.6999969482422,179.02000427246094,177.52000427246094,178.35000610351562,170.83935546875,3645200
2022-07-12,177.97999572753906,178.4499969482422,175.1999969482422,175.85000610351562,168.44464111328125,4708800
2022-07-13,175.66000366210938,176.3300018310547,174.5,175.44000244140625,168.0519256591797,5291700
2022-07-14,172.52999877929688,176.00999450683594,172.3000030517578,175.67999267578125,168.2817840576172,5359600
2022-07-15,177.7100067138672,178.50999450683594,176.5500030517578,178.22999572753906,170.7244110107422,5691100
2022-07-18,177.74000549316406,178.19000244140625,173.91000366210938,174.22999572753906,166.89285278320312,7605700
2022-07-19,176.3300018310547,176.75,169.8800048828125,171.69000244140625,164.4598388671875,13256400
2022-07-20,172.1999969482422,172.5500030517578,169.75999450683594,170.7100067138672,163.52110290527344,7455800
2022-07-21,170.0500030517578,171.38999938964844,169.77000427246094,171.30999755859375,164.09584045410156,5729200
2022-07-22,171.60000610351562,172.49000549316406,171.05999755859375,172.1199951171875,164.87171936035156,4257000
2022-07-25,172.1199951171875,172.97999572753906,171.72000122070312,172.4600067138672,165.19741821289062,4437300
2022-07-26,172.55999755859375,174.97999572753906,172.49000549316406,173.67999267578125,166.36599731445312,4525500
2022-07-27,172.6300048828125,174.10000610351562,171.1300048828125,173.1999969482422,165.90625,4648500
2022-07-28,173.39999389648438,176.08999633789062,171.44000244140625,174.1999969482422,166.8641357421875,5513000
2022-07-29,173.7899932861328,174.85000610351562,172.91000366210938,174.52000427246094,167.17063903808594,6451400
2022-08-01,174.1699981689453,175.16000366210938,173.5399932861328,173.91000366210938,166.5863494873047,5461400
2022-08-02,175.00999450683594,175.49000549316406,172.6999969482422,172.9199981689453,165.63803100585938,5794200
2022-08-03,172.5500030517578,175.25999450683594,171.77000427246094,174.58999633789062,167.23770141601562,5010000
2022-08-04,174.80999755859375,175.08999633789062,171.60000610351562,171.7899932861328,164.5556182861328,5651600
2022-08-05,171.3000030517578,171.52999877929688,169.7899932861328,171.11000061035156,163.90426635742188,5235500
2022-08-08,171.3000030517578,171.47999572753906,169.44000244140625,170.1999969482422,163.0325927734375,4629800
2022-08-09,170.5399932861328,171.1199951171875,169.72999572753906,170.17999267578125,163.01339721679688,5532500
2022-08-10,171.02000427246094,171.24000549316406,169.52999877929688,170.6699981689453,163.48277282714844,5603400
2022-08-11,168.52000427246094,169.9499969482422,166.97999572753906,167.13999938964844,160.10145568847656,9328700
2022-08-12,167.5399932861328,167.94000244140625,165.14999389648438,165.3000030517578,158.33892822265625,14606900
2022-08-15,166.0,166.75,165.1300048828125,166.08999633789062,159.0956573486328,10072000
2022-08-16,165.86000061035156,168.25,165.60000610351562,167.57000732421875,160.51332092285156,7453600
2022-08-17,166.41000366210938,168.55999755859375,166.41000366210938,167.5800018310547,160.52288818359375,7406600
2022-08-18,167.67999267578125,168.3000030517578,165.92999267578125,166.77000427246094,159.74700927734375,8312100
2022-08-19,167.10000610351562,170.1199951171875,167.0,169.30999755859375,162.18006896972656,8128500
2022-08-22,168.89999389648438,168.9199981689453,167.1699981689453,167.58999633789062,161.61111450195312,5462600
2022-08-23,167.0,167.77000427246094,165.8000030517578,166.1300048828125,160.20321655273438,5566300
2022-08-24,166.55999755859375,166.58999633789062,165.07000732421875,165.5800018310547,159.67282104492188,5684300
2022-08-25,165.9499969482422,167.24000549316406,164.6999969482422,167.1300048828125,161.1675262451172,5678700
2022-08-26,167.4600067138672,167.5,164.1999969482422,164.27000427246094,158.40956115722656,5667100
2022-08-29,163.47000122070312,163.83999633789062,162.02000427246094,163.0,157.18487548828125,5259200
2022-08-30,163.3000030517578,163.5399932861328,162.02999877929688,162.42999267578125,156.63519287109375,6973300
2022-08-31,163.22999572753906,163.5500030517578,161.27000427246094,161.33999633789062,155.58409118652344,8741700
2022-09-01,161.49000549316406,165.5,161.47999572753906,165.33999633789062,159.44137573242188,7509600
2022-09-02,165.86000061035156,166.1999969482422,162.00999450683594,162.74000549316406,156.9341278076172,5803700
2022-09-06,163.94000244140625,166.22000122070312,162.82000732421875,163.17999267578125,157.35841369628906,7394600
2022-09-07,162.91000366210938,164.4199981689453,162.16000366210938,164.07000732421875,158.21670532226562,4590600
2022-09-08,163.8800048828125,165.4199981689453,163.0800018310547,165.38999938964844,159.48959350585938,5838400
2022-09-09,164.99000549316406,166.1999969482422,164.38999938964844,165.7100067138672,159.79818725585938,5500600
2022-09-12,166.11000061035156,166.57000732421875,165.22000122070312,165.63999938964844,159.7306671142578,6365300
2022-09-13,163.57000732421875,164.44000244140625,160.80999755859375,161.3300018310547,155.57444763183594,6726400
2022-09-14,162.3800048828125,165.36000061035156,162.3800048828125,164.66000366210938,158.78565979003906,9555700
2022-09-15,164.4499969482422,166.07000732421875,164.10000610351562,165.0800018310547,159.19065856933594,7174500
2022-09-16,165.32000732421875,167.6300048828125,164.75,167.60000610351562,161.6207733154297,20201500
2022-09-19,166.3000030517578,166.42999267578125,164.0800018310547,166.27999877929688,160.3478546142578,7380900
2022-09-20,165.22000122070312,165.89999389648438,164.32000732421875,164.97000122070312,159.08460998535156,7143400
2022-09-21,165.02000427246094,166.8000030517578,163.24000549316406,163.27999877929688,157.4548797607422,8071200
2022-09-22,163.14999389648438,167.16000366210938,162.8300018310547,166.17999267578125,160.25140380859375,7401100
2022-09-23,165.74000549316406,167.47999572753906,164.66000366210938,166.72000122070312,160.77215576171875,9598600
2022-09-26,165.8000030517578,166.83999633789062,164.3800048828125,165.6999969482422,159.7885284423828,8735500
2022-09-27,166.36000061035156,167.6699981689453,164.39999389648438,164.94000244140625,159.0556640625,8686700
2022-09-28,166.25,167.3800048828125,165.10000610351562,166.36000061035156,160.4250030517578,8660900
2022-09-29,166.47999572753906,167.1699981689453,163.88999938964844,164.52999877929688,158.6602783203125,7008100
2022-09-30,165.0,165.74000549316406,163.32000732421875,163.36000061035156,157.5320281982422,8985200
2022-10-03,164.2899932861328,164.3800048828125,161.6999969482422,163.1999969482422,157.3777313232422,8657000
2022-10-04,163.85000610351562,166.0,162.9199981689453,165.6199951171875,159.7113800048828,6236100
2022-10-05,165.02000427246094,166.0399932861328,164.2100067138672,165.11000061035156,159.21958923339844,4539400
2022-10-06,164.7899932861328,165.0,161.69000244140625,161.91000366210938,156.13375854492188,5890700
2022-10-07,161.77000427246094,162.22000122070312,159.1699981689453,160.1999969482422,154.48475646972656,6363500
2022-10-10,160.6300048828125,161.27999877929688,159.17999267578125,160.41000366210938,154.68727111816406,5315600
2022-10-11,160.3699951171875,164.11000061035156,160.3699951171875,162.72999572753906,156.92449951171875,6212200
2022-10-12,162.94000244140625,164.8800048828125,162.5,162.69000244140625,156.88592529296875,4341700
2022-10-13,160.88999938964844,165.99000549316406,160.75,165.14999389648438,159.25814819335938,6465100
2022-10-14,164.44000244140625,165.67999267578125,163.60000610351562,164.4600067138672,158.59278869628906,5684600
2022-10-17,165.39999389648438,167.2100067138672,165.00999450683594,166.58999633789062,160.64678955078125,6710800
2022-10-18,165.0,167.1699981689453,163.0500030517578,166.00999450683594,160.0874786376953,10883600
2022-10-19,166.0,166.25,163.88999938964844,164.69000244140625,158.8145751953125,10044600
2022-10-20,165.0,165.74000549316406,164.3300018310547,165.11000061035156,159.21958923339844,5659900
2022-10-21,164.7100067138672,169.3699951171875,164.42999267578125,168.7100067138672,162.69114685058594,8487600
2022-10-24,169.80999755859375,172.0800018310547,169.25,170.97999572753906,164.8801727294922,6855500
2022-10-25,170.1699981689453,171.11000061035156,168.52000427246094,170.7100067138672,164.61981201171875,5661900
2022-10-26,171.32000732421875,172.57000732421875,170.52000427246094,172.2100067138672,166.0662841796875,6123800
2022-10-27,172.35000610351562,173.42999267578125,171.72000122070312,172.30999755859375,166.16273498535156,5390900
2022-10-28,173.0,175.38999938964844,172.58999633789062,174.8699951171875,168.6313934326172,6073900
2022-10-31,174.52000427246094,175.16000366210938,173.4199981689453,173.97000122070312,167.76348876953125,7810000
2022-11-01,174.05999755859375,174.6300048828125,170.4199981689453,173.08999633789062,166.91490173339844,6985000
2022-11-02,172.88999938964844,173.94000244140625,170.2899932861328,170.42999267578125,164.34979248046875,6877300
2022-11-03,169.80999755859375,171.47000122070312,168.94000244140625,170.72000122070312,164.62945556640625,4819900
2022-11-04,171.55999755859375,172.5,169.24000549316406,171.47999572753906,165.36233520507812,5300900
2022-11-07,171.6699981689453,173.85000610351562,171.44000244140625,172.97999572753906,166.80880737304688,6621000
2022-11-08,173.1300048828125,174.69000244140625,172.17999267578125,173.83999633789062,167.6381378173828,5148400
2022-11-09,174.27000427246094,175.0,172.33999633789062,172.4499969482422,166.29771423339844,6150000
2022-11-10,174.35000610351562,174.77000427246094,172.0399932861328,174.47000122070312,168.24566650390625,7877500
2022-11-11,172.72999572753906,173.11000061035156,166.82000732421875,169.25,163.21188354492188,11074700
2022-11-14,170.25,173.25999450683594,170.25,171.91000366210938,165.77700805664062,6581500
2022-11-15,172.19000244140625,173.0,170.52000427246094,172.38999938964844,166.2398681640625,9351000
2022-11-16,173.63999938964844,174.99000549316406,173.1300048828125,173.4600067138672,167.2716827392578,5500900
2022-11-17,173.0,174.99000549316406,172.97999572753906,174.86000061035156,168.6217498779297,4464100
2022-11-18,175.0,176.63999938964844,174.6199951171875,176.1999969482422,169.91392517089844,6555700
2022-11-21,175.88999938964844,176.5500030517578,174.8300018310547,175.97000122070312,170.7874298095703,5706600
2022-11-22,176.39999389648438,177.19000244140625,176.3300018310547,176.82000732421875,171.61241149902344,4707900
2022-11-23,176.44000244140625,177.39999389648438,176.00999450683594,177.00999450683594,171.79681396484375,5389200
2022-11-25,177.3800048828125,178.1199951171875,176.86000061035156,177.24000549316406,172.02005004882812,3058600
2022-11-28,176.75,177.77000427246094,176.55999755859375,177.3300018310547,172.10736083984375,6183100
2022-11-29,177.00999450683594,177.25999450683594,174.66000366210938,176.08999633789062,170.90390014648438,6700500
2022-11-30,176.3699951171875,178.00999450683594,174.77999877929688,178.0,172.75765991210938,13288000
2022-12-01,179.0,179.9600067138672,177.77000427246094,178.74000549316406,173.47586059570312,6282600
2022-12-02,177.5,178.9600067138672,176.9600067138672,178.8800048828125,173.61172485351562,5823900
2022-12-05,178.36000061035156,179.36000061035156,178.0,178.77999877929688,173.51466369628906,5120600
2022-12-06,179.9199981689453,180.0,175.92999267578125,176.10000610351562,170.9136199951172,7943500
2022-12-07,176.57000732421875,177.8800048828125,176.22999572753906,177.1699981689453,171.9521026611328,5702600
2022-12-08,176.82000732421875,177.47000122070312,176.33999633789062,177.1999969482422,171.981201171875,4798500
2022-12-09,177.1199951171875,177.88999938964844,175.66000366210938,175.74000549316406,170.56419372558594,4561000
2022-12-12,175.9499969482422,177.8699951171875,175.60000610351562,177.83999633789062,172.6023712158203,4882400
2022-12-13,179.10000610351562,180.1999969482422,178.30999755859375,179.2100067138672,173.93202209472656,9177500
2022-12-14,178.5800018310547,181.0399932861328,178.5800018310547,179.75999450683594,174.46580505371094,9533600
2022-12-15,179.1999969482422,179.83999633789062,176.39999389648438,177.49000549316406,172.26266479492188,7602400
2022-12-16,177.0,177.0,174.86000061035156,175.6699981689453,170.4962615966797,18841800
2022-12-19,175.35000610351562,176.1699981689453,174.07000732421875,175.47999572753906,170.31185913085938,5736000
2022-12-20,176.0,176.44000244140625,175.1699981689453,175.6699981689453,170.4962615966797,6174700
2022-12-21,176.27000427246094,178.17999267578125,175.64999389648438,177.67999267578125,172.44705200195312,5472000
2022-12-22,176.77000427246094,177.50999450683594,175.33999633789062,177.02999877929688,171.8162078857422,5709100
2022-12-23,176.6699981689453,177.52000427246094,175.80999755859375,177.47999572753906,172.25294494628906,3683400
2022-12-27,178.11000061035156,178.35000610351562,176.99000549316406,177.42999267578125,172.2044219970703,3067300
2022-12-28,177.75999450683594,178.4499969482422,176.64999389648438,176.66000366210938,171.45712280273438,2645400
2022-12-29,177.5500030517578,178.3000030517578,177.07000732421875,177.55999755859375,172.3306121826172,2828800
2022-12-30,177.49000549316406,177.77000427246094,175.39999389648438,176.64999389648438,171.4473876953125,4216600
2023-01-03,176.16000366210938,178.3800048828125,176.00999450683594,178.19000244140625,172.9420623779297,6344900
2023-01-04,178.88999938964844,180.19000244140625,178.47999572753906,180.1300048828125,174.82493591308594,9788800
2023-01-05,179.02000427246094,179.99000549316406,178.41000366210938,178.8000030517578,173.53408813476562,6255300
2023-01-06,180.1300048828125,180.92999267578125,179.38999938964844,180.25,174.94139099121094,5706000
2023-01-09,179.3000030517578,179.75999450683594,175.17999267578125,175.5800018310547,170.40892028808594,7925300
2023-01-10,175.6999969482422,176.13999938964844,174.32000732421875,175.16000366210938,170.0012969970703,5047500
2023-01-11,175.57000732421875,175.72000122070312,172.11000061035156,174.8800048828125,169.72955322265625,6494800
2023-01-12,174.25999450683594,174.7100067138672,172.8000030517578,174.0,168.8754425048828,4269400
2023-01-13,173.19000244140625,174.00999450683594,172.3800048828125,173.42999267578125,168.32223510742188,6088000
2023-01-17,174.0,174.5800018310547,172.08999633789062,172.36000061035156,167.28375244140625,6053300
2023-01-18,171.64999389648438,172.0,169.7100067138672,169.75999450683594,164.76031494140625,7047800
2023-01-19,169.02999877929688,171.27999877929688,168.7100067138672,169.52999877929688,164.537109375,6939500
2023-01-20,170.10000610351562,170.11000061035156,167.47999572753906,168.74000549316406,163.77037048339844,8620600
2023-01-23,169.10000610351562,169.6300048828125,167.9499969482422,168.30999755859375,163.35304260253906,8425400
2023-01-24,169.02000427246094,170.99000549316406,166.00999450683594,168.30999755859375,163.35304260253906,10541800
2023-01-25,167.1699981689453,169.50999450683594,167.0800018310547,169.50999450683594,164.51768493652344,7099800
2023-01-26,169.5500030517578,169.91000366210938,168.64999389648438,168.88999938964844,163.91595458984375,6946100
2023-01-27,168.5399932861328,168.8699951171875,167.77000427246094,168.22999572753906,163.275390625,6058100
2023-01-30,167.92999267578125,168.5399932861328,161.0800018310547,162.0,157.2288818359375,23259100
2023-01-31,161.6999969482422,163.42999267578125,161.0500030517578,163.4199981689453,158.6070556640625,11612500
2023-02-01,162.99000549316406,165.97999572753906,162.39999389648438,164.9199981689453,160.0628662109375,9865300
2023-02-02,163.0,166.22000122070312,162.82000732421875,165.5399932861328,160.6645965576172,10099000
2023-02-03,166.02999877929688,166.33999633789062,163.88999938964844,164.61000061035156,159.76199340820312,6868500
2023-02-06,164.5500030517578,164.85000610351562,163.10000610351562,163.36000061035156,158.548828125,7021000
2023-02-07,161.60000610351562,163.8800048828125,161.4199981689453,163.39999389648438,158.58761596679688,7310800
2023-02-08,163.3000030517578,164.55999755859375,162.89999389648438,163.61000061035156,158.7914581298828,6054700
2023-02-09,163.6300048828125,164.8000030517578,161.07000732421875,161.39999389648438,156.6465301513672,7949500
2023-02-10,161.77000427246094,162.7899932861328,161.35000610351562,162.14999389648438,157.3744354248047,7028000
2023-02-13,161.3300018310547,162.82000732421875,161.14999389648438,162.75,157.956787109375,6414700
2023-02-14,162.74000549316406,162.97000122070312,161.75999450683594,162.0399932861328,157.26768493652344,6316000
2023-02-15,161.9499969482422,161.97999572753906,159.2899932861328,159.3699951171875,154.6763153076172,12621800
2023-02-16,159.07000732421875,159.64999389648438,157.9199981689453,158.24000549316406,153.57962036132812,11177000
2023-02-17,157.02000427246094,161.11000061035156,156.6199951171875,160.38999938964844,156.78590393066406,12401900
2023-02-21,159.64999389648438,160.35000610351562,157.88999938964844,158.0,154.4496307373047,9423900
2023-02-22,158.5,158.85000610351562,157.3699951171875,157.77999877929688,154.23455810546875,9820200
2023-02-23,157.7100067138672,158.58999633789062,156.6699981689453,157.72999572753906,154.1856689453125,9385100
2023-02-24,156.64999389648438,156.85000610351562,155.2100067138672,155.97000122070312,152.46524047851562,8689700
2023-02-27,156.4499969482422,156.89999389648438,155.0800018310547,155.6300048828125,152.13287353515625,7267100
2023-02-28,154.97999572753906,155.27000427246094,153.0399932861328,153.25999450683594,149.81613159179688,9062300
2023-03-01,153.00999450683594,153.24000549316406,151.91000366210938,152.57000732421875,149.14163208007812,6767000
2023-03-02,151.75,152.75999450683594,151.22999572753906,152.4499969482422,149.02430725097656,8762500
2023-03-03,153.3699951171875,154.1199951171875,152.83999633789062,154.02000427246094,150.55905151367188,5747200
2023-03-06,154.66000366210938,155.72999572753906,154.57000732421875,155.55999755859375,152.06443786621094,8148200
2023-03-07,156.08999633789062,156.25,153.35000610351562,154.08999633789062,150.62747192382812,7457700
2023-03-08,153.97999572753906,154.1999969482422,152.47999572753906,152.9600067138672,149.52288818359375,6230500
2023-03-09,153.4600067138672,153.60000610351562,150.7100067138672,151.24000549316406,147.84152221679688,7439400
2023-03-10,151.86000061035156,153.49000549316406,151.10000610351562,151.61000061035156,148.20318603515625,8504300
2023-03-13,152.08999633789062,155.91000366210938,151.57000732421875,153.05999755859375,149.62060546875,10799600
2023-03-14,153.27999877929688,154.02999877929688,151.89999389648438,153.9199981689453,150.46128845214844,8421200
2023-03-15,152.83999633789062,154.88999938964844,152.52999877929688,154.35000610351562,150.8816375732422,7757700
2023-03-16,153.4499969482422,154.3699951171875,152.60000610351562,154.02999877929688,150.56881713867188,7605500
2023-03-17,154.47999572753906,154.9499969482422,152.3000030517578,152.3800048828125,148.95590209960938,20540700
2023-03-20,152.47000122070312,154.07000732421875,152.3800048828125,153.88999938964844,150.4319610595703,7129000
2023-03-21,154.0,154.1300048828125,152.1699981689453,153.88999938964844,150.4319610595703,8376800
2023-03-22,153.85000610351562,154.05999755859375,151.02999877929688,151.0500030517578,147.65579223632812,7943500
2023-03-23,151.17999267578125,151.69000244140625,150.11000061035156,151.1300048828125,147.73399353027344,9051500
2023-03-24,151.47999572753906,152.75999450683594,150.8300018310547,152.64999389648438,149.21983337402344,5696200
2023-03-27,154.1999969482422,154.5399932861328,153.11000061035156,153.3000030517578,149.855224609375,6772300
2023-03-28,152.38999938964844,153.4499969482422,151.72999572753906,151.82000732421875,148.4084930419922,6115300
2023-03-29,152.24000549316406,153.3800048828125,152.07000732421875,153.30999755859375,149.864990234375,6012000
2023-03-30,153.5800018310547,153.8000030517578,152.80999755859375,153.42999267578125,149.9822998046875,4555700
2023-03-31,153.7899932861328,155.19000244140625,153.24000549316406,155.0,151.51702880859375,9890000
2023-04-03,154.9499969482422,157.00999450683594,153.94000244140625,156.85000610351562,153.32545471191406,6841900
2023-04-04,156.97000122070312,158.97000122070312,156.58999633789062,158.49000549316406,154.92860412597656,8314500
2023-04-05,164.3699951171875,165.66000366210938,162.75999450683594,165.61000061035156,161.88861083984375,16704200
2023-04-06,165.99000549316406,167.22999572753906,164.8000030517578,165.14999389648438,161.43894958496094,9615400
2023-04-10,164.6300048828125,164.83999633789062,163.63999938964844,164.32000732421875,160.6276092529297,5354000
2023-04-11,164.4199981689453,165.27999877929688,164.0399932861328,164.27000427246094,160.5787353515625,5903800
2023-04-12,163.94000244140625,164.83999633789062,163.10000610351562,163.9199981689453,160.236572265625,5764100
2023-04-13,164.17999267578125,166.3300018310547,163.80999755859375,166.11000061035156,162.37738037109375,5640600
2023-04-14,165.97000122070312,166.1199951171875,164.05999755859375,165.83999633789062,162.11343383789062,7225100
2023-04-17,165.74000549316406,166.24000549316406,164.94000244140625,165.6699981689453,161.94725036621094,8046400
2023-04-18,164.25,164.69000244140625,159.64999389648438,161.00999450683594,157.39198303222656,14571500
2023-04-19,161.99000549316406,162.67999267578125,161.1699981689453,162.52999877929688,158.87782287597656,6752000
2023-04-20,162.42999267578125,163.82000732421875,160.9600067138672,163.5800018310547,159.9042205810547,9498800
2023-04-21,164.44000244140625,164.97000122070312,161.97000122070312,162.69000244140625,159.0342254638672,7014200
2023-04-24,162.69000244140625,163.80999755859375,161.8699951171875,163.67999267578125,160.00196838378906,5278900
2023-04-25,164.30999755859375,165.35000610351562,164.16000366210938,165.17999267578125,161.46826171875,6263100
2023-04-26,164.08999633789062,164.38999938964844,162.24000549316406,162.6199951171875,158.9657745361328,5518200
2023-04-27,162.89999389648438,163.41000366210938,162.1300048828125,163.0,159.33726501464844,5739700
2023-04-28,162.80999755859375,163.75999450683594,162.55999755859375,163.6999969482422,160.02151489257812,6023400
2023-05-01,163.60000610351562,164.3000030517578,162.24000549316406,163.60000610351562,159.9237823486328,4893400
2023-05-02,164.33999633789062,165.47999572753906,163.55999755859375,165.02999877929688,161.3216552734375,7541700
2023-05-03,165.5500030517578,166.17999267578125,162.50999450683594,162.8699951171875,159.21017456054688,5937200
2023-05-04,162.67999267578125,162.89999389648438,161.25,162.1300048828125,158.48681640625,5128000
2023-05-05,162.83999633789062,163.1300048828125,161.69000244140625,162.67999267578125,159.02442932128906,5193700
2023-05-08,161.99000549316406,162.57000732421875,161.33999633789062,162.30999755859375,158.6627655029297,4994900
2023-05-09,161.75,162.1300048828125,160.7899932861328,161.0500030517578,157.4310760498047,5520500
2023-05-10,161.1999969482422,161.97000122070312,160.05999755859375,161.64999389648438,158.017578125,6756600
2023-05-11,161.8300018310547,162.19000244140625,159.38999938964844,160.99000549316406,157.37242126464844,5867600
2023-05-12,161.36000061035156,161.55999755859375,160.00999450683594,160.77999877929688,157.16714477539062,3904200
2023-05-15,160.8000030517578,161.02999877929688,158.94000244140625,159.5500030517578,155.9647674560547,5104500
2023-05-16,159.05999755859375,160.25,158.52999877929688,159.33999633789062,155.75950622558594,5599200
2023-05-17,159.7899932861328,160.05999755859375,157.77000427246094,158.99000549316406,155.41737365722656,6840700
2023-05-18,158.66000366210938,158.92999267578125,157.55999755859375,158.47999572753906,154.9188232421875,5173000
2023-05-19,158.58999633789062,159.92999267578125,158.13999938964844,158.91000366210938,155.33917236328125,6524000
2023-05-22,158.0,159.13999938964844,156.77999877929688,156.8699951171875,154.50198364257812,5675900
2023-05-23,157.10000610351562,158.27000427246094,156.3699951171875,156.80999755859375,154.44290161132812,5793000
2023-05-24,157.0800018310547,157.13999938964844,155.9199981689453,156.66000366210938,154.295166015625,5015100
2023-05-25,156.0500030517578,156.2899932861328,153.72000122070312,154.41000366210938,152.07913208007812,6886100
2023-05-26,154.69000244140625,155.27999877929688,154.1999969482422,154.35000610351562,152.02003479003906,6845400
2023-05-30,153.97000122070312,155.3800048828125,153.32000732421875,154.3699951171875,152.0397186279297,5593100
2023-05-31,154.6999969482422,155.69000244140625,153.85000610351562,155.05999755859375,152.7193145751953,11324600
2023-06-01,154.5399932861328,155.0399932861328,153.14999389648438,154.5399932861328,152.2071533203125,7901300
2023-06-02,154.72000122070312,157.30999755859375,154.08999633789062,156.97000122070312,154.60047912597656,7657200
2023-06-05,156.75,158.63999938964844,156.75,158.32000732421875,155.9300994873047,6430500
2023-06-06,159.5800018310547,159.61000061035156,157.39999389648438,158.17999267578125,155.79220581054688,5073600
2023-06-07,158.10000610351562,158.8000030517578,157.44000244140625,158.52000427246094,156.12709045410156,6504300
2023-06-08,158.5,160.4199981689453,157.82000732421875,160.25999450683594,157.84080505371094,5818400
2023-06-09,160.4199981689453,160.72999572753906,159.47000122070312,160.00999450683594,157.59458923339844,6264400
2023-06-12,160.0,160.25,158.72999572753906,159.89999389648438,157.48623657226562,6510600
2023-06-13,159.72999572753906,160.83999633789062,159.14999389648438,160.74000549316406,158.31356811523438,6066800
2023-06-14,161.60000610351562,162.0800018310547,160.97999572753906,161.55999755859375,159.12118530273438,6699100
2023-06-15,162.0500030517578,163.91000366210938,161.42999267578125,163.72999572753906,161.25843811035156,7138300
2023-06-16,164.47999572753906,164.99000549316406,163.8699951171875,164.22999572753906,161.75088500976562,13425100
2023-06-20,164.25999450683594,165.30999755859375,163.80999755859375,164.1300048828125,161.65240478515625,7995800
2023-06-21,163.5800018310547,164.9199981689453,162.69000244140625,163.8800048828125,161.4061737060547,7177500
2023-06-22,163.89999389648438,165.72000122070312,163.7899932861328,165.6199951171875,163.11990356445312,5485900
2023-06-23,166.11000061035156,166.27000427246094,165.02999877929688,165.47999572753906,162.9820098876953,9450700
2023-06-26,164.97999572753906,164.97999572753906,161.3300018310547,163.6300048828125,161.15994262695312,6978800
2023-06-27,163.67999267578125,163.8800048828125,162.44000244140625,163.2899932861328,160.8250732421875,4927500
2023-06-28,163.1999969482422,163.1999969482422,161.91000366210938,162.9600067138672,160.5000762939453,6780400
2023-06-29,162.63999938964844,164.32000732421875,162.22999572753906,164.10000610351562,161.6228485107422,4547500
2023-06-30,164.86000061035156,165.94000244140625,164.35000610351562,165.52000427246094,163.0214080810547,7580000
2023-07-03,164.33999633789062,164.38999938964844,162.9600067138672,163.35000610351562,160.88417053222656,4033700
2023-07-05,162.99000549316406,163.9199981689453,162.72999572753906,162.80999755859375,160.35231018066406,7224600
2023-07-06,162.25,162.3699951171875,161.0,161.60000610351562,159.1605987548828,6332500
2023-07-07,160.47000122070312,161.0399932861328,159.1999969482422,159.25,156.84605407714844,7021700
2023-07-10,159.42999267578125,160.3000030517578,159.0,159.50999450683594,157.1021270751953,5739200
2023-07-11,159.1300048828125,160.3000030517578,157.60000610351562,158.6300048828125,156.2354278564453,6607000
2023-07-12,158.94000244140625,158.94000244140625,157.8800048828125,158.0800018310547,155.6937255859375,6940400
2023-07-13,158.0,159.1300048828125,157.41000366210938,158.80999755859375,156.41270446777344,6401700
2023-07-14,159.17999267578125,160.22999572753906,158.97999572753906,159.8699951171875,157.45669555664062,5361700
2023-07-17,159.75,159.8699951171875,158.14999389648438,159.07000732421875,156.6687774658203,5486800
2023-07-18,159.07000732421875,160.88999938964844,158.19000244140625,159.05999755859375,156.658935546875,6332500
2023-07-19,157.91000366210938,160.41000366210938,157.3300018310547,158.74000549316406,156.34376525878906,7522600
2023-07-20,161.94000244140625,169.13999938964844,161.3000030517578,168.3800048828125,165.83824157714844,21892900
2023-07-21,168.17999267578125,170.82000732421875,168.17999267578125,170.19000244140625,167.6209259033203,12076500
2023-07-24,171.5,173.82000732421875,170.99000549316406,171.0800018310547,168.49749755859375,15155400
2023-07-25,170.4499969482422,172.67999267578125,169.75,172.38999938964844,169.78770446777344,13790100
2023-07-26,172.0,173.85000610351562,171.39999389648438,172.72000122070312,170.11273193359375,14288200
2023-07-27,172.17999267578125,174.2899932861328,172.0399932861328,173.69000244140625,171.06808471679688,12446400
2023-07-28,174.0,175.36000061035156,173.22999572753906,174.47999572753906,171.84616088867188,14138800
2023-07-31,169.69000244140625,170.22000122070312,166.7100067138672,167.52999877929688,165.00106811523438,22632700
2023-08-01,166.3699951171875,169.08999633789062,166.05999755859375,168.88999938964844,166.34054565429688,15810300
2023-08-02,168.85000610351562,171.24000549316406,168.85000610351562,169.91000366210938,167.3451385498047,14595600
2023-08-03,169.9499969482422,171.32000732421875,169.6699981689453,170.63999938964844,168.0641326904297,17424800
2023-08-04,170.33999633789062,172.67999267578125,167.88999938964844,169.0399932861328,166.48826599121094,23414300
2023-08-07,169.49000549316406,173.33999633789062,169.36000061035156,173.10000610351562,170.48699951171875,17736400
2023-08-08,172.99000549316406,173.5500030517578,171.38999938964844,173.17999267578125,170.56578063964844,27378700
2023-08-09,173.0,174.25,172.0500030517578,173.07000732421875,170.45745849609375,42974400
2023-08-10,174.0,175.97000122070312,171.63999938964844,172.1699981689453,169.57102966308594,48213800
2023-08-11,172.47999572753906,173.9499969482422,171.6199951171875,173.85000610351562,171.22567749023438,45904100
2023-08-14,173.52000427246094,175.60000610351562,171.75,173.44000244140625,170.82186889648438,64036900
2023-08-15,172.8000030517578,174.55999755859375,172.13999938964844,172.94000244140625,170.32940673828125,88958100
2023-08-16,172.52999877929688,174.72999572753906,172.1300048828125,172.38999938964844,169.78770446777344,85832700
2023-08-17,172.86000061035156,175.38999938964844,172.75999450683594,174.00999450683594,171.3832550048828,70904200
2023-08-18,173.1699981689453,173.99000549316406,171.30999755859375,172.49000549316406,169.88621520996094,49617200
2023-08-21,169.69000244140625,169.85000610351562,165.9600067138672,167.35000610351562,164.8238067626953,151319500
2023-08-22,166.86000061035156,167.83999633789062,165.41000366210938,166.02000427246094,163.5138702392578,56835400
2023-08-23,165.89999389648438,166.5,163.47000122070312,164.52999877929688,162.04635620117188,119011400
2023-08-24,164.02999877929688,166.6699981689453,163.86000061035156,165.08999633789062,162.597900390625,70755100
2023-08-25,164.3000030517578,167.77999877929688,164.05999755859375,166.25,164.92922973632812,18185500
2023-08-28,165.0,166.2100067138672,163.1699981689453,164.2899932861328,162.98480224609375,18458000
2023-08-29,164.8699951171875,165.67999267578125,162.77000427246094,164.30999755859375,163.004638671875,12208600
2023-08-30,165.11000061035156,165.8300018310547,163.67999267578125,163.72999572753906,162.4292449951172,9939100
2023-08-31,163.3699951171875,163.57000732421875,161.27999877929688,161.67999267578125,160.39553833007812,15333000
2023-09-01,161.4199981689453,162.47999572753906,160.00999450683594,160.47999572753906,159.20506286621094,8609500
2023-09-05,160.55999755859375,161.97000122070312,160.27999877929688,160.67999267578125,159.40347290039062,9019800
2023-09-06,159.83999633789062,160.0,157.35000610351562,158.00999450683594,156.7546844482422,9753800
2023-09-07,159.13999938964844,161.05999755859375,158.97999572753906,160.02999877929688,158.75865173339844,9931800
2023-09-08,159.58999633789062,160.67999267578125,159.19000244140625,160.55999755859375,159.28443908691406,6957000
2023-09-11,161.05999755859375,162.69000244140625,160.4499969482422,162.66000366210938,161.3677520751953,6309300
2023-09-12,162.22000122070312,163.92999267578125,161.52999877929688,163.5800018310547,162.2804412841797,6045800
2023-09-13,163.75999450683594,164.9499969482422,163.0,163.99000549316406,162.68719482421875,7397500
2023-09-14,164.67999267578125,165.27000427246094,163.44000244140625,163.74000549316406,162.43917846679688,7758400
2023-09-15,163.97999572753906,164.82000732421875,161.2100067138672,161.4499969482422,160.1673583984375,13388900
2023-09-18,162.1199951171875,163.14999389648438,160.75,162.47000122070312,161.17926025390625,5789000
2023-09-19,162.25,162.85000610351562,161.3800048828125,162.1999969482422,160.91140747070312,5550800
2023-09-20,162.19000244140625,163.5399932861328,161.66000366210938,162.91000366210938,161.6157684326172,3837400
2023-09-21,162.57000732421875,163.5,161.58999633789062,161.66000366210938,160.37570190429688,4526700
2023-09-22,161.3000030517578,161.39999389648438,160.25,160.5,159.22491455078125,4976700
2023-09-25,160.07000732421875,160.36000061035156,158.72999572753906,160.25999450683594,158.98681640625,6722500
2023-09-26,159.80999755859375,160.0800018310547,158.86000061035156,159.02000427246094,157.7566680908203,4904800
2023-09-27,158.5800018310547,158.75999450683594,155.25999450683594,157.11000061035156,155.86184692382812,10211600
2023-09-28,157.5,157.9600067138672,156.22000122070312,156.8800048828125,155.63368225097656,7861900
2023-09-29,157.3699951171875,157.60000610351562,155.35000610351562,155.75,154.5126495361328,7679900
2023-10-02,155.4199981689453,155.4199981689453,153.32000732421875,155.14999389648438,153.9174041748047,7259700
2023-10-03,154.67999267578125,155.5,153.88999938964844,155.33999633789062,154.10589599609375,5740800
2023-10-04,155.57000732421875,155.92999267578125,154.57000732421875,155.52000427246094,154.28448486328125,4955200
2023-10-05,156.27000427246094,158.0399932861328,156.07000732421875,157.13999938964844,155.8916015625,5993300
2023-10-06,157.0800018310547,158.3000030517578,156.58999633789062,157.63999938964844,156.38763427734375,5801100
2023-10-09,157.17999267578125,158.8800048828125,157.08999633789062,158.5399932861328,157.2804718017578,4414100
2023-10-10,158.3800048828125,159.27000427246094,157.89999389648438,158.36000061035156,157.10191345214844,5273500
2023-10-11,158.4600067138672,159.0500030517578,156.0399932861328,156.17999267578125,154.93922424316406,6922900
2023-10-12,155.9199981689453,156.55999755859375,155.07000732421875,156.3300018310547,155.08804321289062,5792400
2023-10-13,156.72999572753906,157.36000061035156,156.0500030517578,156.85000610351562,155.60391235351562,5359800
2023-10-16,157.82000732421875,158.25,156.83999633789062,157.52999877929688,156.27850341796875,6408100
2023-10-17,155.97999572753906,158.9499969482422,154.61000061035156,156.08999633789062,154.84994506835938,12244400
2023-10-18,155.41000366210938,155.9499969482422,152.0500030517578,152.72999572753906,151.51663208007812,9097300
2023-10-19,151.6699981689453,153.11000061035156,150.14999389648438,152.32000732421875,151.1099090576172,7733800
2023-10-20,152.74000549316406,153.8699951171875,152.3300018310547,153.0,151.7845001220703,7206600
2023-10-23,152.86000061035156,153.5,151.2100067138672,151.38999938964844,150.18728637695312,5874000
2023-10-24,150.75,151.9600067138672,150.1300048828125,151.22999572753906,150.02854919433594,6155300
2023-10-25,151.24000549316406,152.1699981689453,150.22999572753906,151.57000732421875,150.36585998535156,5880800
2023-10-26,151.97000122070312,151.97000122070312,148.8800048828125,149.0,147.81626892089844,7612500
2023-10-27,148.49000549316406,148.66000366210938,144.9499969482422,145.60000610351562,144.44329833984375,11385800
2023-10-30,146.08999633789062,147.24000549316406,146.0,147.02999877929688,145.86192321777344,8205300
2023-10-31,147.5399932861328,148.5399932861328,146.63999938964844,148.33999633789062,147.16151428222656,7576900
2023-11-01,149.19000244140625,149.75999450683594,148.4600067138672,148.69000244140625,147.5087432861328,5733000
2023-11-02,147.7100067138672,150.39999389648438,147.5399932861328,150.24000549316406,149.0464324951172,5349100
2023-11-03,151.2100067138672,152.27000427246094,150.14999389648438,151.33999633789062,150.13768005371094,4925500
2023-11-06,151.77999877929688,152.42999267578125,151.3699951171875,151.6999969482422,150.4948272705078,4851400
2023-11-07,151.92999267578125,152.25,150.67999267578125,150.89999389648438,149.701171875,4840400
2023-11-08,151.35000610351562,151.8300018310547,150.33999633789062,150.35000610351562,149.1555633544922,5460000
2023-11-09,150.5,150.5,147.25999450683594,147.4199981689453,146.2488250732422,6973600
2023-11-10,148.25,148.5,145.63999938964844,147.25,146.08018493652344,6930700
2023-11-13,147.25,147.89999389648438,146.64999389648438,147.6300048828125,146.45716857910156,5889300
2023-11-14,147.63999938964844,148.5399932861328,146.97000122070312,147.66000366210938,146.48692321777344,6713600
2023-11-15,147.35000610351562,149.4199981689453,147.27000427246094,148.8000030517578,147.6178741455078,6729100
2023-11-16,149.5,150.1699981689453,148.63999938964844,150.10000610351562,148.9075469970703,6875600
2023-11-17,150.5500030517578,150.7899932861328,149.07000732421875,149.7899932861328,148.59999084472656,7023300
2023-11-20,147.91000366210938,150.39999389648438,147.5399932861328,149.91000366210938,149.91000366210938,8851700
2023-11-21,150.10000610351562,151.2899932861328,149.61000061035156,151.1199951171875,151.1199951171875,5916300
2023-11-22,151.6300048828125,152.0399932861328,150.38999938964844,150.82000732421875,150.82000732421875,4633500
2023-11-24,150.86000061035156,152.67999267578125,150.86000061035156,152.5,152.5,3351400
2023-11-27,152.2899932861328,152.32000732421875,150.97000122070312,151.27999877929688,151.27999877929688,6449700
2023-11-28,151.39999389648438,151.80999755859375,150.83999633789062,151.6300048828125,151.6300048828125,5909000
2023-11-29,151.3300018310547,152.1999969482422,151.07000732421875,152.11000061035156,152.11000061035156,5190000
2023-11-30,152.25999450683594,155.13999938964844,151.9199981689453,154.66000366210938,154.66000366210938,12481900
2023-12-01,156.44000244140625,158.4600067138672,155.47000122070312,158.3800048828125,158.3800048828125,10342500
2023-12-04,158.0,160.02000427246094,158.0,158.8800048828125,158.8800048828125,8920300
2023-12-05,158.8000030517578,159.6300048828125,158.22000122070312,158.5500030517578,158.5500030517578,7268200
2023-12-06,158.52000427246094,158.66000366210938,156.1699981689453,156.6199951171875,156.6199951171875,6642900
2023-12-07,156.5800018310547,156.5800018310547,154.7100067138672,155.39999389648438,155.39999389648438,6532400
2023-12-08,155.4199981689453,155.85000610351562,153.83999633789062,154.4199981689453,154.4199981689453,6253700
2023-12-11,154.5,155.47999572753906,154.35000610351562,155.05999755859375,155.05999755859375,6090400
2023-12-12,155.0,155.32000732421875,153.64999389648438,155.07000732421875,155.07000732421875,5324400
2023-12-13,153.66000366210938,155.94000244140625,151.77000427246094,155.7899932861328,155.7899932861328,10764600
2023-12-14,156.47000122070312,157.16000366210938,155.0500030517578,156.8699951171875,156.8699951171875,9240700
2023-12-15,155.49000549316406,156.69000244140625,153.75999450683594,155.16000366210938,155.16000366210938,21712500
2023-12-18,155.2100067138672,156.44000244140625,154.75999450683594,155.44000244140625,155.44000244140625,7231400
2023-12-19,155.3000030517578,156.5,154.94000244140625,156.4600067138672,156.4600067138672,6651500
2023-12-20,156.5399932861328,156.66000366210938,153.11000061035156,153.27000427246094,153.27000427246094,7008300
2023-12-21,153.69000244140625,155.1300048828125,153.3000030517578,154.83999633789062,154.83999633789062,4598600
2023-12-22,155.25,156.52999877929688,155.02000427246094,155.4600067138672,155.4600067138672,3798500
2023-12-26,155.0,156.35000610351562,154.85000610351562,156.13999938964844,156.13999938964844,4170000
2023-12-27,155.5,156.52000427246094,155.4199981689453,156.35000610351562,156.35000610351562,5288100
2023-12-28,156.0,157.24000549316406,155.99000549316406,156.5800018310547,156.5800018310547,4377500
2023-12-29,156.50999450683594,156.89999389648438,155.97999572753906,156.74000549316406,156.74000549316406,4311100
2024-01-02,156.92999267578125,161.63999938964844,156.7899932861328,159.97000122070312,159.97000122070312,9622100
2024-01-03,160.63999938964844,161.44000244140625,159.8000030517578,160.97000122070312,160.97000122070312,8232000
2024-01-04,161.58999633789062,161.97999572753906,160.4199981689453,160.6300048828125,160.6300048828125,6766600
2024-01-05,160.5,161.33999633789062,159.47000122070312,161.1300048828125,161.1300048828125,5602500
2024-01-08,161.10000610351562,161.66000366210938,159.61000061035156,161.52999877929688,161.52999877929688,6569800
2024-01-09,161.6300048828125,163.27999877929688,160.60000610351562,161.6300048828125,161.6300048828125,6357000
2024-01-10,161.82000732421875,162.6199951171875,161.1999969482422,161.8699951171875,161.8699951171875,4945100
2024-01-11,162.07000732421875,162.1999969482422,160.77999877929688,161.14999389648438,161.14999389648438,4946000
2024-01-12,161.83999633789062,162.47000122070312,161.69000244140625,162.38999938964844,162.38999938964844,4496500
2024-01-16,161.57000732421875,162.25,160.17999267578125,160.52000427246094,160.52000427246094,6923200
2024-01-17,160.25,161.3000030517578,159.8699951171875,160.42999267578125,160.42999267578125,5072100
2024-01-18,160.0,161.3699951171875,159.69000244140625,161.2100067138672,161.2100067138672,5368500
2024-01-19,161.14999389648438,161.9199981689453,160.27999877929688,161.67999267578125,161.67999267578125,7055800
2024-01-22,162.0,163.5800018310547,161.33999633789062,162.47000122070312,162.47000122070312,6824200
2024-01-23,159.66000366210938,160.50999450683594,156.91000366210938,159.80999755859375,159.80999755859375,9149800
2024-01-24,159.75,160.60000610351562,158.16000366210938,158.9600067138672,158.9600067138672,7247900
2024-01-25,159.0,159.6199951171875,158.47000122070312,159.55999755859375,159.55999755859375,5478900
2024-01-26,160.42999267578125,160.74000549316406,159.36000061035156,159.5,159.5,5591900
2024-01-29,159.00999450683594,160.07000732421875,158.9600067138672,159.36000061035156,159.36000061035156,6483200
2024-01-30,159.35000610351562,159.75999450683594,158.1300048828125,158.77000427246094,158.77000427246094,7200500
2024-01-31,160.39999389648438,160.6199951171875,158.6699981689453,158.89999389648438,158.89999389648438,8256800
2024-02-01,158.16000366210938,158.49000549316406,157.0500030517578,158.36000061035156,158.36000061035156,8012000
2024-02-02,157.97000122070312,158.30999755859375,155.94000244140625,156.61000061035156,156.61000061035156,8295500
