Date,Open,High,Low,Close,Adj Close,Volume
2014-02-06,20.899999618530273,21.260000228881836,20.790000915527344,21.010000228881836,16.936405181884766,9252400
2014-02-07,21.100000381469727,21.649999618530273,21.020000457763672,21.520000457763672,17.347522735595703,10569100
2014-02-10,21.790000915527344,22.43000030517578,21.75,22.200000762939453,17.895687103271484,12039500
2014-02-11,22.309999465942383,23.030000686645508,22.309999465942383,22.899999618530273,18.4599609375,13940600
2014-02-12,22.8700008392334,22.940000534057617,22.299999237060547,22.510000228881836,18.145572662353516,11854300
2014-02-13,22.65999984741211,23.559999465942383,22.459999084472656,23.530000686645508,18.967815399169922,11128800
2014-02-14,24.110000610351562,24.229999542236328,23.40999984741211,23.829999923706055,19.209636688232422,13663900
2014-02-18,24.260000228881836,24.329999923706055,23.75,24.209999084472656,19.515960693359375,11650600
2014-02-19,24.110000610351562,24.31999969482422,23.68000030517578,23.770000457763672,19.16128158569336,9775000
2014-02-20,23.719999313354492,24.549999237060547,23.639999389648438,24.459999084472656,19.71749496459961,9989000
2014-02-21,24.030000686645508,24.09000015258789,22.709999084472656,23.3799991607666,18.846893310546875,23007300
2014-02-24,23.459999084472656,23.81999969482422,23.290000915527344,23.670000076293945,19.08066177368164,10767300
2014-02-25,23.600000381469727,24.079999923706055,23.559999465942383,23.75,19.14515495300293,10137900
2014-02-26,23.65999984741211,23.90999984741211,23.399999618530273,23.559999465942383,18.991989135742188,9645600
2014-02-27,23.610000610351562,24.079999923706055,23.3700008392334,23.59000015258789,19.016170501708984,8345300
2014-02-28,23.559999465942383,23.600000381469727,23.020000457763672,23.260000228881836,18.750158309936523,11152800
2014-03-03,23.90999984741211,24.25,23.440000534057617,23.6299991607666,19.048423767089844,9904400
2014-03-04,23.43000030517578,24.200000762939453,23.280000686645508,24.139999389648438,19.459535598754883,8861600
2014-03-05,24.200000762939453,24.65999984741211,24.079999923706055,24.579999923706055,19.814226150512695,8442200
2014-03-06,24.670000076293945,25.079999923706055,24.530000686645508,24.93000030517578,20.096370697021484,6717000
2014-03-07,24.579999923706055,24.639999389648438,23.8799991607666,24.600000381469727,19.83034324645996,9691100
2014-03-10,24.559999465942383,24.649999618530273,23.940000534057617,24.309999465942383,19.596576690673828,6126400
2014-03-11,24.389999389648438,24.549999237060547,24.09000015258789,24.350000381469727,19.750690460205078,8690800
2014-03-12,24.68000030517578,25.1200008392334,24.59000015258789,25.010000228881836,20.286026000976562,7971800
2014-03-13,25.06999969482422,25.530000686645508,24.8799991607666,25.479999542236328,20.667255401611328,8367300
2014-03-14,25.770000457763672,26.200000762939453,25.719999313354492,26.18000030517578,21.235034942626953,15073600
2014-03-17,25.93000030517578,26.3700008392334,25.56999969482422,25.770000457763672,20.90247344970703,11182900
2014-03-18,25.440000534057617,25.6200008392334,25.200000762939453,25.270000457763672,20.496910095214844,8310400
2014-03-19,24.979999542236328,25.34000015258789,24.440000534057617,24.5,19.872358322143555,8475400
2014-03-20,24.260000228881836,24.979999542236328,24.190000534057617,24.579999923706055,19.937252044677734,10636100
2014-03-21,24.899999618530273,24.899999618530273,24.360000610351562,24.549999237060547,19.91290855407715,12369300
2014-03-24,24.450000762939453,24.600000381469727,23.75,23.889999389648438,19.377574920654297,7845800
2014-03-25,24.0,24.190000534057617,23.799999237060547,23.920000076293945,19.40190315246582,5266400
2014-03-26,23.889999389648438,24.020000457763672,23.0,23.06999969482422,18.712459564208984,8926600
2014-03-27,22.969999313354492,23.149999618530273,22.65999984741211,22.940000534057617,18.607013702392578,12025500
2014-03-28,23.010000228881836,24.1299991607666,22.920000076293945,23.920000076293945,19.40190315246582,11288800
2014-03-31,23.899999618530273,24.100000381469727,23.309999465942383,23.440000534057617,19.012569427490234,7717300
2014-04-01,23.520000457763672,23.739999771118164,23.399999618530273,23.450000762939453,19.020687103271484,7455800
2014-04-02,23.809999465942383,24.459999084472656,23.729999542236328,24.239999771118164,19.66146469116211,7225200
2014-04-03,24.059999465942383,24.18000030517578,23.829999923706055,24.100000381469727,19.547914505004883,5475600
2014-04-04,24.420000076293945,24.649999618530273,24.049999237060547,24.110000610351562,19.5560245513916,6420000
2014-04-07,24.270000457763672,24.850000381469727,24.209999084472656,24.440000534057617,19.823688507080078,6916400
2014-04-08,24.81999969482422,25.059999465942383,24.670000076293945,24.950000762939453,20.237361907958984,6538100
2014-04-09,24.829999923706055,25.360000610351562,24.56999969482422,24.989999771118164,20.269804000854492,6965400
2014-04-10,25.190000534057617,25.510000228881836,24.670000076293945,24.790000915527344,20.10758399963379,6729000
2014-04-11,24.739999771118164,24.780000686645508,24.100000381469727,24.229999542236328,19.653350830078125,6458000
2014-04-14,24.559999465942383,24.739999771118164,24.290000915527344,24.40999984741211,19.799358367919922,6516200
2014-04-15,23.799999237060547,23.940000534057617,23.280000686645508,23.84000015258789,19.337020874023438,9240500
2014-04-16,23.860000610351562,24.020000457763672,23.510000228881836,23.75,19.264022827148438,5348200
2014-04-17,23.739999771118164,23.899999618530273,23.5,23.540000915527344,19.09368133544922,5468600
2014-04-21,25.450000762939453,25.459999084472656,24.600000381469727,25.049999237060547,20.318464279174805,16057500
2014-04-22,24.979999542236328,25.200000762939453,24.31999969482422,25.040000915527344,20.310361862182617,13739800
2014-04-23,25.0,26.260000228881836,24.969999313354492,25.920000076293945,21.02414321899414,12694800
2014-04-24,25.6200008392334,25.799999237060547,25.270000457763672,25.489999771118164,20.67535972595215,11984900
2014-04-25,25.690000534057617,26.5,25.610000610351562,26.450000762939453,21.454030990600586,11559300
2014-04-28,25.18000030517578,25.389999389648438,24.610000610351562,24.670000076293945,20.01024627685547,16927700
2014-04-29,24.690000534057617,25.270000457763672,24.690000534057617,25.020000457763672,20.29413414001465,10763100
2014-04-30,24.860000610351562,25.059999465942383,24.559999465942383,24.829999923706055,20.14002799987793,6504900
2014-05-01,24.690000534057617,24.889999389648438,24.329999923706055,24.530000686645508,19.89669418334961,6982900
2014-05-02,24.56999969482422,24.940000534057617,24.399999618530273,24.719999313354492,20.050800323486328,5708400
2014-05-05,25.020000457763672,25.020000457763672,24.709999084472656,24.850000381469727,20.15625,3882000
2014-05-06,24.81999969482422,24.81999969482422,24.5,24.600000381469727,19.95346450805664,3488900
2014-05-07,24.270000457763672,24.290000915527344,23.780000686645508,24.010000228881836,19.47490692138672,8356600
2014-05-08,23.989999771118164,24.190000534057617,23.780000686645508,24.0,19.466793060302734,4286800
2014-05-09,24.030000686645508,24.1200008392334,23.709999084472656,24.020000457763672,19.48301887512207,3506000
2014-05-12,24.31999969482422,24.670000076293945,24.31999969482422,24.510000228881836,19.880468368530273,4430800
2014-05-13,24.489999771118164,24.969999313354492,24.489999771118164,24.68000030517578,20.01836395263672,3201300
2014-05-14,24.90999984741211,24.989999771118164,24.59000015258789,24.6299991607666,19.977800369262695,3563600
2014-05-15,24.3799991607666,24.549999237060547,24.139999389648438,24.290000915527344,19.702024459838867,4184200
2014-05-16,24.239999771118164,24.239999771118164,23.770000457763672,23.989999771118164,19.458683013916016,4389500
2014-05-19,24.1200008392334,24.1299991607666,23.270000457763672,23.34000015258789,18.93146324157715,8432700
2014-05-20,23.31999969482422,23.68000030517578,23.280000686645508,23.6200008392334,19.1585750579834,4102100
2014-05-21,23.510000228881836,23.610000610351562,23.420000076293945,23.59000015258789,19.134239196777344,4098300
2014-05-22,23.709999084472656,23.75,23.309999465942383,23.360000610351562,18.947681427001953,3741000
2014-05-23,23.3700008392334,23.6200008392334,23.34000015258789,23.399999618530273,18.980127334594727,3652600
2014-05-27,23.219999313354492,23.219999313354492,22.610000610351562,22.68000030517578,18.396120071411133,7567000
2014-05-28,22.579999923706055,22.6200008392334,22.219999313354492,22.479999542236328,18.233901977539062,7531000
2014-05-29,22.299999237060547,23.010000228881836,22.260000228881836,22.760000228881836,18.461009979248047,5895600
2014-05-30,22.690000534057617,22.899999618530273,22.540000915527344,22.889999389648438,18.566457748413086,4975300
2014-06-02,22.780000686645508,22.93000030517578,22.450000762939453,22.579999923706055,18.315013885498047,4135700
2014-06-03,22.520000457763672,22.829999923706055,22.209999084472656,22.81999969482422,18.509685516357422,5428700
2014-06-04,22.729999542236328,23.079999923706055,22.600000381469727,22.889999389648438,18.566457748413086,4973900
2014-06-05,22.90999984741211,23.15999984741211,22.670000076293945,23.020000457763672,18.67190170288086,5021100
2014-06-06,22.959999084472656,23.190000534057617,22.799999237060547,23.110000610351562,18.744901657104492,3680600
2014-06-09,23.09000015258789,23.1200008392334,22.610000610351562,22.670000076293945,18.388017654418945,4583400
2014-06-10,22.780000686645508,23.020000457763672,22.56999969482422,22.780000686645508,18.497631072998047,5020200
2014-06-11,22.850000381469727,23.190000534057617,22.850000381469727,23.09000015258789,18.74935531616211,5646100
2014-06-12,23.149999618530273,23.459999084472656,23.06999969482422,23.299999237060547,18.919883728027344,6296500
2014-06-13,23.239999771118164,23.479999542236328,22.90999984741211,23.399999618530273,19.001083374023438,4684200
2014-06-16,23.5,23.520000457763672,23.06999969482422,23.15999984741211,18.806201934814453,4283300
2014-06-17,22.989999771118164,23.43000030517578,22.889999389648438,23.309999465942383,18.927997589111328,4414800
2014-06-18,23.329999923706055,23.739999771118164,23.229999542236328,23.739999771118164,19.27716827392578,5886600
2014-06-19,24.06999969482422,24.59000015258789,23.90999984741211,24.540000915527344,19.92677879333496,12448000
2014-06-20,24.530000686645508,24.920000076293945,24.290000915527344,24.860000610351562,20.18662452697754,14264600
2014-06-23,24.809999465942383,25.25,24.579999923706055,25.190000534057617,20.4545841217041,5643800
2014-06-24,25.280000686645508,25.420000076293945,24.670000076293945,24.690000534057617,20.048585891723633,5886500
2014-06-25,24.700000762939453,25.030000686645508,24.540000915527344,24.8799991607666,20.202861785888672,5317400
2014-06-26,24.790000915527344,25.09000015258789,24.459999084472656,25.06999969482422,20.35713768005371,6636700
2014-06-27,25.0,25.360000610351562,24.8799991607666,25.190000534057617,20.4545841217041,5096300
2014-06-30,25.030000686645508,25.540000915527344,24.81999969482422,25.440000534057617,20.65758514404297,6524100
2014-07-01,25.479999542236328,25.719999313354492,24.780000686645508,25.079999923706055,20.365266799926758,5854500
2014-07-02,25.110000610351562,25.5,25.049999237060547,25.360000610351562,20.592626571655273,4465700
2014-07-03,25.139999389648438,25.209999084472656,24.8700008392334,25.190000534057617,20.4545841217041,3839500
2014-07-07,24.989999771118164,25.139999389648438,24.68000030517578,24.729999542236328,20.081058502197266,5365600
2014-07-08,24.8700008392334,24.959999084472656,24.479999542236328,24.799999237060547,20.13789939880371,7248800
2014-07-09,24.989999771118164,25.690000534057617,24.950000762939453,25.530000686645508,20.730667114257812,9526200
2014-07-10,25.969999313354492,26.040000915527344,25.299999237060547,25.440000534057617,20.65758514404297,9974300
2014-07-11,25.489999771118164,26.170000076293945,25.43000030517578,25.93000030517578,21.05547523498535,6778900
2014-07-14,25.190000534057617,25.639999389648438,25.030000686645508,25.31999969482422,20.560150146484375,5713900
2014-07-15,25.3700008392334,25.520000457763672,24.65999984741211,24.690000534057617,20.048585891723633,10524900
2014-07-16,24.8799991607666,25.610000610351562,24.8799991607666,25.219999313354492,20.478944778442383,8407700
2014-07-17,25.299999237060547,25.639999389648438,25.110000610351562,25.450000762939453,20.66571044921875,6083100
2014-07-18,25.18000030517578,25.530000686645508,24.899999618530273,25.420000076293945,20.64134407043457,5662100
2014-07-21,25.420000076293945,25.600000381469727,25.06999969482422,25.360000610351562,20.592626571655273,4550500
2014-07-22,25.329999923706055,25.549999237060547,25.239999771118164,25.40999984741211,20.63322639465332,4117400
2014-07-23,25.3799991607666,25.459999084472656,25.1299991607666,25.190000534057617,20.4545841217041,4503600
2014-07-24,25.040000915527344,25.09000015258789,24.649999618530273,24.780000686645508,20.121660232543945,6670800
2014-07-25,24.65999984741211,25.229999542236328,24.600000381469727,25.149999618530273,20.422101974487305,5551100
2014-07-28,25.079999923706055,25.709999084472656,25.030000686645508,25.639999389648438,20.81999397277832,5554600
2014-07-29,25.68000030517578,25.760000228881836,25.530000686645508,25.540000915527344,20.73879051208496,6562500
2014-07-30,25.600000381469727,25.729999542236328,25.040000915527344,25.59000015258789,20.779388427734375,5270700
2014-07-31,25.280000686645508,25.40999984741211,24.90999984741211,24.90999984741211,20.227222442626953,6438900
2014-08-01,25.139999389648438,25.360000610351562,24.770000457763672,25.200000762939453,20.46269989013672,6341600
2014-08-04,25.170000076293945,25.739999771118164,25.170000076293945,25.6299991607666,20.81186294555664,7706500
2014-08-05,25.3799991607666,25.93000030517578,25.270000457763672,25.780000686645508,20.933671951293945,5626900
2014-08-06,26.200000762939453,26.540000915527344,25.90999984741211,26.079999923706055,21.17727279663086,8999700
2014-08-07,26.280000686645508,26.280000686645508,26.0,26.18000030517578,21.25847625732422,5331100
2014-08-08,26.31999969482422,26.5,26.110000610351562,26.389999389648438,21.429000854492188,4405000
2014-08-11,26.3700008392334,26.6299991607666,26.299999237060547,26.530000686645508,21.542682647705078,3771200
2014-08-12,26.649999618530273,27.350000381469727,26.610000610351562,27.059999465942383,21.97304916381836,8333600
2014-08-13,27.139999389648438,27.399999618530273,26.989999771118164,27.06999969482422,21.981170654296875,4977500
2014-08-14,27.1200008392334,27.31999969482422,26.860000610351562,27.049999237060547,21.96492576599121,4960400
2014-08-15,26.579999923706055,27.0,26.579999923706055,26.889999389648438,21.835002899169922,5380700
2014-08-18,26.8700008392334,26.93000030517578,26.530000686645508,26.81999969482422,21.778167724609375,4734100
2014-08-19,26.950000762939453,27.020000457763672,26.709999084472656,26.829999923706055,21.786285400390625,4134500
2014-08-20,26.770000457763672,26.950000762939453,26.610000610351562,26.729999542236328,21.705076217651367,3957700
2014-08-21,26.309999465942383,26.690000534057617,26.06999969482422,26.610000610351562,21.607641220092773,6841100
2014-08-22,26.649999618530273,26.649999618530273,26.25,26.389999389648438,21.429000854492188,3772900
2014-08-25,26.360000610351562,26.3700008392334,25.790000915527344,25.979999542236328,21.096078872680664,4030900
2014-08-26,26.329999923706055,26.56999969482422,26.280000686645508,26.5,21.518320083618164,3469700
2014-08-27,26.450000762939453,26.75,26.389999389648438,26.520000457763672,21.534561157226562,3286000
2014-08-28,26.8700008392334,26.989999771118164,26.59000015258789,26.860000610351562,21.810649871826172,4512500
2014-08-29,26.65999984741211,27.200000762939453,26.600000381469727,27.09000015258789,21.99740982055664,3845500
2014-09-02,26.649999618530273,26.850000381469727,26.229999542236328,26.40999984741211,21.445241928100586,7019500
2014-09-03,26.34000015258789,26.520000457763672,26.18000030517578,26.309999465942383,21.364032745361328,5301500
2014-09-04,26.350000381469727,26.5,25.489999771118164,25.600000381469727,20.787511825561523,7383200
2014-09-05,25.6200008392334,26.020000457763672,25.510000228881836,25.969999313354492,21.087953567504883,6141200
2014-09-08,25.860000610351562,25.889999389648438,25.030000686645508,25.290000915527344,20.53578758239746,6349300
2014-09-09,25.459999084472656,25.610000610351562,25.209999084472656,25.540000915527344,20.75931739807129,5863800
2014-09-10,25.389999389648438,25.559999465942383,25.18000030517578,25.3700008392334,20.621131896972656,6760700
2014-09-11,25.3700008392334,25.6200008392334,25.100000381469727,25.59000015258789,20.79994773864746,6588700
2014-09-12,25.40999984741211,25.5,24.920000076293945,25.170000076293945,20.458568572998047,7362700
2014-09-15,25.100000381469727,25.1200008392334,24.790000915527344,25.020000457763672,20.336645126342773,4427000
2014-09-16,24.959999084472656,25.34000015258789,24.760000228881836,25.040000915527344,20.3529052734375,7402600
2014-09-17,25.040000915527344,25.06999969482422,24.6200008392334,24.670000076293945,20.052167892456055,7590900
2014-09-18,24.530000686645508,24.59000015258789,24.18000030517578,24.489999771118164,19.905855178833008,6698700
2014-09-19,24.530000686645508,24.549999237060547,23.899999618530273,24.209999084472656,19.678264617919922,8798300
2014-09-22,24.100000381469727,24.170000076293945,23.510000228881836,23.65999984741211,19.231210708618164,5787300
2014-09-23,23.920000076293945,24.270000457763672,23.65999984741211,23.989999771118164,19.499448776245117,8067700
2014-09-24,23.709999084472656,24.200000762939453,23.709999084472656,23.84000015258789,19.377519607543945,4186700
2014-09-25,23.670000076293945,24.010000228881836,23.43000030517578,23.90999984741211,19.434417724609375,5507900
2014-09-26,23.899999618530273,23.899999618530273,23.510000228881836,23.809999465942383,19.35313606262207,3973000
2014-09-29,23.889999389648438,23.889999389648438,23.469999313354492,23.479999542236328,19.084909439086914,5171800
2014-09-30,23.34000015258789,23.59000015258789,22.899999618530273,23.049999237060547,18.735397338867188,9247000
2014-10-01,23.200000762939453,23.329999923706055,22.940000534057617,23.010000228881836,18.70288848876953,6802400
2014-10-02,23.1200008392334,23.459999084472656,22.8799991607666,23.280000686645508,18.922346115112305,8722900
2014-10-03,23.030000686645508,23.059999465942383,22.5,22.700000762939453,18.450916290283203,11052700
2014-10-06,22.850000381469727,23.219999313354492,22.6299991607666,23.149999618530273,18.81668472290039,6769800
2014-10-07,23.229999542236328,23.229999542236328,22.440000534057617,22.549999237060547,18.328990936279297,8234900
2014-10-08,22.690000534057617,23.709999084472656,22.149999618530273,23.639999389648438,19.214963912963867,10617100
2014-10-09,23.579999923706055,23.579999923706055,22.030000686645508,22.450000762939453,18.247711181640625,12919900
2014-10-10,22.530000686645508,22.90999984741211,22.06999969482422,22.209999084472656,18.052631378173828,7234400
2014-10-13,22.399999618530273,23.15999984741211,22.389999389648438,22.520000457763672,18.30460548400879,6861500
2014-10-14,22.719999313354492,23.209999084472656,22.6299991607666,22.790000915527344,18.524070739746094,7153300
2014-10-15,22.540000915527344,23.100000381469727,22.43000030517578,22.700000762939453,18.450916290283203,7638900
2014-10-16,22.450000762939453,22.989999771118164,22.389999389648438,22.719999313354492,18.4671688079834,6736100
2014-10-17,22.719999313354492,22.790000915527344,22.31999969482422,22.399999618530273,18.207069396972656,6338300
2014-10-20,22.65999984741211,22.90999984741211,22.479999542236328,22.850000381469727,18.57283592224121,4655000
2014-10-21,23.010000228881836,23.18000030517578,22.84000015258789,22.899999618530273,18.61347770690918,4777700
2014-10-22,22.790000915527344,23.06999969482422,22.59000015258789,22.59000015258789,18.36150550842285,5775300
2014-10-23,22.43000030517578,22.510000228881836,21.809999465942383,22.0,17.881940841674805,9835900
2014-10-24,22.0,22.110000610351562,21.729999542236328,21.950000762939453,17.84130096435547,7961500
2014-10-27,21.850000381469727,21.899999618530273,21.489999771118164,21.6299991607666,17.58119773864746,6782000
2014-10-28,21.799999237060547,21.899999618530273,21.450000762939453,21.850000381469727,17.76001739501953,5637600
2014-10-29,21.65999984741211,21.690000534057617,20.719999313354492,20.809999465942383,16.914691925048828,13812200
2014-10-30,20.59000015258789,20.690000534057617,20.06999969482422,20.329999923706055,16.524539947509766,13825200
2014-10-31,19.5,19.700000762939453,18.510000228881836,18.760000228881836,15.248418807983398,22967300
2014-11-03,18.850000381469727,19.190000534057617,18.530000686645508,19.1200008392334,15.54104232788086,13148300
2014-11-04,18.969999313354492,19.149999618530273,18.600000381469727,18.65999984741211,15.167137145996094,9629800
2014-11-05,18.09000015258789,18.610000610351562,17.770000457763672,17.829999923706055,14.492501258850098,15489800
2014-11-06,17.979999542236328,18.559999465942383,17.979999542236328,18.200000762939453,14.793241500854492,9735800
2014-11-07,18.5,19.209999084472656,18.469999313354492,19.190000534057617,15.59793472290039,11442000
2014-11-10,19.020000457763672,19.020000457763672,17.989999771118164,18.059999465942383,14.679451942443848,9861100
2014-11-11,18.149999618530273,18.8700008392334,18.149999618530273,18.700000762939453,15.199654579162598,9720800
2014-11-12,18.950000762939453,19.040000915527344,18.18000030517578,18.459999084472656,15.004570960998535,8325900
2014-11-13,18.700000762939453,18.829999923706055,18.149999618530273,18.239999771118164,14.825761795043945,7134600
2014-11-14,17.899999618530273,19.200000762939453,17.75,19.149999618530273,15.56541919708252,13315600
2014-11-17,19.209999084472656,19.360000610351562,18.65999984741211,19.239999771118164,15.638569831848145,10062100
2014-11-18,19.56999969482422,19.959999084472656,19.34000015258789,19.899999618530273,16.175031661987305,10335100
2014-11-19,19.950000762939453,19.969999313354492,19.010000228881836,19.110000610351562,15.532905578613281,14203700
2014-11-20,19.34000015258789,19.700000762939453,19.219999313354492,19.579999923706055,15.91492748260498,6906400
2014-11-21,20.06999969482422,20.06999969482422,19.270000457763672,19.690000534057617,16.004337310791016,9473000
2014-11-24,19.540000915527344,19.639999389648438,19.110000610351562,19.170000076293945,15.581674575805664,11116600
2014-11-25,19.190000534057617,19.729999542236328,19.149999618530273,19.709999084472656,16.020599365234375,17163800
2014-11-26,19.690000534057617,19.729999542236328,19.40999984741211,19.530000686645508,15.874287605285645,5100200
2014-11-28,18.940000534057617,19.059999465942383,18.360000610351562,18.399999618530273,14.95580768585205,6808300
2014-12-01,18.889999389648438,19.860000610351562,18.8700008392334,19.65999984741211,15.979948997497559,13529100
2014-12-02,19.270000457763672,19.56999969482422,18.93000030517578,19.18000030517578,15.589801788330078,9039900
2014-12-03,19.389999389648438,19.84000015258789,19.299999237060547,19.6299991607666,15.976395606994629,7863800
2014-12-04,19.59000015258789,19.690000534057617,19.200000762939453,19.270000457763672,15.683394432067871,6795700
2014-12-05,18.940000534057617,19.139999389648438,18.719999313354492,19.030000686645508,15.488073348999023,6889700
2014-12-08,19.190000534057617,19.530000686645508,18.670000076293945,19.079999923706055,15.528761863708496,10799700
2014-12-09,19.520000457763672,20.450000762939453,19.43000030517578,20.010000228881836,16.285667419433594,11909300
2014-12-10,20.059999465942383,20.350000381469727,19.43000030517578,19.450000762939453,15.829899787902832,8606200
2014-12-11,19.25,20.040000915527344,19.100000381469727,19.56999969482422,15.927556991577148,9182100
2014-12-12,19.540000915527344,19.540000915527344,19.020000457763672,19.049999237060547,15.50434684753418,8691600
2014-12-15,18.639999389648438,18.989999771118164,17.90999984741211,17.920000076293945,14.584659576416016,11147800
2014-12-16,18.299999237060547,18.3700008392334,17.600000381469727,17.780000686645508,14.470723152160645,11303500
2014-12-17,17.829999923706055,18.579999923706055,17.790000915527344,18.5,15.05671215057373,10957500
2014-12-18,18.770000457763672,19.43000030517578,18.649999618530273,19.389999389648438,15.781065940856934,10238700
2014-12-19,19.290000915527344,20.09000015258789,19.1200008392334,19.1200008392334,15.561318397521973,28755500
2014-12-22,18.799999237060547,19.170000076293945,18.010000228881836,18.15999984741211,14.779993057250977,12123900
2014-12-23,18.110000610351562,18.65999984741211,17.950000762939453,18.040000915527344,14.682332992553711,6757000
2014-12-24,17.969999313354492,18.709999084472656,17.969999313354492,18.56999969482422,15.113680839538574,3268900
2014-12-26,19.049999237060547,19.139999389648438,18.729999542236328,18.850000381469727,15.341571807861328,5454700
2014-12-29,18.709999084472656,18.850000381469727,18.5,18.59000015258789,15.129961013793945,6871700
2014-12-30,18.860000610351562,19.489999771118164,18.809999465942383,19.260000228881836,15.675257682800293,7763900
2014-12-31,19.15999984741211,19.229999542236328,18.799999237060547,18.899999618530273,15.382258415222168,6613300
2015-01-02,18.649999618530273,19.389999389648438,18.600000381469727,19.34000015258789,15.74036979675293,6533500
2015-01-05,19.510000228881836,19.600000381469727,18.860000610351562,19.459999084472656,15.838035583496094,7508100
2015-01-06,19.649999618530273,20.65999984741211,19.6200008392334,20.270000457763672,16.497278213500977,13198100
2015-01-07,20.040000915527344,20.520000457763672,19.739999771118164,20.09000015258789,16.35077667236328,8172100
2015-01-08,20.100000381469727,20.3799991607666,19.889999389648438,19.979999542236328,16.261241912841797,7803400
2015-01-09,20.209999084472656,20.729999542236328,20.170000076293945,20.719999313354492,16.863521575927734,7538200
2015-01-12,20.860000610351562,21.399999618530273,20.68000030517578,21.190000534057617,17.24604034423828,9234100
2015-01-13,21.5,21.530000686645508,20.219999313354492,20.360000610351562,16.570528030395508,12074600
2015-01-14,20.530000686645508,20.739999771118164,19.420000076293945,19.760000228881836,16.082204818725586,13542000
2015-01-15,20.75,21.899999618530273,20.649999618530273,21.510000228881836,17.506479263305664,16724000
2015-01-16,21.719999313354492,22.290000915527344,21.489999771118164,22.290000915527344,18.14130973815918,17596200
2015-01-20,22.850000381469727,23.719999313354492,22.719999313354492,23.56999969482422,19.183069229125977,17819200
2015-01-21,23.770000457763672,24.440000534057617,23.43000030517578,24.31999969482422,19.793472290039062,16960600
2015-01-22,24.309999465942383,24.690000534057617,23.979999542236328,24.290000915527344,19.769060134887695,13132700
2015-01-23,24.139999389648438,24.43000030517578,23.670000076293945,24.149999618530273,19.655115127563477,12056800
2015-01-26,23.81999969482422,24.6299991607666,23.350000381469727,24.489999771118164,19.93183708190918,11189200
2015-01-27,24.670000076293945,25.25,24.530000686645508,25.139999389648438,20.460847854614258,10774500
2015-01-28,24.889999389648438,25.049999237060547,24.030000686645508,24.260000228881836,19.744640350341797,11251300
2015-01-29,23.610000610351562,24.34000015258789,23.420000076293945,24.170000076293945,19.67140007019043,8850000
2015-01-30,24.190000534057617,25.219999313354492,23.920000076293945,25.149999618530273,20.468992233276367,11594400
2015-02-02,24.739999771118164,25.200000762939453,24.559999465942383,25.110000610351562,20.43643569946289,7497000
2015-02-03,24.84000015258789,25.06999969482422,24.139999389648438,24.6200008392334,20.037639617919922,9038100
2015-02-04,24.81999969482422,25.030000686645508,24.5,24.81999969482422,20.200408935546875,7071100
2015-02-05,24.549999237060547,24.860000610351562,24.3700008392334,24.81999969482422,20.200408935546875,6029500
2015-02-06,24.0,24.299999237060547,23.59000015258789,24.049999237060547,19.573726654052734,8316600
2015-02-09,24.229999542236328,24.739999771118164,24.170000076293945,24.610000610351562,20.029495239257812,5873600
2015-02-10,24.290000915527344,24.56999969482422,23.959999084472656,24.40999984741211,19.866722106933594,6217400
2015-02-11,24.43000030517578,24.600000381469727,24.09000015258789,24.139999389648438,19.64697265625,5087300
2015-02-12,24.40999984741211,24.700000762939453,24.110000610351562,24.510000228881836,19.94811248779297,4488600
2015-02-13,24.75,25.059999465942383,24.65999984741211,24.780000686645508,20.167850494384766,5186800
2015-02-17,24.34000015258789,24.600000381469727,24.170000076293945,24.190000534057617,19.68767738342285,6205200
2015-02-18,24.149999618530273,24.850000381469727,23.850000381469727,24.739999771118164,20.135303497314453,8069900
2015-02-19,24.809999465942383,25.020000457763672,24.389999389648438,24.459999084472656,19.90741539001465,8870900
2015-02-20,25.18000030517578,26.3799991607666,25.06999969482422,25.579999923706055,20.81896209716797,13558300
2015-02-23,25.520000457763672,26.1299991607666,25.25,25.959999084472656,21.128231048583984,7609600
2015-02-24,25.209999084472656,25.90999984741211,25.200000762939453,25.809999465942383,21.006149291992188,5847900
2015-02-25,26.0,26.1299991607666,25.81999969482422,26.049999237060547,21.201475143432617,7923000
2015-02-26,26.34000015258789,26.549999237060547,26.1200008392334,26.309999465942383,21.4130859375,6210600
2015-02-27,26.399999618530273,26.700000762939453,26.260000228881836,26.329999923706055,21.429367065429688,5931800
2015-03-02,26.399999618530273,26.510000228881836,25.600000381469727,25.889999389648438,21.071266174316406,7679300
2015-03-03,25.93000030517578,26.34000015258789,25.520000457763672,25.6200008392334,20.85150909423828,7914900
2015-03-04,25.510000228881836,25.709999084472656,25.09000015258789,25.190000534057617,20.50153923034668,7142100
2015-03-05,25.309999465942383,25.649999618530273,25.200000762939453,25.299999237060547,20.591073989868164,3450500
2015-03-06,24.299999237060547,24.40999984741211,23.139999389648438,23.299999237060547,18.96331787109375,11443700
2015-03-09,23.280000686645508,23.3799991607666,22.229999542236328,22.420000076293945,18.247112274169922,9893300
2015-03-10,22.299999237060547,22.93000030517578,21.639999389648438,21.770000457763672,17.737871170043945,13440900
2015-03-11,21.719999313354492,22.479999542236328,21.5,22.239999771118164,18.120811462402344,9245800
2015-03-12,22.450000762939453,22.6299991607666,22.0,22.290000915527344,18.161561965942383,6081500
2015-03-13,22.299999237060547,22.3799991607666,21.65999984741211,22.299999237060547,18.169706344604492,6590100
2015-03-16,22.1299991607666,22.3799991607666,21.850000381469727,22.299999237060547,18.169706344604492,5585400
2015-03-17,22.040000915527344,22.450000762939453,21.860000610351562,22.1200008392334,18.023046493530273,8400100
2015-03-18,21.950000762939453,23.06999969482422,21.8799991607666,22.8700008392334,18.634136199951172,8977900
2015-03-19,23.139999389648438,23.299999237060547,22.65999984741211,22.81999969482422,18.5933895111084,7612300
2015-03-20,22.899999618530273,23.329999923706055,22.889999389648438,22.950000762939453,18.699317932128906,17041600
2015-03-23,23.149999618530273,23.290000915527344,22.850000381469727,23.139999389648438,18.854124069213867,7510300
2015-03-24,23.170000076293945,23.200000762939453,22.780000686645508,22.860000610351562,18.625986099243164,6394400
2015-03-25,23.030000686645508,23.200000762939453,22.469999313354492,22.479999542236328,18.316364288330078,5973700
2015-03-26,22.920000076293945,23.079999923706055,21.93000030517578,22.15999984741211,18.055633544921875,7907300
2015-03-27,22.190000534057617,22.510000228881836,22.079999923706055,22.229999542236328,18.1126708984375,5659700
2015-03-30,21.940000534057617,22.270000457763672,21.75,22.020000457763672,17.941566467285156,3584900
2015-03-31,22.1200008392334,22.209999084472656,21.68000030517578,21.709999084472656,17.688980102539062,5269200
2015-04-01,21.829999923706055,22.770000457763672,21.790000915527344,22.719999313354492,18.511911392211914,6840100
2015-04-02,22.68000030517578,22.90999984741211,22.149999618530273,22.34000015258789,18.20229721069336,6505100
2015-04-06,23.020000457763672,23.100000381469727,22.489999771118164,22.579999923706055,18.397846221923828,8636900
2015-04-07,22.489999771118164,22.530000686645508,22.139999389648438,22.170000076293945,18.063783645629883,6258400
2015-04-08,22.329999923706055,22.3799991607666,21.84000015258789,22.079999923706055,17.990455627441406,5819000
2015-04-09,21.889999389648438,22.34000015258789,21.760000228881836,22.229999542236328,18.1126708984375,5125000
2015-04-10,22.520000457763672,22.610000610351562,22.280000686645508,22.329999923706055,18.19414710998535,4290700
2015-04-13,22.670000076293945,22.81999969482422,22.43000030517578,22.56999969482422,18.389698028564453,6968200
2015-04-14,22.59000015258789,22.889999389648438,22.520000457763672,22.81999969482422,18.5933895111084,5499400
2015-04-15,22.899999618530273,23.559999465942383,22.829999923706055,23.549999237060547,19.18818473815918,9440800
2015-04-16,23.670000076293945,24.040000915527344,23.530000686645508,23.6200008392334,19.245223999023438,6928600
2015-04-17,23.649999618530273,23.940000534057617,23.440000534057617,23.56999969482422,19.204486846923828,4912100
2015-04-20,23.399999618530273,23.610000610351562,23.309999465942383,23.520000457763672,19.16375160217285,5034600
2015-04-21,23.469999313354492,23.600000381469727,23.270000457763672,23.510000228881836,19.155597686767578,3883800
2015-04-22,23.399999618530273,23.489999771118164,22.579999923706055,22.770000457763672,18.552658081054688,5681200
2015-04-23,23.020000457763672,23.549999237060547,22.8799991607666,23.450000762939453,19.10671043395996,6328800
2015-04-24,24.329999923706055,25.3799991607666,24.25,24.979999542236328,20.35332679748535,12018900
2015-04-27,25.469999313354492,26.360000610351562,25.270000457763672,25.59000015258789,20.85034942626953,11720400
2015-04-28,25.75,26.3799991607666,25.670000076293945,26.350000381469727,21.469585418701172,7311400
2015-04-29,26.280000686645508,26.790000915527344,26.09000015258789,26.479999542236328,21.57550811767578,8159100
2015-04-30,25.920000076293945,26.530000686645508,25.600000381469727,26.489999771118164,21.583654403686523,6897200
2015-05-01,26.170000076293945,26.530000686645508,26.1200008392334,26.489999771118164,21.583654403686523,4581100
2015-05-04,26.65999984741211,26.799999237060547,25.969999313354492,26.049999237060547,21.225147247314453,5824900
2015-05-05,26.739999771118164,26.739999771118164,25.75,25.950000762939453,21.143672943115234,5919500
2015-05-06,26.190000534057617,26.229999542236328,25.549999237060547,25.649999618530273,20.89923858642578,4704600
2015-05-07,25.309999465942383,25.84000015258789,25.299999237060547,25.81999969482422,21.037750244140625,6652000
2015-05-08,25.959999084472656,26.31999969482422,25.739999771118164,26.040000915527344,21.217002868652344,4376700
2015-05-11,26.170000076293945,26.3799991607666,25.959999084472656,26.360000610351562,21.477725982666016,5556500
2015-05-12,26.6200008392334,26.65999984741211,26.350000381469727,26.649999618530273,21.71401596069336,5909400
2015-05-13,27.030000686645508,27.639999389648438,26.959999084472656,27.309999465942383,22.251781463623047,11211800
2015-05-14,27.530000686645508,27.770000457763672,27.149999618530273,27.200000762939453,22.162151336669922,4711700
2015-05-15,27.079999923706055,27.790000915527344,26.989999771118164,27.690000534057617,22.56139373779297,7154900
2015-05-18,27.639999389648438,27.719999313354492,27.3799991607666,27.549999237060547,22.44732666015625,3465900
2015-05-19,27.18000030517578,27.450000762939453,26.979999542236328,27.049999237060547,22.03993797302246,8448400
2015-05-20,27.149999618530273,27.899999618530273,27.1200008392334,27.65999984741211,22.536951065063477,5589400
2015-05-21,27.6200008392334,27.639999389648438,26.850000381469727,27.0,21.999191284179688,4965100
2015-05-22,26.920000076293945,27.270000457763672,26.84000015258789,27.010000228881836,22.007341384887695,3198100
2015-05-26,26.6200008392334,26.719999313354492,26.100000381469727,26.549999237060547,21.63254165649414,5762700
2015-05-27,26.639999389648438,27.09000015258789,26.40999984741211,27.030000686645508,22.023643493652344,4155400
2015-05-28,27.079999923706055,27.510000228881836,26.770000457763672,27.469999313354492,22.38214111328125,7656000
2015-05-29,27.399999618530273,27.559999465942383,27.18000030517578,27.239999771118164,22.19474220275879,5183100
2015-06-01,27.350000381469727,27.479999542236328,27.010000228881836,27.170000076293945,22.137710571289062,3643700
2015-06-02,27.299999237060547,27.34000015258789,26.93000030517578,26.950000762939453,21.95845603942871,4595100
2015-06-03,26.860000610351562,27.010000228881836,26.139999389648438,26.3799991607666,21.494028091430664,7393400
2015-06-04,26.1200008392334,26.809999465942383,26.010000228881836,26.799999237060547,21.83623695373535,5709700
2015-06-05,26.420000076293945,26.450000762939453,25.479999542236328,25.90999984741211,21.1110782623291,6117600
2015-06-08,25.959999084472656,25.969999313354492,25.600000381469727,25.84000015258789,21.05405044555664,3283800
2015-06-09,25.420000076293945,25.899999618530273,24.3700008392334,24.40999984741211,19.908161163330078,13320700
2015-06-10,24.030000686645508,24.1299991607666,23.649999618530273,23.700000762939453,19.329113006591797,38742200
2015-06-11,23.65999984741211,23.84000015258789,23.489999771118164,23.65999984741211,19.296476364135742,11342200
2015-06-12,23.559999465942383,23.860000610351562,23.459999084472656,23.549999237060547,19.206768035888672,8713400
2015-06-15,23.540000915527344,24.469999313354492,23.5,24.030000686645508,19.598237991333008,11170000
2015-06-16,24.030000686645508,24.149999618530273,23.8799991607666,23.940000534057617,19.524845123291016,5179800
2015-06-17,24.040000915527344,24.65999984741211,23.639999389648438,24.530000686645508,20.006032943725586,9398900
2015-06-18,24.940000534057617,25.09000015258789,24.790000915527344,25.0,20.389347076416016,7229400
2015-06-19,24.950000762939453,25.06999969482422,24.450000762939453,24.649999618530273,20.103900909423828,9280200
2015-06-22,24.270000457763672,24.290000915527344,23.8700008392334,23.950000762939453,19.532995223999023,6546000
2015-06-23,23.920000076293945,24.40999984741211,23.90999984741211,24.1299991607666,19.679798126220703,6100300
2015-06-24,24.209999084472656,24.389999389648438,23.989999771118164,24.1200008392334,19.671648025512695,3705000
2015-06-25,24.110000610351562,24.170000076293945,23.809999465942383,23.940000534057617,19.524845123291016,4113700
2015-06-26,23.8799991607666,24.049999237060547,23.729999542236328,23.829999923706055,19.43513298034668,3003300
2015-06-29,23.90999984741211,24.020000457763672,23.43000030517578,23.530000686645508,19.190454483032227,4722200
2015-06-30,23.40999984741211,23.610000610351562,23.100000381469727,23.360000610351562,19.05181312561035,5751500
2015-07-01,23.25,23.399999618530273,22.950000762939453,23.1299991607666,18.86422348022461,5159700
2015-07-02,23.299999237060547,23.709999084472656,23.200000762939453,23.670000076293945,19.304643630981445,4138100
2015-07-06,23.469999313354492,24.06999969482422,23.440000534057617,23.860000610351562,19.459596633911133,4706200
2015-07-07,23.329999923706055,23.469999313354492,22.399999618530273,22.40999984741211,18.277015686035156,10423800
2015-07-08,22.549999237060547,22.790000915527344,22.399999618530273,22.520000457763672,18.366724014282227,5278100
2015-07-09,22.809999465942383,22.899999618530273,22.360000610351562,22.59000015258789,18.423816680908203,3420200
2015-07-10,22.75,22.920000076293945,22.43000030517578,22.520000457763672,18.366724014282227,3259900
2015-07-13,22.31999969482422,22.559999465942383,21.84000015258789,22.5,18.350418090820312,5319300
2015-07-14,22.5,22.610000610351562,22.100000381469727,22.149999618530273,18.064964294433594,6345000
2015-07-15,22.079999923706055,22.149999618530273,21.770000457763672,21.799999237060547,17.779512405395508,4801400
2015-07-16,21.700000762939453,21.760000228881836,21.329999923706055,21.3799991607666,17.436975479125977,6841100
2015-07-17,21.15999984741211,21.200000762939453,20.649999618530273,20.690000534057617,16.874221801757812,7170300
2015-07-20,19.959999084472656,20.0,18.1200008392334,18.15999984741211,14.81082534790039,20496200
2015-07-21,18.540000915527344,19.079999923706055,18.309999465942383,18.739999771118164,15.283856391906738,14139600
2015-07-22,18.31999969482422,18.93000030517578,18.219999313354492,18.520000457763672,15.104434967041016,9766700
2015-07-23,18.719999313354492,18.739999771118164,17.59000015258789,17.600000381469727,14.354100227355957,14277000
2015-07-24,17.520000457763672,17.950000762939453,17.360000610351562,17.799999237060547,14.517218589782715,16380000
2015-07-27,17.68000030517578,18.149999618530273,17.100000381469727,17.219999313354492,14.044183731079102,11115000
2015-07-28,17.440000534057617,17.690000534057617,17.149999618530273,17.639999389648438,14.386728286743164,10645600
2015-07-29,17.729999542236328,17.8700008392334,17.25,17.670000076293945,14.411197662353516,11012100
2015-07-30,17.350000381469727,17.709999084472656,17.049999237060547,17.290000915527344,14.101276397705078,8479000
2015-07-31,17.799999237060547,17.799999237060547,17.110000610351562,17.170000076293945,14.00340747833252,10194100
2015-08-03,17.09000015258789,17.200000762939453,16.389999389648438,16.420000076293945,13.391725540161133,9042100
2015-08-04,16.6200008392334,16.84000015258789,16.219999313354492,16.399999618530273,13.37541675567627,9922500
2015-08-05,16.649999618530273,16.940000534057617,16.309999465942383,16.350000381469727,13.334636688232422,7475400
2015-08-06,16.440000534057617,16.8700008392334,16.260000228881836,16.360000610351562,13.342793464660645,9789500
2015-08-07,16.3700008392334,16.719999313354492,16.079999923706055,16.139999389648438,13.163365364074707,10186600
2015-08-10,16.290000915527344,17.06999969482422,16.06999969482422,16.950000762939453,13.82397747039795,11125500
2015-08-11,17.0,17.100000381469727,16.579999923706055,17.030000686645508,13.889228820800781,8892000
2015-08-12,17.34000015258789,18.440000534057617,17.34000015258789,18.139999389648438,14.794509887695312,14655200
2015-08-13,17.969999313354492,18.059999465942383,17.459999084472656,17.489999771118164,14.26439094543457,7245200
2015-08-14,17.75,17.809999465942383,17.239999771118164,17.350000381469727,14.150213241577148,5511900
2015-08-17,17.56999969482422,17.959999084472656,17.450000762939453,17.850000381469727,14.55799674987793,6796400
2015-08-18,17.520000457763672,17.68000030517578,17.31999969482422,17.540000915527344,14.305168151855469,5268800
2015-08-19,17.739999771118164,18.020000457763672,17.540000915527344,17.93000030517578,14.62324333190918,7384700
2015-08-20,18.389999389648438,18.799999237060547,18.139999389648438,18.549999237060547,15.128897666931152,10085100
2015-08-21,18.850000381469727,18.920000076293945,18.100000381469727,18.139999389648438,14.794509887695312,9452100
2015-08-24,17.729999542236328,18.190000534057617,16.729999542236328,16.889999389648438,13.775042533874512,14515600
2015-08-25,17.239999771118164,17.25,16.110000610351562,16.170000076293945,13.187833786010742,12012200
2015-08-26,16.100000381469727,16.110000610351562,15.390000343322754,15.8100004196167,12.8942232131958,12512300
2015-08-27,15.760000228881836,16.81999969482422,15.710000038146973,16.700000762939453,13.620086669921875,11333400
2015-08-28,16.670000076293945,17.3700008392334,16.6299991607666,17.170000076293945,14.00340747833252,9334500
2015-08-31,16.979999542236328,17.25,16.68000030517578,17.06999969482422,13.92184829711914,8089800
2015-09-01,17.06999969482422,17.440000534057617,16.6299991607666,16.729999542236328,13.644552230834961,6844800
2015-09-02,16.739999771118164,16.8799991607666,16.020000457763672,16.209999084472656,13.22045612335205,8052500
2015-09-03,15.979999542236328,16.709999084472656,15.920000076293945,16.190000534057617,13.204142570495605,7666100
2015-09-04,16.020000457763672,16.049999237060547,15.460000038146973,15.699999809265137,12.804510116577148,8312800
2015-09-08,15.819999694824219,16.020000457763672,15.59000015258789,15.960000038146973,13.03731918334961,7169700
2015-09-09,15.6899995803833,16.09000015258789,15.550000190734863,15.619999885559082,12.759584426879883,6041100
2015-09-10,15.729999542236328,15.90999984741211,15.5,15.5600004196167,12.710570335388184,6763400
2015-09-11,15.430000305175781,16.290000915527344,15.430000305175781,16.239999771118164,13.2660493850708,8945500
2015-09-14,16.020000457763672,16.190000534057617,15.710000038146973,15.890000343322754,12.980142593383789,7727900
2015-09-15,15.84000015258789,16.350000381469727,15.789999961853027,15.970000267028809,13.045491218566895,6661200
2015-09-16,16.200000762939453,17.06999969482422,16.15999984741211,16.940000534057617,13.837855339050293,7901300
2015-09-17,16.760000228881836,17.469999313354492,16.56999969482422,17.239999771118164,14.082917213439941,10181900
2015-09-18,17.6200008392334,17.649999618530273,16.739999771118164,16.979999542236328,13.870532035827637,20343900
2015-09-21,16.780000686645508,16.979999542236328,16.610000610351562,16.6299991607666,13.584625244140625,7641200
2015-09-22,16.219999313354492,16.360000610351562,15.399999618530273,15.59000015258789,12.73508071899414,11095000
2015-09-23,15.869999885559082,15.869999885559082,15.449999809265137,15.550000190734863,12.70240306854248,6135500
2015-09-24,15.850000381469727,16.809999465942383,15.619999885559082,16.780000686645508,13.707160949707031,11653500
2015-09-25,16.350000381469727,16.670000076293945,16.34000015258789,16.59000015258789,13.551952362060547,8021700
2015-09-28,16.209999084472656,16.280000686645508,15.949999809265137,16.020000457763672,13.086335182189941,8049000
2015-09-29,16.020000457763672,16.25,15.729999542236328,15.819999694824219,12.922961235046387,5447000
2015-09-30,15.579999923706055,16.170000076293945,15.5600004196167,16.06999969482422,13.127177238464355,7613300
2015-10-01,16.229999542236328,16.440000534057617,15.75,15.84000015258789,12.939294815063477,6982600
2015-10-02,16.440000534057617,17.100000381469727,16.290000915527344,17.06999969482422,13.944050788879395,9781800
2015-10-05,17.18000030517578,18.1299991607666,17.18000030517578,17.950000762939453,14.662904739379883,11190800
2015-10-06,18.1200008392334,18.649999618530273,17.8799991607666,18.350000381469727,14.989651679992676,12085500
2015-10-07,18.489999771118164,19.200000762939453,18.399999618530273,18.940000534057617,15.47160816192627,12780500
2015-10-08,18.690000534057617,19.40999984741211,18.5,18.65999984741211,15.242883682250977,9873600
2015-10-09,19.299999237060547,19.459999084472656,18.739999771118164,18.93000030517578,15.4634370803833,8381300
2015-10-12,19.260000228881836,19.260000228881836,18.260000228881836,18.450000762939453,15.071345329284668,8544800
2015-10-13,18.43000030517578,18.610000610351562,18.149999618530273,18.3700008392334,15.00599193572998,8485200
2015-10-14,18.780000686645508,19.59000015258789,18.479999542236328,19.469999313354492,15.904550552368164,12990900
2015-10-15,19.219999313354492,19.440000534057617,18.989999771118164,19.299999237060547,15.765685081481934,9496300
2015-10-16,19.3700008392334,19.459999084472656,18.959999084472656,18.989999771118164,15.512455940246582,8791100
2015-10-19,18.860000610351562,19.200000762939453,18.469999313354492,18.549999237060547,15.153026580810547,5876600
2015-10-20,18.760000228881836,19.139999389648438,18.6200008392334,18.84000015258789,15.389920234680176,6231200
2015-10-21,18.700000762939453,18.729999542236328,18.219999313354492,18.420000076293945,15.046832084655762,4406700
2015-10-22,18.3799991607666,19.1299991607666,18.309999465942383,19.030000686645508,15.545126914978027,7131800
2015-10-23,19.239999771118164,19.639999389648438,19.049999237060547,19.549999237060547,15.96989917755127,7362100
2015-10-26,19.3700008392334,19.40999984741211,18.790000915527344,18.799999237060547,15.357244491577148,7455100
2015-10-27,18.760000228881836,19.139999389648438,18.520000457763672,18.770000457763672,15.332737922668457,4802600
2015-10-28,19.079999923706055,20.299999237060547,18.549999237060547,19.149999618530273,15.643153190612793,12238000
2015-10-29,19.479999542236328,20.56999969482422,19.440000534057617,19.889999389648438,16.247638702392578,12489700
2015-10-30,19.90999984741211,20.1299991607666,19.459999084472656,19.459999084472656,15.896381378173828,8352700
2015-11-02,19.31999969482422,19.760000228881836,18.979999542236328,19.6299991607666,16.03525161743164,6089400
2015-11-03,19.350000381469727,19.489999771118164,18.8799991607666,19.219999313354492,15.700328826904297,6163700
2015-11-04,19.360000610351562,19.510000228881836,18.920000076293945,19.010000228881836,15.528789520263672,5260900
2015-11-05,18.959999084472656,18.959999084472656,17.260000228881836,17.5,14.295310020446777,14930400
2015-11-06,16.989999771118164,17.700000762939453,16.809999465942383,17.540000915527344,14.327983856201172,10575600
2015-11-09,17.489999771118164,17.940000534057617,17.260000228881836,17.860000610351562,14.589384078979492,7296400
2015-11-10,17.520000457763672,17.799999237060547,17.290000915527344,17.459999084472656,14.262635231018066,5361400
2015-11-11,17.59000015258789,17.829999923706055,17.440000534057617,17.790000915527344,14.532198905944824,4114400
2015-11-12,17.3700008392334,17.8700008392334,17.079999923706055,17.329999923706055,14.156438827514648,7344800
2015-11-13,17.329999923706055,17.510000228881836,17.229999542236328,17.5,14.295310020446777,4716500
2015-11-16,17.59000015258789,17.90999984741211,17.5,17.6299991607666,14.401494979858398,6464000
2015-11-17,17.510000228881836,17.670000076293945,16.649999618530273,16.8799991607666,13.788846969604492,8350600
2015-11-18,17.0,17.719999313354492,16.81999969482422,17.6299991607666,14.401494979858398,7371500
2015-11-19,17.799999237060547,18.110000610351562,17.639999389648438,18.049999237060547,14.744587898254395,6775700
2015-11-20,18.100000381469727,18.18000030517578,17.579999923706055,17.68000030517578,14.442342758178711,7405100
2015-11-23,17.540000915527344,17.670000076293945,17.229999542236328,17.559999465942383,14.344322204589844,5308300
2015-11-24,17.81999969482422,18.149999618530273,17.579999923706055,18.0,14.703742027282715,6282800
2015-11-25,17.709999084472656,18.25,17.670000076293945,17.90999984741211,14.630228996276855,4456700
2015-11-27,17.5,17.6299991607666,17.239999771118164,17.389999389648438,14.205452919006348,5513700
2015-11-30,17.59000015258789,18.520000457763672,17.479999542236328,18.40999984741211,15.038663864135742,10308100
2015-12-01,18.239999771118164,18.450000762939453,17.850000381469727,18.389999389648438,15.022327423095703,8016200
2015-12-02,18.059999465942383,18.389999389648438,17.770000457763672,17.850000381469727,14.581215858459473,6892000
2015-12-03,18.09000015258789,18.940000534057617,18.030000686645508,18.729999542236328,15.300061225891113,8868000
2015-12-04,18.940000534057617,20.489999771118164,18.8700008392334,20.459999084472656,16.713254928588867,14378700
2015-12-07,20.030000686645508,20.170000076293945,19.549999237060547,19.75,16.133277893066406,10049800
2015-12-08,19.610000610351562,19.700000762939453,19.149999618530273,19.3799991607666,15.831035614013672,6702500
2015-12-09,19.760000228881836,20.040000915527344,19.290000915527344,19.600000381469727,16.03142547607422,7829200
2015-12-10,19.5,19.790000915527344,19.420000076293945,19.43000030517578,15.892382621765137,4774500
2015-12-11,19.1299991607666,19.799999237060547,18.93000030517578,19.1299991607666,15.646995544433594,7556900
2015-12-14,19.059999465942383,19.1299991607666,18.219999313354492,18.350000381469727,15.009014129638672,7855700
2015-12-15,18.450000762939453,18.579999923706055,18.06999969482422,18.399999618530273,15.049910545349121,5912700
2015-12-16,18.790000915527344,19.260000228881836,18.649999618530273,19.079999923706055,15.60610294342041,7861300
2015-12-17,18.440000534057617,18.440000534057617,17.5,17.610000610351562,14.403748512268066,9910900
2015-12-18,17.799999237060547,18.149999618530273,17.579999923706055,17.709999084472656,14.4855375289917,10314100
2015-12-21,18.09000015258789,18.25,17.5,17.649999618530273,14.436463356018066,5473300
2015-12-22,17.530000686645508,17.889999389648438,17.479999542236328,17.799999237060547,14.559152603149414,4187000
2015-12-23,17.860000610351562,18.25,17.760000228881836,18.139999389648438,14.837244987487793,6848800
2015-12-24,18.290000915527344,18.610000610351562,18.229999542236328,18.540000915527344,15.164421081542969,2068300
2015-12-28,18.290000915527344,18.40999984741211,17.739999771118164,17.90999984741211,14.649125099182129,3948000
2015-12-29,18.139999389648438,18.170000076293945,17.8700008392334,18.030000686645508,14.747276306152344,4034900
2015-12-30,17.709999084472656,17.809999465942383,17.6200008392334,17.770000457763672,14.534615516662598,3502700
2015-12-31,17.719999313354492,18.049999237060547,17.670000076293945,17.989999771118164,14.714559555053711,4189200
2016-01-04,18.440000534057617,18.75,18.15999984741211,18.440000534057617,15.082622528076172,6578900
2016-01-05,18.56999969482422,18.56999969482422,18.1299991607666,18.420000076293945,15.066266059875488,5330800
2016-01-06,18.709999084472656,19.049999237060547,18.530000686645508,18.559999465942383,15.18077564239502,6273200
2016-01-07,18.799999237060547,19.110000610351562,18.219999313354492,18.860000610351562,15.426161766052246,12351400
2016-01-08,18.510000228881836,18.780000686645508,17.899999618530273,18.010000228881836,14.730916976928711,8792400
2016-01-11,18.1200008392334,18.239999771118164,16.65999984741211,17.010000228881836,13.912988662719727,8515600
2016-01-12,17.1200008392334,17.18000030517578,16.3799991607666,17.010000228881836,13.912988662719727,13888300
2016-01-13,17.06999969482422,17.610000610351562,17.040000915527344,17.479999542236328,14.297415733337402,8065200
2016-01-14,17.170000076293945,17.600000381469727,16.93000030517578,17.270000457763672,14.125650405883789,7699500
2016-01-15,17.649999618530273,17.8700008392334,17.450000762939453,17.700000762939453,14.477360725402832,10141700
2016-01-19,17.809999465942383,17.850000381469727,16.059999465942383,16.309999465942383,13.340435981750488,11854700
2016-01-20,16.610000610351562,16.719999313354492,16.079999923706055,16.559999465942383,13.544918060302734,10009500
2016-01-21,16.469999313354492,16.770000457763672,16.049999237060547,16.690000534057617,13.651251792907715,6599600
2016-01-22,16.43000030517578,16.93000030517578,16.270000457763672,16.68000030517578,13.643067359924316,5609500
2016-01-25,16.940000534057617,17.799999237060547,16.8700008392334,17.670000076293945,14.452824592590332,9736900
2016-01-26,17.84000015258789,18.799999237060547,17.760000228881836,18.5,15.131702423095703,9004900
2016-01-27,18.540000915527344,19.479999542236328,18.18000030517578,19.440000534057617,15.900556564331055,13948100
2016-01-28,19.25,19.75,18.719999313354492,19.530000686645508,15.974167823791504,10090700
2016-01-29,19.40999984741211,20.06999969482422,19.31999969482422,19.959999084472656,16.325878143310547,8927100
2016-02-01,20.020000457763672,20.649999618530273,20.020000457763672,20.549999237060547,16.808462142944336,9040100
2016-02-02,20.25,20.40999984741211,19.600000381469727,20.06999969482422,16.41585350036621,6832000
2016-02-03,20.309999465942383,22.399999618530273,20.299999237060547,22.34000015258789,18.27254867553711,16127100
2016-02-04,22.889999389648438,24.149999618530273,22.780000686645508,23.3799991607666,19.123205184936523,19597400
2016-02-05,22.610000610351562,24.5,22.309999465942383,24.40999984741211,19.965667724609375,16840100
2016-02-08,25.020000457763672,25.940000534057617,24.889999389648438,25.190000534057617,20.603654861450195,20370000
2016-02-09,25.559999465942383,26.020000457763672,23.959999084472656,24.299999237060547,19.875694274902344,24512700
2016-02-10,23.809999465942383,24.3799991607666,22.700000762939453,24.309999465942383,19.883880615234375,16602100
2016-02-11,26.0,26.100000381469727,24.81999969482422,25.040000915527344,20.48096466064453,20254400
2016-02-12,24.799999237060547,25.950000762939453,24.559999465942383,25.780000686645508,21.086227416992188,13209100
2016-02-16,24.65999984741211,25.450000762939453,24.350000381469727,24.559999465942383,20.088359832763672,14389500
2016-02-17,24.790000915527344,25.149999618530273,24.100000381469727,24.84000015258789,20.317384719848633,11516200
2016-02-18,24.209999084472656,25.329999923706055,23.1200008392334,25.06999969482422,20.505502700805664,14701000
2016-02-19,24.920000076293945,25.600000381469727,24.729999542236328,24.84000015258789,20.317384719848633,8761100
2016-02-22,24.079999923706055,25.489999771118164,24.079999923706055,25.1200008392334,20.546403884887695,11152000
2016-02-23,25.6200008392334,25.850000381469727,25.079999923706055,25.389999389648438,20.767236709594727,7552400
2016-02-24,25.93000030517578,26.399999618530273,25.290000915527344,25.579999923706055,20.922645568847656,12966900
2016-02-25,25.309999465942383,25.950000762939453,25.030000686645508,25.850000381469727,21.14348602294922,9892900
2016-02-26,25.110000610351562,26.25,25.110000610351562,25.350000381469727,20.73452377319336,11636800
2016-02-29,25.709999084472656,26.389999389648438,25.639999389648438,25.829999923706055,21.127132415771484,11024700
2016-03-01,26.280000686645508,26.459999084472656,25.079999923706055,25.389999389648438,20.767236709594727,11243800
2016-03-02,25.510000228881836,26.40999984741211,25.309999465942383,26.239999771118164,21.46247673034668,6976500
2016-03-03,26.260000228881836,27.1299991607666,26.15999984741211,26.81999969482422,21.93687629699707,8804900
2016-03-04,27.030000686645508,27.979999542236328,26.06999969482422,26.110000610351562,21.356149673461914,12895400
2016-03-07,26.479999542236328,27.09000015258789,26.020000457763672,26.530000686645508,21.69968605041504,9216300
2016-03-08,26.790000915527344,26.940000534057617,25.3700008392334,25.889999389648438,21.196182250976562,8090100
2016-03-09,25.399999618530273,26.270000457763672,24.8799991607666,26.139999389648438,21.40085220336914,9860100
2016-03-10,26.149999618530273,27.6200008392334,25.989999771118164,27.350000381469727,22.39148712158203,11884700
2016-03-11,27.149999618530273,27.489999771118164,26.3799991607666,26.68000030517578,21.84294891357422,9668200
2016-03-14,26.8799991607666,27.1299991607666,26.079999923706055,26.1299991607666,21.392671585083008,6631500
2016-03-15,25.8700008392334,26.479999542236328,25.84000015258789,26.3700008392334,21.589155197143555,6668100
2016-03-16,26.200000762939453,27.649999618530273,25.469999313354492,27.549999237060547,22.555221557617188,14623200
2016-03-17,27.84000015258789,28.389999389648438,27.40999984741211,27.459999084472656,22.481536865234375,9872300
2016-03-18,27.459999084472656,28.280000686645508,27.420000076293945,27.790000915527344,22.7517147064209,11861600
2016-03-21,27.6299991607666,28.09000015258789,27.399999618530273,27.790000915527344,22.7517147064209,5992900
2016-03-22,28.149999618530273,28.290000915527344,27.079999923706055,27.389999389648438,22.424226760864258,6046000
2016-03-23,26.549999237060547,26.559999465942383,24.959999084472656,24.979999542236328,20.451156616210938,13198100
2016-03-24,25.139999389648438,25.489999771118164,24.59000015258789,25.399999618530273,20.795019149780273,9240700
2016-03-28,25.690000534057617,25.770000457763672,25.329999923706055,25.700000762939453,21.040624618530273,4736200
2016-03-29,25.780000686645508,27.030000686645508,25.510000228881836,26.950000762939453,22.06399917602539,8561200
2016-03-30,26.729999542236328,26.899999618530273,26.190000534057617,26.75,21.900259017944336,8418800
2016-03-31,26.969999313354492,27.100000381469727,26.420000076293945,26.579999923706055,21.76108169555664,5123400
2016-04-01,26.0,26.65999984741211,25.6299991607666,26.6200008392334,21.793834686279297,6322200
2016-04-04,26.600000381469727,26.610000610351562,26.1200008392334,26.299999237060547,21.531845092773438,4141800
2016-04-05,26.829999923706055,27.329999923706055,26.5,27.299999237060547,22.350543975830078,6211700
2016-04-06,27.0,27.75,27.0,27.739999771118164,22.710777282714844,5366500
2016-04-07,28.1200008392334,28.549999237060547,27.93000030517578,27.959999084472656,22.890892028808594,8750200
2016-04-08,28.1200008392334,29.360000610351562,28.110000610351562,29.100000381469727,23.824207305908203,7872500
2016-04-11,29.559999465942383,31.149999618530273,29.350000381469727,31.110000610351562,25.469802856445312,12289300
2016-04-12,31.229999542236328,31.25,30.0,30.6299991607666,25.076820373535156,9658500
2016-04-13,30.40999984741211,30.469999313354492,29.350000381469727,29.479999542236328,24.13531494140625,9742500
2016-04-14,29.520000457763672,29.639999389648438,28.260000228881836,28.68000030517578,23.48036003112793,8804200
2016-04-15,28.90999984741211,29.469999313354492,28.510000228881836,29.3700008392334,24.045255661010742,6765200
2016-04-18,29.280000686645508,29.530000686645508,28.809999465942383,29.459999084472656,24.11894416809082,6009500
2016-04-19,30.280000686645508,31.110000610351562,30.09000015258789,30.90999984741211,25.306060791015625,8565400
2016-04-20,30.770000457763672,31.75,30.219999313354492,30.450000762939453,24.929458618164062,10381600
2016-04-21,30.959999084472656,32.58000183105469,30.959999084472656,32.189998626708984,26.353992462158203,12801100
2016-04-22,31.850000381469727,32.349998474121094,30.670000076293945,31.229999542236328,25.568042755126953,7738300
2016-04-25,31.34000015258789,31.59000015258789,30.850000381469727,31.110000610351562,25.469802856445312,5659200
2016-04-26,31.68000030517578,32.099998474121094,31.190000534057617,31.969999313354492,26.17388153076172,7012700
2016-04-27,32.119998931884766,32.34000015258789,31.25,32.099998474121094,26.280317306518555,8641800
2016-04-28,32.18000030517578,33.599998474121094,32.16999816894531,32.9900016784668,27.008962631225586,8572600
2016-04-29,33.31999969482422,34.9900016784668,33.310001373291016,34.970001220703125,28.629995346069336,11696900
2016-05-02,35.060001373291016,35.20000076293945,33.93000030517578,34.34000015258789,28.114208221435547,8473800
2016-05-03,34.5,34.59000015258789,33.38999938964844,33.83000183105469,27.696678161621094,7433000
2016-05-04,33.380001068115234,33.84000015258789,32.040000915527344,32.349998474121094,26.484987258911133,7703400
2016-05-05,32.75,33.29999923706055,32.369998931884766,32.86000061035156,26.902528762817383,6033500
2016-05-06,33.27000045776367,34.619998931884766,33.27000045776367,34.130001068115234,27.942277908325195,7153600
2016-05-09,32.880001068115234,32.88999938964844,31.799999237060547,31.829999923706055,26.05926513671875,8816300
2016-05-10,31.940000534057617,33.16999816894531,31.729999542236328,33.029998779296875,27.041709899902344,8066500
2016-05-11,33.849998474121094,34.70000076293945,32.7400016784668,33.880001068115234,27.73759651184082,9857700
2016-05-12,34.040000915527344,34.22999954223633,33.029998779296875,33.209999084472656,27.189075469970703,6572200
2016-05-13,33.40999984741211,34.2400016784668,33.15999984741211,34.06999969482422,27.893150329589844,8377600
2016-05-16,34.689998626708984,35.540000915527344,34.650001525878906,35.41999816894531,28.998395919799805,12033200
2016-05-17,35.16999816894531,35.75,34.720001220703125,35.54999923706055,29.10483169555664,9322000
2016-05-18,34.959999084472656,35.65999984741211,33.40999984741211,33.52000045776367,27.44287109375,12168300
2016-05-19,32.529998779296875,34.349998474121094,32.369998931884766,34.13999938964844,27.950462341308594,10224000
2016-05-20,34.380001068115234,34.58000183105469,32.880001068115234,33.72999954223633,27.614797592163086,9890900
2016-05-23,33.060001373291016,34.29999923706055,32.79999923706055,33.83000183105469,27.696678161621094,7532500
2016-05-24,33.06999969482422,33.22999954223633,31.700000762939453,31.739999771118164,25.98558235168457,11535400
2016-05-25,31.579999923706055,32.65999984741211,30.860000610351562,32.380001068115234,26.509550094604492,10562300
2016-05-26,32.790000915527344,33.08000183105469,32.08000183105469,32.45000076293945,26.56685447692871,7888900
2016-05-27,32.2400016784668,32.95000076293945,31.690000534057617,31.959999084472656,26.165700912475586,8676800
2016-05-31,31.829999923706055,33.060001373291016,31.6200008392334,32.40999984741211,26.534114837646484,18533500
2016-06-01,32.52000045776367,32.970001220703125,32.060001373291016,32.65999984741211,26.738784790039062,8143300
2016-06-02,32.27000045776367,32.689998626708984,31.68000030517578,32.349998474121094,26.484987258911133,7453300
2016-06-03,33.869998931884766,35.459999084472656,33.7400016784668,35.400001525878906,28.982030868530273,11521200
2016-06-06,35.29999923706055,35.68000030517578,34.7599983215332,35.43000030517578,29.006587982177734,9727000
2016-06-07,35.06999969482422,35.369998931884766,34.79999923706055,34.95000076293945,28.63381576538086,6454900
2016-06-08,36.11000061035156,36.40999984741211,35.279998779296875,35.380001068115234,28.986112594604492,8405200
2016-06-09,35.47999954223633,35.970001220703125,35.29999923706055,35.900001525878906,29.412134170532227,6228000
2016-06-10,35.9900016784668,36.81999969482422,35.40999984741211,35.790000915527344,29.322021484375,7896100
2016-06-13,36.83000183105469,37.0,35.529998779296875,35.88999938964844,29.4039363861084,7199600
2016-06-14,36.029998779296875,36.060001373291016,34.77000045776367,35.150001525878906,28.797672271728516,7210700
2016-06-15,35.209999084472656,36.709999084472656,35.09000015258789,36.2400016784668,29.690689086914062,8275700
2016-06-16,37.33000183105469,37.38999938964844,35.349998474121094,35.61000061035156,29.174541473388672,9763000
2016-06-17,36.11000061035156,36.290000915527344,35.13999938964844,35.650001525878906,29.207311630249023,16488600
2016-06-20,34.689998626708984,35.4900016784668,34.540000915527344,35.33000183105469,28.94514274597168,8017100
2016-06-21,34.58000183105469,35.220001220703125,34.290000915527344,34.83000183105469,28.535507202148438,6361700
2016-06-22,34.7599983215332,35.81999969482422,34.4900016784668,35.720001220703125,29.26466941833496,6754300
2016-06-23,35.40999984741211,35.869998931884766,35.09000015258789,35.38999938964844,28.994306564331055,5107600
2016-06-24,38.5,38.68000030517578,36.63999938964844,37.189998626708984,30.469003677368164,13572700
2016-06-27,37.689998626708984,38.45000076293945,36.849998474121094,37.689998626708984,30.878639221191406,10227300
2016-06-28,36.91999816894531,37.77000045776367,36.779998779296875,37.16999816894531,30.45261573791504,7983900
2016-06-29,37.650001525878906,37.959999084472656,37.5,37.689998626708984,30.878639221191406,7937000
2016-06-30,38.22999954223633,39.2400016784668,37.77000045776367,39.119998931884766,32.05021286010742,8520000
2016-07-01,39.86000061035156,40.4900016784668,39.470001220703125,40.34000015258789,33.04973220825195,9937000
2016-07-05,40.97999954223633,40.9900016784668,39.540000915527344,40.380001068115234,33.08250427246094,8247600
2016-07-06,41.02000045776367,41.459999084472656,40.52000045776367,41.41999816894531,33.93455123901367,10745100
2016-07-07,40.790000915527344,41.27000045776367,40.2400016784668,40.959999084472656,33.55768966674805,9383500
2016-07-08,40.720001220703125,41.38999938964844,40.209999084472656,41.13999938964844,33.70515060424805,10810200
2016-07-11,40.650001525878906,41.09000015258789,40.369998931884766,41.060001373291016,33.63961410522461,6751700
2016-07-12,40.66999816894531,40.95000076293945,39.90999984741211,39.959999084472656,32.7384147644043,9419800
2016-07-13,40.63999938964844,41.27000045776367,40.56999969482422,40.880001068115234,33.492156982421875,8628900
2016-07-14,40.15999984741211,41.68000030517578,39.93000030517578,41.619998931884766,34.098411560058594,7146400
2016-07-15,41.2400016784668,41.56999969482422,41.040000915527344,41.33000183105469,33.8608283996582,5246800
2016-07-18,41.41999816894531,41.630001068115234,40.93000030517578,41.630001068115234,34.10660934448242,4372700
2016-07-19,41.41999816894531,41.560001373291016,41.0,41.38999938964844,33.909969329833984,5213200
2016-07-20,40.68000030517578,40.689998626708984,39.04999923706055,39.290000915527344,32.189491271972656,9371200
2016-07-21,40.290000915527344,40.869998931884766,39.7599983215332,40.52000045776367,33.197208404541016,9334300
2016-07-22,40.36000061035156,41.4900016784668,40.22999954223633,41.27000045776367,33.811668395996094,6333100
2016-07-25,41.04999923706055,41.04999923706055,39.65999984741211,40.130001068115234,32.8776969909668,5869900
2016-07-26,40.38999938964844,41.290000915527344,40.16999816894531,41.130001068115234,33.69696807861328,5569700
2016-07-27,41.369998931884766,42.59000015258789,40.650001525878906,42.31999969482422,34.671905517578125,9394800
2016-07-28,42.45000076293945,42.810001373291016,41.77000045776367,42.66999816894531,34.95866012573242,6207000
2016-07-29,43.040000915527344,44.16999816894531,42.65999984741211,44.0,36.04829788208008,9261000
2016-08-01,43.779998779296875,44.2400016784668,42.95000076293945,44.15999984741211,36.179378509521484,5980300
2016-08-02,44.880001068115234,45.90999984741211,44.56999969482422,45.86000061035156,37.57215881347656,10251900
2016-08-03,45.68000030517578,45.68000030517578,44.709999084472656,45.02000045776367,36.88395690917969,6821300
2016-08-04,45.09000015258789,45.439998626708984,44.84000015258789,44.90999984741211,36.793846130371094,5411700
2016-08-05,43.790000915527344,44.4900016784668,43.59000015258789,44.43000030517578,36.400596618652344,7108700
2016-08-08,44.130001068115234,45.09000015258789,44.130001068115234,44.650001525878906,36.58083724975586,5148700
2016-08-09,44.77000045776367,45.470001220703125,44.47999954223633,45.0,36.867576599121094,5432500
2016-08-10,45.7599983215332,46.02000045776367,44.869998931884766,45.56999969482422,37.334556579589844,6344500
2016-08-11,45.689998626708984,45.90999984741211,45.20000076293945,45.43000030517578,37.21986770629883,4913000
2016-08-12,45.97999954223633,46.06999969482422,44.970001220703125,45.16999816894531,37.00684356689453,4100300
2016-08-15,45.15999984741211,45.45000076293945,44.790000915527344,44.91999816894531,36.802032470703125,3575600
2016-08-16,45.0099983215332,45.099998474121094,43.849998474121094,44.290000915527344,36.285892486572266,7402800
2016-08-17,44.04999923706055,44.349998474121094,42.93000030517578,44.0,36.04829788208008,8498600
2016-08-18,44.33000183105469,44.70000076293945,43.84000015258789,44.43000030517578,36.400596618652344,4809600
2016-08-19,43.650001525878906,44.310001373291016,43.25,44.16999816894531,36.18757629394531,5301800
2016-08-22,43.4900016784668,43.72999954223633,43.060001373291016,43.31999969482422,35.49119186401367,4926400
2016-08-23,43.7599983215332,43.83000183105469,43.08000183105469,43.150001525878906,35.35190963745117,3992300
2016-08-24,42.5,42.5,39.59000015258789,39.849998474121094,32.64829635620117,11354500
2016-08-25,39.90999984741211,40.970001220703125,39.59000015258789,40.15999984741211,32.90225601196289,8047900
2016-08-26,40.779998779296875,41.45000076293945,39.47999954223633,39.93000030517578,32.713829040527344,7098800
2016-08-29,39.56999969482422,41.13999938964844,39.52000045776367,40.90999984741211,33.516727447509766,5955100
2016-08-30,40.90999984741211,40.90999984741211,38.27000045776367,38.599998474121094,31.624177932739258,8804200
2016-08-31,38.02000045776367,38.560001373291016,37.7599983215332,38.2400016784668,31.329248428344727,8366200
2016-09-01,38.029998779296875,39.439998626708984,37.619998931884766,39.43000030517578,32.30419158935547,7784100
2016-09-02,40.290000915527344,40.9900016784668,39.869998931884766,40.52000045776367,33.197208404541016,8112400
2016-09-06,41.09000015258789,42.0,40.2599983215332,42.0,34.40973663330078,7722800
2016-09-07,41.7599983215332,42.119998931884766,41.130001068115234,42.09000015258789,34.48346710205078,5033400
2016-09-08,41.970001220703125,42.689998626708984,41.470001220703125,41.59000015258789,34.073829650878906,4776800
2016-09-09,41.279998779296875,41.29999923706055,39.13999938964844,39.29999923706055,32.19768142700195,7819700
2016-09-12,38.75,40.58000183105469,38.400001525878906,40.36000061035156,33.066123962402344,7326400
2016-09-13,39.880001068115234,40.060001373291016,38.560001373291016,39.02000045776367,31.988101959228516,6053500
2016-09-14,39.18000030517578,39.459999084472656,38.08000183105469,38.599998474121094,31.64379119873047,7504600
2016-09-15,38.380001068115234,39.400001525878906,38.22999954223633,39.20000076293945,32.135658264160156,7312300
2016-09-16,38.83000183105469,38.939998626708984,37.86000061035156,38.2599983215332,31.365068435668945,12826600
2016-09-19,38.790000915527344,38.880001068115234,38.220001220703125,38.43000030517578,31.504423141479492,5123800
2016-09-20,38.380001068115234,38.66999816894531,37.779998779296875,38.150001525878906,31.27488136291504,5386600
2016-09-21,38.84000015258789,41.150001525878906,38.68000030517578,41.029998779296875,33.63587188720703,11186200
2016-09-22,41.5099983215332,41.970001220703125,40.25,40.77000045776367,33.4227294921875,7111600
2016-09-23,40.40999984741211,40.90999984741211,39.310001373291016,39.560001373291016,32.430782318115234,7189000
2016-09-26,39.540000915527344,40.04999923706055,39.2400016784668,39.2599983215332,32.184852600097656,5351500
2016-09-27,38.869998931884766,38.869998931884766,37.90999984741211,38.47999954223633,31.54541778564453,6278100
2016-09-28,38.38999938964844,39.369998931884766,37.810001373291016,39.209999084472656,32.14385986328125,4896300
2016-09-29,38.970001220703125,39.36000061035156,38.58000183105469,39.04999923706055,32.0126838684082,4168400
2016-09-30,39.47999954223633,39.869998931884766,39.13999938964844,39.290000915527344,32.20945358276367,6140500
2016-10-03,39.040000915527344,39.33000183105469,37.849998474121094,38.099998474121094,31.233890533447266,5285400
2016-10-04,36.68000030517578,36.869998931884766,34.0,34.25,28.077714920043945,13009200
2016-10-05,34.650001525878906,35.099998474121094,34.0099983215332,34.59000015258789,28.3564395904541,8820100
2016-10-06,33.619998931884766,34.279998779296875,33.470001220703125,34.04999923706055,27.91375732421875,10485800
2016-10-07,34.779998779296875,34.849998474121094,33.56999969482422,33.970001220703125,27.848173141479492,8303000
2016-10-10,34.189998626708984,34.560001373291016,33.779998779296875,34.060001373291016,27.921955108642578,4365800
2016-10-11,33.91999816894531,34.439998626708984,33.290000915527344,33.849998474121094,27.749794006347656,7894700
2016-10-12,33.93000030517578,34.790000915527344,33.720001220703125,34.52000045776367,28.299047470092773,5932200
2016-10-13,34.900001525878906,35.650001525878906,34.29999923706055,34.810001373291016,28.536794662475586,5922400
2016-10-14,34.349998474121094,35.02000045776367,34.220001220703125,34.22999954223633,28.061325073242188,4875300
2016-10-17,34.650001525878906,35.33000183105469,34.59000015258789,35.029998779296875,28.717140197753906,4987500
2016-10-18,35.599998474121094,36.290000915527344,35.25,36.16999816894531,29.651704788208008,6027500
2016-10-19,36.880001068115234,37.15999984741211,35.939998626708984,36.97999954223633,30.315731048583984,7041400
2016-10-20,36.970001220703125,37.150001525878906,36.349998474121094,37.0099983215332,30.340330123901367,5315200
2016-10-21,36.79999923706055,37.0,36.0,36.349998474121094,29.799270629882812,4813900
2016-10-24,36.56999969482422,36.66999816894531,35.560001373291016,35.84000015258789,29.381168365478516,5191900
2016-10-25,35.970001220703125,36.959999084472656,35.790000915527344,36.59000015258789,29.996015548706055,6185700
2016-10-26,36.459999084472656,36.66999816894531,35.7599983215332,36.18000030517578,29.65989875793457,4607100
2016-10-27,36.060001373291016,36.380001068115234,34.150001525878906,34.790000915527344,28.52039909362793,8294700
2016-10-28,34.900001525878906,35.91999816894531,34.56999969482422,35.380001068115234,29.00407600402832,6244900
2016-10-31,35.59000015258789,37.099998474121094,35.2599983215332,37.040000915527344,30.364917755126953,8033200
2016-11-01,37.70000076293945,38.470001220703125,37.22999954223633,37.95000076293945,31.110925674438477,10721000
2016-11-02,38.560001373291016,38.869998931884766,36.939998626708984,37.18000030517578,30.47968292236328,8628600
2016-11-03,37.380001068115234,37.900001525878906,37.0099983215332,37.75,30.946969985961914,4604300
2016-11-04,37.61000061035156,37.95000076293945,37.189998626708984,37.79999923706055,30.98795509338379,5716400
2016-11-07,36.81999969482422,36.81999969482422,35.810001373291016,36.4900016784668,29.914039611816406,8040400
2016-11-08,36.58000183105469,37.04999923706055,35.63999938964844,36.060001373291016,29.5615234375,7005400
2016-11-09,38.25,38.400001525878906,36.2400016784668,37.040000915527344,30.364917755126953,11900500
2016-11-10,36.880001068115234,36.900001525878906,34.38999938964844,34.68000030517578,28.430221557617188,11046400
2016-11-11,34.380001068115234,34.560001373291016,31.360000610351562,31.59000015258789,25.897085189819336,15364100
2016-11-14,31.239999771118164,32.7599983215332,30.190000534057617,32.599998474121094,26.725061416625977,13662100
2016-11-15,32.36000061035156,34.029998779296875,32.25,33.90999984741211,27.79898452758789,9748500
2016-11-16,33.81999969482422,33.88999938964844,33.04999923706055,33.7599983215332,27.67601776123047,6468600
2016-11-17,33.88999938964844,34.27000045776367,32.16999816894531,32.70000076293945,26.807037353515625,8020400
2016-11-18,32.5099983215332,33.34000015258789,32.25,32.689998626708984,26.798845291137695,8559100
2016-11-21,33.11000061035156,33.40999984741211,32.75,33.06999969482422,27.11036491394043,5606400
2016-11-22,33.369998931884766,33.38999938964844,32.119998931884766,33.20000076293945,27.216943740844727,7886900
2016-11-23,31.68000030517578,31.940000534057617,30.81999969482422,31.5,25.82329559326172,9077900
2016-11-25,31.719999313354492,32.150001525878906,31.559999465942383,31.920000076293945,26.167604446411133,3520300
2016-11-28,32.25,33.5,32.060001373291016,33.45000076293945,27.421886444091797,8924900
2016-11-29,32.75,33.83000183105469,32.54999923706055,33.54999923706055,27.50385856628418,7872900
2016-11-30,33.0,33.20000076293945,31.799999237060547,32.439998626708984,26.593900680541992,12803100
2016-12-01,32.099998474121094,32.849998474121094,31.520000457763672,32.27000045776367,26.454532623291016,13594400
2016-12-02,32.54999923706055,33.66999816894531,32.150001525878906,33.58000183105469,27.528451919555664,8708700
2016-12-05,32.709999084472656,33.970001220703125,32.650001525878906,33.47999954223633,27.44647789001465,9297200
2016-12-06,33.400001525878906,33.86000061035156,32.900001525878906,33.02000045776367,27.109853744506836,7289500
2016-12-07,33.45000076293945,34.02000045776367,33.25,33.619998931884766,27.60247039794922,8641200
2016-12-08,33.72999954223633,34.060001373291016,33.470001220703125,33.869998931884766,27.807723999023438,6028300
2016-12-09,33.61000061035156,33.65999984741211,32.59000015258789,32.790000915527344,26.921030044555664,9196200
2016-12-12,33.06999969482422,33.11000061035156,32.470001220703125,32.599998474121094,26.765031814575195,7250700
2016-12-13,32.56999969482422,33.939998626708984,32.470001220703125,33.869998931884766,27.807723999023438,8398100
2016-12-14,34.08000183105469,34.43000030517578,31.649999618530273,31.68000030517578,26.00969886779785,12015900
2016-12-15,30.81999969482422,31.3700008392334,30.399999618530273,30.90999984741211,25.377525329589844,11613800
2016-12-16,31.270000457763672,31.799999237060547,30.93000030517578,31.65999984741211,25.993284225463867,16748500
2016-12-19,31.709999084472656,32.08000183105469,31.299999237060547,31.780000686645508,26.091808319091797,6990000
2016-12-20,31.170000076293945,31.760000228881836,30.850000381469727,31.65999984741211,25.993284225463867,5781100
2016-12-21,31.8799991607666,31.959999084472656,31.239999771118164,31.549999237060547,25.902971267700195,5305600
2016-12-22,31.399999618530273,31.8799991607666,31.270000457763672,31.440000534057617,25.812660217285156,4499800
2016-12-23,31.469999313354492,32.560001373291016,31.450000762939453,32.459999084472656,26.65009307861328,4803500
2016-12-27,32.810001373291016,33.2400016784668,32.16999816894531,32.59000015258789,26.7568302154541,5522700
2016-12-28,32.61000061035156,32.869998931884766,32.279998779296875,32.779998779296875,26.912817001342773,6162700
2016-12-29,33.27000045776367,35.310001373291016,33.150001525878906,35.27000045776367,28.957141876220703,12097000
2016-12-30,35.40999984741211,36.09000015258789,34.06999969482422,34.06999969482422,27.971927642822266,11056600
2017-01-03,34.119998931884766,35.0,33.95000076293945,34.630001068115234,28.431692123413086,8000900
2017-01-04,34.900001525878906,34.9900016784668,34.189998626708984,34.959999084472656,28.702632904052734,7553000
2017-01-05,35.599998474121094,37.25,35.59000015258789,36.56999969482422,30.024456024169922,10485100
2017-01-06,36.0,36.4900016784668,34.9900016784668,35.41999816894531,29.080289840698242,7380000
2017-01-09,36.08000183105469,36.15999984741211,35.209999084472656,35.36000061035156,29.031028747558594,9028800
2017-01-10,35.650001525878906,36.16999816894531,34.849998474121094,35.08000183105469,28.801149368286133,7583400
2017-01-11,34.779998779296875,34.790000915527344,33.52000045776367,34.369998931884766,28.218233108520508,10796700
2017-01-12,35.220001220703125,35.349998474121094,34.13999938964844,34.470001220703125,28.300329208374023,7439000
2017-01-13,34.0,34.650001525878906,33.75,34.529998779296875,28.34958839416504,5209600
2017-01-17,35.63999938964844,35.84000015258789,34.91999816894531,35.13999938964844,28.85041618347168,6762700
2017-01-18,35.20000076293945,35.95000076293945,34.900001525878906,35.2599983215332,28.94892692565918,7530300
2017-01-19,34.779998779296875,35.439998626708984,34.68000030517578,34.93000030517578,28.678003311157227,6274100
2017-01-20,34.90999984741211,35.38999938964844,34.7400016784668,35.040000915527344,28.768310546875,6387600
2017-01-23,35.38999938964844,35.9900016784668,35.029998779296875,35.880001068115234,29.457962036132812,5879500
2017-01-24,35.88999938964844,36.91999816894531,35.83000183105469,36.040000915527344,29.58932113647461,8576800
2017-01-25,35.349998474121094,35.58000183105469,34.470001220703125,34.95000076293945,28.69441795349121,9617700
2017-01-26,34.20000076293945,34.27000045776367,33.630001068115234,34.189998626708984,28.070449829101562,7629300
2017-01-27,34.2599983215332,34.66999816894531,34.2599983215332,34.380001068115234,28.2264461517334,4465300
2017-01-30,34.709999084472656,35.4900016784668,34.59000015258789,34.970001220703125,28.710838317871094,5457000
2017-01-31,35.83000183105469,36.349998474121094,35.810001373291016,36.279998779296875,29.786367416381836,7725600
2017-02-01,35.7400016784668,36.029998779296875,35.16999816894531,35.869998931884766,29.449750900268555,5211200
2017-02-02,36.77000045776367,36.880001068115234,36.15999984741211,36.68000030517578,30.114770889282227,6435400
2017-02-03,36.47999954223633,37.20000076293945,36.310001373291016,36.7599983215332,30.180458068847656,4651700
2017-02-06,37.27000045776367,37.939998626708984,36.880001068115234,37.939998626708984,31.14924430847168,7002000
2017-02-07,37.72999954223633,37.790000915527344,37.119998931884766,37.31999969482422,30.640220642089844,5431000
2017-02-08,37.59000015258789,37.869998931884766,37.209999084472656,37.849998474121094,31.075361251831055,6187700
2017-02-09,37.9900016784668,38.0099983215332,37.06999969482422,37.20000076293945,30.54169273376465,5051100
2017-02-10,36.959999084472656,37.720001220703125,36.75,37.650001525878906,30.91114044189453,5166400
2017-02-13,37.41999816894531,37.56999969482422,37.13999938964844,37.380001068115234,30.689491271972656,5312400
2017-02-14,37.599998474121094,37.68000030517578,36.77000045776367,37.09000015258789,30.45138168334961,5607100
2017-02-15,36.72999954223633,37.15999984741211,36.40999984741211,37.029998779296875,30.402124404907227,4339800
2017-02-16,37.369998931884766,37.689998626708984,37.2599983215332,37.56999969482422,30.845478057861328,5791300
2017-02-17,37.63999938964844,37.650001525878906,36.810001373291016,37.0099983215332,30.385698318481445,5687900
2017-02-21,36.5099983215332,37.4900016784668,36.18000030517578,37.439998626708984,30.738744735717773,5838600
2017-02-22,36.5,37.09000015258789,35.150001525878906,36.0,29.55648422241211,10081900
2017-02-23,36.5,36.9900016784668,35.83000183105469,35.86000061035156,29.44154167175293,6376000
2017-02-24,36.310001373291016,36.900001525878906,35.95000076293945,36.08000183105469,29.62216567993164,6940500
2017-02-27,35.880001068115234,36.2400016784668,33.779998779296875,33.970001220703125,27.88982582092285,9436200
2017-02-28,34.45000076293945,35.0099983215332,34.0099983215332,34.2400016784668,28.111499786376953,9201400
2017-03-01,33.7400016784668,34.709999084472656,33.349998474121094,34.41999816894531,28.259279251098633,7990400
2017-03-02,33.900001525878906,34.150001525878906,33.45000076293945,33.599998474121094,27.586050033569336,7459000
2017-03-03,33.5,34.310001373291016,33.33000183105469,34.06999969482422,27.971927642822266,7779200
2017-03-06,33.72999954223633,33.81999969482422,32.75,33.0099983215332,27.101648330688477,6954500
2017-03-07,32.689998626708984,33.349998474121094,32.560001373291016,32.97999954223633,27.118099212646484,6985500
2017-03-08,32.529998779296875,33.529998779296875,32.47999954223633,32.88999938964844,27.044095993041992,6442000
2017-03-09,32.810001373291016,33.130001068115234,32.540000915527344,32.599998474121094,26.805635452270508,6002600
2017-03-10,32.83000183105469,33.16999816894531,32.56999969482422,32.939998626708984,27.085205078125,5165400
2017-03-13,33.20000076293945,33.22999954223633,32.689998626708984,33.02000045776367,27.15097999572754,5140200
2017-03-14,32.95000076293945,33.27000045776367,32.150001525878906,32.400001525878906,26.641191482543945,5639500
2017-03-15,32.619998931884766,34.220001220703125,32.25,34.099998474121094,28.039016723632812,7677200
2017-03-16,34.2400016784668,34.4900016784668,32.689998626708984,32.810001373291016,26.978317260742188,9823200
2017-03-17,32.97999954223633,33.5,32.779998779296875,32.84000015258789,27.00298309326172,12154000
2017-03-20,32.90999984741211,33.560001373291016,32.72999954223633,33.560001373291016,27.59501075744629,4462400
2017-03-21,33.52000045776367,34.349998474121094,33.52000045776367,34.029998779296875,27.981464385986328,7806800
2017-03-22,34.22999954223633,34.560001373291016,33.630001068115234,33.84000015258789,27.825244903564453,5400300
2017-03-23,33.939998626708984,34.16999816894531,33.02000045776367,33.619998931884766,27.644344329833984,6515700
2017-03-24,33.4900016784668,33.779998779296875,33.279998779296875,33.47999954223633,27.529226303100586,3729000
2017-03-27,34.04999923706055,34.27000045776367,33.7400016784668,33.90999984741211,27.882801055908203,8041100
2017-03-28,34.0,34.209999084472656,32.63999938964844,33.0,27.13454246520996,7314400
2017-03-29,32.900001525878906,33.31999969482422,32.79999923706055,33.189998626708984,27.290769577026367,3646700
2017-03-30,32.91999816894531,33.15999984741211,32.790000915527344,32.93000030517578,27.076984405517578,3198500
2017-03-31,32.869998931884766,33.400001525878906,32.61000061035156,32.959999084472656,27.101655960083008,4907400
2017-04-03,33.04999923706055,33.91999816894531,32.95000076293945,33.88999938964844,27.866344451904297,4680100
2017-04-04,34.029998779296875,34.189998626708984,33.84000015258789,34.189998626708984,28.1130313873291,4431600
2017-04-05,33.7400016784668,34.58000183105469,33.689998626708984,34.310001373291016,28.211708068847656,4764800
2017-04-06,34.279998779296875,34.290000915527344,33.84000015258789,34.16999816894531,28.09658432006836,3456200
2017-04-07,34.970001220703125,34.970001220703125,34.08000183105469,34.310001373291016,28.211708068847656,5300200
2017-04-10,34.04999923706055,34.689998626708984,33.84000015258789,34.61000061035156,28.458385467529297,3640200
2017-04-11,35.0,35.529998779296875,34.540000915527344,35.130001068115234,28.885953903198242,6272200
2017-04-12,35.150001525878906,35.41999816894531,34.47999954223633,35.08000183105469,28.844839096069336,4701200
2017-04-13,35.20000076293945,35.209999084472656,34.25,34.5,28.36792755126953,4889400
2017-04-17,34.45000076293945,34.88999938964844,34.380001068115234,34.59000015258789,28.441926956176758,4235000
2017-04-18,34.54999923706055,34.58000183105469,34.0,34.31999969482422,28.21992301940918,5122600
2017-04-19,34.209999084472656,34.290000915527344,33.349998474121094,33.52000045776367,27.56212043762207,7183700
2017-04-20,33.58000183105469,34.130001068115234,33.36000061035156,33.66999816894531,27.685461044311523,6496200
2017-04-21,33.59000015258789,34.439998626708984,33.5,34.130001068115234,28.063697814941406,7208200
2017-04-24,33.56999969482422,34.18000030517578,33.5,33.709999084472656,27.718345642089844,8432500
2017-04-25,33.75,33.75,32.029998779296875,32.88999938964844,27.044095993041992,16650400
2017-04-26,32.849998474121094,33.02000045776367,32.279998779296875,32.97999954223633,27.118099212646484,8771500
2017-04-27,32.79999923706055,33.130001068115234,32.41999816894531,32.90999984741211,27.06053924560547,11899000
2017-04-28,32.970001220703125,33.959999084472656,32.88999938964844,33.810001373291016,27.800569534301758,9441600
2017-05-01,33.650001525878906,33.86000061035156,32.61000061035156,32.68000030517578,26.87141990661621,6654100
2017-05-02,32.70000076293945,33.09000015258789,32.5,33.0099983215332,27.142759323120117,5627800
2017-05-03,32.91999816894531,33.36000061035156,32.650001525878906,32.689998626708984,26.879638671875,5597800
2017-05-04,32.279998779296875,32.5099983215332,32.119998931884766,32.279998779296875,26.542516708374023,6790300
2017-05-05,32.41999816894531,33.06999969482422,32.349998474121094,32.72999954223633,26.912532806396484,4002400
2017-05-08,32.880001068115234,32.880001068115234,32.290000915527344,32.68000030517578,26.87141990661621,3308500
2017-05-09,32.40999984741211,32.83000183105469,32.31999969482422,32.7599983215332,26.93719482421875,3121900
2017-05-10,33.099998474121094,33.15999984741211,32.599998474121094,32.95000076293945,27.093427658081055,4374500
2017-05-11,33.060001373291016,33.63999938964844,32.79999923706055,33.47999954223633,27.529226303100586,5236100
2017-05-12,33.779998779296875,34.029998779296875,33.560001373291016,33.75,27.75123405456543,4576700
2017-05-15,34.15999984741211,34.15999984741211,33.599998474121094,33.869998931884766,27.84990882873535,3962300
2017-05-16,33.880001068115234,33.959999084472656,33.63999938964844,33.75,27.75123405456543,3944400
2017-05-17,33.75,34.810001373291016,33.75,34.2599983215332,28.17058563232422,6451500
2017-05-18,34.02000045776367,34.119998931884766,33.25,33.310001373291016,27.389446258544922,5725400
2017-05-19,33.459999084472656,33.68000030517578,33.31999969482422,33.630001068115234,27.65256690979004,5041900
2017-05-22,33.869998931884766,34.029998779296875,33.63999938964844,33.68000030517578,27.693675994873047,3866500
2017-05-23,33.7599983215332,33.970001220703125,32.959999084472656,33.04999923706055,27.175655364990234,4713300
2017-05-24,32.959999084472656,33.70000076293945,32.720001220703125,33.65999984741211,27.677234649658203,5903300
2017-05-25,33.5099983215332,33.689998626708984,33.130001068115234,33.43000030517578,27.48811912536621,3689200
2017-05-26,33.720001220703125,34.279998779296875,33.599998474121094,34.11000061035156,28.0472469329834,4565400
2017-05-30,33.77000045776367,34.099998474121094,33.75,33.970001220703125,27.932132720947266,3911400
2017-05-31,33.95000076293945,34.38999938964844,33.900001525878906,34.150001525878906,28.080141067504883,7332500
2017-06-01,33.58000183105469,34.220001220703125,33.58000183105469,34.02000045776367,27.973249435424805,3676300
2017-06-02,34.29999923706055,34.65999984741211,33.689998626708984,34.029998779296875,27.981464385986328,4532900
2017-06-05,34.04999923706055,34.130001068115234,33.54999923706055,33.84000015258789,27.825244903564453,3103000
2017-06-06,34.290000915527344,35.41999816894531,34.060001373291016,35.400001525878906,29.151029586791992,8028700
2017-06-07,35.27000045776367,35.560001373291016,34.79999923706055,35.5099983215332,29.241607666015625,4634100
2017-06-08,35.5099983215332,35.5099983215332,34.84000015258789,35.02000045776367,28.83812141418457,5668900
2017-06-09,34.529998779296875,34.83000183105469,34.18000030517578,34.29999923706055,28.245214462280273,4610800
2017-06-12,34.0,34.630001068115234,33.959999084472656,34.380001068115234,28.31109046936035,4358300
2017-06-13,34.29999923706055,34.83000183105469,34.2400016784668,34.47999954223633,28.3934326171875,3930500
2017-06-14,35.06999969482422,35.11000061035156,33.5,33.720001220703125,27.767601013183594,6680900
2017-06-15,33.45000076293945,33.79999923706055,32.91999816894531,33.040000915527344,27.2076358795166,6799900
2017-06-16,33.150001525878906,33.25,32.709999084472656,32.84000015258789,27.042936325073242,7180900
2017-06-19,32.77000045776367,33.119998931884766,32.560001373291016,32.880001068115234,27.075878143310547,4365400
2017-06-20,32.83000183105469,33.0,32.54999923706055,32.84000015258789,27.042936325073242,3273600
2017-06-21,32.880001068115234,33.22999954223633,32.68000030517578,33.150001525878906,27.298213958740234,2643700
2017-06-22,33.380001068115234,33.66999816894531,33.150001525878906,33.5,27.58643913269043,3545800
2017-06-23,33.84000015258789,33.939998626708984,33.63999938964844,33.810001373291016,27.84170913696289,4271400
2017-06-26,33.4900016784668,34.09000015258789,33.43000030517578,33.77000045776367,27.80877113342285,3288600
2017-06-27,34.02000045776367,34.02000045776367,32.9900016784668,33.06999969482422,27.232337951660156,5678500
2017-06-28,33.18000030517578,33.43000030517578,32.66999816894531,33.040000915527344,27.2076358795166,3801700
2017-06-29,32.81999969482422,32.81999969482422,32.20000076293945,32.22999954223633,26.540616989135742,5850800
2017-06-30,32.22999954223633,32.529998779296875,32.119998931884766,32.38999938964844,26.672374725341797,4588500
2017-07-03,31.780000686645508,31.969999313354492,31.420000076293945,31.889999389648438,26.260639190673828,4024600
2017-07-05,32.130001068115234,32.9900016784668,32.0,32.68000030517578,26.91118049621582,8030800
2017-07-06,32.560001373291016,32.720001220703125,32.209999084472656,32.279998779296875,26.581787109375,3853400
2017-07-07,32.150001525878906,32.349998474121094,31.860000610351562,32.029998779296875,26.37592124938965,4185500
2017-07-10,31.940000534057617,32.66999816894531,31.700000762939453,32.529998779296875,26.787656784057617,4399600
2017-07-11,32.529998779296875,33.0099983215332,32.189998626708984,32.95000076293945,27.133525848388672,3962300
2017-07-12,33.349998474121094,33.47999954223633,33.06999969482422,33.16999816894531,27.314687728881836,3979500
2017-07-13,33.150001525878906,33.45000076293945,32.900001525878906,32.939998626708984,27.125280380249023,3917300
2017-07-14,33.41999816894531,33.63999938964844,33.2400016784668,33.29999923706055,27.42173957824707,4396800
2017-07-17,33.470001220703125,33.9900016784668,33.41999816894531,33.72999954223633,27.775833129882812,3600000
2017-07-18,33.880001068115234,33.959999084472656,33.4900016784668,33.709999084472656,27.759363174438477,5626200
2017-07-19,33.65999984741211,34.060001373291016,33.619998931884766,33.880001068115234,27.89935302734375,4668400
2017-07-20,33.81999969482422,34.31999969482422,33.709999084472656,33.91999816894531,27.932292938232422,5921200
2017-07-21,34.150001525878906,34.459999084472656,34.029998779296875,34.38999938964844,28.31932258605957,4465800
2017-07-24,34.38999938964844,34.470001220703125,33.88999938964844,33.900001525878906,27.915822982788086,4849100
2017-07-25,34.58000183105469,36.63999938964844,34.5,36.2400016784668,29.84276008605957,8897500
2017-07-26,35.93000030517578,37.29999923706055,35.81999969482422,36.959999084472656,30.435657501220703,7671400
2017-07-27,37.27000045776367,37.349998474121094,36.349998474121094,36.439998626708984,30.0074520111084,7528300
2017-07-28,36.63999938964844,37.130001068115234,36.36000061035156,37.060001373291016,30.517993927001953,4348100
2017-07-31,37.06999969482422,37.33000183105469,36.810001373291016,37.16999816894531,30.60858726501465,5294800
2017-08-01,37.099998474121094,37.25,36.779998779296875,36.97999954223633,30.452123641967773,5270600
2017-08-02,36.709999084472656,37.13999938964844,36.4900016784668,36.869998931884766,30.361539840698242,3854000
2017-08-03,36.790000915527344,37.06999969482422,36.560001373291016,36.59000015258789,30.130970001220703,4405600
2017-08-04,36.290000915527344,36.54999923706055,35.900001525878906,36.150001525878906,29.76864242553711,4072500
2017-08-07,36.150001525878906,36.439998626708984,35.970001220703125,36.16999816894531,29.785106658935547,3291800
2017-08-08,36.290000915527344,36.380001068115234,35.5,35.7400016784668,29.431015014648438,4745500
2017-08-09,36.27000045776367,36.33000183105469,35.720001220703125,36.099998474121094,29.727462768554688,4514500
2017-08-10,36.5,36.65999984741211,36.279998779296875,36.439998626708984,30.0074520111084,4600100
2017-08-11,36.4900016784668,36.7400016784668,36.279998779296875,36.529998779296875,30.081560134887695,4370100
2017-08-14,36.29999923706055,36.349998474121094,35.86000061035156,36.02000045776367,29.661582946777344,5183600
2017-08-15,35.45000076293945,35.939998626708984,35.220001220703125,35.77000045776367,29.455713272094727,3870400
2017-08-16,35.75,36.22999954223633,35.61000061035156,36.130001068115234,29.752174377441406,4766700
2017-08-17,36.209999084472656,36.209999084472656,35.880001068115234,36.04999923706055,29.686296463012695,5008500
2017-08-18,36.439998626708984,37.29999923706055,35.779998779296875,35.83000183105469,29.505123138427734,7433100
2017-08-21,35.9900016784668,36.790000915527344,35.91999816894531,36.61000061035156,30.147441864013672,4879000
2017-08-22,36.5099983215332,37.130001068115234,36.400001525878906,36.5,30.056852340698242,3412200
2017-08-23,36.560001373291016,37.0,36.560001373291016,36.97999954223633,30.452123641967773,3033800
2017-08-24,36.939998626708984,37.099998474121094,36.63999938964844,36.81999969482422,30.32036781311035,4823200
2017-08-25,37.0,37.34000015258789,36.97999954223633,36.9900016784668,30.460363388061523,4172200
2017-08-28,37.27000045776367,38.90999984741211,37.2400016784668,38.29999923706055,31.53911018371582,9008700
2017-08-29,38.88999938964844,38.88999938964844,37.77000045776367,38.040000915527344,31.325016021728516,7078800
2017-08-30,37.97999954223633,38.099998474121094,37.79999923706055,38.060001373291016,31.34147834777832,3991500
2017-08-31,38.13999938964844,38.43000030517578,38.060001373291016,38.34000015258789,31.572053909301758,6009400
2017-09-01,38.59000015258789,38.81999969482422,38.220001220703125,38.65999984741211,31.83557891845703,3958500
2017-09-05,38.97999954223633,39.11000061035156,38.40999984741211,38.75,31.9096736907959,6590900
2017-09-06,38.720001220703125,38.95000076293945,37.9900016784668,38.380001068115234,31.60499382019043,6326900
2017-09-07,38.709999084472656,39.630001068115234,38.599998474121094,39.599998474121094,32.60963821411133,5894400
2017-09-08,39.47999954223633,39.54999923706055,39.029998779296875,39.310001373291016,32.37083053588867,5478700
2017-09-11,38.810001373291016,39.279998779296875,38.0099983215332,38.220001220703125,31.473237991333008,5813700
2017-09-12,38.13999938964844,38.43000030517578,37.959999084472656,38.349998474121094,31.580286026000977,2828800
2017-09-13,38.150001525878906,38.2599983215332,37.7400016784668,37.880001068115234,31.254383087158203,3822500
2017-09-14,37.68000030517578,38.2400016784668,37.40999984741211,38.060001373291016,31.40289306640625,7749900
2017-09-15,38.11000061035156,38.13999938964844,37.54999923706055,37.849998474121094,31.229616165161133,4936400
2017-09-18,37.630001068115234,37.95000076293945,37.61000061035156,37.779998779296875,31.17186737060547,4079200
2017-09-19,37.810001373291016,38.150001525878906,37.75,38.09000015258789,31.427640914916992,3408400
2017-09-20,38.27000045776367,38.709999084472656,37.150001525878906,37.630001068115234,31.04810905456543,6197300
2017-09-21,37.13999938964844,37.91999816894531,37.06999969482422,37.43000030517578,30.88307762145996,4408500
2017-09-22,37.540000915527344,37.970001220703125,37.540000915527344,37.88999938964844,31.262636184692383,2859900
2017-09-25,37.849998474121094,38.65999984741211,37.65999984741211,38.630001068115234,31.873201370239258,4058500
2017-09-26,38.27000045776367,38.56999969482422,37.880001068115234,37.970001220703125,31.328636169433594,5120100
2017-09-27,37.209999084472656,37.5,36.880001068115234,37.209999084472656,30.701574325561523,6567700
2017-09-28,37.220001220703125,37.81999969482422,37.119998931884766,37.619998931884766,31.03986167907715,5976900
2017-09-29,37.689998626708984,37.689998626708984,37.2599983215332,37.5099983215332,30.949087142944336,2775000
2017-10-02,37.33000183105469,37.97999954223633,37.33000183105469,37.880001068115234,31.254383087158203,3461600
2017-10-03,38.029998779296875,38.27000045776367,37.880001068115234,38.22999954223633,31.54315948486328,2658000
2017-10-04,38.29999923706055,38.47999954223633,37.7599983215332,38.08000183105469,31.41939926147461,2984900
2017-10-05,38.119998931884766,38.29999923706055,37.900001525878906,37.95000076293945,31.312129974365234,2441000
2017-10-06,37.90999984741211,38.16999816894531,37.380001068115234,38.060001373291016,31.40289306640625,5167500
2017-10-09,38.2599983215332,38.439998626708984,38.16999816894531,38.279998779296875,31.584413528442383,2014100
2017-10-10,38.52000045776367,38.56999969482422,37.84000015258789,37.900001525878906,31.2708797454834,2735300
2017-10-11,38.09000015258789,38.33000183105469,38.08000183105469,38.08000183105469,31.41939926147461,3375600
2017-10-12,38.099998474121094,38.529998779296875,37.97999954223633,38.38999938964844,31.675172805786133,2754700
2017-10-13,38.68000030517578,38.849998474121094,38.31999969482422,38.59000015258789,31.840190887451172,2230600
2017-10-16,38.75,38.75,37.849998474121094,37.9900016784668,31.34514045715332,3928600
2017-10-17,37.66999816894531,38.459999084472656,37.54999923706055,38.349998474121094,31.642168045043945,3923800
2017-10-18,38.11000061035156,38.36000061035156,37.86000061035156,37.86000061035156,31.237876892089844,3320100
2017-10-19,38.08000183105469,38.2599983215332,37.7400016784668,37.84000015258789,31.221376419067383,4402200
2017-10-20,37.869998931884766,37.970001220703125,37.54999923706055,37.790000915527344,31.18012809753418,3477600
2017-10-23,37.4900016784668,37.68000030517578,37.16999816894531,37.369998931884766,30.83358383178711,4231400
2017-10-24,37.31999969482422,37.56999969482422,37.099998474121094,37.130001068115234,30.63556480407715,4038100
2017-10-25,37.08000183105469,37.18000030517578,36.189998626708984,36.75,30.322021484375,8935900
2017-10-26,37.0099983215332,37.189998626708984,35.06999969482422,35.810001373291016,29.54644775390625,8556300
2017-10-27,35.7400016784668,36.349998474121094,35.66999816894531,35.79999923706055,29.53818702697754,4602400
2017-10-30,35.79999923706055,36.38999938964844,35.619998931884766,36.22999954223633,29.89298439025879,4744300
2017-10-31,36.189998626708984,36.29999923706055,35.880001068115234,36.15999984741211,29.835224151611328,4114400
2017-11-01,36.36000061035156,36.459999084472656,35.59000015258789,35.689998626708984,29.447433471679688,4001700
2017-11-02,35.81999969482422,36.5,35.77000045776367,36.47999954223633,30.099252700805664,5469600
2017-11-03,36.369998931884766,36.4900016784668,35.7599983215332,36.040000915527344,29.73621940612793,3430000
2017-11-06,36.130001068115234,36.79999923706055,36.119998931884766,36.369998931884766,30.008495330810547,4346800
2017-11-07,36.380001068115234,36.54999923706055,35.9900016784668,36.040000915527344,29.73621940612793,4340000
2017-11-08,36.2400016784668,36.4900016784668,36.13999938964844,36.310001373291016,29.958984375,3161200
2017-11-09,36.220001220703125,36.41999816894531,35.7400016784668,35.880001068115234,29.604198455810547,4218400
2017-11-10,35.84000015258789,36.08000183105469,35.4900016784668,35.52000045776367,29.307167053222656,4663200
2017-11-13,35.59000015258789,36.02000045776367,35.5,35.709999084472656,29.463937759399414,4428500
2017-11-14,35.560001373291016,36.349998474121094,35.4900016784668,36.279998779296875,29.934232711791992,4108400
2017-11-15,36.470001220703125,36.47999954223633,35.939998626708984,36.08000183105469,29.769214630126953,5011800
2017-11-16,36.06999969482422,36.20000076293945,35.849998474121094,36.09000015258789,29.777463912963867,2738800
2017-11-17,36.130001068115234,36.31999969482422,35.93000030517578,36.209999084472656,29.876476287841797,3139100
2017-11-20,36.150001525878906,36.4900016784668,36.060001373291016,36.33000183105469,29.97548484802246,2971900
2017-11-21,36.4900016784668,36.7400016784668,36.29999923706055,36.369998931884766,30.008495330810547,4109700
2017-11-22,36.540000915527344,36.91999816894531,36.470001220703125,36.709999084472656,30.28902816772461,4144300
2017-11-24,36.72999954223633,37.060001373291016,36.65999984741211,36.68000030517578,30.2642765045166,1705600
2017-11-27,36.970001220703125,37.11000061035156,36.66999816894531,37.099998474121094,30.610807418823242,4760500
2017-11-28,37.130001068115234,37.59000015258789,37.09000015258789,37.13999938964844,30.643815994262695,4724100
2017-11-29,36.70000076293945,36.90999984741211,36.31999969482422,36.599998474121094,30.19826316833496,4232800
2017-11-30,36.349998474121094,37.20000076293945,36.349998474121094,36.9900016784668,30.52004623413086,9372400
2017-12-01,37.06999969482422,37.61000061035156,36.779998779296875,37.189998626708984,30.6850643157959,5074400
2017-12-04,37.2400016784668,37.2400016784668,36.65999984741211,36.84000015258789,30.39628791809082,3777300
2017-12-05,36.599998474121094,36.79999923706055,36.06999969482422,36.20000076293945,29.86823081970215,5984100
2017-12-06,36.25,36.400001525878906,35.779998779296875,35.83000183105469,29.562946319580078,5797400
2017-12-07,35.529998779296875,36.130001068115234,35.45000076293945,35.91999816894531,29.699373245239258,4047700
2017-12-08,35.83000183105469,36.20000076293945,35.16999816894531,35.400001525878906,29.269424438476562,5314100
2017-12-11,35.18000030517578,35.75,34.52000045776367,34.66999816894531,28.665843963623047,7943900
2017-12-12,34.619998931884766,34.68000030517578,34.20000076293945,34.59000015258789,28.599699020385742,6460400
2017-12-13,34.650001525878906,36.02000045776367,34.56999969482422,35.75,29.558809280395508,7527300
2017-12-14,35.75,36.08000183105469,35.380001068115234,35.900001525878906,29.682836532592773,4414400
2017-12-15,36.209999084472656,36.290000915527344,35.84000015258789,35.869998931884766,29.65802574157715,11602000
2017-12-18,36.04999923706055,36.959999084472656,36.0,36.650001525878906,30.302947998046875,4531100
2017-12-19,36.54999923706055,36.779998779296875,36.16999816894531,36.349998474121094,30.054895401000977,3151700
2017-12-20,36.47999954223633,36.720001220703125,36.11000061035156,36.61000061035156,30.269874572753906,2814100
2017-12-21,36.58000183105469,36.93000030517578,36.54999923706055,36.72999954223633,30.369089126586914,3669000
2017-12-22,36.86000061035156,36.9900016784668,36.709999084472656,36.91999816894531,30.526193618774414,2217800
2017-12-26,37.0,38.040000915527344,36.91999816894531,37.56999969482422,31.06362533569336,4347700
2017-12-27,37.619998931884766,37.84000015258789,37.45000076293945,37.599998474121094,31.088430404663086,4042000
2017-12-28,37.810001373291016,37.810001373291016,37.33000183105469,37.5099983215332,31.014009475708008,2244900
2017-12-29,37.70000076293945,37.77000045776367,37.369998931884766,37.52000045776367,31.02227783203125,2725900
2018-01-02,37.869998931884766,38.29999923706055,37.81999969482422,38.15999984741211,31.551441192626953,5325800
2018-01-03,38.209999084472656,38.2599983215332,37.4900016784668,37.84000015258789,31.286869049072266,5143600
2018-01-04,37.75,38.2599983215332,37.369998931884766,38.2599983215332,31.634138107299805,3876000
2018-01-05,38.18000030517578,38.43000030517578,38.02000045776367,38.400001525878906,31.749889373779297,2877300
2018-01-08,38.349998474121094,38.52000045776367,37.959999084472656,38.36000061035156,31.716812133789062,4719800
2018-01-09,38.150001525878906,38.31999969482422,37.95000076293945,38.11000061035156,31.51011085510254,3902600
2018-01-10,38.470001220703125,38.5,38.08000183105469,38.34000015258789,31.70028305053711,3542100
2018-01-11,38.40999984741211,38.900001525878906,38.400001525878906,38.84000015258789,32.11367416381836,4093300
2018-01-12,39.040000915527344,39.84000015258789,38.86000061035156,39.790000915527344,32.8991584777832,5068400
2018-01-16,39.790000915527344,40.220001220703125,39.130001068115234,40.0,33.07280349731445,6917800
2018-01-17,39.689998626708984,40.25,39.40999984741211,39.45000076293945,32.618045806884766,5215700
2018-01-18,39.47999954223633,40.0,39.16999816894531,39.2400016784668,32.44441604614258,4669400
2018-01-19,39.63999938964844,39.63999938964844,39.22999954223633,39.470001220703125,32.634586334228516,3960100
2018-01-22,39.54999923706055,39.689998626708984,39.2400016784668,39.65999984741211,32.79167938232422,2860900
2018-01-23,39.529998779296875,40.439998626708984,39.099998474121094,40.31999969482422,33.33737564086914,3284000
2018-01-24,41.16999816894531,42.040000915527344,41.16999816894531,41.56999969482422,34.37090301513672,8014400
2018-01-25,41.75,41.93000030517578,40.66999816894531,40.77000045776367,33.709442138671875,5814400
2018-01-26,40.849998474121094,41.29999923706055,40.83000183105469,41.04999923706055,33.94095993041992,3338400
2018-01-29,40.779998779296875,40.91999816894531,40.040000915527344,40.08000183105469,33.13894271850586,4742300
2018-01-30,40.119998931884766,40.54999923706055,39.650001525878906,40.099998474121094,33.15547180175781,4204300
2018-01-31,40.38999938964844,40.61000061035156,39.83000183105469,40.5099983215332,33.49446487426758,5987600
2018-02-01,40.22999954223633,41.02000045776367,40.16999816894531,40.36000061035156,33.370445251464844,4339300
2018-02-02,39.880001068115234,39.88999938964844,38.900001525878906,38.970001220703125,32.22117233276367,5936200
2018-02-05,39.16999816894531,39.47999954223633,37.7599983215332,37.79999923706055,31.2537899017334,8489700
2018-02-06,37.40999984741211,37.83000183105469,37.02000045776367,37.630001068115234,31.113237380981445,8980000
2018-02-07,37.619998931884766,37.86000061035156,36.880001068115234,37.029998779296875,30.61713981628418,8964000
2018-02-08,37.189998626708984,37.22999954223633,36.54999923706055,36.61000061035156,30.269874572753906,13378900
2018-02-09,36.880001068115234,36.880001068115234,35.97999954223633,36.7599983215332,30.393896102905273,11000500
2018-02-12,36.900001525878906,37.189998626708984,36.41999816894531,36.90999984741211,30.51793098449707,6256700
2018-02-13,36.93000030517578,37.22999954223633,36.7400016784668,37.02000045776367,30.608877182006836,5421600
2018-02-14,36.93000030517578,39.310001373291016,36.849998474121094,39.0,32.24597930908203,8195500
2018-02-15,39.20000076293945,39.43000030517578,38.47999954223633,39.40999984741211,32.58497619628906,5359800
2018-02-16,39.13999938964844,39.38999938964844,38.68000030517578,39.11000061035156,32.33692169189453,5395600
2018-02-20,38.7400016784668,39.09000015258789,38.189998626708984,38.38999938964844,31.741613388061523,5718400
2018-02-21,38.58000183105469,39.130001068115234,38.09000015258789,38.15999984741211,31.551441192626953,5736600
2018-02-22,37.970001220703125,38.72999954223633,37.58000183105469,37.630001068115234,31.113237380981445,4903500
2018-02-23,37.79999923706055,38.75,37.689998626708984,38.689998626708984,31.98965835571289,4812800
2018-02-26,39.02000045776367,39.369998931884766,38.650001525878906,39.31999969482422,32.510555267333984,4770400
2018-02-27,39.099998474121094,39.310001373291016,38.15999984741211,38.439998626708984,31.782957077026367,5350800
2018-02-28,38.47999954223633,39.04999923706055,38.16999816894531,38.20000076293945,31.584522247314453,6266300
2018-03-01,38.040000915527344,38.27000045776367,37.13999938964844,38.11000061035156,31.51011085510254,6502700
2018-03-02,38.279998779296875,38.59000015258789,37.93000030517578,37.93000030517578,31.36127281188965,5202900
2018-03-05,37.790000915527344,38.369998931884766,37.47999954223633,38.279998779296875,31.65066146850586,4398500
2018-03-06,38.630001068115234,39.15999984741211,38.41999816894531,38.849998474121094,32.1219482421875,6411500
2018-03-07,38.59000015258789,38.880001068115234,37.61000061035156,37.70000076293945,31.28385353088379,5732400
2018-03-08,37.720001220703125,37.88999938964844,37.31999969482422,37.65999984741211,31.250652313232422,4149600
2018-03-09,37.650001525878906,37.849998474121094,37.2400016784668,37.709999084472656,31.29212760925293,5675400
2018-03-12,37.310001373291016,38.029998779296875,37.279998779296875,37.97999954223633,31.516185760498047,3691700
2018-03-13,38.08000183105469,38.470001220703125,38.0099983215332,38.220001220703125,31.71533966064453,3895400
2018-03-14,38.310001373291016,38.540000915527344,38.06999969482422,38.189998626708984,31.690448760986328,3480000
2018-03-15,37.83000183105469,38.08000183105469,37.27000045776367,37.310001373291016,30.960214614868164,4156900
2018-03-16,37.400001525878906,37.630001068115234,36.959999084472656,37.38999938964844,31.026599884033203,10404900
2018-03-19,37.38999938964844,37.599998474121094,37.11000061035156,37.470001220703125,31.092998504638672,5226600
2018-03-20,37.439998626708984,37.540000915527344,37.189998626708984,37.29999923706055,30.95191764831543,3516500
2018-03-21,37.5099983215332,38.529998779296875,37.33000183105469,38.220001220703125,31.71533966064453,5200500
2018-03-22,38.2599983215332,38.45000076293945,37.59000015258789,37.61000061035156,31.20916175842285,4823100
2018-03-23,38.2599983215332,39.16999816894531,38.15999984741211,38.7599983215332,32.163448333740234,6879800
2018-03-26,39.150001525878906,40.029998779296875,39.150001525878906,39.88999938964844,33.10112762451172,7583300
2018-03-27,39.459999084472656,39.63999938964844,38.900001525878906,39.029998779296875,32.38749313354492,5873700
2018-03-28,38.83000183105469,38.900001525878906,38.220001220703125,38.38999938964844,31.856412887573242,5371500
2018-03-29,38.27000045776367,39.16999816894531,38.27000045776367,39.06999969482422,32.42068099975586,4651000
2018-04-02,39.38999938964844,39.619998931884766,39.18000030517578,39.27000045776367,32.58663558959961,4128400
2018-04-03,39.150001525878906,39.150001525878906,38.599998474121094,38.83000183105469,32.221534729003906,3488800
2018-04-04,39.20000076293945,39.279998779296875,38.84000015258789,38.9900016784668,32.35429763793945,4202800
2018-04-05,38.790000915527344,39.380001068115234,38.63999938964844,39.27000045776367,32.58663558959961,4815300
2018-04-06,39.400001525878906,39.61000061035156,39.04999923706055,39.290000915527344,32.60323715209961,4107000
2018-04-09,39.349998474121094,39.349998474121094,38.16999816894531,38.58000183105469,32.014076232910156,5983100
2018-04-10,38.790000915527344,39.709999084472656,38.75,39.470001220703125,32.75261306762695,4794700
2018-04-11,40.0,41.13999938964844,39.849998474121094,40.63999938964844,33.723480224609375,9140100
2018-04-12,40.310001373291016,40.7400016784668,39.83000183105469,40.400001525878906,33.52432632446289,5722200
2018-04-13,40.880001068115234,41.97999954223633,40.880001068115234,41.599998474121094,34.520111083984375,5578000
2018-04-16,41.75,41.86000061035156,41.119998931884766,41.41999816894531,34.3707275390625,3876100
2018-04-17,41.470001220703125,41.790000915527344,41.22999954223633,41.380001068115234,34.337547302246094,4155300
2018-04-18,41.75,41.900001525878906,40.97999954223633,41.09000015258789,34.096900939941406,7317000
2018-04-19,41.33000183105469,41.959999084472656,41.2400016784668,41.939998626708984,34.80223083496094,5464700
2018-04-20,41.720001220703125,41.810001373291016,41.18000030517578,41.349998474121094,34.31263732910156,3779900
2018-04-23,40.86000061035156,41.209999084472656,40.54999923706055,41.060001373291016,34.07200622558594,3383700
2018-04-24,41.22999954223633,41.4900016784668,40.86000061035156,41.04999923706055,34.06371307373047,4052400
2018-04-25,40.54999923706055,41.060001373291016,40.349998474121094,40.52000045776367,33.623905181884766,5238300
2018-04-26,40.54999923706055,41.20000076293945,40.150001525878906,40.77000045776367,33.83135986328125,2880000
2018-04-27,40.75,40.90999984741211,40.34000015258789,40.65999984741211,33.74008560180664,3454400
2018-04-30,40.310001373291016,40.349998474121094,39.2599983215332,39.290000915527344,32.60323715209961,5900800
2018-05-01,39.02000045776367,39.279998779296875,38.66999816894531,39.220001220703125,32.54515075683594,4192400
2018-05-02,39.41999816894531,39.61000061035156,38.849998474121094,39.189998626708984,32.52025604248047,6061900
2018-05-03,39.52000045776367,39.86000061035156,39.279998779296875,39.810001373291016,33.03473663330078,4935500
2018-05-04,39.529998779296875,39.75,39.439998626708984,39.650001525878906,32.9019775390625,3746800
2018-05-07,39.650001525878906,40.2400016784668,39.630001068115234,39.869998931884766,33.08453369140625,3164200
2018-05-08,39.63999938964844,39.97999954223633,39.209999084472656,39.97999954223633,33.175804138183594,3732200
2018-05-09,39.93000030517578,40.290000915527344,39.790000915527344,39.959999084472656,33.159210205078125,3096200
2018-05-10,40.130001068115234,40.540000915527344,40.119998931884766,40.41999816894531,33.540931701660156,3093200
2018-05-11,40.41999816894531,40.63999938964844,40.130001068115234,40.38999938964844,33.51604080200195,3015800
2018-05-14,40.529998779296875,40.84000015258789,40.15999984741211,40.38999938964844,33.51604080200195,3820800
2018-05-15,39.68000030517578,39.7400016784668,38.970001220703125,39.5099983215332,32.78580093383789,4709400
2018-05-16,39.4900016784668,39.7400016784668,39.40999984741211,39.689998626708984,32.935157775878906,3167500
2018-05-17,39.709999084472656,39.709999084472656,39.189998626708984,39.36000061035156,32.66133117675781,3091000
2018-05-18,39.209999084472656,39.290000915527344,39.0,39.15999984741211,32.4953727722168,3623700
2018-05-21,39.18000030517578,39.40999984741211,38.77000045776367,39.369998931884766,32.66962814331055,2758100
2018-05-22,39.33000183105469,39.4900016784668,38.77000045776367,38.790000915527344,32.18833923339844,3305900
2018-05-23,38.77000045776367,39.630001068115234,38.77000045776367,39.59000015258789,32.85218048095703,4101600
2018-05-24,39.619998931884766,40.029998779296875,39.58000183105469,39.970001220703125,33.16752243041992,3585900
2018-05-25,39.83000183105469,39.95000076293945,39.2599983215332,39.439998626708984,32.727718353271484,3788600
2018-05-29,39.0099983215332,39.650001525878906,38.869998931884766,38.93000030517578,32.30449676513672,5239600
2018-05-30,39.02000045776367,39.34000015258789,38.77000045776367,39.189998626708984,32.52025604248047,2619200
2018-05-31,39.33000183105469,39.349998474121094,38.72999954223633,38.93000030517578,32.30449676513672,6983900
2018-06-01,38.88999938964844,39.04999923706055,38.439998626708984,38.63999938964844,32.06385803222656,4140000
2018-06-04,38.790000915527344,38.83000183105469,38.150001525878906,38.25,31.740238189697266,3367100
2018-06-05,38.31999969482422,38.849998474121094,38.2599983215332,38.54999923706055,31.989185333251953,3003800
2018-06-06,38.47999954223633,38.689998626708984,38.20000076293945,38.65999984741211,32.197391510009766,6265900
2018-06-07,38.79999923706055,38.91999816894531,38.43000030517578,38.58000183105469,32.13076400756836,3642300
2018-06-08,38.59000015258789,38.59000015258789,38.209999084472656,38.380001068115234,31.96419334411621,3657100
2018-06-11,38.33000183105469,38.689998626708984,38.18000030517578,38.56999969482422,32.12244415283203,2947000
2018-06-12,38.88999938964844,39.130001068115234,38.56999969482422,38.790000915527344,32.305660247802734,4227900
2018-06-13,38.959999084472656,39.04999923706055,38.43000030517578,38.70000076293945,32.23070526123047,4064700
2018-06-14,38.9900016784668,39.189998626708984,38.810001373291016,39.15999984741211,32.61381530761719,3762800
2018-06-15,38.79999923706055,38.79999923706055,38.02000045776367,38.400001525878906,31.98086166381836,11737300
2018-06-18,38.27000045776367,38.560001373291016,38.189998626708984,38.43000030517578,32.0058479309082,3530500
2018-06-19,38.18000030517578,38.58000183105469,38.060001373291016,38.349998474121094,31.939208984375,3981800
2018-06-20,38.4900016784668,38.61000061035156,37.869998931884766,37.95000076293945,31.606075286865234,3791300
2018-06-21,37.900001525878906,38.0,36.86000061035156,37.02000045776367,30.8315486907959,5091600
2018-06-22,37.22999954223633,37.61000061035156,37.15999984741211,37.459999084472656,31.197998046875,5713600
2018-06-25,37.15999984741211,37.400001525878906,36.75,36.9900016784668,30.80655860900879,4024800
2018-06-26,36.650001525878906,37.369998931884766,36.599998474121094,37.16999816894531,30.95646858215332,3771100
2018-06-27,37.0099983215332,37.4900016784668,36.95000076293945,36.97999954223633,30.798227310180664,2770500
2018-06-28,37.2599983215332,37.2599983215332,36.880001068115234,37.0,30.814884185791016,4037100
2018-06-29,37.060001373291016,38.13999938964844,36.95000076293945,37.709999084472656,31.406185150146484,4935900
2018-07-02,37.470001220703125,37.83000183105469,37.22999954223633,37.54999923706055,31.2729434967041,2813100
2018-07-03,37.970001220703125,38.599998474121094,37.560001373291016,37.63999938964844,31.347888946533203,3885700
2018-07-05,37.900001525878906,38.599998474121094,37.83000183105469,38.43000030517578,32.0058479309082,3650300
2018-07-06,38.189998626708984,38.25,37.7400016784668,37.83000183105469,31.506132125854492,4052500
2018-07-09,38.2599983215332,38.400001525878906,37.529998779296875,37.790000915527344,31.47283363342285,4166500
2018-07-10,37.40999984741211,37.959999084472656,37.279998779296875,37.90999984741211,31.572769165039062,4242800
2018-07-11,37.56999969482422,37.63999938964844,36.959999084472656,37.06999969482422,30.873188018798828,4640300
2018-07-12,37.27000045776367,37.5,37.09000015258789,37.130001068115234,30.923160552978516,2671400
2018-07-13,36.90999984741211,37.06999969482422,36.7599983215332,36.84000015258789,30.681631088256836,2089100
2018-07-16,36.77000045776367,36.84000015258789,36.369998931884766,36.5,30.39847183227539,3121300
2018-07-17,36.2599983215332,37.13999938964844,36.209999084472656,36.939998626708984,30.764915466308594,4662500
2018-07-18,36.599998474121094,37.349998474121094,36.540000915527344,37.18000030517578,30.964801788330078,4088500
2018-07-19,36.650001525878906,37.5,36.599998474121094,37.0099983215332,30.82321548461914,4391500
2018-07-20,37.220001220703125,37.369998931884766,36.849998474121094,37.02000045776367,30.8315486907959,3575100
2018-07-23,36.95000076293945,37.369998931884766,36.52000045776367,36.56999969482422,30.456768035888672,4837000
2018-07-24,36.88999938964844,37.29999923706055,36.70000076293945,37.130001068115234,30.923160552978516,5220300
2018-07-25,37.349998474121094,37.4900016784668,36.95000076293945,37.470001220703125,31.206329345703125,4076800
2018-07-26,37.18000030517578,38.630001068115234,36.79999923706055,37.810001373291016,31.489482879638672,6702200
2018-07-27,37.900001525878906,37.91999816894531,36.7599983215332,36.88999938964844,30.7232723236084,4662700
2018-07-30,36.779998779296875,36.9900016784668,36.56999969482422,36.72999954223633,30.590015411376953,3860400
2018-07-31,36.7400016784668,36.869998931884766,36.36000061035156,36.68000030517578,30.548377990722656,4952300
2018-08-01,36.5,36.75,36.220001220703125,36.439998626708984,30.348499298095703,3800600
2018-08-02,36.16999816894531,36.459999084472656,36.02000045776367,36.22999954223633,30.173606872558594,4546000
2018-08-03,36.41999816894531,36.81999969482422,36.20000076293945,36.459999084472656,30.36515235900879,5108400
2018-08-06,36.290000915527344,36.75,36.119998931884766,36.209999084472656,30.156944274902344,4999200
2018-08-07,36.5,36.61000061035156,35.97999954223633,36.06999969482422,30.040348052978516,5070000
2018-08-08,36.20000076293945,36.400001525878906,36.0,36.15999984741211,30.115304946899414,4406700
2018-08-09,36.209999084472656,36.40999984741211,35.68000030517578,35.709999084472656,29.74053192138672,5400500
2018-08-10,35.560001373291016,35.959999084472656,35.38999938964844,35.599998474121094,29.648923873901367,3537700
2018-08-13,35.369998931884766,35.720001220703125,34.47999954223633,34.650001525878906,28.857723236083984,5416900
2018-08-14,34.779998779296875,34.810001373291016,33.869998931884766,33.939998626708984,28.266407012939453,5081000
2018-08-15,33.470001220703125,33.650001525878906,31.579999923706055,31.799999237060547,26.484146118164062,11054700
2018-08-16,31.969999313354492,32.36000061035156,31.549999237060547,31.600000381469727,26.317577362060547,10189800
2018-08-17,31.739999771118164,32.36000061035156,31.450000762939453,32.060001373291016,26.700681686401367,9395900
2018-08-20,32.279998779296875,32.459999084472656,31.670000076293945,31.889999389648438,26.559097290039062,6189700
2018-08-21,31.989999771118164,32.029998779296875,31.610000610351562,31.950000762939453,26.609067916870117,4545800
2018-08-22,32.220001220703125,32.470001220703125,32.099998474121094,32.31999969482422,26.917213439941406,4961800
2018-08-23,32.0099983215332,32.060001373291016,31.459999084472656,31.65999984741211,26.36754608154297,7476200
2018-08-24,31.969999313354492,32.52000045776367,31.81999969482422,32.029998779296875,26.675695419311523,5403900
2018-08-27,32.099998474121094,32.4900016784668,32.029998779296875,32.25,26.85892677307129,4579700
2018-08-28,32.43000030517578,32.4900016784668,31.690000534057617,31.84000015258789,26.517459869384766,4710500
2018-08-29,31.790000915527344,31.899999618530273,31.6299991607666,31.739999771118164,26.434175491333008,4871800
2018-08-30,31.530000686645508,31.549999237060547,30.790000915527344,31.049999237060547,25.85951805114746,6160800
2018-08-31,30.75,31.43000030517578,30.729999542236328,31.030000686645508,25.84286117553711,5266400
2018-09-04,30.59000015258789,30.639999389648438,30.030000686645508,30.09000015258789,25.05999755859375,7235800
2018-09-05,30.459999084472656,30.469999313354492,30.0,30.1299991607666,25.093307495117188,6077500
2018-09-06,30.290000915527344,30.489999771118164,30.020000457763672,30.239999771118164,25.184919357299805,5304100
2018-09-07,30.059999465942383,30.329999923706055,29.850000381469727,30.1299991607666,25.093307495117188,4473100
2018-09-10,29.979999542236328,30.1299991607666,29.649999618530273,29.739999771118164,24.768505096435547,4148600
2018-09-11,29.510000228881836,29.829999923706055,29.15999984741211,29.6299991607666,24.676891326904297,4991000
2018-09-12,29.360000610351562,30.440000534057617,29.31999969482422,30.15999984741211,25.237537384033203,6621300
2018-09-13,30.559999465942383,30.899999618530273,29.75,30.219999313354492,25.287750244140625,5274500
2018-09-14,30.1200008392334,30.780000686645508,30.1200008392334,30.3799991607666,25.421634674072266,5619900
2018-09-17,30.530000686645508,30.790000915527344,30.299999237060547,30.639999389648438,25.639196395874023,4716200
2018-09-18,30.809999465942383,31.09000015258789,30.559999465942383,30.850000381469727,25.81492805480957,3992100
2018-09-19,31.209999084472656,31.75,31.020000457763672,31.520000457763672,26.375574111938477,5752500
2018-09-20,31.850000381469727,31.940000534057617,31.239999771118164,31.5,26.35883903503418,5490800
2018-09-21,31.209999084472656,31.770000457763672,31.09000015258789,31.559999465942383,26.409038543701172,11595500
2018-09-24,31.690000534057617,32.09000015258789,31.059999465942383,31.09000015258789,26.015758514404297,8393900
2018-09-25,31.239999771118164,31.729999542236328,31.020000457763672,31.25,26.149642944335938,6117900
2018-09-26,31.110000610351562,31.110000610351562,29.829999923706055,29.8700008392334,24.994873046875,8672800
2018-09-27,29.59000015258789,30.309999465942383,29.299999237060547,29.979999542236328,25.0869197845459,7219900
2018-09-28,30.229999542236328,30.559999465942383,30.09000015258789,30.200000762939453,25.271011352539062,4704400
2018-10-01,30.200000762939453,30.489999771118164,30.020000457763672,30.350000381469727,25.396530151367188,3437300
2018-10-02,30.6200008392334,31.31999969482422,30.520000457763672,31.170000076293945,26.082700729370117,7426700
2018-10-03,31.309999465942383,31.59000015258789,30.469999313354492,30.479999542236328,25.50531005859375,5430300
2018-10-04,30.549999237060547,30.690000534057617,30.110000610351562,30.3700008392334,25.413267135620117,4330300
2018-10-05,30.5,30.75,30.450000762939453,30.579999923706055,25.588987350463867,5168000
2018-10-08,30.010000228881836,30.559999465942383,29.760000228881836,30.520000457763672,25.53878402709961,5122300
2018-10-09,30.450000762939453,30.540000915527344,29.940000534057617,30.110000610351562,25.195701599121094,4048800
2018-10-10,30.56999969482422,30.84000015258789,30.020000457763672,30.559999465942383,25.572256088256836,6746100
2018-10-11,31.170000076293945,32.900001525878906,30.899999618530273,32.720001220703125,27.37972068786621,12410800
2018-10-12,32.38999938964844,32.540000915527344,31.3700008392334,32.040000915527344,26.810701370239258,9036300
2018-10-15,32.560001373291016,33.25,32.4900016784668,32.65999984741211,27.32951545715332,6878000
2018-10-16,32.84000015258789,32.939998626708984,31.969999313354492,32.290000915527344,27.019899368286133,4732600
2018-10-17,32.209999084472656,32.720001220703125,31.0,32.11000061035156,26.869277954101562,5330800
2018-10-18,31.959999084472656,32.86000061035156,31.739999771118164,32.369998931884766,27.08683967590332,6171900
2018-10-19,32.459999084472656,32.70000076293945,32.060001373291016,32.189998626708984,26.936220169067383,5932400
2018-10-22,32.09000015258789,32.349998474121094,31.43000030517578,31.969999313354492,26.75213050842285,6233800
2018-10-23,32.720001220703125,32.790000915527344,31.770000457763672,32.40999984741211,27.120317459106445,9212500
2018-10-24,32.2599983215332,32.52000045776367,31.600000381469727,31.760000228881836,26.57640266418457,6791000
2018-10-25,31.209999084472656,31.729999542236328,29.059999465942383,29.600000381469727,24.768939971923828,13657700
2018-10-26,29.850000381469727,30.989999771118164,29.709999084472656,30.0,25.103654861450195,9291100
2018-10-29,30.110000610351562,31.399999618530273,29.700000762939453,30.760000228881836,25.73961639404297,6416300
2018-10-30,30.68000030517578,31.280000686645508,30.469999313354492,31.0,25.94044303894043,6532300
2018-10-31,30.68000030517578,30.93000030517578,30.059999465942383,30.920000076293945,25.873502731323242,8680500
2018-11-01,31.510000228881836,32.18000030517578,31.260000228881836,32.060001373291016,26.82744026184082,5395100
2018-11-02,31.920000076293945,32.4900016784668,31.719999313354492,32.41999816894531,27.128677368164062,5260800
2018-11-05,32.459999084472656,32.66999816894531,31.8799991607666,32.38999938964844,27.103578567504883,4309400
2018-11-06,32.5,32.52000045776367,32.040000915527344,32.310001373291016,27.036636352539062,3806800
2018-11-07,32.5099983215332,32.790000915527344,32.119998931884766,32.5,27.19562339782715,5072200
2018-11-08,32.41999816894531,32.66999816894531,32.130001068115234,32.41999816894531,27.128677368164062,3802100
2018-11-09,31.969999313354492,32.27000045776367,31.510000228881836,32.02000045776367,26.793970108032227,4082800
2018-11-12,31.950000762939453,31.959999084472656,31.40999984741211,31.530000686645508,26.383941650390625,5148500
2018-11-13,31.549999237060547,31.739999771118164,30.93000030517578,31.40999984741211,26.283525466918945,5414300
2018-11-14,31.520000457763672,32.75,31.34000015258789,32.400001525878906,27.111948013305664,6549200
2018-11-15,32.5099983215332,32.939998626708984,32.310001373291016,32.86000061035156,27.496868133544922,5725000
2018-11-16,33.34000015258789,33.650001525878906,33.13999938964844,33.31999969482422,27.881793975830078,6020500
2018-11-19,33.290000915527344,33.70000076293945,32.63999938964844,32.790000915527344,27.43829917907715,5785500
2018-11-20,33.150001525878906,33.150001525878906,32.369998931884766,32.900001525878906,27.530338287353516,4627100
2018-11-21,32.959999084472656,33.70000076293945,32.959999084472656,33.59000015258789,28.107728958129883,4663300
2018-11-23,33.34000015258789,33.34000015258789,32.349998474121094,32.459999084472656,27.16215705871582,2598300
2018-11-26,32.58000183105469,33.130001068115234,32.310001373291016,32.470001220703125,27.17052459716797,4285100
2018-11-27,32.43000030517578,32.599998474121094,31.649999618530273,31.959999084472656,26.743759155273438,5086800
2018-11-28,32.0099983215332,32.720001220703125,31.600000381469727,32.689998626708984,27.3546142578125,4735200
2018-11-29,32.90999984741211,32.95000076293945,32.34000015258789,32.34000015258789,27.06174087524414,3673600
2018-11-30,32.189998626708984,32.380001068115234,31.760000228881836,32.34000015258789,27.06174087524414,7679800
2018-12-03,32.79999923706055,33.33000183105469,32.59000015258789,33.220001220703125,27.79811668395996,4446500
2018-12-04,33.439998626708984,34.130001068115234,33.31999969482422,33.790000915527344,28.27509117126465,6370900
2018-12-06,33.560001373291016,33.810001373291016,32.41999816894531,32.65999984741211,27.443218231201172,9165900
2018-12-07,32.939998626708984,33.720001220703125,32.56999969482422,33.38999938964844,28.05661392211914,6958000
2018-12-10,33.40999984741211,34.4900016784668,33.33000183105469,33.529998779296875,28.17425537109375,8010700
2018-12-11,33.77000045776367,33.939998626708984,33.209999084472656,33.34000015258789,28.014604568481445,5322100
2018-12-12,33.5,34.2400016784668,33.45000076293945,34.08000183105469,28.636404037475586,4670500
2018-12-13,34.13999938964844,34.2400016784668,33.66999816894531,34.040000915527344,28.6027889251709,5358900
2018-12-14,33.56999969482422,33.7400016784668,33.209999084472656,33.310001373291016,27.989395141601562,5086300
2018-12-17,33.540000915527344,33.93000030517578,33.40999984741211,33.61000061035156,28.241472244262695,6937100
2018-12-18,33.45000076293945,34.599998474121094,33.45000076293945,34.15999984741211,28.703617095947266,7394100
2018-12-19,34.22999954223633,34.66999816894531,32.0,32.09000015258789,26.96426010131836,10052400
2018-12-20,33.0,34.380001068115234,32.93000030517578,34.09000015258789,28.644800186157227,10694100
2018-12-21,34.220001220703125,34.66999816894531,33.45000076293945,33.529998779296875,28.17425537109375,16320500
2018-12-24,33.97999954223633,34.689998626708984,33.90999984741211,34.58000183105469,29.056535720825195,4266700
2018-12-26,34.869998931884766,35.040000915527344,34.09000015258789,34.529998779296875,29.01451873779297,5665200
2018-12-27,34.65999984741211,34.9900016784668,34.34000015258789,34.9900016784668,29.401042938232422,5537300
2018-12-28,34.83000183105469,35.08000183105469,34.279998779296875,34.470001220703125,28.9641056060791,5419500
2018-12-31,34.470001220703125,34.709999084472656,34.119998931884766,34.650001525878906,29.115352630615234,4149100
2019-01-02,34.45000076293945,34.779998779296875,33.939998626708984,34.47999954223633,28.972503662109375,4094800
2019-01-03,34.7400016784668,34.869998931884766,34.04999923706055,34.380001068115234,28.88848114013672,5763200
2019-01-04,33.90999984741211,34.4900016784668,33.279998779296875,34.380001068115234,28.88848114013672,8622600
2019-01-07,34.66999816894531,34.93000030517578,33.79999923706055,33.970001220703125,28.54396629333496,4868600
2019-01-08,33.630001068115234,34.08000183105469,33.38999938964844,34.06999969482422,28.627992630004883,6457200
2019-01-09,34.02000045776367,34.540000915527344,33.970001220703125,34.369998931884766,28.88007164001465,5259700
2019-01-10,34.29999923706055,34.93000030517578,34.189998626708984,34.81999969482422,29.25819969177246,5008400
2019-01-11,34.90999984741211,35.18000030517578,34.7400016784668,34.880001068115234,29.308618545532227,3821500
2019-01-14,32.849998474121094,33.4900016784668,31.649999618530273,31.780000686645508,26.703779220581055,28513700
2019-01-15,31.770000457763672,31.969999313354492,30.670000076293945,31.020000457763672,26.065174102783203,15514100
2019-01-16,31.079999923706055,31.959999084472656,31.0,31.559999465942383,26.5189151763916,8730200
2019-01-17,31.549999237060547,31.639999389648438,31.209999084472656,31.6200008392334,26.569337844848633,5386400
2019-01-18,31.5,32.13999938964844,31.31999969482422,31.770000457763672,26.695377349853516,8021500
2019-01-22,31.760000228881836,32.189998626708984,31.450000762939453,32.099998474121094,26.972660064697266,8188700
2019-01-23,31.90999984741211,32.47999954223633,31.729999542236328,32.20000076293945,27.05669403076172,8544500
2019-01-24,32.0,32.2400016784668,31.84000015258789,32.18000030517578,27.039886474609375,6683400
2019-01-25,32.65999984741211,33.20000076293945,32.56999969482422,33.15999984741211,27.86334991455078,10288800
2019-01-28,33.34000015258789,33.5,32.66999816894531,32.90999984741211,27.653289794921875,10985700
2019-01-29,33.310001373291016,33.59000015258789,32.790000915527344,33.540000915527344,28.18265151977539,8387900
2019-01-30,33.58000183105469,34.189998626708984,33.060001373291016,33.709999084472656,28.32550048828125,6900700
2019-01-31,33.869998931884766,34.25,33.529998779296875,34.11000061035156,28.66160774230957,8441500
2019-02-01,34.130001068115234,34.15999984741211,33.36000061035156,33.84000015258789,28.434736251831055,6208800
2019-02-04,33.43000030517578,34.209999084472656,33.310001373291016,34.15999984741211,28.703617095947266,5382900
2019-02-05,34.099998474121094,34.150001525878906,33.70000076293945,34.119998931884766,28.670011520385742,4709300
2019-02-06,33.81999969482422,34.310001373291016,33.81999969482422,33.97999954223633,28.552371978759766,4864300
2019-02-07,33.869998931884766,34.290000915527344,33.58000183105469,33.72999954223633,28.342304229736328,4099300
2019-02-08,33.86000061035156,33.97999954223633,33.5099983215332,33.84000015258789,28.434736251831055,4209200
2019-02-11,33.52000045776367,33.880001068115234,33.40999984741211,33.650001525878906,28.27508544921875,3945800
2019-02-12,33.810001373291016,33.810001373291016,33.279998779296875,33.38999938964844,28.05661392211914,5833400
2019-02-13,33.279998779296875,33.65999984741211,33.119998931884766,33.22999954223633,27.922168731689453,5427600
2019-02-14,33.099998474121094,33.310001373291016,32.75,33.11000061035156,27.82134246826172,7110100
2019-02-15,33.380001068115234,33.47999954223633,32.959999084472656,33.2400016784668,27.93058204650879,6160000
2019-02-19,33.619998931884766,34.7400016784668,33.0,34.529998779296875,29.01451873779297,10131300
2019-02-20,34.7599983215332,35.86000061035156,34.400001525878906,35.38999938964844,29.737150192260742,11737000
2019-02-21,35.70000076293945,36.099998474121094,34.47999954223633,35.40999984741211,29.75395965576172,12114500
2019-02-22,36.189998626708984,37.630001068115234,35.83000183105469,36.47999954223633,30.653045654296875,33898300
2019-02-25,36.29999923706055,36.4900016784668,35.439998626708984,36.099998474121094,30.333740234375,14348900
2019-02-26,35.97999954223633,36.20000076293945,34.72999954223633,34.95000076293945,29.367441177368164,13697700
2019-02-27,34.869998931884766,34.900001525878906,33.79999923706055,34.02000045776367,28.585983276367188,13571800
2019-02-28,33.91999816894531,34.310001373291016,33.79999923706055,34.119998931884766,28.670011520385742,9454900
2019-03-01,33.810001373291016,34.47999954223633,33.66999816894531,33.81999969482422,28.417936325073242,11698200
2019-03-04,33.79999923706055,34.5099983215332,33.65999984741211,34.45000076293945,28.94729995727539,11457400
2019-03-05,34.31999969482422,34.75,34.209999084472656,34.5,28.98931312561035,8590900
2019-03-06,34.380001068115234,34.41999816894531,33.09000015258789,33.13999938964844,27.96000862121582,13029900
2019-03-07,33.06999969482422,33.41999816894531,32.939998626708984,33.220001220703125,28.02750015258789,16102400
2019-03-08,33.75,34.040000915527344,33.209999084472656,33.709999084472656,28.4409122467041,8988600
2019-03-11,33.279998779296875,33.810001373291016,32.459999084472656,33.45000076293945,28.2215518951416,40174200
2019-03-12,33.630001068115234,34.630001068115234,33.52000045776367,34.52000045776367,29.124303817749023,19818400
2019-03-13,34.72999954223633,34.939998626708984,34.20000076293945,34.40999984741211,29.031492233276367,17027300
2019-03-14,33.779998779296875,34.040000915527344,33.38999938964844,33.41999816894531,28.196231842041016,11498800
2019-03-15,33.54999923706055,33.88999938964844,32.90999984741211,33.13999938964844,27.96000862121582,14393100
2019-03-18,33.31999969482422,33.38999938964844,32.95000076293945,33.0,27.841888427734375,8772100
2019-03-19,33.2400016784668,33.790000915527344,33.18000030517578,33.279998779296875,28.07811737060547,9453900
2019-03-20,33.20000076293945,33.95000076293945,32.65999984741211,33.869998931884766,28.575899124145508,13382000
2019-03-21,33.86000061035156,34.47999954223633,33.58000183105469,34.33000183105469,28.964000701904297,15559800
2019-03-22,34.04999923706055,34.79999923706055,33.54999923706055,34.5,29.107431411743164,31349200
2019-03-25,34.810001373291016,35.279998779296875,34.5,34.900001525878906,29.444908142089844,26182900
2019-03-26,34.540000915527344,35.560001373291016,34.540000915527344,35.560001373291016,30.001741409301758,23925300
2019-03-27,35.650001525878906,35.84000015258789,35.38999938964844,35.709999084472656,30.12828826904297,11174200
2019-03-28,35.16999816894531,35.93000030517578,35.060001373291016,35.56999969482422,30.010175704956055,9611800
2019-03-29,35.810001373291016,36.029998779296875,35.599998474121094,35.77000045776367,30.17892074584961,9924500
2019-04-01,35.84000015258789,36.029998779296875,35.43000030517578,35.61000061035156,30.043922424316406,9228300
2019-04-02,35.5099983215332,35.91999816894531,35.380001068115234,35.83000183105469,30.229536056518555,11167100
2019-04-03,35.869998931884766,36.099998474121094,35.709999084472656,35.95000076293945,30.330785751342773,8077000
2019-04-04,35.939998626708984,36.4900016784668,35.630001068115234,36.47999954223633,30.777936935424805,10703000
2019-04-05,36.349998474121094,36.529998779296875,36.11000061035156,36.5,30.79482078552246,5761500
2019-04-08,36.709999084472656,36.83000183105469,36.349998474121094,36.65999984741211,30.929807662963867,6306500
2019-04-09,36.70000076293945,36.779998779296875,36.209999084472656,36.599998474121094,30.879179000854492,5079800
2019-04-10,36.529998779296875,36.689998626708984,36.20000076293945,36.27000045776367,30.60076332092285,6562100
2019-04-11,35.93000030517578,36.279998779296875,35.650001525878906,35.970001220703125,30.347658157348633,10950300
2019-04-12,36.11000061035156,36.41999816894531,35.599998474121094,36.25,30.583890914916992,10550700
2019-04-15,35.97999954223633,36.220001220703125,35.779998779296875,36.16999816894531,30.516393661499023,13278300
2019-04-16,35.16999816894531,35.220001220703125,34.689998626708984,34.790000915527344,30.08403205871582,11176500
2019-04-17,34.63999938964844,34.959999084472656,33.970001220703125,34.18000030517578,29.556547164916992,82542900
2019-04-18,34.150001525878906,34.220001220703125,32.869998931884766,33.040000915527344,28.57075309753418,26298500
2019-04-22,33.2400016784668,33.25,32.349998474121094,32.54999923706055,28.14702796936035,12610600
2019-04-23,32.2599983215332,32.63999938964844,32.2400016784668,32.369998931884766,27.991378784179688,11636200
2019-04-24,32.36000061035156,32.599998474121094,32.08000183105469,32.20000076293945,27.844377517700195,12384500
2019-04-25,32.83000183105469,32.83000183105469,31.170000076293945,31.6299991607666,27.35147476196289,11454200
2019-04-26,31.8700008392334,31.940000534057617,31.3700008392334,31.459999084472656,27.2044734954834,11462100
2019-04-29,31.34000015258789,31.450000762939453,30.59000015258789,30.760000228881836,26.59916114807129,13552700
2019-04-30,30.739999771118164,31.09000015258789,30.530000686645508,31.059999465942383,26.858579635620117,9588600
2019-05-01,30.899999618530273,31.06999969482422,30.079999923706055,30.31999969482422,26.21867561340332,7707000
2019-05-02,30.040000915527344,30.420000076293945,29.940000534057617,30.100000381469727,26.02843475341797,8289700
2019-05-03,30.43000030517578,30.639999389648438,30.18000030517578,30.219999313354492,26.1322021484375,7044100
2019-05-06,30.110000610351562,30.1299991607666,29.81999969482422,29.940000534057617,25.890079498291016,6190800
2019-05-07,30.0,30.829999923706055,29.860000610351562,30.719999313354492,26.564571380615234,13692300
2019-05-08,30.860000610351562,31.1299991607666,30.010000228881836,30.200000762939453,26.114912033081055,8983600
2019-05-09,30.1200008392334,30.459999084472656,29.84000015258789,29.93000030517578,25.881427764892578,6850800
2019-05-10,29.979999542236328,30.3700008392334,29.770000457763672,30.149999618530273,26.07166862487793,7544400
2019-05-13,30.469999313354492,31.079999923706055,30.209999084472656,30.90999984741211,26.72886848449707,9641700
2019-05-14,30.850000381469727,30.889999389648438,30.6200008392334,30.829999923706055,26.65969467163086,6982100
2019-05-15,30.950000762939453,31.010000228881836,30.6299991607666,30.690000534057617,26.53862762451172,9298100
2019-05-16,30.5,30.700000762939453,30.209999084472656,30.549999237060547,26.417566299438477,6742100
2019-05-17,30.420000076293945,30.979999542236328,30.31999969482422,30.920000076293945,26.737516403198242,6777900
2019-05-20,30.899999618530273,31.43000030517578,30.799999237060547,31.170000076293945,26.95370101928711,6864800
2019-05-21,30.93000030517578,31.450000762939453,30.799999237060547,31.34000015258789,27.1007080078125,7162200
2019-05-22,31.3700008392334,31.540000915527344,31.209999084472656,31.31999969482422,27.083410263061523,7263000
2019-05-23,31.600000381469727,32.029998779296875,31.31999969482422,31.639999389648438,27.360124588012695,8810000
2019-05-24,31.540000915527344,31.969999313354492,31.469999313354492,31.920000076293945,27.602251052856445,6135400
2019-05-28,31.75,31.8799991607666,31.469999313354492,31.670000076293945,27.38606834411621,11372900
2019-05-29,31.579999923706055,31.709999084472656,31.100000381469727,31.600000381469727,27.32553482055664,6370900
2019-05-30,31.719999313354492,32.16999816894531,31.600000381469727,32.09000015258789,27.74925422668457,6749100
2019-05-31,32.459999084472656,33.400001525878906,32.369998931884766,33.09000015258789,28.613983154296875,13522400
2019-06-03,33.29999923706055,33.630001068115234,32.86000061035156,33.630001068115234,29.080944061279297,11862600
2019-06-04,33.5,34.36000061035156,33.25,34.36000061035156,29.71219825744629,12264300
2019-06-05,34.540000915527344,34.75,34.060001373291016,34.4900016784668,29.946632385253906,10111000
2019-06-06,34.61000061035156,35.400001525878906,34.5099983215332,35.310001373291016,30.65860939025879,11645600
2019-06-07,35.4900016784668,35.849998474121094,35.2599983215332,35.66999816894531,30.971181869506836,11352800
2019-06-10,35.13999938964844,35.34000015258789,34.84000015258789,35.290000915527344,30.6412353515625,9607000
2019-06-11,35.2599983215332,35.38999938964844,34.83000183105469,34.91999816894531,30.319982528686523,15816500
2019-06-12,35.09000015258789,35.66999816894531,35.09000015258789,35.470001220703125,30.79753875732422,9086200
2019-06-13,35.529998779296875,35.84000015258789,35.369998931884766,35.54999923706055,30.866994857788086,8126100
2019-06-14,35.7599983215332,36.2400016784668,35.689998626708984,35.93000030517578,31.196931838989258,9563500
2019-06-17,35.90999984741211,36.25,35.65999984741211,36.220001220703125,31.44873046875,7435200
2019-06-18,36.5,36.630001068115234,35.810001373291016,36.0099983215332,31.266401290893555,9284700
2019-06-19,35.7599983215332,36.5,35.61000061035156,36.36000061035156,31.570287704467773,11639800
2019-06-20,37.599998474121094,38.470001220703125,37.369998931884766,37.58000183105469,32.62958908081055,19911400
2019-06-21,37.599998474121094,37.880001068115234,37.27000045776367,37.4900016784668,32.55143737792969,19060400
2019-06-24,37.7400016784668,38.439998626708984,37.41999816894531,38.439998626708984,33.37629318237305,13605300
2019-06-25,38.650001525878906,38.7400016784668,37.939998626708984,37.939998626708984,32.942161560058594,13505400
2019-06-26,37.45000076293945,38.31999969482422,37.209999084472656,38.27000045776367,33.228694915771484,9849000
2019-06-27,37.880001068115234,38.130001068115234,37.689998626708984,38.08000183105469,33.063716888427734,7232900
2019-06-28,38.040000915527344,38.47999954223633,37.869998931884766,38.470001220703125,33.40235137939453,9132600
2019-07-01,37.630001068115234,37.9900016784668,37.209999084472656,37.90999984741211,32.91611099243164,8806600
2019-07-02,38.040000915527344,38.529998779296875,37.79999923706055,38.439998626708984,33.37629318237305,7180100
2019-07-03,38.58000183105469,38.90999984741211,38.290000915527344,38.7599983215332,33.654151916503906,5049300
2019-07-05,37.869998931884766,38.529998779296875,37.36000061035156,38.41999816894531,33.358924865722656,6581900
2019-07-08,38.58000183105469,38.66999816894531,38.029998779296875,38.290000915527344,33.24605178833008,4820500
2019-07-09,38.02000045776367,38.7599983215332,38.0,38.7599983215332,33.654151916503906,5115100
2019-07-10,38.9900016784668,39.130001068115234,38.7400016784668,39.04999923706055,33.90593719482422,6114200
2019-07-11,38.97999954223633,39.400001525878906,38.75,39.279998779296875,34.105648040771484,6613800
2019-07-12,39.369998931884766,39.4900016784668,39.15999984741211,39.41999816894531,34.22719955444336,4164500
2019-07-15,39.380001068115234,39.470001220703125,38.849998474121094,39.16999816894531,34.01013946533203,4264800
2019-07-16,39.119998931884766,39.2400016784668,38.54999923706055,38.689998626708984,33.59336471557617,6542500
2019-07-17,38.790000915527344,39.31999969482422,38.630001068115234,39.060001373291016,33.91463088989258,6436300
2019-07-18,38.84000015258789,39.97999954223633,38.68000030517578,39.70000076293945,34.47031784057617,9096000
2019-07-19,39.279998779296875,39.84000015258789,38.90999984741211,39.290000915527344,34.11433029174805,7218600
2019-07-22,39.36000061035156,39.90999984741211,39.189998626708984,39.900001525878906,34.64397048950195,6543100
2019-07-23,39.84000015258789,40.33000183105469,39.4900016784668,39.619998931884766,34.400856018066406,6647500
2019-07-24,39.59000015258789,39.7599983215332,39.189998626708984,39.29999923706055,34.12300491333008,7806900
2019-07-25,38.33000183105469,39.68000030517578,37.119998931884766,38.25,33.211326599121094,13468500
2019-07-26,38.029998779296875,38.189998626708984,36.900001525878906,37.279998779296875,32.369110107421875,10396600
2019-07-29,37.47999954223633,37.77000045776367,37.189998626708984,37.709999084472656,32.742462158203125,7817300
2019-07-30,37.79999923706055,37.93000030517578,37.380001068115234,37.72999954223633,32.759822845458984,4468900
2019-07-31,37.47999954223633,37.599998474121094,36.029998779296875,36.52000045776367,31.709213256835938,10687000
2019-08-01,35.970001220703125,37.38999938964844,35.650001525878906,37.150001525878906,32.25623321533203,11935000
2019-08-02,36.83000183105469,37.2599983215332,36.65999984741211,36.90999984741211,32.0478401184082,5882600
2019-08-05,37.90999984741211,38.2599983215332,37.25,37.41999816894531,32.49066162109375,10606100
2019-08-06,37.279998779296875,38.06999969482422,37.040000915527344,37.9900016784668,32.98557662963867,7883800
2019-08-07,38.79999923706055,39.939998626708984,38.77000045776367,39.349998474121094,34.166419982910156,15810900
2019-08-08,39.029998779296875,39.45000076293945,38.79999923706055,39.290000915527344,34.11433029174805,8680600
2019-08-09,39.22999954223633,39.5,38.959999084472656,39.029998779296875,33.888580322265625,6166300
2019-08-12,39.34000015258789,39.459999084472656,38.130001068115234,38.459999084472656,33.39366912841797,6651400
2019-08-13,39.11000061035156,39.11000061035156,37.27000045776367,37.65999984741211,32.69904708862305,10083500
2019-08-14,38.599998474121094,39.22999954223633,37.959999084472656,37.970001220703125,32.96821212768555,11955500
2019-08-15,37.810001373291016,38.689998626708984,37.72999954223633,38.52000045776367,33.44575881958008,6283300
2019-08-16,38.150001525878906,38.650001525878906,38.099998474121094,38.58000183105469,33.497859954833984,6727800
2019-08-19,38.029998779296875,38.4900016784668,37.84000015258789,38.130001068115234,33.10713577270508,5102000
2019-08-20,38.2599983215332,38.81999969482422,38.189998626708984,38.56999969482422,33.48917770385742,8847000
2019-08-21,38.33000183105469,38.650001525878906,38.20000076293945,38.529998779296875,33.454437255859375,4826200
2019-08-22,38.43000030517578,38.7599983215332,38.29999923706055,38.4900016784668,33.419708251953125,4176600
2019-08-23,38.83000183105469,39.70000076293945,38.52000045776367,39.29999923706055,34.12300491333008,10360100
2019-08-26,39.54999923706055,39.900001525878906,39.209999084472656,39.45000076293945,34.25325012207031,5598000
2019-08-27,39.61000061035156,40.9900016784668,39.560001373291016,40.75,35.38199996948242,9059900
2019-08-28,40.959999084472656,41.22999954223633,40.470001220703125,40.869998931884766,35.48618698120117,7510800
2019-08-29,40.959999084472656,40.970001220703125,39.779998779296875,40.11000061035156,34.8263053894043,6952000
2019-08-30,39.959999084472656,40.279998779296875,39.630001068115234,39.88999938964844,34.63528823852539,7082600
2019-09-03,40.0099983215332,40.93000030517578,40.0,40.38999938964844,35.06942367553711,7728300
2019-09-04,40.52000045776367,41.060001373291016,40.2599983215332,41.02000045776367,35.61642837524414,4671000
2019-09-05,40.7599983215332,40.79999923706055,38.959999084472656,39.34000015258789,34.157737731933594,10148300
2019-09-06,39.439998626708984,39.58000183105469,38.619998931884766,38.65999984741211,33.56730651855469,7188000
2019-09-09,39.2400016784668,39.75,37.75,38.060001373291016,33.04635238647461,8940800
2019-09-10,37.7599983215332,38.58000183105469,37.54999923706055,38.15999984741211,33.133174896240234,6777700
2019-09-11,38.43000030517578,39.47999954223633,38.310001373291016,38.720001220703125,33.74320983886719,7710000
2019-09-12,39.720001220703125,40.16999816894531,38.619998931884766,38.65999984741211,33.690921783447266,8816600
2019-09-13,38.7599983215332,39.02000045776367,38.189998626708984,38.619998931884766,33.65605926513672,9773600
2019-09-16,39.04999923706055,39.20000076293945,38.08000183105469,38.47999954223633,33.534053802490234,9420200
2019-09-17,38.61000061035156,40.16999816894531,38.52000045776367,39.599998474121094,34.510093688964844,10407300
2019-09-18,39.529998779296875,39.790000915527344,38.290000915527344,39.04999923706055,34.030792236328125,7375600
2019-09-19,39.380001068115234,39.58000183105469,39.11000061035156,39.38999938964844,34.327091217041016,4005200
2019-09-20,39.5,39.900001525878906,39.29999923706055,39.84000015258789,34.71924591064453,8300400
2019-09-23,39.79999923706055,40.15999984741211,39.540000915527344,39.849998474121094,34.72797393798828,6390400
2019-09-24,39.45000076293945,40.650001525878906,39.36000061035156,40.290000915527344,35.111412048339844,7122400
2019-09-25,40.099998474121094,40.20000076293945,39.11000061035156,39.56999969482422,34.48395538330078,5889800
2019-09-26,39.59000015258789,39.86000061035156,39.13999938964844,39.369998931884766,34.309669494628906,6263800
2019-09-27,38.70000076293945,38.790000915527344,38.310001373291016,38.400001525878906,33.46434783935547,9737400
2019-09-30,37.630001068115234,38.36000061035156,37.45000076293945,37.91999816894531,33.04603576660156,8069500
2019-10-01,37.54999923706055,38.220001220703125,37.470001220703125,37.560001373291016,32.732303619384766,7493200
2019-10-02,38.119998931884766,38.29999923706055,37.47999954223633,37.869998931884766,33.002471923828125,7175800
2019-10-03,38.15999984741211,38.77000045776367,37.95000076293945,38.119998931884766,33.22032928466797,5497600
2019-10-04,37.880001068115234,38.560001373291016,37.61000061035156,38.310001373291016,33.38591003417969,5038200
2019-10-07,37.959999084472656,38.45000076293945,37.779998779296875,38.2599983215332,33.34233093261719,4426800
2019-10-08,38.72999954223633,38.970001220703125,38.349998474121094,38.91999816894531,33.91749954223633,5972600
2019-10-09,38.81999969482422,39.11000061035156,38.560001373291016,38.779998779296875,33.795501708984375,4984800
2019-10-10,38.88999938964844,39.029998779296875,38.220001220703125,38.939998626708984,33.93492889404297,5189800
2019-10-11,38.400001525878906,38.65999984741211,37.54999923706055,37.619998931884766,32.78459548950195,9358600
2019-10-14,37.56999969482422,38.099998474121094,37.45000076293945,38.0,33.115760803222656,4264300
2019-10-15,37.70000076293945,38.09000015258789,37.63999938964844,37.689998626708984,32.8455924987793,4892900
2019-10-16,37.849998474121094,37.869998931884766,37.2599983215332,37.83000183105469,32.96760940551758,5139700
2019-10-17,37.810001373291016,38.790000915527344,37.65999984741211,38.310001373291016,33.38591003417969,4821800
2019-10-18,38.290000915527344,38.599998474121094,38.08000183105469,38.439998626708984,33.49919891357422,4616100
2019-10-21,38.650001525878906,38.650001525878906,37.720001220703125,37.959999084472656,33.08089065551758,4362000
2019-10-22,37.970001220703125,38.439998626708984,37.709999084472656,37.79999923706055,32.94146728515625,5796800
2019-10-23,38.400001525878906,38.900001525878906,38.040000915527344,38.380001068115234,33.44690704345703,5186200
2019-10-24,38.599998474121094,39.27000045776367,38.45000076293945,39.099998474121094,34.07435989379883,4402300
2019-10-25,39.599998474121094,39.779998779296875,38.9900016784668,39.18000030517578,34.14408493041992,4970600
2019-10-28,38.810001373291016,38.95000076293945,38.529998779296875,38.849998474121094,33.85649490356445,4266500
2019-10-29,38.40999984741211,39.27000045776367,38.279998779296875,38.84000015258789,33.84778594970703,4550200
2019-10-30,38.75,39.310001373291016,38.47999954223633,39.040000915527344,34.02207946777344,4983100
2019-10-31,39.189998626708984,39.7599983215332,39.040000915527344,39.72999954223633,34.62338638305664,5360500
2019-11-01,39.68000030517578,39.86000061035156,39.33000183105469,39.61000061035156,34.5188102722168,6446700
2019-11-04,39.52000045776367,39.59000015258789,38.810001373291016,38.88999938964844,33.891353607177734,7374600
2019-11-05,38.25,38.959999084472656,36.63999938964844,37.54999923706055,32.72358703613281,12383900
2019-11-06,37.720001220703125,37.91999816894531,37.310001373291016,37.650001525878906,32.81074142456055,5998000
2019-11-07,37.369998931884766,37.369998931884766,36.63999938964844,36.93000030517578,32.18327713012695,7555700
2019-11-08,36.2400016784668,36.689998626708984,36.06999969482422,36.61000061035156,31.9044132232666,8739900
2019-11-11,36.5099983215332,36.90999984741211,36.459999084472656,36.709999084472656,31.991554260253906,4957600
2019-11-12,36.79999923706055,37.119998931884766,36.47999954223633,36.900001525878906,32.157135009765625,4522000
2019-11-13,37.029998779296875,37.630001068115234,37.029998779296875,37.369998931884766,32.56673049926758,4728200
2019-11-14,37.5,37.77000045776367,37.369998931884766,37.540000915527344,32.714874267578125,3908500
2019-11-15,37.279998779296875,37.66999816894531,37.189998626708984,37.61000061035156,32.77587890625,3475500
2019-11-18,37.52000045776367,38.08000183105469,37.43000030517578,38.060001373291016,33.16804122924805,4946200
2019-11-19,38.029998779296875,38.72999954223633,37.93000030517578,38.349998474121094,33.4207649230957,5652800
2019-11-20,38.40999984741211,38.75,38.0099983215332,38.470001220703125,33.52533721923828,5026500
2019-11-21,38.369998931884766,38.54999923706055,38.099998474121094,38.209999084472656,33.29876708984375,4116700
2019-11-22,38.27000045776367,38.33000183105469,37.84000015258789,38.09000015258789,33.194175720214844,3573000
2019-11-25,37.90999984741211,38.20000076293945,37.689998626708984,37.7599983215332,32.90659713745117,6133500
2019-11-26,37.84000015258789,38.150001525878906,37.61000061035156,38.13999938964844,33.237754821777344,11105300
2019-11-27,37.83000183105469,38.380001068115234,37.83000183105469,38.18000030517578,33.272621154785156,3772300
2019-11-29,38.18000030517578,38.56999969482422,38.119998931884766,38.400001525878906,33.46434783935547,2883900
2019-12-02,38.29999923706055,39.04999923706055,38.25,38.7400016784668,33.7606315612793,6762000
2019-12-03,39.029998779296875,39.61000061035156,38.88999938964844,39.380001068115234,34.31837463378906,9374200
2019-12-04,39.09000015258789,39.54999923706055,39.029998779296875,39.130001068115234,34.222171783447266,6389700
2019-12-05,39.119998931884766,40.189998626708984,39.08000183105469,40.0,34.983055114746094,9989100
2019-12-06,39.380001068115234,40.0099983215332,39.380001068115234,39.79999923706055,34.80813980102539,6397800
2019-12-09,40.119998931884766,40.189998626708984,39.540000915527344,39.720001220703125,34.73817443847656,6191700
2019-12-10,39.810001373291016,40.040000915527344,39.59000015258789,39.9900016784668,34.97430419921875,7025300
2019-12-11,40.33000183105469,40.95000076293945,40.150001525878906,40.900001525878906,35.770164489746094,7981800
2019-12-12,41.099998474121094,41.279998779296875,40.56999969482422,41.119998931884766,35.96257400512695,7604500
2019-12-13,40.779998779296875,41.40999984741211,40.65999984741211,41.290000915527344,36.111244201660156,5542900
2019-12-16,41.38999938964844,41.45000076293945,40.7400016784668,40.9900016784668,35.84888458251953,6745600
2019-12-17,41.099998474121094,41.209999084472656,40.41999816894531,40.470001220703125,35.39410400390625,6555500
2019-12-18,40.470001220703125,40.9900016784668,40.349998474121094,40.97999954223633,35.84013748168945,9230400
2019-12-19,41.0,41.06999969482422,40.630001068115234,40.880001068115234,35.75267791748047,5743300
2019-12-20,40.939998626708984,41.209999084472656,40.77000045776367,40.93000030517578,35.796409606933594,12074100
2019-12-23,41.0,41.83000183105469,40.849998474121094,41.77000045776367,36.53105926513672,8136500
2019-12-24,41.95000076293945,42.34000015258789,41.81999969482422,42.18000030517578,36.88963317871094,5370200
2019-12-26,42.400001525878906,42.72999954223633,42.279998779296875,42.689998626708984,37.33566665649414,4441100
2019-12-27,42.560001373291016,43.040000915527344,42.54999923706055,42.709999084472656,37.35315704345703,4971700
2019-12-30,42.81999969482422,43.88999938964844,42.81999969482422,43.75,38.26271438598633,5947800
2019-12-31,44.0,44.08000183105469,43.220001220703125,43.45000076293945,38.00034713745117,6608700
2020-01-02,43.54999923706055,43.880001068115234,43.189998626708984,43.220001220703125,37.799190521240234,6287500
2020-01-03,43.75,44.040000915527344,42.790000915527344,42.83000183105469,37.458106994628906,9148900
2020-01-06,43.7599983215332,43.849998474121094,42.97999954223633,43.2599983215332,37.83417510986328,10416400
2020-01-07,43.15999984741211,43.52000045776367,42.97999954223633,43.22999954223633,37.80793380737305,9378300
2020-01-08,43.2599983215332,43.38999938964844,41.959999084472656,42.08000183105469,36.80217742919922,9455300
2020-01-09,41.7400016784668,42.2599983215332,41.54999923706055,41.65999984741211,36.43484878540039,6096000
2020-01-10,41.72999954223633,42.349998474121094,41.70000076293945,42.27000045776367,36.968353271484375,6672600
2020-01-13,42.529998779296875,42.90999984741211,42.36000061035156,42.45000076293945,37.12575912475586,4808200
2020-01-14,42.27000045776367,42.849998474121094,42.11000061035156,42.83000183105469,37.458106994628906,6072600
2020-01-15,42.9900016784668,43.650001525878906,42.869998931884766,43.52000045776367,38.06156921386719,5997900
2020-01-16,43.45000076293945,43.84000015258789,43.09000015258789,43.81999969482422,38.323936462402344,5895500
2020-01-17,43.84000015258789,44.0099983215332,43.36000061035156,43.47999954223633,38.026573181152344,9702500
2020-01-21,43.22999954223633,43.7599983215332,43.09000015258789,43.709999084472656,38.22773361206055,7471400
2020-01-22,43.7400016784668,43.86000061035156,43.41999816894531,43.779998779296875,38.28894805908203,4257500
2020-01-23,43.25,43.93000030517578,43.130001068115234,43.70000076293945,38.218990325927734,5526700
2020-01-24,43.650001525878906,44.36000061035156,43.459999084472656,44.290000915527344,38.734989166259766,5677500
2020-01-27,44.83000183105469,45.36000061035156,44.25,44.560001373291016,38.97112274169922,7131800
2020-01-28,44.209999084472656,44.4900016784668,43.7400016784668,44.29999923706055,38.74373245239258,6324400
2020-01-29,44.29999923706055,44.709999084472656,44.040000915527344,44.619998931884766,39.02360153198242,4064400
2020-01-30,44.900001525878906,45.220001220703125,44.43000030517578,44.970001220703125,39.32969284057617,6521700
2020-01-31,44.95000076293945,45.40999984741211,44.869998931884766,45.060001373291016,39.40841293334961,7670900
2020-02-03,44.81999969482422,45.709999084472656,44.79999923706055,45.59000015258789,39.87193298339844,8395300
2020-02-04,44.91999816894531,44.970001220703125,43.529998779296875,44.22999954223633,38.68251037597656,10062600
2020-02-05,44.06999969482422,44.470001220703125,43.849998474121094,44.29999923706055,38.74373245239258,7318000
2020-02-06,44.33000183105469,44.599998474121094,44.16999816894531,44.38999938964844,38.82243728637695,4995000
2020-02-07,44.58000183105469,44.689998626708984,43.93000030517578,44.02000045776367,38.49885559082031,4691300
2020-02-10,44.09000015258789,44.63999938964844,44.029998779296875,44.41999816894531,38.84868240356445,4596500
2020-02-11,44.40999984741211,44.66999816894531,44.060001373291016,44.220001220703125,38.673770904541016,4584700
2020-02-12,44.099998474121094,44.36000061035156,43.619998931884766,43.88999938964844,38.385154724121094,4985100
2020-02-13,44.349998474121094,44.380001068115234,43.779998779296875,44.0099983215332,38.4901008605957,6076700
2020-02-14,43.880001068115234,44.34000015258789,43.79999923706055,44.06999969482422,38.542579650878906,6226600
2020-02-18,44.310001373291016,45.72999954223633,44.2599983215332,45.58000183105469,39.863189697265625,7514400
2020-02-19,45.75,46.41999816894531,45.599998474121094,46.16999816894531,40.37919235229492,8137500
2020-02-20,46.59000015258789,48.9900016784668,46.400001525878906,48.099998474121094,42.0671272277832,12255900
2020-02-21,48.959999084472656,49.59000015258789,48.34000015258789,49.439998626708984,43.23904800415039,10402900
2020-02-24,51.150001525878906,51.34000015258789,49.97999954223633,50.2599983215332,43.956207275390625,14746600
2020-02-25,49.5,51.06999969482422,49.060001373291016,49.13999938964844,42.97667694091797,11595000
2020-02-26,48.880001068115234,49.84000015258789,48.5099983215332,49.400001525878906,43.20406723022461,8875600
2020-02-27,49.939998626708984,50.16999816894531,46.41999816894531,46.529998779296875,40.69404220581055,13346800
2020-02-28,43.689998626708984,44.970001220703125,42.369998931884766,44.630001068115234,39.032344818115234,20171200
2020-03-02,45.650001525878906,46.90999984741211,45.38999938964844,46.83000183105469,40.956417083740234,12708700
2020-03-03,47.04999923706055,50.939998626708984,46.540000915527344,49.72999954223633,43.49268341064453,18278800
2020-03-04,50.20000076293945,51.06999969482422,48.54999923706055,51.0,44.72931671142578,10207100
2020-03-05,51.209999084472656,52.2400016784668,50.43000030517578,52.08000183105469,45.67652893066406,9960700
2020-03-06,52.18000030517578,52.5,50.15999984741211,52.349998474121094,45.913326263427734,12278100
2020-03-09,50.0,50.58000183105469,47.75,47.779998779296875,41.90522003173828,12440500
2020-03-10,48.54999923706055,48.90999984741211,46.369998931884766,48.380001068115234,42.43144989013672,13334700
2020-03-11,47.459999084472656,48.29999923706055,44.86000061035156,46.02000045776367,40.361629486083984,11533000
2020-03-12,41.34000015258789,47.849998474121094,39.529998779296875,44.439998626708984,38.97589111328125,14944800
2020-03-13,45.90999984741211,46.20000076293945,39.38999938964844,39.5,34.64329528808594,17784400
2020-03-16,34.380001068115234,43.189998626708984,33.0,40.72999954223633,35.7220573425293,17769500
2020-03-17,40.599998474121094,46.470001220703125,40.58000183105469,45.79999923706055,40.168678283691406,13940500
2020-03-18,44.47999954223633,46.869998931884766,40.0099983215332,41.56999969482422,36.458778381347656,12221100
2020-03-19,41.439998626708984,46.36000061035156,37.130001068115234,41.7400016784668,36.607872009277344,10520200
2020-03-20,42.349998474121094,43.02000045776367,39.150001525878906,40.560001373291016,35.572959899902344,11641500
2020-03-23,41.439998626708984,43.939998626708984,40.38999938964844,41.65999984741211,36.53770446777344,11250200
2020-03-24,45.119998931884766,48.29999923706055,43.61000061035156,47.5,41.65966033935547,11861300
2020-03-25,47.150001525878906,48.95000076293945,45.27000045776367,47.540000915527344,41.69474411010742,11293700
2020-03-26,48.189998626708984,50.290000915527344,46.91999816894531,48.279998779296875,42.34375,10892400
2020-03-27,47.2599983215332,48.88999938964844,45.709999084472656,46.349998474121094,40.65105438232422,8734900
2020-03-30,46.400001525878906,48.79999923706055,45.63999938964844,46.36000061035156,40.659828186035156,8988400
2020-03-31,45.68000030517578,47.70000076293945,44.59000015258789,45.279998779296875,39.712615966796875,10537400
2020-04-01,45.040000915527344,47.290000915527344,44.779998779296875,46.470001220703125,40.75630187988281,8534100
2020-04-02,47.06999969482422,49.75,46.560001373291016,48.22999954223633,42.29990005493164,9184000
2020-04-03,48.27000045776367,49.599998474121094,47.06999969482422,47.150001525878906,41.352691650390625,7800400
2020-04-06,48.43000030517578,51.13999938964844,48.43000030517578,50.11000061035156,43.94874572753906,11003900
2020-04-07,50.06999969482422,51.40999984741211,49.36000061035156,49.959999084472656,43.81718826293945,7001900
2020-04-08,49.790000915527344,50.779998779296875,49.36000061035156,50.529998779296875,44.31710433959961,5422000
2020-04-09,51.130001068115234,57.70000076293945,51.130001068115234,57.310001373291016,50.26347351074219,15204400
2020-04-13,57.220001220703125,60.459999084472656,56.33000183105469,59.77000045776367,52.4210090637207,11329700
2020-04-14,60.08000183105469,61.529998779296875,58.810001373291016,59.88999938964844,52.526241302490234,11337500
2020-04-15,58.540000915527344,59.70000076293945,57.060001373291016,58.220001220703125,51.06158447265625,8304200
2020-04-16,57.849998474121094,60.0,57.849998474121094,59.900001525878906,52.53502655029297,7570800
2020-04-17,57.08000183105469,59.439998626708984,57.08000183105469,59.22999954223633,51.9473991394043,10473200
2020-04-20,59.130001068115234,60.220001220703125,58.5,59.540000915527344,52.21928024291992,8867500
2020-04-21,58.4900016784668,60.040000915527344,57.63999938964844,59.27000045776367,51.98249053955078,8977800
2020-04-22,60.95000076293945,62.150001525878906,60.5,61.72999954223633,54.140010833740234,8479100
2020-04-23,62.63999938964844,64.6500015258789,62.209999084472656,62.439998626708984,54.76271438598633,7648300
2020-04-24,63.54999923706055,63.880001068115234,61.7599983215332,63.11000061035156,55.35033416748047,6970900
2020-04-27,63.2599983215332,63.68000030517578,60.86000061035156,62.61000061035156,54.91181564331055,5424400
2020-04-28,61.58000183105469,63.2400016784668,60.93000030517578,62.66999816894531,54.96443557739258,6062200
2020-04-29,62.0099983215332,62.79999923706055,60.91999816894531,62.349998474121094,54.683780670166016,7349200
2020-04-30,61.25,62.310001373291016,59.36000061035156,59.47999954223633,52.166656494140625,6981800
2020-05-01,58.650001525878906,61.310001373291016,58.209999084472656,60.9900016784668,53.49100112915039,6214100
2020-05-04,62.099998474121094,63.130001068115234,61.209999084472656,62.7400016784668,55.02583694458008,8285100
2020-05-05,62.689998626708984,65.05999755859375,61.33000183105469,64.91000366210938,56.92901611328125,7367400
2020-05-06,64.0199966430664,64.93000030517578,62.27000045776367,62.43000030517578,54.75394821166992,7239500
2020-05-07,63.34000015258789,65.37000274658203,62.720001220703125,64.55999755859375,56.62205123901367,7032400
2020-05-08,64.9800033569336,66.05999755859375,64.06999969482422,64.55000305175781,56.613285064697266,6370900
2020-05-11,64.06999969482422,64.80999755859375,61.83000183105469,62.95000076293945,55.210018157958984,5997300
2020-05-12,63.20000076293945,64.47000122070312,62.349998474121094,62.47999954223633,54.79780197143555,5181700
2020-05-13,63.34000015258789,64.5,62.58000183105469,63.88999938964844,56.0344352722168,6876200
2020-05-14,64.16999816894531,67.0999984741211,64.08000183105469,66.63999938964844,58.44630813598633,8611300
2020-05-15,67.95999908447266,68.47000122070312,67.0,67.9000015258789,59.551387786865234,7419300
2020-05-18,68.13999938964844,68.7699966430664,65.87999725341797,66.26000213623047,58.113033294677734,8210200
2020-05-19,66.62000274658203,69.12999725341797,66.3499984741211,67.37999725341797,59.0953254699707,7241600
2020-05-20,67.37999725341797,67.75,65.51000213623047,65.72000122070312,57.639427185058594,7607900
2020-05-21,65.0,65.04000091552734,62.29999923706055,63.47999954223633,55.67484664916992,7481000
2020-05-22,64.33999633789062,64.9800033569336,62.779998779296875,63.04999923706055,55.2977180480957,4513000
2020-05-26,61.72999954223633,61.75,59.0,59.209999084472656,51.92985916137695,11325300
2020-05-27,57.11000061035156,58.7400016784668,55.75,58.72999954223633,51.508872985839844,14701700
2020-05-28,60.13999938964844,60.380001068115234,57.939998626708984,58.720001220703125,51.5001106262207,8497400
2020-05-29,60.0,60.29999923706055,58.38999938964844,58.470001220703125,51.280845642089844,23789800
2020-06-01,58.95000076293945,60.5099983215332,58.810001373291016,60.4900016784668,53.0524787902832,8050300
2020-06-02,60.900001525878906,60.90999984741211,57.95000076293945,58.470001220703125,51.280845642089844,7525700
2020-06-03,56.88999938964844,57.650001525878906,55.15999984741211,56.02000045776367,49.34305191040039,11839500
2020-06-04,57.0,57.65999984741211,55.40999984741211,55.900001525878906,49.23735809326172,10132800
2020-06-05,53.959999084472656,54.97999954223633,52.33000183105469,54.7599983215332,48.23323059082031,13454200
2020-06-08,54.38999938964844,55.63999938964844,53.5,55.540000915527344,48.92027282714844,9502300
2020-06-09,57.11000061035156,57.45000076293945,55.72999954223633,57.16999816894531,50.35599136352539,11910600
2020-06-10,58.25,58.86000061035156,55.77000045776367,58.72999954223633,51.73005294799805,12081200
2020-06-11,59.150001525878906,59.880001068115234,54.9900016784668,56.040000915527344,49.36067581176758,15915100
2020-06-12,56.880001068115234,56.9900016784668,55.119998931884766,55.45000076293945,48.84099578857422,8708300
2020-06-15,54.09000015258789,57.13999938964844,53.15999984741211,56.849998474121094,50.074134826660156,12170800
2020-06-16,56.900001525878906,57.56999969482422,55.5099983215332,55.95000076293945,49.281394958496094,10933300
2020-06-17,56.27000045776367,56.939998626708984,55.22999954223633,55.58000183105469,48.955501556396484,10072300
2020-06-18,55.619998931884766,56.630001068115234,55.2400016784668,55.529998779296875,48.91146469116211,9728800
2020-06-19,56.5099983215332,57.400001525878906,55.77000045776367,56.91999816894531,50.13578796386719,19096800
2020-06-22,58.34000015258789,59.88999938964844,57.810001373291016,58.220001220703125,51.280845642089844,14243300
2020-06-23,59.56999969482422,59.900001525878906,58.66999816894531,58.90999984741211,51.888614654541016,12777600
2020-06-24,58.72999954223633,59.54999923706055,57.77000045776367,58.40999984741211,51.44819641113281,8164900
2020-06-25,58.470001220703125,58.709999084472656,57.470001220703125,58.59000015258789,51.60675048828125,6045600
2020-06-26,58.38999938964844,60.09000015258789,57.689998626708984,59.34000015258789,52.267356872558594,18586600
2020-06-29,59.47999954223633,59.95000076293945,58.65999984741211,59.540000915527344,52.443511962890625,7236400
2020-06-30,59.56999969482422,61.970001220703125,59.18000030517578,61.7400016784668,54.38129425048828,9284100
2020-07-01,61.77000045776367,61.77000045776367,59.599998474121094,61.36000061035156,54.04658889770508,10870900
2020-07-02,60.88999938964844,61.9900016784668,60.220001220703125,60.959999084472656,53.69425964355469,8076800
2020-07-06,61.849998474121094,62.310001373291016,60.5,61.18000030517578,53.8880500793457,8335700
2020-07-07,60.86000061035156,62.63999938964844,60.84000015258789,62.470001220703125,55.024295806884766,9097300
2020-07-08,63.790000915527344,64.23999786376953,62.70000076293945,63.43000030517578,55.869873046875,10902300
2020-07-09,64.2699966430664,64.54000091552734,61.560001373291016,62.72999954223633,55.25330352783203,8702200
2020-07-10,62.630001068115234,63.04999923706055,61.619998931884766,61.880001068115234,54.504615783691406,6189000
2020-07-13,62.56999969482422,62.72999954223633,59.459999084472656,59.540000915527344,52.443511962890625,8324400
2020-07-14,59.369998931884766,61.79999923706055,59.04999923706055,61.77000045776367,54.40772247314453,6881600
2020-07-15,61.650001525878906,62.18000030517578,60.40999984741211,62.13999938964844,54.73362350463867,5705300
2020-07-16,61.810001373291016,62.61000061035156,61.209999084472656,61.54999923706055,54.21394729614258,6165200
2020-07-17,62.08000183105469,63.15999984741211,61.77000045776367,62.91999816894531,55.420658111572266,6962700
2020-07-20,63.47999954223633,64.44000244140625,63.209999084472656,64.19000244140625,56.5392951965332,7338500
2020-07-21,65.0,65.44999694824219,63.86000061035156,64.29000091552734,56.62736511230469,7192900
2020-07-22,64.72000122070312,65.55000305175781,63.970001220703125,65.47000122070312,57.66673278808594,7099400
2020-07-23,65.69999694824219,67.08000183105469,64.63999938964844,65.7699966430664,57.930965423583984,9992800
2020-07-24,66.26000213623047,66.80000305175781,65.8499984741211,66.75,58.79417037963867,6951000
2020-07-27,68.69000244140625,70.30000305175781,68.08999633789062,69.04000091552734,60.811222076416016,12918300
2020-07-28,67.88999938964844,69.2300033569336,67.2300033569336,68.58999633789062,60.41486358642578,6533400
2020-07-29,68.77999877929688,68.83999633789062,66.8499984741211,67.88999938964844,59.798282623291016,7333900
2020-07-30,66.20999908447266,67.86000061035156,64.52999877929688,65.66000366210938,57.834083557128906,7179200
2020-07-31,66.61000061035156,69.22000122070312,65.76000213623047,69.19999694824219,60.9521598815918,8988200
2020-08-03,69.19999694824219,69.4000015258789,67.48999786376953,68.1500015258789,60.02729415893555,6137400
2020-08-04,68.37000274658203,70.44999694824219,67.30000305175781,70.25,61.877010345458984,7627100
2020-08-05,71.76000213623047,72.22000122070312,69.77999877929688,70.37000274658203,61.98271942138672,7661800
2020-08-06,71.19000244140625,71.33999633789062,69.3499984741211,70.11000061035156,61.753700256347656,6786500
2020-08-07,69.0199966430664,69.48999786376953,68.36000061035156,68.91000366210938,60.69673156738281,6067700
2020-08-10,69.25,70.4000015258789,67.51000213623047,67.88999938964844,59.798282623291016,5607100
2020-08-11,64.58999633789062,64.94000244140625,62.650001525878906,62.869998931884766,55.376625061035156,11407200
2020-08-12,64.47000122070312,64.62999725341797,62.689998626708984,62.9900016784668,55.48231506347656,8270200
2020-08-13,64.02999877929688,64.70999908447266,63.34000015258789,64.11000061035156,56.46883010864258,5629400
2020-08-14,64.22000122070312,64.52999877929688,63.36000061035156,63.849998474121094,56.239810943603516,3869200
2020-08-17,66.12000274658203,68.37000274658203,65.55999755859375,68.3499984741211,60.20346450805664,8442100
2020-08-18,69.80000305175781,69.80999755859375,66.76000213623047,67.69999694824219,59.63093185424805,5309200
2020-08-19,67.18000030517578,68.26000213623047,65.38999938964844,65.9800033569336,58.115943908691406,6093700
2020-08-20,65.9800033569336,67.52999877929688,65.7300033569336,67.2300033569336,59.21696090698242,4623200
2020-08-21,66.73999786376953,66.73999786376953,65.22000122070312,65.56999969482422,57.75481033325195,5430200
2020-08-24,66.44999694824219,66.51000213623047,64.77999877929688,65.19999694824219,57.42890167236328,4546900
2020-08-25,65.02999877929688,65.0999984741211,63.2599983215332,64.86000061035156,57.129432678222656,4179400
2020-08-26,64.16000366210938,65.7699966430664,63.970001220703125,65.66999816894531,57.842891693115234,4141400
2020-08-27,66.79000091552734,66.79000091552734,63.709999084472656,64.76000213623047,57.041351318359375,4857900
2020-08-28,65.77999877929688,67.08999633789062,65.27999877929688,66.70999908447266,58.758934020996094,4472500
2020-08-31,66.9800033569336,68.22000122070312,66.68000030517578,67.27999877929688,59.26099395751953,6040600
2020-09-01,68.48999786376953,68.55000305175781,65.86000061035156,67.0199966430664,59.031986236572266,6144000
2020-09-02,66.0,67.55000305175781,64.7699966430664,67.52999877929688,59.48120880126953,7384200
2020-09-03,66.86000061035156,67.05000305175781,64.76000213623047,66.12999725341797,58.24806213378906,7148200
2020-09-04,65.66000366210938,65.81999969482422,63.349998474121094,65.3499984741211,57.561031341552734,6969200
2020-09-08,64.37999725341797,66.93000030517578,63.43000030517578,65.7699966430664,57.930965423583984,6152200
2020-09-09,66.16999816894531,68.41999816894531,66.16000366210938,68.16999816894531,60.27402877807617,5519000
2020-09-10,68.66999816894531,68.8499984741211,66.37000274658203,66.48999786376953,58.78861999511719,4837700
2020-09-11,67.12000274658203,67.62999725341797,65.80999755859375,66.22000122070312,58.54990005493164,4064900
2020-09-14,66.6500015258789,67.58000183105469,66.54000091552734,67.37999725341797,59.57553482055664,5007900
2020-09-15,68.0,68.56999969482422,67.05000305175781,67.55000305175781,59.72584915161133,4301500
2020-09-16,67.83999633789062,68.44000244140625,67.22000122070312,67.29000091552734,59.49596405029297,5526400
2020-09-17,66.1500015258789,66.58999633789062,65.37999725341797,66.31999969482422,58.6383056640625,6656600
2020-09-18,66.20999908447266,66.79000091552734,64.54000091552734,64.70999908447266,57.214786529541016,12537400
2020-09-21,63.400001525878906,64.29000091552734,62.720001220703125,63.66999816894531,56.295249938964844,9673400
2020-09-22,63.779998779296875,64.33999633789062,62.52000045776367,63.45000076293945,56.10073471069336,6165700
2020-09-23,62.9900016784668,63.09000015258789,59.79999923706055,60.220001220703125,53.24485778808594,9235800
2020-09-24,59.720001220703125,62.18000030517578,59.279998779296875,61.439998626708984,54.32354736328125,6268300
2020-09-25,60.720001220703125,61.65999984741211,60.529998779296875,61.41999816894531,54.30586242675781,3833800
2020-09-28,62.0,62.83000183105469,61.310001373291016,62.130001068115234,54.93362808227539,5400800
2020-09-29,62.5,63.45000076293945,62.38999938964844,62.77000045776367,55.49949264526367,4130400
2020-09-30,62.4900016784668,63.900001525878906,61.849998474121094,63.45000076293945,56.10073471069336,7212700
2020-10-01,64.0,64.0999984741211,62.65999984741211,62.83000183105469,55.55255126953125,6503200
2020-10-02,62.63999938964844,63.400001525878906,62.150001525878906,62.290000915527344,55.075096130371094,4646000
2020-10-05,62.29999923706055,63.95000076293945,62.27000045776367,63.130001068115234,55.817806243896484,4476700
2020-10-06,63.29999923706055,63.72999954223633,60.77000045776367,60.81999969482422,53.775360107421875,6970400
2020-10-07,61.36000061035156,61.779998779296875,60.88999938964844,61.16999816894531,54.08481979370117,4121300
2020-10-08,61.470001220703125,62.15999984741211,61.209999084472656,61.720001220703125,54.57111740112305,3913800
2020-10-09,62.720001220703125,62.91999816894531,61.849998474121094,62.81999969482422,55.54370880126953,4874700
2020-10-12,62.709999084472656,63.470001220703125,62.5,62.93000030517578,55.64096450805664,3875000
2020-10-13,62.5099983215332,62.849998474121094,61.630001068115234,62.7599983215332,55.49065399169922,4050400
2020-10-14,63.400001525878906,64.33000183105469,62.900001525878906,64.0,56.5870246887207,4353300
2020-10-15,63.18000030517578,63.63999938964844,62.47999954223633,63.0,55.70286178588867,4091800
2020-10-16,63.150001525878906,63.34000015258789,62.5099983215332,62.66999816894531,55.41107177734375,3582700
2020-10-19,63.150001525878906,63.34000015258789,61.56999969482422,61.709999084472656,54.56227493286133,3138200
2020-10-20,61.88999938964844,62.099998474121094,60.88999938964844,61.189998626708984,54.10249710083008,4656200
2020-10-21,61.66999816894531,62.380001068115234,61.2599983215332,61.47999954223633,54.358909606933594,5037200
2020-10-22,60.81999969482422,60.939998626708984,59.84000015258789,60.540000915527344,53.52778625488281,5104400
2020-10-23,60.380001068115234,60.9900016784668,60.02000045776367,60.470001220703125,53.46590042114258,3243100
2020-10-26,59.970001220703125,61.029998779296875,59.79999923706055,60.31999969482422,53.33327102661133,3783100
2020-10-27,60.56999969482422,61.79999923706055,60.279998779296875,61.650001525878906,54.50922393798828,4457700
2020-10-28,60.540000915527344,60.54999923706055,58.290000915527344,58.650001525878906,51.856712341308594,9871200
2020-10-29,58.880001068115234,61.470001220703125,58.459999084472656,60.34000015258789,53.35095977783203,7026400
2020-10-30,60.939998626708984,62.970001220703125,60.79999923706055,62.84000015258789,55.56138610839844,9150000
2020-11-02,63.25,64.93000030517578,62.61000061035156,64.7300033569336,57.232479095458984,8314100
2020-11-03,65.0999984741211,67.25,65.0999984741211,66.66999816894531,58.947757720947266,7474000
2020-11-04,66.66999816894531,66.87000274658203,64.94000244140625,65.08000183105469,57.541934967041016,8415300
2020-11-05,66.94000244140625,68.30000305175781,66.69999694824219,67.8499984741211,59.991092681884766,8509700
2020-11-06,68.38999938964844,68.44999694824219,67.5,68.13999938964844,60.247493743896484,4664700
2020-11-09,64.25,66.51000213623047,62.869998931884766,66.01000213623047,58.36421585083008,10766800
2020-11-10,65.55000305175781,65.9800033569336,64.25,64.88999938964844,57.373939514160156,7129300
2020-11-11,64.30999755859375,65.66000366210938,63.310001373291016,65.62999725341797,58.028228759765625,8060300
2020-11-12,66.0,66.22000122070312,64.87000274658203,65.0199966430664,57.48887634277344,5337300
2020-11-13,66.0,66.05000305175781,65.33999633789062,65.70999908447266,58.09896469116211,3452200
2020-11-16,65.4000015258789,66.12000274658203,64.91999816894531,65.66999816894531,58.063594818115234,3502600
2020-11-17,65.36000061035156,65.73999786376953,64.44000244140625,64.52999877929688,57.055633544921875,4261300
2020-11-18,64.4000015258789,64.4000015258789,61.4900016784668,61.560001373291016,54.429649353027344,5933300
2020-11-19,60.959999084472656,61.4900016784668,60.43000030517578,61.40999984741211,54.297019958496094,7013900
2020-11-20,62.02000045776367,62.380001068115234,61.130001068115234,61.650001525878906,54.50922393798828,5343100
2020-11-23,60.880001068115234,61.220001220703125,58.58000183105469,58.68000030517578,51.88323211669922,9078000
2020-11-24,57.310001373291016,57.709999084472656,56.54999923706055,56.869998931884766,50.28288269042969,11438800
2020-11-25,57.65999984741211,58.13999938964844,57.310001373291016,57.779998779296875,51.08747482299805,7267100
2020-11-27,57.13999938964844,58.619998931884766,56.7599983215332,58.47999954223633,51.706398010253906,3749900
2020-11-30,57.880001068115234,58.90999984741211,57.459999084472656,58.81999969482422,52.00701904296875,10965200
2020-12-01,59.68000030517578,60.36000061035156,58.459999084472656,60.209999084472656,53.23600769042969,10436500
2020-12-02,60.08000183105469,60.560001373291016,59.59000015258789,59.959999084472656,53.01496124267578,6802300
2020-12-03,60.20000076293945,60.61000061035156,59.209999084472656,59.5099983215332,52.617095947265625,5479900
2020-12-04,59.38999938964844,59.86000061035156,59.0099983215332,59.439998626708984,52.555198669433594,5107600
2020-12-07,59.65999984741211,62.119998931884766,59.400001525878906,61.439998626708984,54.32354736328125,7157400
2020-12-08,62.0099983215332,62.0099983215332,61.0,61.5099983215332,54.38543701171875,4363500
2020-12-09,61.150001525878906,61.310001373291016,59.65999984741211,59.97999954223633,53.032657623291016,5985800
2020-12-10,59.7400016784668,60.45000076293945,59.099998474121094,59.18000030517578,52.67660903930664,6292000
2020-12-11,59.0,59.72999954223633,58.58000183105469,58.869998931884766,52.40066909790039,4973300
2020-12-14,58.86000061035156,59.41999816894531,57.529998779296875,57.560001373291016,51.234642028808594,5781200
2020-12-15,58.66999816894531,59.5,58.2400016784668,59.040000915527344,52.551998138427734,4980700
2020-12-16,59.47999954223633,60.400001525878906,59.0099983215332,60.2400016784668,53.6201286315918,5409100
2020-12-17,61.18000030517578,62.290000915527344,61.060001373291016,61.63999938964844,54.86627960205078,7229200
2020-12-18,61.63999938964844,61.68000030517578,60.47999954223633,60.5,53.851558685302734,10365900
2020-12-21,60.61000061035156,61.2400016784668,60.0099983215332,60.720001220703125,54.04737854003906,4843200
2020-12-22,60.869998931884766,61.029998779296875,59.13999938964844,59.40999984741211,52.88133239746094,5100800
2020-12-23,59.58000183105469,60.310001373291016,59.56999969482422,59.779998779296875,53.210670471191406,3897900
2020-12-24,59.689998626708984,60.560001373291016,59.560001373291016,60.47999954223633,53.8337516784668,1857700
2020-12-28,61.279998779296875,61.63999938964844,59.7400016784668,59.81999969482422,53.246280670166016,3749500
2020-12-29,60.20000076293945,60.54999923706055,59.58000183105469,59.72999954223633,53.166168212890625,3795200
2020-12-30,59.86000061035156,60.40999984741211,59.54999923706055,60.38999938964844,53.753639221191406,3539500
2020-12-31,60.52000045776367,60.529998779296875,59.41999816894531,59.88999938964844,53.30857467651367,3700400
2021-01-04,61.900001525878906,63.400001525878906,61.65999984741211,63.150001525878906,56.2103385925293,9427500
2021-01-05,63.720001220703125,63.72999954223633,62.349998474121094,63.43000030517578,56.45956802368164,5602300
2021-01-06,62.79999923706055,65.4000015258789,62.689998626708984,65.23999786376953,58.07066345214844,9867400
2021-01-07,64.91000366210938,65.77999877929688,64.25,65.13999938964844,57.98164749145508,5358100
2021-01-08,64.04000091552734,64.19999694824219,61.7400016784668,62.790000915527344,55.8899040222168,8805700
2021-01-11,61.630001068115234,62.720001220703125,61.40999984741211,61.95000076293945,55.1422119140625,5753100
2021-01-12,62.060001373291016,62.689998626708984,61.459999084472656,62.4900016784668,55.62287139892578,4282100
2021-01-13,62.5099983215332,63.27000045776367,62.04999923706055,62.06999969482422,55.249019622802734,5343100
2021-01-14,63.20000076293945,63.68000030517578,62.119998931884766,63.33000183105469,56.370567321777344,6193000
2021-01-15,62.630001068115234,63.43000030517578,61.779998779296875,61.86000061035156,55.062103271484375,5582600
2021-01-19,62.400001525878906,62.599998474121094,61.40999984741211,61.849998474121094,55.05319595336914,5270200
2021-01-20,62.84000015258789,64.05000305175781,61.9900016784668,63.52000045776367,56.53968811035156,6529700
2021-01-21,63.58000183105469,63.880001068115234,62.11000061035156,62.310001373291016,55.462642669677734,5088900
2021-01-22,61.150001525878906,62.36000061035156,60.38999938964844,61.75,54.96418762207031,4441400
2021-01-25,62.029998779296875,62.38999938964844,60.630001068115234,61.63999938964844,54.86627960205078,5594800
2021-01-26,61.470001220703125,62.43000030517578,61.40999984741211,61.47999954223633,54.72386169433594,4614100
2021-01-27,60.77000045776367,60.869998931884766,58.63999938964844,58.88999938964844,52.418479919433594,7514000
2021-01-28,60.150001525878906,60.90999984741211,59.41999816894531,59.72999954223633,53.166168212890625,6402400
2021-01-29,61.20000076293945,61.5,59.41999816894531,59.599998474121094,53.05046081542969,6669600
2021-02-01,61.11000061035156,61.209999084472656,58.900001525878906,59.880001068115234,53.29969024658203,7875800
2021-02-02,59.13999938964844,60.650001525878906,58.81999969482422,59.630001068115234,53.07716751098633,6238100
2021-02-03,59.720001220703125,60.099998474121094,58.86000061035156,58.90999984741211,52.436279296875,9532600
2021-02-04,57.54999923706055,57.97999954223633,56.599998474121094,57.65999984741211,51.32364273071289,12158500
2021-02-05,58.040000915527344,59.45000076293945,57.439998626708984,59.29999923706055,52.78342819213867,6198600
2021-02-08,59.970001220703125,60.91999816894531,59.709999084472656,60.41999816894531,53.78034210205078,6247500
2021-02-09,60.72999954223633,60.77000045776367,59.77000045776367,60.0099983215332,53.41539764404297,4425000
2021-02-10,60.66999816894531,60.79999923706055,59.54999923706055,59.70000076293945,53.139461517333984,4549300
2021-02-11,59.61000061035156,60.0,58.33000183105469,58.380001068115234,51.96452331542969,5309100
2021-02-12,57.90999984741211,59.2400016784668,57.54999923706055,58.939998626708984,52.462989807128906,3784100
2021-02-16,58.529998779296875,58.63999938964844,57.45000076293945,57.79999923706055,51.44826126098633,7242700
2021-02-17,57.0,57.72999954223633,56.380001068115234,56.9900016784668,50.72727584838867,8553000
2021-02-18,56.97999954223633,58.11000061035156,56.060001373291016,57.36000061035156,51.05660629272461,8065700
2021-02-19,57.90999984741211,57.90999984741211,56.0099983215332,56.66999816894531,50.44243240356445,8699400
2021-02-22,57.13999938964844,57.70000076293945,56.529998779296875,57.4900016784668,51.17232894897461,10186700
2021-02-23,57.470001220703125,57.47999954223633,55.79999923706055,56.84000015258789,50.593753814697266,7575700
2021-02-24,56.47999954223633,57.689998626708984,55.83000183105469,57.08000183105469,50.80738067626953,6133100
2021-02-25,56.709999084472656,57.47999954223633,55.779998779296875,56.119998931884766,49.952877044677734,6738000
2021-02-26,55.459999084472656,55.84000015258789,54.18000030517578,54.380001068115234,48.40409469604492,10486700
2021-03-01,54.9900016784668,55.63999938964844,54.279998779296875,54.650001525878906,48.64441680908203,6721700
2021-03-02,54.880001068115234,57.38999938964844,54.81999969482422,56.79999923706055,50.55815124511719,9269700
2021-03-03,55.41999816894531,55.86000061035156,54.56999969482422,55.33000183105469,49.73125076293945,7281100
2021-03-04,55.27000045776367,56.5,54.790000915527344,55.41999816894531,49.812129974365234,8279700
2021-03-05,55.63999938964844,57.0,55.060001373291016,56.7400016784668,50.99856948852539,7920900
2021-03-08,56.86000061035156,56.88999938964844,55.630001068115234,56.38999938964844,50.68398666381836,7020200
2021-03-09,57.54999923706055,58.119998931884766,56.959999084472656,57.25,51.456966400146484,6590800
2021-03-10,57.970001220703125,58.81999969482422,57.279998779296875,58.18000030517578,52.29285430908203,7002800
2021-03-11,58.58000183105469,58.650001525878906,57.709999084472656,58.45000076293945,52.53554153442383,6393600
2021-03-12,57.470001220703125,59.02000045776367,57.349998474121094,58.9900016784668,53.02089309692383,5666600
2021-03-15,59.56999969482422,61.95000076293945,59.380001068115234,61.41999816894531,55.20500564575195,11254400
2021-03-16,61.369998931884766,62.380001068115234,60.939998626708984,61.81999969482422,55.56452941894531,8254900
2021-03-17,61.439998626708984,63.31999969482422,60.790000915527344,62.970001220703125,56.598167419433594,7792400
2021-03-18,62.13999938964844,63.630001068115234,62.04999923706055,62.2599983215332,55.96001052856445,8474200
2021-03-19,62.279998779296875,62.5099983215332,61.54999923706055,61.93000030517578,55.663394927978516,31287400
2021-03-22,61.220001220703125,61.5,60.369998931884766,60.88999938964844,54.728641510009766,6348000
2021-03-23,60.79999923706055,60.79999923706055,59.810001373291016,60.119998931884766,54.03655242919922,5730500
2021-03-24,60.15999984741211,60.77000045776367,59.959999084472656,60.369998931884766,54.261253356933594,5604000
2021-03-25,60.060001373291016,60.43000030517578,59.2599983215332,59.880001068115234,53.820838928222656,5922900
2021-03-26,59.93000030517578,61.619998931884766,59.7400016784668,61.5,55.276912689208984,6934600
2021-03-29,61.22999954223633,62.209999084472656,60.459999084472656,62.15999984741211,55.87013244628906,6180100
2021-03-30,60.959999084472656,61.060001373291016,59.45000076293945,59.880001068115234,53.820838928222656,6399200
2021-03-31,59.880001068115234,60.959999084472656,59.5099983215332,60.27000045776367,54.1713752746582,7149800
2021-04-01,61.029998779296875,61.90999984741211,60.25,61.810001373291016,55.5555419921875,6514100
2021-04-05,62.0,63.130001068115234,61.70000076293945,62.4900016784668,56.16674041748047,6140500
2021-04-06,62.79999923706055,63.43000030517578,62.540000915527344,62.79999923706055,56.44536209106445,6258500
2021-04-07,62.79999923706055,63.15999984741211,61.689998626708984,62.0099983215332,55.73530197143555,5630800
2021-04-08,62.33000183105469,62.849998474121094,61.709999084472656,61.79999923706055,55.54655456542969,6986100
2021-04-09,60.91999816894531,61.790000915527344,60.81999969482422,61.5099983215332,55.28590393066406,4883700
2021-04-12,61.25,61.369998931884766,60.43000030517578,60.61000061035156,54.47697067260742,5368100
2021-04-13,60.880001068115234,62.41999816894531,60.790000915527344,62.25,55.95102310180664,6028300
2021-04-14,62.380001068115234,62.65999984741211,61.66999816894531,61.849998474121094,55.59149169921875,3976100
2021-04-15,62.599998474121094,65.20999908447266,62.43000030517578,64.77999877929688,58.22502136230469,7805200
2021-04-16,65.55999755859375,65.87000274658203,64.9000015258789,65.41000366210938,58.79126739501953,6398600
2021-04-19,65.19999694824219,65.29000091552734,64.12999725341797,64.8499984741211,58.28792953491211,5471500
2021-04-20,64.95999908447266,66.31999969482422,64.72000122070312,65.83999633789062,59.17774963378906,5788900
2021-04-21,66.02999877929688,66.98999786376953,65.61000061035156,66.81999969482422,60.05858612060547,5169400
2021-04-22,66.22000122070312,66.38999938964844,65.22000122070312,65.69999694824219,59.05192184448242,4785800
2021-04-23,66.4000015258789,66.63999938964844,65.48999786376953,65.72000122070312,59.06990432739258,4877800
2021-04-26,65.7300033569336,65.80999755859375,65.16000366210938,65.27999877929688,58.674415588378906,4052700
2021-04-27,65.18000030517578,65.37000274658203,64.13999938964844,64.20999908447266,57.71269226074219,4396100
2021-04-28,63.779998779296875,64.75,63.540000915527344,64.19999694824219,57.70370101928711,5609200
2021-04-29,63.2400016784668,63.54999923706055,60.849998474121094,62.310001373291016,56.00494384765625,8363300
2021-04-30,62.040000915527344,63.060001373291016,61.970001220703125,62.40999984741211,56.09483337402344,5186000
2021-05-03,63.47999954223633,64.87000274658203,63.13999938964844,64.45999908447266,57.93739700317383,5898800
2021-05-04,64.3499984741211,65.41000366210938,63.439998626708984,64.0199966430664,57.54191589355469,5960300
2021-05-05,64.52999877929688,65.01000213623047,63.61000061035156,64.83999633789062,58.278934478759766,5450800
2021-05-06,65.55999755859375,67.0199966430664,65.55999755859375,66.88999938964844,60.12150955200195,8615700
2021-05-07,67.61000061035156,67.95999908447266,66.58000183105469,67.33000183105469,60.5169792175293,8077200
2021-05-10,68.5,69.47000122070312,68.08999633789062,68.3499984741211,61.43377685546875,9143400
2021-05-11,67.66000366210938,68.87999725341797,67.0199966430664,68.77999877929688,61.82025146484375,6323200
2021-05-12,69.16999816894531,69.38999938964844,67.76000213623047,67.86000061035156,60.99334716796875,5649700
2021-05-13,67.5,69.33000183105469,67.16999816894531,68.91999816894531,61.94609832763672,5325200
2021-05-14,69.61000061035156,70.91999816894531,69.22000122070312,70.75,63.59091567993164,6538700
2021-05-17,71.25,74.23999786376953,70.70999908447266,74.0,66.5120620727539,17584300
2021-05-18,73.87999725341797,74.77999877929688,73.02999877929688,74.37999725341797,66.85360717773438,8940800
2021-05-19,73.9000015258789,75.30999755859375,72.94000244140625,73.66000366210938,66.20646667480469,11686800
2021-05-20,73.45999908447266,74.33999633789062,73.0999984741211,73.8499984741211,66.37722778320312,6743400
2021-05-21,74.25,74.45999908447266,73.12999725341797,73.52999877929688,66.08960723876953,5927900
2021-05-24,73.8499984741211,74.51000213623047,73.48999786376953,74.08000183105469,66.5839614868164,5758600
2021-05-25,73.94999694824219,74.05000305175781,72.93000030517578,73.19999694824219,65.79299926757812,6916900
2021-05-26,73.47000122070312,74.04000091552734,72.75,73.19000244140625,65.78401947021484,5864900
2021-05-27,73.13999938964844,73.73999786376953,72.81999969482422,73.08999633789062,65.69412231445312,9091100
2021-05-28,73.30000305175781,73.7699966430664,72.98999786376953,73.4800033569336,66.044677734375,5352700
2021-06-01,73.5999984741211,74.2300033569336,73.08999633789062,73.94999694824219,66.46710968017578,5954300
2021-06-02,73.44999694824219,73.77999877929688,72.56999969482422,72.69999694824219,65.83322143554688,6222400
2021-06-03,71.2699966430664,71.37999725341797,70.41999816894531,71.05999755859375,64.34814453125,7614800
2021-06-04,71.48999786376953,72.18000030517578,71.13999938964844,71.44999694824219,64.70130157470703,5032700
2021-06-07,70.93000030517578,71.72000122070312,70.5199966430664,71.51000213623047,64.75563049316406,4548500
2021-06-08,71.33000183105469,71.41999816894531,69.88999938964844,69.93000030517578,63.32487487792969,6739000
2021-06-09,70.0199966430664,70.76000213623047,69.9800033569336,69.98999786376953,63.37919616699219,4105900
2021-06-10,70.25,71.19999694824219,70.0199966430664,71.05999755859375,64.34814453125,4872400
2021-06-11,70.91999816894531,71.0,69.91999816894531,70.30999755859375,63.668983459472656,4827200
2021-06-14,69.38999938964844,70.18000030517578,69.06999969482422,69.83000183105469,63.23430633544922,5654300
2021-06-15,69.94999694824219,70.12000274658203,68.75,69.08000183105469,62.55516815185547,4858700
2021-06-16,69.0,69.66999816894531,67.88999938964844,68.44999694824219,61.98466110229492,9296800
2021-06-17,66.81999969482422,67.05000305175781,63.400001525878906,63.66999816894531,57.65614700317383,20424800
2021-06-18,63.43000030517578,63.869998931884766,62.540000915527344,62.619998931884766,56.705326080322266,17015300
2021-06-21,63.2400016784668,63.75,62.29999923706055,63.43000030517578,57.43881607055664,10795500
2021-06-22,63.400001525878906,63.75,62.77000045776367,62.91999816894531,56.976985931396484,8930700
2021-06-23,63.45000076293945,63.880001068115234,62.619998931884766,62.65999984741211,56.741546630859375,5248000
2021-06-24,63.060001373291016,63.220001220703125,62.27000045776367,62.29999923706055,56.415550231933594,5388400
2021-06-25,62.939998626708984,63.11000061035156,62.54999923706055,62.68000030517578,56.75965881347656,6138700
2021-06-28,62.7400016784668,63.0099983215332,62.13999938964844,62.650001525878906,56.73249435424805,4491900
2021-06-29,61.849998474121094,62.849998474121094,61.630001068115234,62.58000183105469,56.669097900390625,5556300
2021-06-30,62.84000015258789,63.779998779296875,62.650001525878906,63.380001068115234,57.39353942871094,5639800
2021-07-01,64.0,64.06999969482422,62.7599983215332,62.86000061035156,56.92265701293945,5577300
2021-07-02,63.7599983215332,64.11000061035156,63.02000045776367,63.36000061035156,57.37543487548828,5303000
2021-07-06,64.37999725341797,64.41999816894531,63.20000076293945,63.88999938964844,57.855369567871094,5400400
2021-07-07,64.04000091552734,64.30999755859375,63.25,63.630001068115234,57.61993408203125,3987100
2021-07-08,63.880001068115234,64.29000091552734,62.2400016784668,62.7599983215332,56.83209991455078,5535000
2021-07-09,63.15999984741211,64.22000122070312,63.119998931884766,63.97999954223633,57.93687057495117,4701100
2021-07-12,63.56999969482422,64.12000274658203,62.9900016784668,63.189998626708984,57.221492767333984,4318300
2021-07-13,63.27000045776367,64.4000015258789,63.18000030517578,63.369998931884766,57.38447952270508,5091600
2021-07-14,64.08000183105469,64.70999908447266,63.290000915527344,63.36000061035156,57.37543487548828,4808600
2021-07-15,63.439998626708984,63.810001373291016,63.09000015258789,63.4900016784668,57.4931526184082,4386400
2021-07-16,63.220001220703125,63.220001220703125,61.369998931884766,61.72999954223633,55.89938735961914,6278500
2021-07-19,61.040000915527344,61.43000030517578,59.91999816894531,60.689998626708984,54.95762252807617,8059500
2021-07-20,61.0,61.880001068115234,60.0099983215332,60.439998626708984,54.731239318847656,5804300
2021-07-21,59.81999969482422,60.68000030517578,59.599998474121094,60.36000061035156,54.65879440307617,5866800
2021-07-22,60.599998474121094,60.63999938964844,59.15999984741211,60.209999084472656,54.5229606628418,4654500
2021-07-23,59.5,60.209999084472656,59.029998779296875,60.11000061035156,54.432403564453125,7544100
2021-07-26,60.11000061035156,61.310001373291016,59.86000061035156,60.38999938964844,54.685951232910156,4609300
2021-07-27,60.369998931884766,61.41999816894531,59.86000061035156,61.31999969482422,55.528114318847656,4155200
2021-07-28,61.18000030517578,61.970001220703125,61.0099983215332,61.880001068115234,56.035221099853516,4390000
2021-07-29,62.93000030517578,63.45000076293945,62.5099983215332,62.720001220703125,56.79587936401367,5209400
2021-07-30,62.43000030517578,63.33000183105469,62.36000061035156,62.81999969482422,56.88643264770508,5480800
2021-08-02,62.560001373291016,62.720001220703125,61.90999984741211,61.97999954223633,56.12577819824219,3723600
2021-08-03,62.130001068115234,63.08000183105469,62.02000045776367,62.650001525878906,56.73249435424805,3866300
2021-08-04,63.119998931884766,63.459999084472656,61.83000183105469,61.86000061035156,56.01711654663086,4036600
2021-08-05,61.88999938964844,62.08000183105469,61.119998931884766,61.25,55.464725494384766,3376000
2021-08-06,60.06999969482422,60.439998626708984,59.15999984741211,59.81999969482422,54.169795989990234,8796000
2021-08-09,59.15999984741211,59.720001220703125,58.81999969482422,58.84000015258789,53.2823600769043,5862100
2021-08-10,58.84000015258789,59.060001373291016,57.959999084472656,58.04999923706055,52.56697082519531,7730700
2021-08-11,58.75,59.900001525878906,58.72999954223633,59.2599983215332,53.66268539428711,6053400
2021-08-12,59.130001068115234,59.130001068115234,58.0,58.349998474121094,52.83863830566406,4130700
2021-08-13,58.9900016784668,59.16999816894531,58.470001220703125,58.84000015258789,53.2823600769043,4673000
2021-08-16,58.84000015258789,59.27000045776367,58.54999923706055,58.880001068115234,53.31857681274414,3974200
2021-08-17,58.599998474121094,59.209999084472656,58.369998931884766,58.86000061035156,53.30046844482422,4816300
2021-08-18,58.66999816894531,58.83000183105469,56.869998931884766,56.90999984741211,51.5346565246582,8108900
2021-08-19,56.86000061035156,57.099998474121094,56.36000061035156,56.52000045776367,51.18149185180664,5592900
2021-08-20,56.38999938964844,56.95000076293945,56.150001525878906,56.349998474121094,51.02754592895508,4164900
2021-08-23,57.15999984741211,58.16999816894531,56.75,57.779998779296875,52.32247543334961,5288800
2021-08-24,58.13999938964844,58.18000030517578,57.43000030517578,57.47999954223633,52.05081558227539,3143800
2021-08-25,57.06999969482422,57.79999923706055,56.5099983215332,56.90999984741211,51.5346565246582,3942800
2021-08-26,56.52000045776367,57.16999816894531,56.47999954223633,56.630001068115234,51.28110122680664,3152800
2021-08-27,56.66999816894531,58.25,56.33000183105469,58.189998626708984,52.693756103515625,5029900
2021-08-30,58.43000030517578,58.56999969482422,57.27000045776367,57.5099983215332,52.07798385620117,4860200
2021-08-31,57.810001373291016,58.040000915527344,57.47999954223633,57.9900016784668,52.51264572143555,5854500
2021-09-01,58.130001068115234,58.349998474121094,57.630001068115234,57.880001068115234,52.41303634643555,5506300
2021-09-02,58.02000045776367,58.72999954223633,57.90999984741211,58.709999084472656,53.16463851928711,5015900
2021-09-03,59.630001068115234,60.130001068115234,59.06999969482422,59.66999816894531,54.03396224975586,8075800
2021-09-07,59.119998931884766,59.369998931884766,58.04999923706055,58.279998779296875,52.77525329589844,6074700
2021-09-08,57.75,58.099998474121094,57.29999923706055,57.560001373291016,52.61984634399414,4713200
2021-09-09,57.70000076293945,57.81999969482422,56.95000076293945,57.310001373291016,52.39130401611328,3900100
2021-09-10,57.20000076293945,57.560001373291016,56.91999816894531,56.9900016784668,52.0987663269043,4307300
2021-09-13,57.029998779296875,57.68000030517578,56.83000183105469,57.040000915527344,52.14447784423828,4647300
2021-09-14,57.20000076293945,57.619998931884766,56.75,57.20000076293945,52.29073715209961,4647500
2021-09-15,56.91999816894531,57.88999938964844,56.91999816894531,57.709999084472656,52.7569694519043,4004900
2021-09-16,56.709999084472656,56.97999954223633,54.869998931884766,55.43000030517578,50.67265319824219,8479000
2021-09-17,54.95000076293945,55.310001373291016,54.540000915527344,55.220001220703125,50.48067855834961,10437600
2021-09-20,54.81999969482422,54.91999816894531,53.52000045776367,54.0099983215332,49.37451934814453,10411800
2021-09-21,54.4900016784668,55.439998626708984,54.209999084472656,54.5099983215332,49.83161163330078,5627600
2021-09-22,54.970001220703125,55.63999938964844,54.599998474121094,54.650001525878906,49.959598541259766,6199900
2021-09-23,54.459999084472656,54.880001068115234,53.939998626708984,54.04999923706055,49.41109085083008,5964000
2021-09-24,53.88999938964844,54.47999954223633,53.63999938964844,53.869998931884766,49.24654006958008,4720900
2021-09-27,53.869998931884766,54.939998626708984,53.720001220703125,53.900001525878906,49.27397155761719,4915000
2021-09-28,53.5,54.790000915527344,53.2599983215332,54.58000183105469,49.89560317993164,7613100
2021-09-29,54.52000045776367,54.630001068115234,53.5099983215332,53.709999084472656,49.100276947021484,5614100
2021-09-30,54.20000076293945,55.099998474121094,54.099998474121094,54.29999923706055,49.63964080810547,6813600
2021-10-01,54.650001525878906,54.650001525878906,53.36000061035156,53.560001373291016,48.96315002441406,6136500
2021-10-04,53.66999816894531,55.0099983215332,53.66999816894531,54.66999816894531,49.97787857055664,6177400
2021-10-05,54.040000915527344,54.470001220703125,53.18000030517578,53.83000183105469,49.20997619628906,6800600
2021-10-06,53.52000045776367,54.54999923706055,53.029998779296875,54.529998779296875,49.849891662597656,5997600
2021-10-07,54.459999084472656,55.189998626708984,54.209999084472656,54.61000061035156,49.923030853271484,5270400
2021-10-08,55.65999984741211,55.75,54.2599983215332,54.310001373291016,49.648780822753906,5088200
2021-10-11,54.650001525878906,55.16999816894531,54.0099983215332,54.20000076293945,49.548221588134766,4161400
2021-10-12,54.36000061035156,55.36000061035156,54.029998779296875,54.779998779296875,50.07844161987305,5321400
2021-10-13,55.040000915527344,56.72999954223633,54.90999984741211,56.369998931884766,51.531982421875,10130400
2021-10-14,57.0,57.939998626708984,56.689998626708984,57.77000045776367,52.81181335449219,8182200
2021-10-15,56.56999969482422,57.279998779296875,56.0,57.029998779296875,52.13533401489258,6259700
2021-10-18,56.79999923706055,56.91999816894531,56.16999816894531,56.380001068115234,51.54111862182617,4913600
2021-10-19,57.36000061035156,57.47999954223633,56.5,56.9900016784668,52.0987663269043,4442000
2021-10-20,57.5,57.70000076293945,56.81999969482422,57.15999984741211,52.254173278808594,3972800
2021-10-21,57.029998779296875,57.220001220703125,56.650001525878906,57.18000030517578,52.272457122802734,4254200
2021-10-22,57.900001525878906,59.2599983215332,57.5,57.61000061035156,52.665550231933594,7953300
2021-10-25,58.380001068115234,58.599998474121094,57.7400016784668,57.90999984741211,52.93980407714844,5964500
2021-10-26,57.52000045776367,58.06999969482422,57.25,57.70000076293945,52.74782943725586,4850500
2021-10-27,57.4900016784668,57.869998931884766,57.04999923706055,57.540000915527344,52.6015625,5313300
2021-10-28,56.25,56.5099983215332,54.5099983215332,54.91999816894531,50.206424713134766,9301900
2021-10-29,54.16999816894531,55.380001068115234,53.9900016784668,54.0,49.365386962890625,9877400
2021-11-01,53.779998779296875,54.779998779296875,53.540000915527344,54.29999923706055,49.63964080810547,6154600
2021-11-02,54.0,54.7599983215332,53.54999923706055,54.709999084472656,50.01444625854492,6585500
2021-11-03,53.880001068115234,55.45000076293945,53.63999938964844,55.119998931884766,50.389259338378906,6931500
2021-11-04,55.63999938964844,56.130001068115234,54.5099983215332,54.849998474121094,50.14242935180664,6898400
2021-11-05,55.119998931884766,56.41999816894531,55.0099983215332,56.36000061035156,51.5228385925293,5625200
2021-11-08,56.83000183105469,56.959999084472656,55.900001525878906,56.189998626708984,51.36742401123047,5107200
2021-11-09,56.209999084472656,56.77000045776367,55.68000030517578,56.75,51.87936019897461,4572200
2021-11-10,58.06999969482422,58.849998474121094,57.900001525878906,58.16999816894531,53.177490234375,8901000
2021-11-11,59.099998474121094,59.380001068115234,58.31999969482422,58.849998474121094,53.799129486083984,6392800
2021-11-12,58.41999816894531,59.279998779296875,58.08000183105469,58.72999954223633,53.68942642211914,4499800
2021-11-15,58.79999923706055,59.209999084472656,58.5,58.970001220703125,53.90882873535156,4258500
2021-11-16,59.08000183105469,59.470001220703125,58.060001373291016,58.13999938964844,53.15006637573242,4263400
2021-11-17,58.279998779296875,58.90999984741211,57.7599983215332,57.95000076293945,52.97637176513672,4732800
2021-11-18,57.790000915527344,58.04999923706055,56.869998931884766,57.16999816894531,52.26331329345703,4057700
2021-11-19,56.560001373291016,57.43000030517578,56.349998474121094,56.54999923706055,51.696529388427734,5009400
2021-11-22,55.560001373291016,56.5099983215332,54.970001220703125,55.810001373291016,51.02003860473633,5195400
2021-11-23,55.060001373291016,55.630001068115234,54.61000061035156,55.4900016784668,50.727508544921875,6857000
2021-11-24,55.47999954223633,55.880001068115234,55.150001525878906,55.470001220703125,50.70922088623047,3601200
2021-11-26,55.599998474121094,56.099998474121094,55.18000030517578,55.939998626708984,51.138885498046875,4336300
2021-11-29,55.66999816894531,55.939998626708984,54.58000183105469,55.400001525878906,50.645233154296875,6121000
2021-11-30,55.279998779296875,56.52000045776367,54.540000915527344,54.91999816894531,50.206424713134766,9530600
2021-12-01,55.2599983215332,55.90999984741211,53.86000061035156,53.869998931884766,49.24654006958008,7114700
2021-12-02,53.189998626708984,53.619998931884766,52.599998474121094,53.27000045776367,48.698036193847656,8483000
2021-12-03,53.349998474121094,54.970001220703125,52.880001068115234,54.66999816894531,49.97787857055664,8981500
2021-12-06,54.79999923706055,56.47999954223633,54.790000915527344,55.83000183105469,51.03832244873047,7238800
2021-12-07,55.86000061035156,56.77000045776367,55.720001220703125,56.38999938964844,51.55025863647461,5868100
2021-12-08,55.619998931884766,56.47999954223633,55.29999923706055,56.36000061035156,52.03031539916992,5540100
2021-12-09,55.869998931884766,56.25,55.310001373291016,56.209999084472656,51.89183044433594,4822300
2021-12-10,56.58000183105469,56.58000183105469,55.22999954223633,56.099998474121094,51.790283203125,5572900
2021-12-13,56.5,57.68000030517578,56.16999816894531,57.16999816894531,52.77808380126953,9275800
2021-12-14,56.619998931884766,57.150001525878906,56.150001525878906,56.16999816894531,51.85490798950195,6865300
2021-12-15,56.099998474121094,56.11000061035156,53.15999984741211,54.22999954223633,50.063941955566406,12441800
2021-12-16,54.779998779296875,59.16999816894531,54.779998779296875,59.0,54.46750259399414,13742700
2021-12-17,59.18000030517578,60.56999969482422,58.939998626708984,59.2400016784668,54.68906784057617,22136800
2021-12-20,58.70000076293945,58.97999954223633,58.09000015258789,58.709999084472656,54.19977951049805,5313900
2021-12-21,58.970001220703125,59.099998474121094,57.7400016784668,58.18000030517578,53.71049499511719,4977200
2021-12-22,58.11000061035156,58.650001525878906,57.15999984741211,58.5,54.005916595458984,6175200
2021-12-23,58.11000061035156,59.720001220703125,58.11000061035156,59.529998779296875,54.956783294677734,6113500
2021-12-27,59.279998779296875,60.31999969482422,59.09000015258789,60.18000030517578,55.55685043334961,6444700
2021-12-28,60.13999938964844,60.97999954223633,59.95000076293945,60.290000915527344,55.65840148925781,4712700
2021-12-29,59.75,61.18000030517578,59.650001525878906,60.619998931884766,55.963050842285156,4448200
2021-12-30,60.779998779296875,61.65999984741211,60.7599983215332,61.59000015258789,56.85853958129883,4295700
2021-12-31,62.04999923706055,62.18000030517578,61.31999969482422,62.02000045776367,57.25550842285156,4517500
2022-01-03,61.16999816894531,61.75,60.900001525878906,60.97999954223633,56.2953987121582,6493800
2022-01-04,61.13999938964844,61.65999984741211,60.290000915527344,60.43000030517578,55.78765106201172,7508500
2022-01-05,60.91999816894531,61.75,60.279998779296875,60.33000183105469,55.695335388183594,7243400
2022-01-06,59.349998474121094,59.599998474121094,57.869998931884766,58.66999816894531,54.1628532409668,8537600
2022-01-07,59.439998626708984,59.66999816894531,58.790000915527344,59.43000030517578,54.864471435546875,5955000
2022-01-10,59.209999084472656,60.540000915527344,58.93000030517578,60.43000030517578,55.78765106201172,4959800
2022-01-11,60.43000030517578,60.95000076293945,59.86000061035156,60.90999984741211,56.23077392578125,5224100
2022-01-12,61.0,61.58000183105469,60.45000076293945,61.52000045776367,56.79391098022461,3978100
2022-01-13,61.470001220703125,61.869998931884766,61.220001220703125,61.31999969482422,56.60927963256836,4824100
2022-01-14,61.34000015258789,61.400001525878906,60.459999084472656,61.220001220703125,56.5169563293457,5175400
2022-01-18,60.91999816894531,61.29999923706055,60.349998474121094,61.25,56.54465103149414,4936500
2022-01-19,62.0,65.2300033569336,61.90999984741211,64.94999694824219,59.96040725708008,15819900
2022-01-20,64.66000366210938,65.48999786376953,63.709999084472656,63.84000015258789,58.93568801879883,10531600
2022-01-21,64.20999908447266,64.25,62.310001373291016,63.09000015258789,58.24330139160156,9522700
2022-01-24,62.0099983215332,63.209999084472656,61.04999923706055,63.08000183105469,58.234073638916016,8732500
2022-01-25,62.720001220703125,63.58000183105469,62.06999969482422,63.290000915527344,58.42793273925781,5808100
2022-01-26,62.59000015258789,63.91999816894531,61.2400016784668,61.689998626708984,56.95085144042969,7196000
2022-01-27,60.97999954223633,62.47999954223633,60.099998474121094,60.65999984741211,55.99998092651367,8118100
2022-01-28,60.029998779296875,60.209999084472656,58.939998626708984,59.86000061035156,55.26143264770508,7173600
2022-01-31,60.0,61.310001373291016,59.84000015258789,61.16999816894531,56.47079086303711,9477900
2022-02-01,61.66999816894531,62.0,60.88999938964844,61.33000183105469,56.618507385253906,6094700
2022-02-02,61.150001525878906,62.65999984741211,61.060001373291016,62.11000061035156,57.33858871459961,6259000
2022-02-03,62.040000915527344,62.33000183105469,61.130001068115234,61.79999923706055,57.052406311035156,4256700
2022-02-04,61.27000045776367,61.75,60.93000030517578,60.93000030517578,56.24924087524414,5396300
2022-02-07,61.45000076293945,63.5099983215332,60.93000030517578,63.369998931884766,58.50178527832031,9134700
2022-02-08,63.380001068115234,63.650001525878906,62.900001525878906,63.560001373291016,58.67719268798828,6301100
2022-02-09,62.959999084472656,63.630001068115234,62.72999954223633,63.150001525878906,58.29869079589844,4945200
2022-02-10,62.869998931884766,63.209999084472656,60.349998474121094,60.529998779296875,55.879966735839844,9089900
2022-02-11,60.58000183105469,64.27999877929688,60.310001373291016,63.86000061035156,58.95414733886719,9796200
2022-02-14,64.16999816894531,64.81999969482422,63.310001373291016,64.3499984741211,59.406497955322266,7512700
2022-02-15,62.869998931884766,63.43000030517578,62.2599983215332,63.279998779296875,58.418704986572266,6126100
2022-02-16,63.65999984741211,64.76000213623047,63.65999984741211,64.27999877929688,59.341880798339844,6022300
2022-02-17,65.22000122070312,68.01000213623047,64.62999725341797,67.75,62.545310974121094,13736600
2022-02-18,67.41000366210938,68.11000061035156,66.66999816894531,67.66999816894531,62.47146224975586,9125400
2022-02-22,68.0,68.30999755859375,66.55999755859375,67.16999816894531,62.00986862182617,8804200
2022-02-23,67.0,68.56999969482422,66.70999908447266,68.25,63.00689697265625,9655700
2022-02-24,70.33999633789062,70.37000274658203,65.41999816894531,66.72000122070312,61.59442901611328,14080500
2022-02-25,65.95999908447266,68.41000366210938,65.7300033569336,67.9000015258789,62.68378829956055,9220600
2022-02-28,68.29000091552734,68.4000015258789,65.69000244140625,66.19999694824219,61.1143798828125,13896700
2022-03-01,66.94000244140625,69.13999938964844,66.7699966430664,69.01000213623047,63.70851135253906,9955800
2022-03-02,67.66999816894531,70.0,67.2300033569336,69.79000091552734,64.42859649658203,10780700
2022-03-03,69.66000366210938,70.80999755859375,69.18000030517578,70.68000030517578,65.25022888183594,8635300
2022-03-04,70.81999969482422,74.66999816894531,70.63999938964844,74.27999877929688,68.57366180419922,12751300
2022-03-07,74.41999816894531,78.06999969482422,73.5199966430664,77.8499984741211,71.8694076538086,14450700
2022-03-08,78.0,80.75,76.58999633789062,77.61000061035156,71.64784240722656,17222500
2022-03-09,73.9800033569336,76.16000366210938,72.80000305175781,75.97000122070312,70.63440704345703,10892600
2022-03-10,77.0199966430664,78.98999786376953,76.41000366210938,77.27999877929688,71.85240173339844,10791700
2022-03-11,75.36000061035156,77.58999633789062,75.0999984741211,76.88999938964844,71.48978424072266,6808600
2022-03-14,74.66000366210938,74.86000061035156,72.37000274658203,73.73999786376953,68.5610122680664,10317500
2022-03-15,72.11000061035156,74.44999694824219,71.80000305175781,73.37000274658203,68.21700286865234,9793500
2022-03-16,73.05999755859375,73.38999938964844,70.91000366210938,72.61000061035156,67.51039123535156,9531500
2022-03-17,73.31999969482422,74.58000183105469,72.83999633789062,73.30999755859375,68.16121673583984,8209800
2022-03-18,72.97000122070312,74.4000015258789,72.44000244140625,73.95999908447266,68.76557159423828,24948600
2022-03-21,74.79000091552734,77.3499984741211,74.68000030517578,76.30000305175781,70.94122314453125,7061600
2022-03-22,76.51000213623047,76.70999908447266,74.66000366210938,76.02999877929688,70.690185546875,6073600
2022-03-23,76.31999969482422,78.91999816894531,76.31999969482422,78.91000366210938,73.36791229248047,8499100
2022-03-24,79.48999786376953,80.22000122070312,77.9000015258789,78.2300033569336,72.73567962646484,7088400
2022-03-25,77.41999816894531,79.0,77.19000244140625,78.94999694824219,73.40510559082031,3739400
2022-03-28,77.86000061035156,78.87000274658203,77.7699966430664,78.13999938964844,72.65199279785156,4896300
2022-03-29,75.7699966430664,78.58000183105469,75.12999725341797,78.55000305175781,73.033203125,6554400
2022-03-30,78.79000091552734,80.19999694824219,78.72000122070312,79.95999908447266,74.34416961669922,5008800
2022-03-31,79.87999725341797,81.13999938964844,79.44999694824219,79.44999694824219,73.86998748779297,7115500
2022-04-01,78.79000091552734,83.0199966430664,78.73999786376953,82.77999877929688,76.96611022949219,7784800
2022-04-04,83.51000213623047,83.72000122070312,79.83000183105469,81.25,75.54356384277344,7003800
2022-04-05,81.37000274658203,82.77999877929688,79.38999938964844,79.86000061035156,74.25120544433594,7705900
2022-04-06,80.43000030517578,81.37999725341797,79.16000366210938,79.54000091552734,73.95366668701172,6880200
2022-04-07,79.87000274658203,81.61000061035156,79.5199966430664,81.02999877929688,75.33901977539062,6027600
2022-04-08,81.91999816894531,82.63999938964844,81.38999938964844,82.12000274658203,76.35247039794922,4196700
2022-04-11,83.25,83.91000366210938,80.31999969482422,81.33999633789062,75.62725067138672,5318800
2022-04-12,82.22000122070312,83.75,81.54000091552734,82.5,76.70577239990234,4882500
2022-04-13,83.30000305175781,84.31999969482422,82.61000061035156,84.30000305175781,78.37936401367188,6379600
2022-04-14,83.73999786376953,85.29000091552734,83.48999786376953,84.7699966430664,78.81633758544922,5672400
2022-04-18,85.55000305175781,86.37000274658203,85.0999984741211,85.41999816894531,79.42069244384766,5513800
2022-04-19,83.80999755859375,84.81999969482422,82.6500015258789,82.86000061035156,77.04049682617188,6192800
2022-04-20,82.37000274658203,83.04000091552734,81.1500015258789,82.58999633789062,76.78945922851562,6728400
2022-04-21,81.22000122070312,81.4000015258789,76.11000061035156,77.05999755859375,71.64784240722656,15828400
2022-04-22,71.2300033569336,75.66000366210938,70.5999984741211,74.5199966430664,69.2862319946289,12371800
2022-04-25,71.05000305175781,74.0199966430664,70.91999816894531,72.61000061035156,67.51039123535156,9151500
2022-04-26,73.02999877929688,73.94000244140625,72.12000274658203,72.12999725341797,67.0640869140625,5167000
2022-04-27,72.61000061035156,73.69000244140625,71.95999908447266,72.12999725341797,67.0640869140625,5416300
2022-04-28,72.77999877929688,73.66000366210938,72.01000213623047,73.27999877929688,68.1333236694336,3913500
2022-04-29,74.11000061035156,74.98999786376953,72.73999786376953,72.8499984741211,67.73352813720703,5684000
2022-05-02,71.19999694824219,72.62999725341797,70.3499984741211,72.30999755859375,67.2314453125,5837600
2022-05-03,72.8499984741211,73.97000122070312,72.16999816894531,72.23999786376953,67.16637420654297,5472900
2022-05-04,72.66999816894531,73.58999633789062,71.54000091552734,73.38999938964844,68.23561096191406,5996100
2022-05-05,74.26000213623047,74.37000274658203,70.88999938964844,72.33999633789062,67.25934600830078,5325900
2022-05-06,71.83000183105469,73.18000030517578,71.61000061035156,72.87000274658203,67.75212860107422,4929100
2022-05-09,71.12000274658203,71.5,68.80000305175781,68.91999816894531,64.07954406738281,7648200
2022-05-10,69.70999908447266,70.55999755859375,67.4000015258789,68.2699966430664,63.47519302368164,7249600
2022-05-11,69.2699966430664,69.93000030517578,68.0999984741211,68.41999816894531,63.614654541015625,6009500
2022-05-12,66.55999755859375,67.98999786376953,64.31999969482422,65.3499984741211,60.76026916503906,9765900
2022-05-13,65.08000183105469,65.91999816894531,64.51000213623047,65.25,60.66728973388672,6361900
2022-05-16,65.56999969482422,65.70999908447266,64.68000030517578,65.44999694824219,60.853248596191406,5961700
2022-05-17,66.80000305175781,66.80000305175781,64.94999694824219,65.5,60.89973831176758,4289400
2022-05-18,65.36000061035156,65.58999633789062,63.68000030517578,63.880001068115234,59.393516540527344,5246100
2022-05-19,65.18000030517578,66.43000030517578,65.0,66.11000061035156,61.46689987182617,7863800
2022-05-20,66.5999984741211,67.26000213623047,65.51000213623047,67.19000244140625,62.47105407714844,6135100
2022-05-23,68.33999633789062,68.62000274658203,66.83000183105469,67.43000030517578,62.694190979003906,5417400
2022-05-24,67.63999938964844,69.41999816894531,67.45999908447266,69.0199966430664,64.1725082397461,6255500
2022-05-25,68.16999816894531,70.08000183105469,68.16999816894531,69.54000091552734,64.65599822998047,8617300
2022-05-26,69.5,70.16000366210938,68.44999694824219,68.70999908447266,63.88429641723633,5303800
2022-05-27,69.62999725341797,69.66999816894531,67.98999786376953,68.70999908447266,63.88429641723633,4590300
2022-05-31,68.94999694824219,69.87999725341797,67.2300033569336,67.8499984741211,63.084693908691406,9582600
2022-06-01,67.98999786376953,67.98999786376953,66.62999725341797,67.2699966430664,63.05657196044922,4633600
2022-06-02,68.4000015258789,69.41000366210938,68.0199966430664,68.79000091552734,64.48136901855469,4423800
2022-06-03,68.0,68.91999816894531,67.62999725341797,67.81999969482422,63.572120666503906,3578600
2022-06-06,68.18000030517578,68.38999938964844,67.08999633789062,67.86000061035156,63.60961151123047,3517300
2022-06-07,67.66000366210938,68.56999969482422,67.31999969482422,68.37999725341797,64.0970458984375,3452000
2022-06-08,67.91999816894531,68.2300033569336,67.05999755859375,67.16999816894531,62.962833404541016,4063600
2022-06-09,66.80999755859375,66.95999908447266,64.47000122070312,64.58000183105469,60.53506088256836,6004800
2022-06-10,63.599998474121094,67.47000122070312,62.79999923706055,66.8499984741211,62.662872314453125,7317000
2022-06-13,65.08000183105469,66.43000030517578,64.1500015258789,64.6500015258789,60.60067367553711,8118400
2022-06-14,64.83999633789062,64.8499984741211,62.52000045776367,63.09000015258789,59.13838195800781,4779100
2022-06-15,64.26000213623047,64.33000183105469,61.29999923706055,62.68000030517578,58.75406265258789,6262900
2022-06-16,62.06999969482422,65.04000091552734,61.91999816894531,64.70999908447266,60.65691375732422,8092000
2022-06-17,64.66999816894531,64.75,62.869998931884766,63.7599983215332,59.76641845703125,11358900
2022-06-21,64.19000244140625,65.7300033569336,63.68000030517578,65.16999816894531,61.08810806274414,7811300
2022-06-22,65.0,66.23999786376953,64.54000091552734,64.58000183105469,60.53506088256836,5416200
2022-06-23,64.55999755859375,65.44000244140625,62.130001068115234,62.86000061035156,58.922786712646484,6693900
2022-06-24,62.880001068115234,64.4000015258789,61.880001068115234,64.18000030517578,60.16011047363281,7670300
2022-06-27,64.08999633789062,64.4000015258789,63.25,63.83000183105469,59.832035064697266,7195700
2022-06-28,64.16000366210938,64.26000213623047,62.77000045776367,62.959999084472656,59.01652526855469,5575200
2022-06-29,63.619998931884766,63.93000030517578,61.470001220703125,61.9900016784668,58.10728073120117,4120000
2022-06-30,61.5,61.849998474121094,59.31999969482422,59.66999816894531,55.93259048461914,7690600
2022-07-01,59.43000030517578,61.41999816894531,58.08000183105469,61.16999816894531,57.3386344909668,6914200
2022-07-05,60.7599983215332,61.380001068115234,58.45000076293945,59.709999084472656,55.97008514404297,7685000
2022-07-06,59.47999954223633,60.029998779296875,57.560001373291016,59.45000076293945,55.726375579833984,7427400
2022-07-07,60.209999084472656,60.88999938964844,59.470001220703125,59.869998931884766,56.12006378173828,5153900
2022-07-08,60.04999923706055,60.400001525878906,59.25,59.36000061035156,55.64200973510742,3516400
2022-07-11,59.09000015258789,59.529998779296875,58.61000061035156,58.790000915527344,55.10771179199219,4106300
2022-07-12,58.45000076293945,59.279998779296875,57.86000061035156,57.939998626708984,54.310951232910156,4886200
2022-07-13,57.52000045776367,59.529998779296875,57.36000061035156,58.189998626708984,54.54529571533203,5534400
2022-07-14,56.56999969482422,56.790000915527344,54.79999923706055,54.9900016784668,51.54572296142578,10717600
2022-07-15,55.619998931884766,55.779998779296875,53.91999816894531,54.72999954223633,51.302005767822266,6697500
2022-07-18,55.63999938964844,56.040000915527344,54.7599983215332,54.810001373291016,51.37699890136719,4662400
2022-07-19,54.83000183105469,55.560001373291016,54.33000183105469,54.650001525878906,51.227020263671875,7348700
2022-07-20,54.58000183105469,54.86000061035156,52.22999954223633,52.310001373291016,49.03358459472656,11676600
2022-07-21,52.349998474121094,52.65999984741211,51.529998779296875,52.09000015258789,48.82736587524414,13188800
2022-07-22,52.7400016784668,53.15999984741211,50.84000015258789,51.38999938964844,48.17120361328125,11524700
2022-07-25,49.63999938964844,49.880001068115234,44.0,44.59000015258789,41.797122955322266,36693000
2022-07-26,44.939998626708984,46.68000030517578,44.939998626708984,46.13999938964844,43.250038146972656,16460700
2022-07-27,46.560001373291016,46.939998626708984,45.2400016784668,45.61000061035156,42.753238677978516,20877600
2022-07-28,46.470001220703125,46.650001525878906,45.209999084472656,45.810001373291016,42.94070816040039,18108300
2022-07-29,46.06999969482422,46.20000076293945,44.619998931884766,45.279998779296875,42.443904876708984,15753200
2022-08-01,45.349998474121094,45.689998626708984,44.4900016784668,44.939998626708984,42.12519836425781,8683400
2022-08-02,45.20000076293945,46.650001525878906,44.79999923706055,44.84000015258789,42.031463623046875,14346200
2022-08-03,45.189998626708984,45.189998626708984,43.900001525878906,44.400001525878906,41.619022369384766,11024900
2022-08-04,44.61000061035156,45.880001068115234,44.34000015258789,45.279998779296875,42.443904876708984,10434300
2022-08-05,44.34000015258789,44.81999969482422,43.91999816894531,44.77000045776367,41.96584701538086,8146000
2022-08-08,45.5,45.849998474121094,44.650001525878906,44.779998779296875,41.9752197265625,10451100
2022-08-09,45.16999816894531,45.33000183105469,44.209999084472656,45.29999923706055,42.462646484375,8517800
2022-08-10,45.5099983215332,46.400001525878906,45.13999938964844,45.7400016784668,42.87509536743164,8396800
2022-08-11,46.119998931884766,46.5,45.209999084472656,45.29999923706055,42.462646484375,7851200
2022-08-12,45.349998474121094,46.599998474121094,45.349998474121094,46.54999923706055,43.63435745239258,8332900
2022-08-15,45.65999984741211,46.11000061035156,45.36000061035156,45.939998626708984,43.062564849853516,9029500
2022-08-16,45.79999923706055,46.18000030517578,45.40999984741211,46.04999923706055,43.165672302246094,4959400
2022-08-17,45.849998474121094,45.90999984741211,44.849998474121094,44.900001525878906,42.08770751953125,6209500
2022-08-18,45.13999938964844,45.34000015258789,44.61000061035156,44.650001525878906,41.853363037109375,6239300
2022-08-19,44.5,44.619998931884766,43.41999816894531,43.529998779296875,40.80351257324219,8273700
2022-08-22,43.06999969482422,43.900001525878906,42.880001068115234,43.81999969482422,41.07535171508789,6427300
2022-08-23,44.0,44.9900016784668,43.9900016784668,44.54999923706055,41.75962829589844,8941100
2022-08-24,44.25,44.900001525878906,43.810001373291016,44.79999923706055,41.99397277832031,7787300
2022-08-25,45.220001220703125,45.36000061035156,44.68000030517578,45.13999938964844,42.31267166137695,5495600
2022-08-26,45.310001373291016,45.400001525878906,42.880001068115234,43.220001220703125,40.512935638427734,8324500
2022-08-29,43.02000045776367,43.7400016784668,42.7400016784668,42.810001373291016,40.12862014770508,10252100
2022-08-30,42.77000045776367,42.86000061035156,42.060001373291016,42.20000076293945,39.55681610107422,8960800
2022-08-31,42.08000183105469,42.369998931884766,41.15999984741211,41.36000061035156,38.76943588256836,13755400
2022-09-01,40.790000915527344,41.2400016784668,40.27000045776367,40.90999984741211,38.34762191772461,10440800
2022-09-02,41.79999923706055,42.56999969482422,41.0099983215332,41.66999816894531,39.06001281738281,10425900
2022-09-06,42.2599983215332,42.95000076293945,41.54999923706055,41.709999084472656,39.097511291503906,11968700
2022-09-07,41.22999954223633,42.77000045776367,40.900001525878906,42.349998474121094,40.22787857055664,8663400
2022-09-08,42.15999984741211,42.72999954223633,41.93000030517578,42.38999938964844,40.26587677001953,9129100
2022-09-09,43.08000183105469,43.40999984741211,42.72999954223633,43.16999816894531,41.00679397583008,7920300
2022-09-12,44.41999816894531,44.599998474121094,43.83000183105469,43.95000076293945,41.74769973754883,10767900
2022-09-13,42.689998626708984,43.79999923706055,42.59000015258789,43.029998779296875,40.87380599975586,10574800
2022-09-14,43.16999816894531,43.65999984741211,42.81999969482422,42.93000030517578,40.77881622314453,10266900
2022-09-15,42.709999084472656,43.31999969482422,41.95000076293945,42.400001525878906,40.2753791809082,10461600
2022-09-16,41.880001068115234,44.099998474121094,41.61000061035156,43.709999084472656,41.51973342895508,18207600
2022-09-19,43.209999084472656,44.279998779296875,42.91999816894531,44.27000045776367,42.05167007446289,9830900
2022-09-20,43.59000015258789,43.650001525878906,42.279998779296875,42.79999923706055,40.65533447265625,9205200
2022-09-21,43.099998474121094,43.400001525878906,41.880001068115234,42.400001525878906,40.2753791809082,10081500
2022-09-22,42.66999816894531,43.08000183105469,41.91999816894531,42.5,40.370361328125,7662000
2022-09-23,41.4900016784668,41.619998931884766,40.5,41.25,39.18300247192383,11665100
2022-09-26,41.04999923706055,41.43000030517578,40.0,40.59000015258789,38.55607604980469,8349800
2022-09-27,41.189998626708984,41.470001220703125,40.2400016784668,40.27000045776367,38.25210952758789,7705500
2022-09-28,41.189998626708984,42.209999084472656,40.9900016784668,42.189998626708984,40.075897216796875,9165400
2022-09-29,41.68000030517578,42.09000015258789,41.13999938964844,41.7599983215332,39.667442321777344,8372500
2022-09-30,41.779998779296875,42.72999954223633,41.540000915527344,42.029998779296875,39.923912048339844,12612800
2022-10-03,42.779998779296875,44.040000915527344,42.369998931884766,43.709999084472656,41.51973342895508,12915400
2022-10-04,44.290000915527344,45.22999954223633,43.939998626708984,44.529998779296875,42.298641204833984,10705200
2022-10-05,43.81999969482422,44.06999969482422,42.88999938964844,43.900001525878906,41.70021438598633,9238800
2022-10-06,43.650001525878906,44.939998626708984,43.5,44.88999938964844,42.64060592651367,9552500
2022-10-07,44.29999923706055,44.70000076293945,42.58000183105469,42.599998474121094,40.465354919433594,9018200
2022-10-10,42.439998626708984,42.88999938964844,42.060001373291016,42.279998779296875,40.1613883972168,5587800
2022-10-11,42.22999954223633,42.959999084472656,41.63999938964844,41.81999969482422,39.72444152832031,7907300
2022-10-12,41.630001068115234,42.31999969482422,41.369998931884766,41.90999984741211,39.80992889404297,6090500
2022-10-13,40.90999984741211,41.86000061035156,40.040000915527344,41.619998931884766,39.534461975097656,7882600
2022-10-14,41.47999954223633,41.79999923706055,40.65999984741211,40.7400016784668,38.69855880737305,9793000
2022-10-17,41.61000061035156,41.97999954223633,41.2400016784668,41.310001373291016,39.239994049072266,7143400
2022-10-18,41.88999938964844,42.099998474121094,41.150001525878906,41.70000076293945,39.61045455932617,6404200
2022-10-19,41.11000061035156,41.15999984741211,40.33000183105469,40.369998931884766,38.34709548950195,7281400
2022-10-20,40.5,42.09000015258789,40.380001068115234,41.13999938964844,39.078514099121094,5802900
2022-10-21,41.38999938964844,42.56999969482422,41.15999984741211,42.369998931884766,40.24687194824219,10170400
2022-10-24,41.9900016784668,42.40999984741211,41.52000045776367,42.08000183105469,39.971412658691406,7132300
2022-10-25,42.220001220703125,42.970001220703125,42.04999923706055,42.720001220703125,40.579341888427734,8649200
2022-10-26,43.15999984741211,44.25,43.04999923706055,43.77000045776367,41.57672882080078,9087600
2022-10-27,43.970001220703125,43.970001220703125,42.970001220703125,43.060001373291016,40.902305603027344,7619400
2022-10-28,42.689998626708984,43.029998779296875,42.34000015258789,42.86000061035156,40.71232986450195,6940500
2022-10-31,42.38999938964844,42.84000015258789,41.970001220703125,42.31999969482422,40.19938278198242,7480300
2022-11-01,43.02000045776367,43.2400016784668,41.68000030517578,41.709999084472656,39.61995315551758,7684100
2022-11-02,41.90999984741211,42.66999816894531,39.45000076293945,39.529998779296875,37.54918670654297,14402400
2022-11-03,39.0,39.20000076293945,37.45000076293945,37.790000915527344,35.89638137817383,11497100
2022-11-04,39.2599983215332,41.13999938964844,39.04999923706055,40.9900016784668,38.93602752685547,11062800
2022-11-07,41.150001525878906,41.66999816894531,40.72999954223633,41.31999969482422,39.249488830566406,6176700
2022-11-08,41.29999923706055,44.81999969482422,41.119998931884766,43.75,41.55772399902344,11896700
2022-11-09,43.65999984741211,44.209999084472656,43.099998474121094,43.33000183105469,41.158775329589844,8827400
2022-11-10,45.77000045776367,46.91999816894531,45.52000045776367,46.40999984741211,44.084434509277344,11839200
2022-11-11,46.619998931884766,46.65999984741211,45.52000045776367,46.529998779296875,44.198421478271484,6814600
2022-11-14,46.16999816894531,46.90999984741211,46.09000015258789,46.290000915527344,43.97045135498047,6629600
2022-11-15,46.81999969482422,46.95000076293945,45.099998474121094,45.689998626708984,43.4005126953125,9158800
2022-11-16,45.720001220703125,46.439998626708984,45.47999954223633,45.4900016784668,43.21053695678711,5144000
2022-11-17,44.47999954223633,45.0,44.189998626708984,44.66999816894531,42.4316291809082,5938800
2022-11-18,44.86000061035156,45.130001068115234,44.310001373291016,45.130001068115234,42.86857604980469,6156000
2022-11-21,44.869998931884766,45.08000183105469,44.04999923706055,45.0,42.74509048461914,4503400
2022-11-22,45.38999938964844,46.189998626708984,45.15999984741211,46.130001068115234,43.8184700012207,6372200
2022-11-23,45.72999954223633,46.27000045776367,45.400001525878906,46.25,43.93245315551758,6395600
2022-11-25,46.369998931884766,46.59000015258789,45.79999923706055,45.849998474121094,43.55249786376953,2673200
2022-11-28,45.810001373291016,45.869998931884766,44.220001220703125,44.31999969482422,42.09916305541992,9250700
2022-11-29,44.790000915527344,45.810001373291016,44.72999954223633,45.7599983215332,43.46700668334961,5953400
2022-11-30,46.18000030517578,47.47999954223633,45.310001373291016,47.470001220703125,45.09132766723633,13739100
2022-12-01,48.41999816894531,49.650001525878906,48.15999984741211,48.56999969482422,46.136199951171875,10497300
2022-12-02,47.59000015258789,48.75,47.189998626708984,48.66999816894531,46.23118591308594,8205500
2022-12-05,48.369998931884766,48.689998626708984,47.15999984741211,47.470001220703125,45.09132766723633,7320500
2022-12-06,48.06999969482422,48.400001525878906,46.79999923706055,47.119998931884766,44.75885772705078,5537500
2022-12-07,47.0,47.68000030517578,46.72999954223633,47.189998626708984,45.35474395751953,7350100
2022-12-08,47.52000045776367,47.68000030517578,47.0,47.119998931884766,45.28746795654297,4621500
2022-12-09,47.380001068115234,47.900001525878906,46.380001068115234,46.400001525878906,44.5954704284668,9182000
2022-12-12,46.220001220703125,46.470001220703125,45.34000015258789,46.400001525878906,44.5954704284668,6633600
2022-12-13,48.310001373291016,48.75,46.689998626708984,47.150001525878906,45.316307067871094,8143600
2022-12-14,47.119998931884766,47.59000015258789,46.369998931884766,47.11000061035156,45.277862548828125,7553900
2022-12-15,45.79999923706055,46.63999938964844,45.4900016784668,45.56999969482422,43.79774856567383,7637300
2022-12-16,45.38999938964844,46.54999923706055,45.25,46.13999938964844,44.3455810546875,11664700
2022-12-19,46.04999923706055,46.459999084472656,45.33000183105469,45.599998474121094,43.82658386230469,6277700
2022-12-20,46.400001525878906,48.029998779296875,46.33000183105469,47.619998931884766,45.76802444458008,6202500
2022-12-21,47.900001525878906,48.439998626708984,47.04999923706055,47.31999969482422,45.47969055175781,6265000
2022-12-22,46.93000030517578,47.5099983215332,46.45000076293945,47.5,45.65269088745117,4673600
2022-12-23,47.630001068115234,48.380001068115234,47.02000045776367,47.849998474121094,45.989078521728516,4600000
2022-12-27,48.060001373291016,49.119998931884766,47.97999954223633,48.75,46.85407638549805,5575300
2022-12-28,48.380001068115234,48.43000030517578,47.029998779296875,47.369998931884766,45.52774429321289,5282900
2022-12-29,47.59000015258789,47.849998474121094,47.2400016784668,47.36000061035156,45.51813507080078,3899700
2022-12-30,47.59000015258789,47.599998474121094,46.650001525878906,47.20000076293945,45.36436080932617,3921900
2023-01-03,48.27000045776367,49.72999954223633,48.11000061035156,49.58000183105469,47.65180206298828,8431400
2023-01-04,50.599998474121094,51.86000061035156,50.31999969482422,51.5099983215332,49.50674057006836,11532000
2023-01-05,50.54999923706055,51.2599983215332,50.02000045776367,51.209999084472656,49.218406677246094,7037000
2023-01-06,52.310001373291016,53.290000915527344,51.41999816894531,52.689998626708984,50.64085006713867,7424900
2023-01-09,52.790000915527344,53.09000015258789,52.040000915527344,52.220001220703125,50.18912887573242,7561800
2023-01-10,52.4900016784668,53.22999954223633,52.220001220703125,53.150001525878906,51.08296203613281,4132300
2023-01-11,53.349998474121094,53.650001525878906,52.060001373291016,52.459999084472656,50.41979217529297,6124700
2023-01-12,53.56999969482422,53.59000015258789,52.61000061035156,53.400001525878906,51.323238372802734,6115600
2023-01-13,53.36000061035156,54.4900016784668,53.25,54.349998474121094,52.23628616333008,6547300
2023-01-17,53.720001220703125,53.880001068115234,52.22999954223633,52.470001220703125,50.42940902709961,7040800
2023-01-18,53.02000045776367,53.25,51.439998626708984,51.529998779296875,49.525962829589844,8275900
2023-01-19,51.369998931884766,52.869998931884766,50.880001068115234,52.470001220703125,50.42940902709961,6940000
2023-01-20,52.060001373291016,53.459999084472656,51.93000030517578,53.34000015258789,51.265567779541016,4858400
2023-01-23,52.779998779296875,53.7400016784668,52.400001525878906,53.630001068115234,51.54429244995117,4695400
2023-01-24,51.119998931884766,55.099998474121094,51.119998931884766,53.38999938964844,51.31362533569336,4508800
2023-01-25,53.04999923706055,55.40999984741211,52.95000076293945,55.09000015258789,52.947509765625,6053700
2023-01-26,54.880001068115234,54.880001068115234,53.56999969482422,54.130001068115234,52.024845123291016,5633600
2023-01-27,54.060001373291016,54.060001373291016,53.220001220703125,53.31999969482422,51.2463493347168,5690200
2023-01-30,53.16999816894531,53.599998474121094,52.65999984741211,52.7400016784668,50.68890380859375,4590700
2023-01-31,52.47999954223633,52.93000030517578,52.189998626708984,52.93000030517578,50.871517181396484,7919700
2023-02-01,52.75,54.77000045776367,52.54999923706055,54.189998626708984,52.08251190185547,6598200
2023-02-02,54.18000030517578,54.47999954223633,51.86000061035156,52.43000030517578,50.390960693359375,7244600
2023-02-03,51.0,51.29999923706055,49.56999969482422,49.849998474121094,47.91129684448242,9743900
2023-02-06,46.97999954223633,48.040000915527344,46.970001220703125,47.599998474121094,45.748802185058594,15273600
2023-02-07,47.720001220703125,49.31999969482422,47.540000915527344,48.720001220703125,46.82524490356445,8022700
2023-02-08,48.86000061035156,49.13999938964844,48.22999954223633,48.349998474121094,46.46963119506836,5396900
2023-02-09,48.9900016784668,49.599998474121094,47.279998779296875,47.58000183105469,45.72957992553711,6220500
2023-02-10,47.66999816894531,48.040000915527344,47.290000915527344,47.97999954223633,46.11402130126953,4672300
2023-02-13,48.20000076293945,48.65999984741211,47.36000061035156,48.29999923706055,46.42157745361328,5201900
2023-02-14,47.939998626708984,47.939998626708984,46.31999969482422,47.0099983215332,45.18174743652344,8593200
2023-02-15,46.22999954223633,46.70000076293945,45.95000076293945,46.29999923706055,44.499359130859375,8630900
2023-02-16,45.650001525878906,46.33000183105469,45.11000061035156,45.849998474121094,44.06686019897461,7494700
2023-02-17,45.31999969482422,45.560001373291016,44.66999816894531,45.41999816894531,43.65358352661133,8575200
2023-02-21,45.189998626708984,45.45000076293945,44.72999954223633,45.16999816894531,43.41330337524414,6856900
2023-02-22,45.0,45.029998779296875,44.04999923706055,44.22999954223633,42.50986099243164,9596600
2023-02-23,44.11000061035156,44.70000076293945,43.369998931884766,44.2599983215332,42.5386962890625,7718100
2023-02-24,43.70000076293945,43.970001220703125,43.189998626708984,43.540000915527344,41.84669876098633,7342300
2023-02-27,43.709999084472656,43.93000030517578,43.08000183105469,43.34000015258789,41.654476165771484,8277800
2023-02-28,43.2599983215332,44.130001068115234,43.0099983215332,43.61000061035156,41.913978576660156,9074800
2023-03-01,44.25,44.599998474121094,43.91999816894531,44.099998474121094,42.384918212890625,6486800
2023-03-02,43.779998779296875,44.040000915527344,43.5,43.939998626708984,42.231143951416016,5550700
2023-03-03,44.4900016784668,44.7400016784668,44.029998779296875,44.70000076293945,42.961585998535156,5671000
2023-03-06,44.4900016784668,44.939998626708984,44.02000045776367,44.220001220703125,42.50025939941406,5775400
2023-03-07,43.95000076293945,43.95000076293945,42.4900016784668,42.5,40.84714126586914,9080600
2023-03-08,42.439998626708984,42.83000183105469,41.90999984741211,42.15999984741211,40.905357360839844,6672700
2023-03-09,42.5,42.75,41.68000030517578,41.7400016784668,40.497859954833984,5196900
2023-03-10,42.560001373291016,43.52000045776367,42.029998779296875,42.15999984741211,40.905357360839844,7774300
2023-03-13,43.470001220703125,45.529998779296875,43.349998474121094,45.119998931884766,43.77726745605469,16698400
2023-03-14,45.29999923706055,45.400001525878906,44.2400016784668,44.869998931884766,43.53471374511719,11233500
2023-03-15,45.79999923706055,46.130001068115234,44.91999816894531,46.11000061035156,44.73781204223633,14169500
2023-03-16,46.209999084472656,46.209999084472656,44.689998626708984,45.779998779296875,44.41762924194336,10056300
2023-03-17,46.65999984741211,48.689998626708984,46.220001220703125,48.16999816894531,46.73650360107422,27337100
2023-03-20,48.709999084472656,48.9900016784668,47.68000030517578,47.81999969482422,46.39692306518555,10192000
2023-03-21,47.130001068115234,47.15999984741211,45.900001525878906,46.599998474121094,45.213226318359375,7673300
2023-03-22,46.560001373291016,47.45000076293945,46.11000061035156,46.63999938964844,45.252037048339844,8653600
2023-03-23,47.04999923706055,48.599998474121094,46.91999816894531,47.790000915527344,46.367820739746094,9543400
2023-03-24,48.18000030517578,49.220001220703125,47.70000076293945,48.54999923706055,47.10519790649414,9364300
2023-03-27,47.310001373291016,48.279998779296875,47.09000015258789,48.209999084472656,46.77531433105469,6274400
2023-03-28,48.400001525878906,48.709999084472656,47.869998931884766,48.65999984741211,47.2119255065918,4884800
2023-03-29,48.400001525878906,48.79999923706055,48.040000915527344,48.34000015258789,46.90144729614258,5235500
2023-03-30,48.86000061035156,48.88999938964844,48.2400016784668,48.84000015258789,47.38656997680664,7453200
2023-03-31,48.90999984741211,49.040000915527344,48.470001220703125,49.02000045776367,47.56121063232422,5832500
2023-04-03,49.0099983215332,49.70000076293945,48.38999938964844,49.470001220703125,47.99781799316406,6309500
2023-04-04,49.279998779296875,51.540000915527344,49.13999938964844,51.349998474121094,49.82187271118164,14721000
2023-04-05,51.7400016784668,52.7599983215332,51.189998626708984,52.06999969482422,50.52044677734375,11767800
2023-04-06,51.599998474121094,52.15999984741211,51.040000915527344,52.04999923706055,50.501041412353516,8461300
2023-04-10,51.2599983215332,51.439998626708984,50.65999984741211,51.09000015258789,49.569610595703125,7611600
2023-04-11,49.79999923706055,51.08000183105469,49.709999084472656,49.91999816894531,48.434425354003906,11762400
2023-04-12,50.099998474121094,50.40999984741211,49.220001220703125,49.709999084472656,48.23067855834961,8678900
2023-04-13,50.650001525878906,51.459999084472656,50.40999984741211,51.02000045776367,49.50169372558594,11922200
2023-04-14,50.220001220703125,50.470001220703125,48.400001525878906,49.52000045776367,48.04633331298828,11924300
2023-04-17,48.9900016784668,49.0,48.220001220703125,48.470001220703125,47.02758026123047,8334600
2023-04-18,48.790000915527344,49.43000030517578,48.54999923706055,48.86000061035156,47.405975341796875,7582000
2023-04-19,48.02000045776367,48.619998931884766,47.90999984741211,48.2599983215332,46.823829650878906,6736000
2023-04-20,48.529998779296875,48.58000183105469,47.65999984741211,47.880001068115234,46.455135345458984,5513800
2023-04-21,47.68000030517578,48.15999984741211,47.13999938964844,47.619998931884766,46.202877044677734,5985400
2023-04-24,47.4900016784668,48.099998474121094,47.0,48.02000045776367,46.590972900390625,6084100
2023-04-25,47.65999984741211,48.599998474121094,47.56999969482422,48.20000076293945,46.7656135559082,7504000
2023-04-26,48.47999954223633,48.72999954223633,47.11000061035156,47.150001525878906,45.74686050415039,7558400
2023-04-27,46.83000183105469,48.279998779296875,46.54999923706055,48.27000045776367,46.83353042602539,7310400
2023-04-28,47.9900016784668,48.040000915527344,46.75,47.400001525878906,45.98942565917969,8036100
2023-05-01,47.7599983215332,47.939998626708984,46.79999923706055,46.93000030517578,45.533409118652344,5527700
2023-05-02,46.7400016784668,48.4900016784668,46.720001220703125,48.060001373291016,46.629783630371094,8428400
2023-05-03,48.0,48.380001068115234,47.2599983215332,47.4900016784668,46.07674789428711,7784200
2023-05-04,47.70000076293945,50.18000030517578,47.70000076293945,49.40999984741211,47.939605712890625,13356200
2023-05-05,48.619998931884766,49.27000045776367,48.189998626708984,48.720001220703125,47.2701416015625,7281000
2023-05-08,48.790000915527344,49.08000183105469,48.150001525878906,48.290000915527344,46.852935791015625,5524900
2023-05-09,48.290000915527344,48.560001373291016,47.810001373291016,48.150001525878906,46.717105865478516,4898600
2023-05-10,48.34000015258789,48.40999984741211,47.27000045776367,47.810001373291016,46.38722229003906,5843100
2023-05-11,47.22999954223633,47.650001525878906,45.84000015258789,45.880001068115234,44.51465606689453,8191600
2023-05-12,45.56999969482422,45.9900016784668,45.459999084472656,45.939998626708984,44.57286834716797,6288400
2023-05-15,46.150001525878906,47.45000076293945,45.95000076293945,47.09000015258789,45.68864822387695,8343500
2023-05-16,46.52000045776367,46.75,45.060001373291016,45.119998931884766,43.77726745605469,8658600
2023-05-17,44.900001525878906,45.380001068115234,44.650001525878906,44.75,43.41828155517578,8409800
2023-05-18,43.900001525878906,44.060001373291016,42.869998931884766,43.27000045776367,41.98232650756836,10091500
2023-05-19,43.599998474121094,44.18000030517578,43.11000061035156,43.65999984741211,42.3607177734375,8345300
2023-05-22,43.65999984741211,43.7599983215332,43.33000183105469,43.33000183105469,42.04054260253906,6637300
2023-05-23,42.75,43.0099983215332,42.439998626708984,42.4900016784668,41.22554016113281,9203900
2023-05-24,42.54999923706055,42.68000030517578,41.630001068115234,41.810001373291016,40.56577682495117,8473100
2023-05-25,41.16999816894531,41.20000076293945,40.61000061035156,40.63999938964844,39.43059158325195,10230700
2023-05-26,41.18000030517578,41.279998779296875,40.33000183105469,40.68000030517578,39.46940231323242,7046200
2023-05-30,41.13999938964844,41.279998779296875,40.34000015258789,40.400001525878906,39.19773483276367,8413300
2023-05-31,39.970001220703125,41.09000015258789,39.95000076293945,40.54999923706055,39.73670196533203,16137900
2023-06-01,40.84000015258789,42.779998779296875,40.79999923706055,42.470001220703125,41.61819839477539,13608300
2023-06-02,42.810001373291016,42.91999816894531,41.84000015258789,42.09000015258789,41.245819091796875,11464700
2023-06-05,41.70000076293945,42.54999923706055,41.58000183105469,41.91999816894531,41.0792236328125,7459900
2023-06-06,41.970001220703125,42.150001525878906,41.599998474121094,41.9900016784668,41.147823333740234,5477300
2023-06-07,42.0,42.41999816894531,41.56999969482422,41.900001525878906,41.059627532958984,7056500
2023-06-08,42.31999969482422,42.61000061035156,41.869998931884766,42.040000915527344,41.19681930541992,5894900
2023-06-09,41.93000030517578,42.0099983215332,41.290000915527344,41.459999084472656,40.62845230102539,5601300
2023-06-12,41.400001525878906,42.06999969482422,41.279998779296875,42.040000915527344,41.19681930541992,6618100
2023-06-13,42.25,42.54999923706055,42.09000015258789,42.439998626708984,41.58879470825195,7955900
2023-06-14,43.0,43.0,41.689998626708984,42.099998474121094,41.255615234375,6489500
2023-06-15,42.09000015258789,42.79999923706055,41.83000183105469,42.70000076293945,41.84358215332031,6959800
2023-06-16,43.18000030517578,43.91999816894531,42.880001068115234,43.83000183105469,42.95092010498047,17161100
2023-06-20,43.09000015258789,43.2599983215332,42.58000183105469,43.099998474121094,42.235557556152344,9050100
2023-06-21,42.959999084472656,42.970001220703125,42.279998779296875,42.58000183105469,41.725990295410156,5940600
2023-06-22,42.029998779296875,42.45000076293945,41.95000076293945,42.150001525878906,41.30461502075195,6948700
2023-06-23,42.099998474121094,42.5,41.5,41.58000183105469,40.74604797363281,8223600
2023-06-26,41.720001220703125,42.86000061035156,41.43000030517578,42.75,41.892578125,8477000
2023-06-27,42.63999938964844,42.7599983215332,41.90999984741211,42.459999084472656,41.60839080810547,6316300
2023-06-28,42.04999923706055,42.16999816894531,41.11000061035156,41.18000030517578,40.354068756103516,7532000
2023-06-29,40.79999923706055,41.97999954223633,40.720001220703125,41.95000076293945,41.10862731933594,6104000
2023-06-30,42.0099983215332,42.720001220703125,41.75,42.65999984741211,41.804386138916016,7214500
2023-07-03,42.849998474121094,43.41999816894531,42.709999084472656,43.040000915527344,42.176761627197266,3675100
2023-07-05,43.0,43.060001373291016,42.119998931884766,42.150001525878906,41.30461502075195,9618500
2023-07-06,41.970001220703125,42.099998474121094,41.04999923706055,41.540000915527344,40.70684814453125,8318700
2023-07-07,42.099998474121094,42.81999969482422,42.060001373291016,42.2400016784668,41.3928108215332,6736900
2023-07-10,41.880001068115234,42.84000015258789,41.849998474121094,42.61000061035156,41.75539016723633,6998700
2023-07-11,42.650001525878906,43.34000015258789,42.650001525878906,43.310001373291016,42.441349029541016,6800600
2023-07-12,44.029998779296875,45.36000061035156,43.97999954223633,45.209999084472656,44.30323791503906,10074400
2023-07-13,45.33000183105469,45.70000076293945,45.06999969482422,45.470001220703125,44.55802536010742,8086800
2023-07-14,45.470001220703125,45.91999816894531,44.95000076293945,44.97999954223633,44.077850341796875,5124300
2023-07-17,44.4900016784668,45.029998779296875,44.349998474121094,44.619998931884766,43.725074768066406,4912000
2023-07-18,45.0,45.72999954223633,44.75,44.97999954223633,44.077850341796875,6037400
2023-07-19,44.70000076293945,45.310001373291016,44.70000076293945,45.18000030517578,44.273841857910156,6246200
2023-07-20,43.41999816894531,44.099998474121094,42.45000076293945,42.45000076293945,41.598594665527344,12791600
2023-07-21,42.150001525878906,43.369998931884766,42.04999923706055,43.209999084472656,42.343353271484375,6340100
2023-07-24,43.099998474121094,43.38999938964844,42.54999923706055,43.22999954223633,42.36294937133789,4635000
2023-07-25,43.22999954223633,43.959999084472656,43.04999923706055,43.61000061035156,42.735328674316406,6412000
2023-07-26,43.27000045776367,43.79999923706055,42.869998931884766,43.45000076293945,42.57854080200195,6319100
2023-07-27,42.7599983215332,42.880001068115234,42.099998474121094,42.11000061035156,41.26541519165039,6877600
2023-07-28,42.5099983215332,42.65999984741211,42.0099983215332,42.41999816894531,41.56919479370117,5194800
2023-07-31,42.5,43.470001220703125,42.380001068115234,42.91999816894531,42.05916976928711,7764300
2023-08-01,42.22999954223633,42.22999954223633,41.70000076293945,41.709999084472656,40.873435974121094,5480600
2023-08-02,41.5,41.540000915527344,40.470001220703125,40.65999984741211,39.84449768066406,8769900
2023-08-03,40.65999984741211,40.91999816894531,40.20000076293945,40.439998626708984,39.62890625,7884500
2023-08-04,40.61000061035156,41.0,40.27000045776367,40.869998931884766,40.05028533935547,8129400
2023-08-07,40.7599983215332,40.779998779296875,40.33000183105469,40.47999954223633,39.66810607910156,5413000
2023-08-08,40.060001373291016,40.11000061035156,39.599998474121094,39.84000015258789,39.04094314575195,7671900
2023-08-09,40.0,40.439998626708984,39.84000015258789,39.90999984741211,39.10953903198242,7431000
2023-08-10,40.279998779296875,40.56999969482422,39.75,39.84000015258789,39.04094314575195,6221300
2023-08-11,39.689998626708984,40.220001220703125,39.599998474121094,40.189998626708984,39.3839225769043,4239300
2023-08-14,39.84000015258789,39.86000061035156,39.25,39.459999084472656,38.66856384277344,8737100
2023-08-15,39.279998779296875,39.43000030517578,38.38999938964844,38.470001220703125,37.698421478271484,7810000
2023-08-16,38.43000030517578,38.66999816894531,38.209999084472656,38.290000915527344,37.522029876708984,6536700
2023-08-17,38.380001068115234,38.70000076293945,38.18000030517578,38.65999984741211,37.88460922241211,6952200
2023-08-18,38.5099983215332,38.5099983215332,37.95000076293945,38.20000076293945,37.433837890625,5984600
2023-08-21,38.439998626708984,38.439998626708984,38.02000045776367,38.25,37.48283386230469,7274900
2023-08-22,38.209999084472656,38.630001068115234,37.84000015258789,38.599998474121094,37.82581329345703,6276900
2023-08-23,38.91999816894531,39.369998931884766,38.869998931884766,39.189998626708984,38.40398025512695,7076900
2023-08-24,38.7599983215332,39.439998626708984,38.290000915527344,39.060001373291016,38.276588439941406,5667000
2023-08-25,39.16999816894531,39.36000061035156,38.27000045776367,38.310001373291016,37.54163360595703,7769600
2023-08-28,38.5,39.2400016784668,38.40999984741211,39.040000915527344,38.25699234008789,4889300
2023-08-29,38.810001373291016,39.529998779296875,38.560001373291016,39.52000045776367,38.727359771728516,6738800
2023-08-30,39.90999984741211,39.97999954223633,39.5,39.7599983215332,38.962547302246094,5402700
2023-08-31,39.779998779296875,39.939998626708984,39.209999084472656,39.41999816894531,38.62936782836914,6503400
2023-09-01,39.90999984741211,40.099998474121094,39.27000045776367,39.31999969482422,38.5313720703125,4909400
2023-09-05,39.0,39.380001068115234,38.630001068115234,38.84000015258789,38.06100082397461,7263500
2023-09-06,38.34000015258789,38.779998779296875,38.08000183105469,38.5,38.12041091918945,6706100
2023-09-07,38.33000183105469,38.59000015258789,38.09000015258789,38.36000061035156,37.981788635253906,5182100
2023-09-08,38.5,39.13999938964844,38.459999084472656,38.72999954223633,38.348140716552734,6523000
2023-09-11,39.130001068115234,39.220001220703125,38.709999084472656,38.90999984741211,38.5263671875,5102700
2023-09-12,38.79999923706055,39.20000076293945,38.5099983215332,38.81999969482422,38.437252044677734,5482500
2023-09-13,38.79999923706055,39.31999969482422,38.63999938964844,39.2599983215332,38.8729133605957,11608600
2023-09-14,39.29999923706055,39.790000915527344,39.27000045776367,39.52000045776367,39.13035202026367,9943800
2023-09-15,39.900001525878906,40.599998474121094,39.75,40.33000183105469,39.932369232177734,16417200
2023-09-18,40.33000183105469,40.650001525878906,39.970001220703125,40.470001220703125,40.070987701416016,8806100
2023-09-19,40.540000915527344,40.58000183105469,39.880001068115234,40.290000915527344,39.89276123046875,10531200
2023-09-20,40.4900016784668,41.38999938964844,40.40999984741211,40.95000076293945,40.5462532043457,6774700
2023-09-21,40.09000015258789,40.720001220703125,39.79999923706055,40.52000045776367,40.1204948425293,6949900
2023-09-22,40.91999816894531,41.22999954223633,40.7400016784668,40.7400016784668,40.33832550048828,6409700
2023-09-25,40.61000061035156,40.72999954223633,39.779998779296875,40.47999954223633,40.08088684082031,7344200
2023-09-26,40.18000030517578,40.20000076293945,39.27000045776367,39.400001525878906,39.01153564453125,8859300
2023-09-27,39.11000061035156,39.11000061035156,37.130001068115234,37.279998779296875,36.912437438964844,16109300
2023-09-28,37.099998474121094,37.33000183105469,36.599998474121094,37.029998779296875,36.66490173339844,12912500
2023-09-29,37.650001525878906,37.810001373291016,36.75,36.95000076293945,36.585693359375,9465300
2023-10-02,36.459999084472656,36.56999969482422,35.27000045776367,35.540000915527344,35.18959426879883,10829100
2023-10-03,35.25,35.900001525878906,35.15999984741211,35.209999084472656,34.86284637451172,12896200
2023-10-04,35.279998779296875,35.459999084472656,34.810001373291016,35.43000030517578,35.0806770324707,10442300
2023-10-05,35.470001220703125,36.349998474121094,35.470001220703125,36.349998474121094,35.99160385131836,9309300
2023-10-06,36.689998626708984,37.95000076293945,36.459999084472656,37.79999923706055,37.427310943603516,13361900
2023-10-09,38.029998779296875,38.130001068115234,37.40999984741211,37.630001068115234,37.25898742675781,13135100
2023-10-10,37.97999954223633,38.470001220703125,37.630001068115234,38.439998626708984,38.06100082397461,9430800
2023-10-11,38.720001220703125,39.130001068115234,38.43000030517578,39.11000061035156,38.724395751953125,9900400
2023-10-12,38.97999954223633,39.189998626708984,38.40999984741211,38.779998779296875,38.397647857666016,8835100
2023-10-13,39.72999954223633,39.810001373291016,39.0,39.43000030517578,39.04124069213867,15289700
2023-10-16,39.43000030517578,40.369998931884766,39.20000076293945,40.04999923706055,39.65512466430664,10715500
2023-10-17,40.119998931884766,40.939998626708984,40.0099983215332,40.470001220703125,40.070987701416016,9371700
2023-10-18,40.689998626708984,41.0,39.790000915527344,39.91999816894531,39.526405334472656,10765100
2023-10-19,39.779998779296875,39.84000015258789,39.16999816894531,39.45000076293945,39.06104278564453,13559400
2023-10-20,39.45000076293945,39.459999084472656,38.70000076293945,38.79999923706055,38.417449951171875,16797300
2023-10-23,38.43000030517578,38.650001525878906,38.0099983215332,38.439998626708984,38.06100082397461,10710600
2023-10-24,38.130001068115234,38.56999969482422,37.939998626708984,38.45000076293945,38.07090377807617,9802900
2023-10-25,37.689998626708984,37.97999954223633,36.70000076293945,36.7599983215332,36.39756393432617,21804700
2023-10-26,37.18000030517578,38.119998931884766,36.79999923706055,37.47999954223633,37.11046600341797,59217300
2023-10-27,37.869998931884766,39.130001068115234,37.79999923706055,38.970001220703125,38.585777282714844,20582300
2023-10-30,39.150001525878906,39.2599983215332,38.599998474121094,38.70000076293945,38.31843948364258,14514100
2023-10-31,38.4900016784668,38.5099983215332,37.13999938964844,37.470001220703125,37.10056686401367,15768900
2023-11-01,37.599998474121094,37.77000045776367,36.65999984741211,37.27000045776367,36.90253829956055,13935900
2023-11-02,37.68000030517578,38.0,37.119998931884766,37.959999084472656,37.585731506347656,12085600
2023-11-03,38.59000015258789,39.31999969482422,38.349998474121094,39.02000045776367,38.635284423828125,12702600
2023-11-06,39.0,39.130001068115234,37.84000015258789,37.880001068115234,37.50652313232422,13362600
2023-11-07,37.40999984741211,37.77000045776367,36.540000915527344,36.65999984741211,36.29854965209961,98183700
2023-11-08,36.279998779296875,36.36000061035156,34.529998779296875,34.779998779296875,34.43708419799805,17943100
2023-11-09,34.709999084472656,35.15999984741211,33.93000030517578,33.95000076293945,33.615272521972656,24427600
2023-11-10,33.709999084472656,34.22999954223633,33.59000015258789,34.20000076293945,33.8628044128418,20512200
2023-11-13,34.02000045776367,34.61000061035156,34.0099983215332,34.20000076293945,33.8628044128418,20068100
2023-11-14,34.88999938964844,36.380001068115234,34.7599983215332,36.09000015258789,35.734169006347656,23998500
2023-11-15,35.9900016784668,36.529998779296875,35.849998474121094,36.369998931884766,36.011409759521484,17021300
2023-11-16,36.459999084472656,37.27000045776367,36.400001525878906,36.560001373291016,36.19953918457031,11921500
2023-11-17,36.83000183105469,36.869998931884766,36.220001220703125,36.349998474121094,35.99160385131836,8347300
2023-11-20,36.040000915527344,36.83000183105469,35.779998779296875,36.560001373291016,36.19953918457031,11014900
2023-11-21,37.20000076293945,37.84000015258789,37.18000030517578,37.41999816894531,37.051055908203125,11531400
2023-11-22,37.5,37.779998779296875,37.36000061035156,37.689998626708984,37.31839370727539,7639200
2023-11-24,37.689998626708984,37.86000061035156,37.529998779296875,37.59000015258789,37.219383239746094,5580000
2023-11-27,38.16999816894531,38.4900016784668,37.810001373291016,38.18000030517578,37.803565979003906,10994700
2023-11-28,38.61000061035156,40.779998779296875,38.40999984741211,40.56999969482422,40.16999816894531,26586500
2023-11-29,39.95000076293945,40.68000030517578,39.849998474121094,40.380001068115234,40.380001068115234,12792300
2023-11-30,40.150001525878906,40.66999816894531,39.84000015258789,40.189998626708984,40.189998626708984,22025300
2023-12-01,40.25,41.29999923706055,40.08000183105469,41.20000076293945,41.20000076293945,14173900
2023-12-04,40.619998931884766,41.0,40.220001220703125,40.540000915527344,40.540000915527344,14412000
2023-12-05,40.38999938964844,40.529998779296875,39.45000076293945,39.88999938964844,39.88999938964844,14946000
2023-12-06,40.06999969482422,40.36000061035156,39.529998779296875,39.689998626708984,39.689998626708984,9482700
2023-12-07,39.9900016784668,39.9900016784668,39.119998931884766,39.72999954223633,39.72999954223633,15406800
2023-12-08,39.02000045776367,39.56999969482422,38.72999954223633,39.08000183105469,39.08000183105469,9029600
2023-12-11,38.70000076293945,39.0099983215332,38.31999969482422,38.869998931884766,38.869998931884766,10519700
2023-12-12,38.93000030517578,38.970001220703125,37.529998779296875,37.77000045776367,37.77000045776367,11758900
2023-12-13,37.45000076293945,40.0099983215332,37.2599983215332,40.0,40.0,19102500
2023-12-14,40.970001220703125,41.689998626708984,40.83000183105469,41.150001525878906,41.150001525878906,18867700
2023-12-15,40.869998931884766,41.18000030517578,40.52000045776367,40.869998931884766,40.869998931884766,33145900
2023-12-18,41.040000915527344,41.20000076293945,40.47999954223633,41.09000015258789,41.09000015258789,13168900
2023-12-19,41.41999816894531,42.369998931884766,41.20000076293945,41.77000045776367,41.77000045776367,15649800
2023-12-20,41.810001373291016,41.9900016784668,41.09000015258789,41.119998931884766,41.119998931884766,9283800
2023-12-21,41.7599983215332,41.880001068115234,41.18000030517578,41.43000030517578,41.43000030517578,7344200
2023-12-22,42.349998474121094,42.810001373291016,42.0099983215332,42.060001373291016,42.060001373291016,9132300
2023-12-26,42.33000183105469,42.470001220703125,41.79999923706055,41.90999984741211,41.90999984741211,4979200
2023-12-27,42.040000915527344,42.599998474121094,41.939998626708984,42.380001068115234,42.380001068115234,7687800
2023-12-28,42.099998474121094,42.41999816894531,41.68000030517578,41.70000076293945,41.70000076293945,6259400
2023-12-29,41.40999984741211,41.56999969482422,41.22999954223633,41.38999938964844,41.38999938964844,6985100
2024-01-02,41.2599983215332,41.7400016784668,40.7400016784668,40.90999984741211,40.90999984741211,8242900
2024-01-03,39.93000030517578,40.2400016784668,39.439998626708984,40.0,40.0,10382900
2024-01-04,39.90999984741211,40.150001525878906,39.34000015258789,40.119998931884766,40.119998931884766,8469100
2024-01-05,40.13999938964844,40.869998931884766,39.7599983215332,40.34000015258789,40.34000015258789,6832700
2024-01-08,39.63999938964844,40.4900016784668,39.349998474121094,40.22999954223633,40.22999954223633,6704000
2024-01-09,39.54999923706055,39.68000030517578,38.56999969482422,38.68000030517578,38.68000030517578,9638200
2024-01-10,38.54999923706055,38.68000030517578,37.939998626708984,37.95000076293945,37.95000076293945,8683300
2024-01-11,37.97999954223633,38.09000015258789,37.20000076293945,37.52000045776367,37.52000045776367,8390100
2024-01-12,38.15999984741211,38.52000045776367,37.619998931884766,37.63999938964844,37.63999938964844,9090700
2024-01-16,37.20000076293945,37.20000076293945,35.97999954223633,36.0099983215332,36.0099983215332,11303300
2024-01-17,35.2400016784668,35.2400016784668,34.70000076293945,34.72999954223633,34.72999954223633,16109300
2024-01-18,34.810001373291016,34.84000015258789,34.38999938964844,34.619998931884766,34.619998931884766,10762700
2024-01-19,34.56999969482422,34.689998626708984,34.209999084472656,34.58000183105469,34.58000183105469,10704800
2024-01-22,34.310001373291016,35.130001068115234,34.20000076293945,35.0,35.0,11795400
2024-01-23,35.25,35.43000030517578,35.02000045776367,35.36000061035156,35.36000061035156,7507800
2024-01-24,36.0099983215332,36.38999938964844,34.40999984741211,34.439998626708984,34.439998626708984,13515300
2024-01-25,34.9900016784668,35.0099983215332,34.2599983215332,34.4900016784668,34.4900016784668,10949000
2024-01-26,34.5,34.61000061035156,34.15999984741211,34.209999084472656,34.209999084472656,9500000
2024-01-29,34.540000915527344,34.650001525878906,34.08000183105469,34.650001525878906,34.650001525878906,13098200
2024-01-30,34.75,34.810001373291016,34.20000076293945,34.5099983215332,34.5099983215332,7633200
2024-01-31,34.880001068115234,35.43000030517578,34.5,34.5099983215332,34.5099983215332,12557200
2024-02-01,34.68000030517578,35.61000061035156,34.66999816894531,35.61000061035156,35.61000061035156,11872700
2024-02-02,34.77000045776367,34.880001068115234,33.79999923706055,34.40999984741211,34.40999984741211,17115300
