Date,Open,High,Low,Close,Adj Close,Volume
2014-02-06,35.375,36.1349983215332,35.25,35.755001068115234,32.02778625488281,7358600
2014-02-07,35.95500183105469,36.42499923706055,35.875,36.345001220703125,32.556278228759766,6747200
2014-02-10,36.3650016784668,36.494998931884766,36.060001373291016,36.334999084472656,32.54731750488281,6430400
2014-02-11,36.32500076293945,37.07500076293945,36.224998474121094,36.9900016784668,33.134037017822266,8739400
2014-02-12,37.154998779296875,37.404998779296875,36.91999816894531,37.05500030517578,33.192256927490234,6396200
2014-02-13,36.915000915527344,37.47999954223633,36.869998931884766,37.435001373291016,33.53264617919922,6161400
2014-02-14,37.435001373291016,37.59000015258789,37.099998474121094,37.53499984741211,33.622222900390625,6204800
2014-02-18,37.56999969482422,37.73500061035156,37.45000076293945,37.60499954223633,33.68492889404297,5935600
2014-02-19,37.30500030517578,37.775001525878906,37.30500030517578,37.40999984741211,33.510250091552734,5401400
2014-02-20,37.494998931884766,37.875,37.43000030517578,37.790000915527344,33.850643157958984,5581600
2014-02-21,37.69499969482422,38.33000183105469,37.68000030517578,38.2400016784668,34.25373458862305,8728600
2014-02-24,38.29499816894531,39.06999969482422,38.244998931884766,38.91999816894531,34.862857818603516,11072200
2014-02-25,38.8650016784668,39.2599983215332,38.78499984741211,39.05500030517578,34.983760833740234,6844000
2014-02-26,39.154998779296875,39.529998779296875,39.154998779296875,39.209999084472656,35.12261962890625,7917400
2014-02-27,39.0,39.19499969482422,38.7400016784668,39.0099983215332,35.05073165893555,6599200
2014-02-28,38.95000076293945,39.35499954223633,38.80500030517578,39.150001525878906,35.17652130126953,6875200
2014-03-03,38.814998626708984,38.994998931884766,38.275001525878906,38.69499969482422,34.76770782470703,6069200
2014-03-04,39.28499984741211,39.525001525878906,39.18000030517578,39.310001373291016,35.32028579711914,5661200
2014-03-05,39.2599983215332,39.29999923706055,38.68000030517578,38.709999084472656,34.78118896484375,6733200
2014-03-06,38.900001525878906,39.19499969482422,38.68000030517578,39.11000061035156,35.14058303833008,5536400
2014-03-07,39.54999923706055,40.04499816894531,39.540000915527344,39.72999954223633,35.697654724121094,8930800
2014-03-10,39.584999084472656,39.68000030517578,39.224998474121094,39.4900016784668,35.482025146484375,5344400
2014-03-11,39.525001525878906,39.810001373291016,39.28499984741211,39.400001525878906,35.40115737915039,4906600
2014-03-12,39.04999923706055,39.5,39.01499938964844,39.48500061035156,35.47752380371094,4296800
2014-03-13,39.625,39.8650016784668,39.165000915527344,39.26499938964844,35.27985382080078,8400400
2014-03-14,39.14500045776367,39.5,38.904998779296875,39.15999984741211,35.18551254272461,6086000
2014-03-17,39.435001373291016,39.56999969482422,39.2599983215332,39.4900016784668,35.482025146484375,8577600
2014-03-18,39.59000015258789,40.040000915527344,39.525001525878906,39.81999969482422,35.77851867675781,8245400
2014-03-19,39.67499923706055,39.97999954223633,39.279998779296875,39.57500076293945,35.55839538574219,5970400
2014-03-20,39.474998474121094,39.6349983215332,38.8849983215332,39.6349983215332,35.612308502197266,12440600
2014-03-21,38.54999923706055,38.654998779296875,37.5,37.60499954223633,33.788333892822266,31767000
2014-03-24,37.7400016784668,37.915000915527344,37.28499984741211,37.43000030517578,33.6310920715332,9999000
2014-03-25,37.67499923706055,37.755001068115234,36.79499816894531,36.82500076293945,33.08749771118164,10527000
2014-03-26,37.09000015258789,37.25,36.61000061035156,36.61000061035156,32.89431381225586,8537600
2014-03-27,36.654998779296875,37.04999923706055,36.505001068115234,36.65999984741211,32.939239501953125,8158600
2014-03-28,36.790000915527344,37.060001373291016,36.63999938964844,36.77000045776367,33.03807830810547,5987000
2014-03-31,37.0,37.095001220703125,36.724998474121094,36.93000030517578,33.18183898925781,6356600
2014-04-01,37.0099983215332,37.38999938964844,37.0099983215332,37.19499969482422,33.419944763183594,7399400
2014-04-02,37.35499954223633,37.5,37.15999984741211,37.27000045776367,33.48733139038086,7614600
2014-04-03,37.279998779296875,37.59000015258789,36.90999984741211,36.994998931884766,33.24024200439453,8255000
2014-04-04,37.185001373291016,37.25,36.2599983215332,36.41999816894531,32.723609924316406,9720200
2014-04-07,36.404998779296875,36.470001220703125,35.29999923706055,35.415000915527344,31.820602416992188,13853800
2014-04-08,36.11000061035156,36.55500030517578,35.95000076293945,36.459999084472656,32.75953674316406,12659600
2014-04-09,36.630001068115234,36.79999923706055,36.26499938964844,36.779998779296875,33.04706954956055,7078400
2014-04-10,36.8849983215332,37.084999084472656,36.125,36.224998474121094,32.54839324951172,8376600
2014-04-11,36.0,36.334999084472656,35.61000061035156,35.625,32.00929260253906,8698000
2014-04-14,35.849998474121094,36.22999954223633,35.650001525878906,36.189998626708984,32.51694869995117,7264800
2014-04-15,36.189998626708984,36.435001373291016,35.8650016784668,36.13999938964844,32.4720344543457,7777400
2014-04-16,36.41999816894531,36.59000015258789,36.25,36.54999923706055,32.84040069580078,4611200
2014-04-17,36.66999816894531,37.21500015258789,36.64500045776367,37.01499938964844,33.258216857910156,9041600
2014-04-21,36.95500183105469,37.029998779296875,36.65999984741211,36.95000076293945,33.19981384277344,6811800
2014-04-22,36.85499954223633,37.349998474121094,36.85499954223633,37.17499923706055,33.4019775390625,5122200
2014-04-23,37.27000045776367,37.43000030517578,37.005001068115234,37.04999923706055,33.2896728515625,4719400
2014-04-24,37.0099983215332,37.185001373291016,36.54999923706055,36.69499969482422,32.97068786621094,6784600
2014-04-25,36.54499816894531,36.849998474121094,36.255001068115234,36.349998474121094,32.66070556640625,6481200
2014-04-28,36.68000030517578,36.845001220703125,35.54999923706055,35.834999084472656,32.197975158691406,11446800
2014-04-29,35.86000061035156,36.36000061035156,35.82500076293945,36.2400016784668,32.561866760253906,6236000
2014-04-30,36.165000915527344,36.529998779296875,36.04499816894531,36.474998474121094,32.773033142089844,6173800
2014-05-01,36.404998779296875,36.689998626708984,36.29499816894531,36.459999084472656,32.75953674316406,4818200
2014-05-02,36.46500015258789,36.76499938964844,36.41999816894531,36.494998931884766,32.790992736816406,4048000
2014-05-05,36.334999084472656,36.71500015258789,36.130001068115234,36.64500045776367,32.925777435302734,4655600
2014-05-06,36.494998931884766,36.584999084472656,36.10499954223633,36.125,32.45853805541992,4585200
2014-05-07,36.35499954223633,36.415000915527344,35.76499938964844,36.09000015258789,32.42709732055664,5605400
2014-05-08,36.13999938964844,36.67499923706055,36.125,36.525001525878906,32.81794357299805,7965200
2014-05-09,36.435001373291016,36.790000915527344,36.345001220703125,36.724998474121094,32.997650146484375,4817000
2014-05-12,36.810001373291016,37.33000183105469,36.685001373291016,37.314998626708984,33.52776336669922,6636400
2014-05-13,37.334999084472656,37.5,37.26499938964844,37.29499816894531,33.50979232788086,4530200
2014-05-14,37.2400016784668,37.32500076293945,36.75,36.790000915527344,33.056060791015625,6281200
2014-05-15,36.70500183105469,36.810001373291016,36.185001373291016,36.470001220703125,32.76853942871094,6039800
2014-05-16,36.47999954223633,36.974998474121094,36.415000915527344,36.970001220703125,33.2177848815918,5376800
2014-05-19,37.0099983215332,37.275001525878906,36.8650016784668,37.244998931884766,33.46487045288086,4682200
2014-05-20,37.02000045776367,37.04999923706055,36.55500030517578,36.630001068115234,32.91228485107422,5921400
2014-05-21,36.689998626708984,37.130001068115234,36.630001068115234,37.10499954223633,33.33906936645508,4671800
2014-05-22,37.209999084472656,37.46500015258789,37.0,37.439998626708984,33.640079498291016,4866400
2014-05-23,37.564998626708984,38.15999984741211,37.47999954223633,37.92499923706055,34.07585144042969,7335200
2014-05-27,38.220001220703125,38.42499923706055,38.11000061035156,38.30500030517578,34.417293548583984,6698000
2014-05-28,38.26499938964844,38.30500030517578,37.959999084472656,38.1349983215332,34.2645378112793,4730000
2014-05-29,38.099998474121094,38.31999969482422,37.994998931884766,38.189998626708984,34.42227554321289,3987600
2014-05-30,38.20000076293945,38.46500015258789,38.150001525878906,38.45500183105469,34.661136627197266,5192400
2014-06-02,38.494998931884766,38.494998931884766,38.150001525878906,38.36000061035156,34.57551574707031,3809600
2014-06-03,38.209999084472656,38.30500030517578,37.7400016784668,37.775001525878906,34.0482292175293,6793400
2014-06-04,37.720001220703125,38.18000030517578,37.709999084472656,38.064998626708984,34.30961608886719,7356800
2014-06-05,38.154998779296875,38.27000045776367,37.65999984741211,37.935001373291016,34.192447662353516,7326400
2014-06-06,38.08000183105469,38.435001373291016,38.07500076293945,38.1150016784668,34.35468292236328,6637600
2014-06-09,38.04999923706055,38.45500183105469,38.04999923706055,38.334999084472656,34.55298614501953,5028600
2014-06-10,38.16999816894531,38.459999084472656,38.119998931884766,38.154998779296875,34.39072799682617,5150200
2014-06-11,37.834999084472656,37.900001525878906,37.45000076293945,37.56999969482422,33.86344528198242,9250000
2014-06-12,37.595001220703125,37.720001220703125,37.290000915527344,37.3849983215332,33.69670486450195,6330600
2014-06-13,37.369998931884766,37.46500015258789,36.56999969482422,37.310001373291016,33.629093170166016,7712200
2014-06-16,37.404998779296875,37.650001525878906,37.20000076293945,37.275001525878906,33.59754180908203,6531400
2014-06-17,37.3849983215332,37.58000183105469,37.125,37.54499816894531,33.84090805053711,6122200
2014-06-18,37.619998931884766,38.18000030517578,37.36000061035156,38.10499954223633,34.34566116333008,9852200
2014-06-19,38.21500015258789,38.224998474121094,37.60499954223633,37.81999969482422,34.08878707885742,4977600
2014-06-20,38.04499816894531,38.064998626708984,37.525001525878906,37.54999923706055,33.84542465209961,11385600
2014-06-23,37.54999923706055,37.80500030517578,37.20000076293945,37.724998474121094,34.00314712524414,9069200
2014-06-24,37.69499969482422,37.98500061035156,37.46500015258789,37.4900016784668,33.79133987426758,7617000
2014-06-25,37.51499938964844,38.27000045776367,37.51499938964844,38.23500061035156,34.46284866333008,7172200
2014-06-26,38.28499984741211,38.45500183105469,37.834999084472656,38.43000030517578,34.63859558105469,10522600
2014-06-27,39.26499938964844,39.57500076293945,38.84000015258789,38.84000015258789,35.008140563964844,18138400
2014-06-30,38.755001068115234,38.8650016784668,38.54499816894531,38.775001525878906,34.94956588745117,8535800
2014-07-01,38.8650016784668,39.27000045776367,38.8650016784668,39.0,35.1523551940918,7129200
2014-07-02,39.029998779296875,39.20500183105469,38.845001220703125,38.89500045776367,35.05772399902344,5577200
2014-07-03,38.76499938964844,39.310001373291016,38.5,39.224998474121094,35.355167388916016,4568600
2014-07-07,39.0,39.415000915527344,38.970001220703125,39.32500076293945,35.44530487060547,5464800
2014-07-08,39.154998779296875,39.20500183105469,38.53499984741211,38.834999084472656,35.00365447998047,8044400
2014-07-09,38.88999938964844,39.3849983215332,38.845001220703125,39.345001220703125,35.463321685791016,7028800
2014-07-10,38.6349983215332,38.904998779296875,38.39500045776367,38.75,34.92704391479492,6357000
2014-07-11,38.63999938964844,38.79499816894531,38.380001068115234,38.64500045776367,34.832393646240234,5758000
2014-07-14,38.974998474121094,39.095001220703125,38.79499816894531,38.974998474121094,35.129825592041016,5503400
2014-07-15,38.7599983215332,39.10499954223633,38.7400016784668,39.01499938964844,35.16587829589844,6506000
2014-07-16,38.92499923706055,39.1150016784668,38.3849983215332,38.459999084472656,34.6656379699707,7449600
2014-07-17,38.21500015258789,38.48500061035156,38.150001525878906,38.26499938964844,34.4898681640625,7461600
2014-07-18,38.42499923706055,38.85499954223633,38.334999084472656,38.7599983215332,34.936038970947266,6065200
2014-07-21,38.415000915527344,38.650001525878906,38.349998474121094,38.40999984741211,34.620567321777344,4209400
2014-07-22,38.55500030517578,38.81999969482422,38.5,38.52000045776367,34.719722747802734,5036000
2014-07-23,38.630001068115234,38.724998474121094,38.415000915527344,38.685001373291016,34.868438720703125,4092200
2014-07-24,38.970001220703125,39.3849983215332,38.93000030517578,39.29999923706055,35.42275619506836,8030200
2014-07-25,39.16999816894531,39.38999938964844,38.80500030517578,38.86000061035156,35.026180267333984,4540400
2014-07-28,38.96500015258789,39.29999923706055,38.7599983215332,39.20000076293945,35.3326301574707,4065200
2014-07-29,39.209999084472656,39.43000030517578,39.04999923706055,39.04999923706055,35.197444915771484,4669600
2014-07-30,39.19499969482422,39.970001220703125,39.13999938964844,39.80500030517578,35.87793731689453,9048200
2014-07-31,39.33000183105469,39.5099983215332,38.4900016784668,38.564998626708984,34.76028823852539,7796800
2014-08-01,38.27000045776367,38.625,38.19499969482422,38.38999938964844,34.60254669189453,5825800
2014-08-04,38.439998626708984,38.70500183105469,38.14500045776367,38.58000183105469,34.773807525634766,4839400
2014-08-05,38.380001068115234,38.81999969482422,38.26499938964844,38.459999084472656,34.6656379699707,4866200
2014-08-06,38.255001068115234,38.619998931884766,38.224998474121094,38.56999969482422,34.764801025390625,5074400
2014-08-07,38.849998474121094,38.8650016784668,37.9900016784668,38.17499923706055,34.408756256103516,6737400
2014-08-08,38.154998779296875,38.54999923706055,37.95000076293945,38.529998779296875,34.72873306274414,6714800
2014-08-11,38.7400016784668,38.75,38.4900016784668,38.529998779296875,34.72873306274414,7828600
2014-08-12,38.5,38.720001220703125,38.244998931884766,38.3650016784668,34.580013275146484,9142000
2014-08-13,38.540000915527344,38.89500045776367,38.27000045776367,38.625,34.814361572265625,6400400
2014-08-14,38.7599983215332,38.904998779296875,38.47999954223633,38.650001525878906,34.8369026184082,3935000
2014-08-15,38.86000061035156,39.0,38.244998931884766,38.564998626708984,34.76028823852539,4490000
2014-08-18,38.8650016784668,39.345001220703125,38.78499984741211,39.275001525878906,35.400238037109375,5697400
2014-08-19,39.35499954223633,39.54499816894531,39.17499923706055,39.255001068115234,35.382205963134766,4424000
2014-08-20,39.095001220703125,39.540000915527344,39.095001220703125,39.45500183105469,35.562477111816406,3965800
2014-08-21,39.52000045776367,39.70000076293945,39.32500076293945,39.470001220703125,35.575992584228516,4001800
2014-08-22,39.625,39.8650016784668,39.459999084472656,39.64500045776367,35.73373794555664,5807400
2014-08-25,39.79999923706055,40.150001525878906,39.75,40.005001068115234,36.05820846557617,5074400
2014-08-26,40.01499938964844,40.04999923706055,39.709999084472656,39.7400016784668,35.819366455078125,5216400
2014-08-27,39.994998931884766,39.994998931884766,39.709999084472656,39.86000061035156,35.927513122558594,3679400
2014-08-28,39.5099983215332,39.61000061035156,39.33000183105469,39.40999984741211,35.629188537597656,5169200
2014-08-29,39.42499923706055,39.470001220703125,39.1349983215332,39.275001525878906,35.50713348388672,6423000
2014-09-02,39.17499923706055,39.7599983215332,39.17499923706055,39.63999938964844,35.83711624145508,8164200
2014-09-03,39.89500045776367,39.939998626708984,39.27000045776367,39.40999984741211,35.629188537597656,4409600
2014-09-04,39.599998474121094,40.11000061035156,39.59000015258789,39.959999084472656,36.12640380859375,6022800
2014-09-05,39.77000045776367,41.05500030517578,39.67499923706055,41.02000045776367,37.08472442626953,12380600
2014-09-08,40.959999084472656,41.39500045776367,40.54499816894531,41.20000076293945,37.24745178222656,11728200
2014-09-09,41.1349983215332,41.27000045776367,40.755001068115234,40.91999816894531,36.99431610107422,8119000
2014-09-10,40.8650016784668,41.30500030517578,40.75,41.23500061035156,37.27910232543945,6742400
2014-09-11,41.08000183105469,41.29499816894531,40.77000045776367,40.90999984741211,36.98527908325195,7460400
2014-09-12,40.98500061035156,41.0,40.70500183105469,40.91999816894531,36.99431610107422,5926200
2014-09-15,41.04999923706055,41.09000015258789,40.505001068115234,40.80500030517578,36.890350341796875,6729000
2014-09-16,40.6150016784668,40.77000045776367,40.415000915527344,40.599998474121094,36.70500564575195,9393200
2014-09-17,40.775001525878906,40.915000915527344,40.5,40.755001068115234,36.84515380859375,7443200
2014-09-18,40.92499923706055,41.0,40.625,40.98500061035156,37.053077697753906,6393400
2014-09-19,41.31999969482422,41.369998931884766,40.665000915527344,40.904998779296875,36.98075485229492,19704400
2014-09-22,40.84000015258789,40.935001373291016,40.099998474121094,40.35499954223633,36.483524322509766,8138400
2014-09-23,40.2599983215332,40.290000915527344,39.94499969482422,40.060001373291016,36.216827392578125,6046800
2014-09-24,40.06999969482422,40.435001373291016,39.959999084472656,40.41999816894531,36.54227066040039,6754000
2014-09-25,40.34000015258789,40.34000015258789,39.6349983215332,39.875,36.04957580566406,14138400
2014-09-26,43.9900016784668,44.994998931884766,43.650001525878906,44.75,40.45689010620117,35090400
2014-09-29,44.1349983215332,45.04999923706055,44.1349983215332,44.560001373291016,40.28511047363281,14834400
2014-09-30,44.345001220703125,45.14500045776367,44.20000076293945,44.599998474121094,40.321266174316406,11583400
2014-10-01,44.45500183105469,44.5,43.755001068115234,43.849998474121094,39.64323043823242,9471600
2014-10-02,43.834999084472656,44.755001068115234,43.439998626708984,44.650001525878906,40.36647415161133,8739200
2014-10-03,44.880001068115234,45.224998474121094,44.584999084472656,45.14500045776367,40.81399917602539,8790000
2014-10-06,45.14500045776367,45.25,44.279998779296875,44.61000061035156,40.330322265625,7031200
2014-10-07,44.29999923706055,44.595001220703125,44.01499938964844,44.03499984741211,39.810462951660156,5486400
2014-10-08,44.05500030517578,44.58000183105469,43.76499938964844,44.415000915527344,40.154029846191406,7481200
2014-10-09,44.224998474121094,44.494998931884766,43.54999923706055,43.6150016784668,39.43075942993164,7462200
2014-10-10,43.720001220703125,44.099998474121094,43.505001068115234,43.595001220703125,39.41269302368164,9048200
2014-10-13,43.47999954223633,43.560001373291016,42.619998931884766,42.69499969482422,38.59904479980469,8005200
2014-10-14,42.88999938964844,42.95500183105469,42.41999816894531,42.54499816894531,38.46341323852539,9853400
2014-10-15,42.560001373291016,43.54999923706055,42.04999923706055,42.59000015258789,38.50410079956055,17571600
2014-10-16,42.095001220703125,43.625,41.92499923706055,43.52000045776367,39.344879150390625,13644000
2014-10-17,43.89500045776367,44.17499923706055,43.46500015258789,43.59000015258789,39.40815734863281,11396800
2014-10-20,43.400001525878906,44.46500015258789,43.3849983215332,44.45000076293945,40.18566131591797,6743400
2014-10-21,44.650001525878906,45.349998474121094,44.5099983215332,45.31999969482422,40.972198486328125,6459600
2014-10-22,45.32500076293945,45.76499938964844,44.904998779296875,44.93000030517578,40.61961364746094,7087800
2014-10-23,45.064998626708984,45.65999984741211,44.974998474121094,45.185001373291016,40.850154876708984,6191800
2014-10-24,44.974998474121094,45.494998931884766,44.95500183105469,45.45000076293945,41.08973693847656,4931000
2014-10-27,45.45500183105469,45.88999938964844,45.21500015258789,45.81999969482422,41.424232482910156,5819400
2014-10-28,45.76499938964844,46.224998474121094,45.654998779296875,46.224998474121094,41.79037857055664,6358400
2014-10-29,46.08000183105469,46.27000045776367,45.709999084472656,45.974998474121094,41.56435775756836,4998600
2014-10-30,45.8849983215332,46.5,45.775001525878906,46.5,42.03900146484375,4585200
2014-10-31,47.064998626708984,47.06999969482422,46.334999084472656,46.48500061035156,42.02543258666992,6463600
2014-11-03,46.67499923706055,46.7400016784668,46.435001373291016,46.724998474121094,42.24239730834961,4862800
2014-11-04,46.529998779296875,47.0099983215332,46.310001373291016,46.974998474121094,42.46841812133789,4441400
2014-11-05,47.41999816894531,47.41999816894531,46.85499954223633,47.34000015258789,42.79840850830078,6513800
2014-11-06,47.42499923706055,47.54499816894531,47.27000045776367,47.29999923706055,42.762245178222656,5482000
2014-11-07,47.375,47.375,46.77000045776367,46.88999938964844,42.39158248901367,4909800
2014-11-10,47.02000045776367,47.53499984741211,47.02000045776367,47.47999954223633,42.92497634887695,5898200
2014-11-11,47.599998474121094,47.650001525878906,47.290000915527344,47.439998626708984,42.88881301879883,4563200
2014-11-12,47.224998474121094,47.959999084472656,47.1150016784668,47.904998779296875,43.309207916259766,5018400
2014-11-13,48.09000015258789,48.275001525878906,47.779998779296875,48.060001373291016,43.449337005615234,5417400
2014-11-14,47.89500045776367,47.939998626708984,47.505001068115234,47.75,43.1690788269043,6406800
2014-11-17,47.685001373291016,48.095001220703125,47.52000045776367,48.029998779296875,43.422203063964844,5931000
2014-11-18,47.994998931884766,48.42499923706055,47.880001068115234,48.23500061035156,43.6075439453125,4803400
2014-11-19,48.25,48.54999923706055,48.17499923706055,48.474998474121094,43.82452392578125,4586000
2014-11-20,48.310001373291016,48.849998474121094,48.154998779296875,48.650001525878906,43.98272705078125,4822400
2014-11-21,49.345001220703125,49.47999954223633,48.33000183105469,48.709999084472656,44.03697967529297,7016400
2014-11-24,48.89500045776367,49.25,48.869998931884766,48.974998474121094,44.276546478271484,5081600
2014-11-25,49.150001525878906,49.25,48.6349983215332,48.64500045776367,43.97821044921875,6177200
2014-11-26,48.650001525878906,48.939998626708984,48.54999923706055,48.900001525878906,44.20874786376953,3948800
2014-11-28,49.16999816894531,49.880001068115234,49.1150016784668,49.64500045776367,44.882286071777344,3609400
2014-12-01,49.33000183105469,49.69499969482422,48.83000183105469,48.845001220703125,44.15903854370117,5139200
2014-12-02,49.029998779296875,49.36000061035156,48.845001220703125,49.02000045776367,44.317237854003906,4384000
2014-12-03,49.08000183105469,49.29999923706055,48.7599983215332,49.25,44.52517318725586,3792000
2014-12-04,49.25,49.69499969482422,49.029998779296875,49.525001525878906,44.77378845214844,4128200
2014-12-05,49.630001068115234,49.75,49.415000915527344,49.665000915527344,44.900360107421875,3408200
2014-12-08,49.525001525878906,49.525001525878906,48.650001525878906,48.86000061035156,44.17259216308594,5155200
2014-12-09,48.529998779296875,48.70000076293945,47.9900016784668,48.51499938964844,43.860687255859375,5989000
2014-12-10,48.2400016784668,49.119998931884766,48.22999954223633,48.83000183105469,44.14547348022461,6457800
2014-12-11,48.7400016784668,49.29999923706055,48.41999816894531,48.46500015258789,43.941463470458984,8723600
2014-12-12,48.32500076293945,48.94499969482422,48.084999084472656,48.084999084472656,43.596920013427734,8243800
2014-12-15,48.21500015258789,48.46500015258789,47.38999938964844,47.71500015258789,43.26145553588867,10152600
2014-12-16,47.67499923706055,47.709999084472656,46.48500061035156,46.60499954223633,42.255062103271484,14614400
2014-12-17,46.8650016784668,47.380001068115234,46.45000076293945,47.25,42.83987045288086,11205200
2014-12-18,48.1349983215332,48.540000915527344,47.529998779296875,48.540000915527344,44.00947952270508,18960800
2014-12-19,47.75,48.13999938964844,46.415000915527344,47.41999816894531,42.9940071105957,27002000
2014-12-22,47.564998626708984,47.96500015258789,47.5099983215332,47.96500015258789,43.488136291503906,7662200
2014-12-23,48.0,48.255001068115234,47.79499816894531,47.98500061035156,43.506263732910156,5241800
2014-12-24,48.20000076293945,48.67499923706055,48.04499816894531,48.14500045776367,43.651329040527344,2439600
2014-12-26,48.255001068115234,48.60499954223633,48.125,48.415000915527344,43.89612579345703,3144400
2014-12-29,48.30500030517578,48.82500076293945,48.30500030517578,48.650001525878906,44.109195709228516,4017800
2014-12-30,48.439998626708984,48.650001525878906,48.310001373291016,48.439998626708984,43.91880416870117,4146800
2014-12-31,48.48500061035156,48.80500030517578,48.02000045776367,48.07500076293945,43.58786392211914,4697400
2015-01-02,48.275001525878906,48.474998474121094,47.05500030517578,47.51499938964844,43.08012390136719,4985800
2015-01-05,47.255001068115234,47.275001525878906,46.564998626708984,46.75,42.38653564453125,6889200
2015-01-06,46.94499969482422,47.07500076293945,46.03499984741211,46.474998474121094,42.13719940185547,7576000
2015-01-07,46.80500030517578,47.650001525878906,46.54999923706055,47.435001373291016,43.00759506225586,7256000
2015-01-08,47.83000183105469,48.54999923706055,47.810001373291016,48.529998779296875,44.00038146972656,5978200
2015-01-09,48.46500015258789,48.494998931884766,47.79999923706055,47.994998931884766,43.51533889770508,4689000
2015-01-12,47.95500183105469,48.2599983215332,47.6150016784668,47.93000030517578,43.45640563964844,5630800
2015-01-13,48.16999816894531,48.724998474121094,47.314998626708984,47.505001068115234,43.07106399536133,6182200
2015-01-14,46.689998626708984,47.185001373291016,46.45500183105469,46.85499954223633,42.48173141479492,6750400
2015-01-15,47.314998626708984,47.34000015258789,46.28499984741211,46.404998779296875,42.073734283447266,4235000
2015-01-16,46.3849983215332,46.564998626708984,46.01499938964844,46.494998931884766,42.155330657958984,8770000
2015-01-20,46.720001220703125,46.94499969482422,46.310001373291016,46.80500030517578,42.4364013671875,9403800
2015-01-21,46.55500030517578,47.064998626708984,46.505001068115234,46.755001068115234,42.39107131958008,5854000
2015-01-22,47.17499923706055,48.05500030517578,46.779998779296875,47.92499923706055,43.45185852050781,6952400
2015-01-23,48.06999969482422,48.375,47.82500076293945,48.08000183105469,43.5923957824707,6781000
2015-01-26,48.0,48.23500061035156,47.775001525878906,48.17499923706055,43.67854309082031,4964000
2015-01-27,47.650001525878906,47.724998474121094,47.060001373291016,47.25,42.83987045288086,6696800
2015-01-28,47.5,47.65999984741211,46.625,46.654998779296875,42.300411224365234,6402600
2015-01-29,46.834999084472656,47.435001373291016,46.584999084472656,47.435001373291016,43.00759506225586,6802400
2015-01-30,46.959999084472656,47.18000030517578,46.04999923706055,46.125,41.81986999511719,8106400
2015-02-02,46.34000015258789,46.345001220703125,45.3849983215332,45.959999084472656,41.6702766418457,8056600
2015-02-03,46.1150016784668,46.69499969482422,46.01499938964844,46.67499923706055,42.31852722167969,7940200
2015-02-04,46.3849983215332,46.6349983215332,46.1349983215332,46.27000045776367,41.95133972167969,7187400
2015-02-05,46.439998626708984,46.79499816894531,46.279998779296875,46.66999816894531,42.31399154663086,5754400
2015-02-06,46.70000076293945,46.73500061035156,45.77000045776367,45.89500045776367,41.611331939697266,7381800
2015-02-09,45.75,45.849998474121094,45.345001220703125,45.584999084472656,41.33027267456055,7339400
2015-02-10,45.869998931884766,46.54999923706055,45.61000061035156,46.375,42.046539306640625,7694600
2015-02-11,46.244998931884766,46.375,45.474998474121094,45.654998779296875,41.39375305175781,8541000
2015-02-12,45.72999954223633,46.33000183105469,45.400001525878906,46.0,41.706539154052734,11855800
2015-02-13,46.0099983215332,46.28499984741211,45.95000076293945,46.02000045776367,41.724674224853516,7695600
2015-02-17,45.869998931884766,46.45000076293945,45.86000061035156,45.93000030517578,41.6430778503418,7371000
2015-02-18,45.77000045776367,46.8849983215332,45.71500015258789,46.810001373291016,42.44093322753906,8143800
2015-02-19,46.7400016784668,47.130001068115234,46.7400016784668,46.849998474121094,42.477195739746094,6605200
2015-02-20,46.80500030517578,47.64500045776367,46.67499923706055,47.46500015258789,43.0348014831543,7398000
2015-02-23,47.459999084472656,47.6150016784668,47.13999938964844,47.505001068115234,43.07106399536133,4622200
2015-02-24,47.375,47.77000045776367,47.375,47.709999084472656,43.25693893432617,5239200
2015-02-25,47.709999084472656,48.599998474121094,47.709999084472656,48.40999984741211,43.8916015625,7053600
2015-02-26,48.33000183105469,48.665000915527344,48.32500076293945,48.494998931884766,44.0961799621582,5935000
2015-02-27,48.474998474121094,48.70500183105469,48.314998626708984,48.560001373291016,44.15528869628906,7118600
2015-03-02,48.44499969482422,49.43000030517578,48.375,49.375,44.89636993408203,11025000
2015-03-03,49.220001220703125,49.23500061035156,48.560001373291016,48.98500061035156,44.54174041748047,7038400
2015-03-04,48.834999084472656,48.935001373291016,48.47999954223633,48.7599983215332,44.3371467590332,4853000
2015-03-05,48.97999954223633,49.34000015258789,48.89500045776367,49.22999954223633,44.76453399658203,6633600
2015-03-06,49.22999954223633,49.345001220703125,48.29999923706055,48.45500183105469,44.0598258972168,7174600
2015-03-09,48.54499816894531,48.90999984741211,48.470001220703125,48.71500015258789,44.296234130859375,5938800
2015-03-10,48.209999084472656,48.48500061035156,48.125,48.255001068115234,43.877960205078125,7096000
2015-03-11,48.189998626708984,48.540000915527344,47.59000015258789,47.66999816894531,43.34601974487305,7484200
2015-03-12,47.75,48.54999923706055,47.689998626708984,48.52000045776367,44.11893081665039,5809800
2015-03-13,48.52000045776367,48.7400016784668,47.650001525878906,47.904998779296875,43.55970764160156,7396200
2015-03-16,48.099998474121094,48.400001525878906,47.96500015258789,48.220001220703125,43.84613800048828,8497000
2015-03-17,48.06999969482422,48.38999938964844,47.755001068115234,48.27000045776367,43.891597747802734,6408200
2015-03-18,48.27000045776367,48.935001373291016,47.80500030517578,48.755001068115234,44.332611083984375,8855600
2015-03-19,48.904998779296875,49.310001373291016,48.60499954223633,49.15999984741211,44.70088577270508,13536000
2015-03-20,51.314998626708984,51.89500045776367,50.625,50.9900016784668,46.36486053466797,29779800
2015-03-23,50.775001525878906,51.29999923706055,50.599998474121094,50.72999954223633,46.12846374511719,10471800
2015-03-24,50.525001525878906,50.83000183105469,50.29999923706055,50.32500076293945,45.76021194458008,7598800
2015-03-25,50.5,50.59000015258789,49.470001220703125,49.494998931884766,45.0054931640625,8133400
2015-03-26,49.16999816894531,50.04499816894531,48.834999084472656,49.665000915527344,45.160064697265625,9479800
2015-03-27,49.560001373291016,50.09000015258789,49.560001373291016,49.939998626708984,45.41011047363281,4403600
2015-03-30,50.6150016784668,50.775001525878906,50.27000045776367,50.44499969482422,45.86931228637695,5435400
2015-03-31,50.439998626708984,50.91999816894531,50.14500045776367,50.165000915527344,45.614715576171875,6309200
2015-04-01,50.0,50.13999938964844,49.16999816894531,49.775001525878906,45.260093688964844,6605400
2015-04-02,50.02000045776367,50.15999984741211,49.69499969482422,49.83000183105469,45.310096740722656,3840400
2015-04-06,49.375,50.314998626708984,49.275001525878906,49.8650016784668,45.34191131591797,5027400
2015-04-07,49.8650016784668,50.130001068115234,49.73500061035156,49.80500030517578,45.287353515625,3993600
2015-04-08,50.0,50.48500061035156,49.86000061035156,50.41999816894531,45.84657669067383,6522400
2015-04-09,50.5,50.845001220703125,50.29999923706055,50.36000061035156,45.792015075683594,5301000
2015-04-10,50.459999084472656,50.540000915527344,49.96500015258789,49.98500061035156,45.451045989990234,5918200
2015-04-13,49.98500061035156,50.029998779296875,49.529998779296875,49.6349983215332,45.13279724121094,7313800
2015-04-14,49.529998779296875,49.904998779296875,49.349998474121094,49.76499938964844,45.2509880065918,4770800
2015-04-15,50.314998626708984,50.3650016784668,49.8650016784668,49.915000915527344,45.387393951416016,5716200
2015-04-16,49.744998931884766,50.084999084472656,49.70000076293945,49.95000076293945,45.41920852661133,4104000
2015-04-17,49.584999084472656,49.685001373291016,49.06999969482422,49.275001525878906,44.80543899536133,6049600
2015-04-20,49.540000915527344,50.16999816894531,49.5099983215332,49.994998931884766,45.460121154785156,6208600
2015-04-21,50.380001068115234,50.42499923706055,49.86000061035156,50.14500045776367,45.596534729003906,5125200
2015-04-22,50.150001525878906,50.19499969482422,49.64500045776367,50.07500076293945,45.53287887573242,3905800
2015-04-23,49.88999938964844,50.79999923706055,49.724998474121094,50.55500030517578,45.96934127807617,4668200
2015-04-24,50.22999954223633,50.63999938964844,50.10499954223633,50.474998474121094,45.89659881591797,4334000
2015-04-27,50.6349983215332,51.0,50.3849983215332,50.470001220703125,45.89204406738281,5158400
2015-04-28,50.400001525878906,50.400001525878906,49.595001220703125,49.93000030517578,45.40101623535156,6031600
2015-04-29,49.76499938964844,50.244998931884766,49.630001068115234,50.084999084472656,45.54196548461914,5395200
2015-04-30,49.875,50.255001068115234,49.22999954223633,49.41999816894531,44.93729019165039,6497000
2015-05-01,49.939998626708984,50.40999984741211,49.70500183105469,50.38999938964844,45.819305419921875,6683400
2015-05-04,50.5,50.599998474121094,50.2400016784668,50.415000915527344,45.84203338623047,4557800
2015-05-05,50.21500015258789,50.435001373291016,50.130001068115234,50.209999084472656,45.65563201904297,5104400
2015-05-06,50.1349983215332,50.5,49.84000015258789,50.11000061035156,45.564701080322266,5396600
2015-05-07,50.224998474121094,50.79499816894531,50.0099983215332,50.724998474121094,46.12391662597656,5526200
2015-05-08,51.14500045776367,51.650001525878906,51.14500045776367,51.220001220703125,46.574012756347656,5534800
2015-05-11,51.209999084472656,51.61000061035156,51.04499816894531,51.39500045776367,46.7331428527832,5339800
2015-05-12,50.9900016784668,51.345001220703125,50.79999923706055,51.185001373291016,46.54219436645508,4676400
2015-05-13,51.345001220703125,51.3650016784668,50.89500045776367,51.08000183105469,46.446720123291016,4508200
2015-05-14,51.470001220703125,51.755001068115234,51.154998779296875,51.720001220703125,47.02865982055664,5433400
2015-05-15,51.82500076293945,52.51499938964844,51.685001373291016,52.4900016784668,47.72882843017578,7865200
2015-05-18,52.55500030517578,52.75,52.209999084472656,52.375,47.624229431152344,5045200
2015-05-19,52.310001373291016,52.59000015258789,52.17499923706055,52.31999969482422,47.57423400878906,5971200
2015-05-20,52.459999084472656,52.57500076293945,52.10499954223633,52.30500030517578,47.560604095458984,5399200
2015-05-21,52.435001373291016,52.599998474121094,52.119998931884766,52.20000076293945,47.46512222290039,5455200
2015-05-22,52.60499954223633,52.61000061035156,52.02000045776367,52.21500015258789,47.478763580322266,5654800
2015-05-26,52.21500015258789,52.375,51.59000015258789,51.709999084472656,47.01957702636719,5691400
2015-05-27,51.7400016784668,51.959999084472656,51.154998779296875,51.41999816894531,46.7558708190918,8896800
2015-05-28,51.1150016784668,51.474998474121094,50.755001068115234,51.150001525878906,46.63735580444336,5781600
2015-05-29,51.150001525878906,51.189998626708984,50.52000045776367,50.834999084472656,46.350128173828125,5562200
2015-06-01,50.8849983215332,51.14500045776367,50.724998474121094,50.880001068115234,46.391151428222656,4944000
2015-06-02,50.900001525878906,51.345001220703125,50.75,51.05500030517578,46.55072784423828,4974400
2015-06-03,51.14500045776367,51.54499816894531,50.8849983215332,51.255001068115234,46.73307800292969,4766800
2015-06-04,51.029998779296875,51.650001525878906,50.810001373291016,50.974998474121094,46.477787017822266,4467200
2015-06-05,50.75,51.125,50.564998626708984,51.01499938964844,46.514244079589844,3791800
2015-06-08,50.79999923706055,50.94499969482422,50.689998626708984,50.720001220703125,46.24527359008789,4314000
2015-06-09,50.744998931884766,50.96500015258789,50.38999938964844,50.67499923706055,46.20424270629883,3476800
2015-06-10,50.915000915527344,52.01499938964844,50.83000183105469,51.66999816894531,47.111454010009766,6270400
2015-06-11,52.54499816894531,52.560001373291016,51.73500061035156,51.939998626708984,47.35764694213867,6178000
2015-06-12,51.775001525878906,52.04999923706055,51.60499954223633,51.88999938964844,47.31205368041992,4133000
2015-06-15,51.54999923706055,51.92499923706055,51.3650016784668,51.67499923706055,47.116024017333984,4902000
2015-06-16,51.7400016784668,52.4900016784668,51.720001220703125,52.279998779296875,47.66766357421875,5034000
2015-06-17,52.369998931884766,52.584999084472656,52.040000915527344,52.375,47.7542610168457,4072400
2015-06-18,52.525001525878906,53.334999084472656,52.505001068115234,53.0,48.324127197265625,5690600
2015-06-19,53.01499938964844,53.42499923706055,52.970001220703125,53.26499938964844,48.56575012207031,7285600
2015-06-22,53.43000030517578,53.724998474121094,53.32500076293945,53.39500045776367,48.68427276611328,4186600
2015-06-23,53.599998474121094,53.630001068115234,53.40999984741211,53.599998474121094,48.871192932128906,5934200
2015-06-24,53.599998474121094,53.685001373291016,53.02000045776367,53.11000061035156,48.4244270324707,5056200
2015-06-25,53.404998779296875,53.404998779296875,52.334999084472656,52.61000061035156,47.96852111816406,10811400
2015-06-26,54.185001373291016,55.16999816894531,54.185001373291016,54.85499954223633,50.015472412109375,20287600
2015-06-29,54.6349983215332,54.744998931884766,53.83000183105469,53.834999084472656,49.085453033447266,9005000
2015-06-30,54.42499923706055,54.439998626708984,53.900001525878906,54.0099983215332,49.24503707885742,7531200
2015-07-01,54.474998474121094,54.71500015258789,54.29499816894531,54.71500015258789,49.88782501220703,5924000
2015-07-02,54.95500183105469,55.3650016784668,54.54499816894531,54.935001373291016,50.08841323852539,5900000
2015-07-06,54.54499816894531,55.255001068115234,54.505001068115234,54.91999816894531,50.074737548828125,4991400
2015-07-07,55.040000915527344,55.665000915527344,54.529998779296875,55.64500045776367,50.73577880859375,7207000
2015-07-08,55.11000061035156,55.375,54.5,54.6349983215332,49.814884185791016,6733600
2015-07-09,55.119998931884766,55.459999084472656,54.595001220703125,54.720001220703125,49.89238739013672,6168400
2015-07-10,55.26499938964844,55.400001525878906,54.5,55.2599983215332,50.38475036621094,5159200
2015-07-13,55.619998931884766,56.275001525878906,55.400001525878906,56.20500183105469,51.246376037597656,5047600
2015-07-14,56.41999816894531,56.529998779296875,55.959999084472656,56.16999816894531,51.214454650878906,5561400
2015-07-15,56.0,56.19499969482422,55.845001220703125,55.95000076293945,51.013877868652344,5016400
2015-07-16,56.380001068115234,56.45000076293945,55.92499923706055,56.16999816894531,51.214454650878906,4334600
2015-07-17,56.185001373291016,56.4900016784668,55.95000076293945,56.400001525878906,51.424163818359375,4545400
2015-07-20,56.6349983215332,56.775001525878906,56.40999984741211,56.564998626708984,51.574607849121094,5978200
2015-07-21,56.4900016784668,56.78499984741211,56.36000061035156,56.494998931884766,51.51078796386719,4626400
2015-07-22,56.435001373291016,57.11000061035156,56.435001373291016,57.04499816894531,52.01227569580078,5954200
2015-07-23,57.25,57.349998474121094,56.904998779296875,57.0,51.97123336791992,6714200
2015-07-24,57.09000015258789,57.09000015258789,56.23500061035156,56.494998931884766,51.51078796386719,5967200
2015-07-27,56.20000076293945,56.459999084472656,55.474998474121094,55.8650016784668,50.936363220214844,6648000
2015-07-28,56.03499984741211,56.95500183105469,55.92499923706055,56.73500061035156,51.72962188720703,6948200
2015-07-29,56.790000915527344,57.66999816894531,56.75,57.459999084472656,52.39064025878906,6839800
2015-07-30,57.474998474121094,57.70000076293945,56.970001220703125,57.505001068115234,52.431678771972656,5594000
2015-07-31,57.75,57.970001220703125,57.415000915527344,57.61000061035156,52.52741622924805,5078600
2015-08-03,57.755001068115234,58.0,56.79499816894531,57.415000915527344,52.34961700439453,4992000
2015-08-04,57.474998474121094,57.96500015258789,57.165000915527344,57.8849983215332,52.77814865112305,5229000
2015-08-05,58.30500030517578,58.86000061035156,58.17499923706055,58.375,53.224937438964844,6853000
2015-08-06,58.5,58.75,57.185001373291016,57.560001373291016,52.48183822631836,6211400
2015-08-07,57.36000061035156,57.47999954223633,56.54999923706055,57.255001068115234,52.2037353515625,5907800
2015-08-10,57.69499969482422,58.084999084472656,57.42499923706055,57.68000030517578,52.59124755859375,4613200
2015-08-11,57.06999969482422,57.494998931884766,56.814998626708984,57.22999954223633,52.18092346191406,5107400
2015-08-12,56.77000045776367,56.875,55.32500076293945,56.529998779296875,51.54270935058594,7127000
2015-08-13,56.6349983215332,57.26499938964844,56.474998474121094,56.79999923706055,51.78887939453125,5907800
2015-08-14,56.79499816894531,57.28499984741211,56.55500030517578,57.18000030517578,52.13534164428711,4685200
2015-08-17,57.060001373291016,57.564998626708984,56.54499816894531,57.4900016784668,52.418006896972656,3917400
2015-08-18,57.560001373291016,57.84000015258789,57.29499816894531,57.40999984741211,52.34506607055664,3669400
2015-08-19,57.0,58.025001525878906,56.775001525878906,57.47999954223633,52.40888977050781,6216400
2015-08-20,56.85499954223633,57.224998474121094,56.119998931884766,56.150001525878906,51.19622039794922,6536800
2015-08-21,55.73500061035156,55.83000183105469,53.41999816894531,53.435001373291016,48.720760345458984,15912800
2015-08-24,50.130001068115234,53.689998626708984,47.25,51.935001373291016,47.353092193603516,19882600
2015-08-25,53.63999938964844,53.654998779296875,51.7400016784668,51.76499938964844,47.198081970214844,13616200
2015-08-26,53.25,54.505001068115234,51.9900016784668,54.380001068115234,49.58238220214844,15156000
2015-08-27,55.185001373291016,56.345001220703125,54.814998626708984,56.310001373291016,51.34209442138672,13617400
2015-08-28,56.29999923706055,56.5,55.81999969482422,56.25,51.28739547729492,7526200
2015-08-31,56.19499969482422,56.244998931884766,55.6150016784668,55.875,50.94548797607422,7073600
2015-09-01,54.4900016784668,54.915000915527344,54.01499938964844,54.314998626708984,49.52310562133789,9385200
2015-09-02,55.07500076293945,55.38999938964844,54.599998474121094,55.349998474121094,50.466800689697266,8536400
2015-09-03,55.6150016784668,56.04499816894531,55.20500183105469,55.42499923706055,50.663326263427734,6065000
2015-09-04,54.61000061035156,55.21500015258789,54.470001220703125,54.845001220703125,50.13317108154297,7126200
2015-09-08,55.72999954223633,55.935001373291016,55.11000061035156,55.875,51.074676513671875,5511400
2015-09-09,56.35499954223633,56.494998931884766,54.80500030517578,54.93000030517578,50.210853576660156,6349800
2015-09-10,54.83000183105469,55.52000045776367,54.470001220703125,55.189998626708984,50.448516845703125,7363000
2015-09-11,55.1150016784668,55.91999816894531,54.994998931884766,55.90999984741211,51.10667037963867,5589600
2015-09-14,55.755001068115234,56.029998779296875,55.56999969482422,55.94499969482422,51.138668060302734,6833200
2015-09-15,55.95000076293945,57.040000915527344,55.400001525878906,56.91999816894531,52.0298957824707,7699400
2015-09-16,57.165000915527344,57.95500183105469,56.91999816894531,57.790000915527344,52.82514190673828,8104400
2015-09-17,57.619998931884766,58.39500045776367,57.279998779296875,57.6349983215332,52.683467864990234,8062600
2015-09-18,57.07500076293945,57.814998626708984,56.880001068115234,57.525001525878906,52.58291244506836,18615000
2015-09-21,57.834999084472656,58.54499816894531,57.380001068115234,58.279998779296875,53.27304458618164,8746600
2015-09-22,57.625,58.08000183105469,57.189998626708984,57.98500061035156,53.00339889526367,7555400
2015-09-23,57.98500061035156,58.29999923706055,57.599998474121094,57.71500015258789,52.756591796875,9055800
2015-09-24,57.150001525878906,57.57500076293945,56.75,57.39500045776367,52.464080810546875,14352600
2015-09-25,61.564998626708984,62.974998474121094,61.349998474121094,62.5,57.130516052246094,36968200
2015-09-28,62.25,62.380001068115234,60.42499923706055,61.06999969482422,55.82335662841797,16450800
2015-09-29,61.0,61.04499816894531,59.525001525878906,59.834999084472656,54.6944580078125,14414400
2015-09-30,60.369998931884766,61.560001373291016,60.369998931884766,61.48500061035156,56.202701568603516,9437800
2015-10-01,61.58000183105469,61.970001220703125,60.63999938964844,61.915000915527344,56.59577178955078,8994200
2015-10-02,61.04499816894531,62.60499954223633,60.779998779296875,62.60499954223633,57.226497650146484,9114400
2015-10-05,62.91999816894531,63.244998931884766,62.04499816894531,62.1349983215332,56.79685974121094,9646400
2015-10-06,62.1349983215332,62.400001525878906,61.29499816894531,61.595001220703125,56.30325698852539,7665400
2015-10-07,61.80500030517578,62.224998474121094,60.5,61.04999923706055,55.80507278442383,10215400
2015-10-08,61.459999084472656,62.619998931884766,61.334999084472656,62.45500183105469,57.089378356933594,7622600
2015-10-09,62.279998779296875,62.66999816894531,62.04499816894531,62.470001220703125,57.10307693481445,6940600
2015-10-12,62.599998474121094,63.54999923706055,62.5099983215332,63.21500015258789,57.7840690612793,5449000
2015-10-13,63.0,63.27000045776367,62.79499816894531,62.904998779296875,57.50071334838867,6355400
2015-10-14,62.994998931884766,63.30500030517578,62.69499969482422,62.91999816894531,57.51442337036133,6509000
2015-10-15,63.61000061035156,64.58499908447266,63.47999954223633,64.3949966430664,58.86270523071289,10764800
2015-10-16,64.75,65.29499816894531,64.43499755859375,65.23500061035156,59.63054275512695,9321600
2015-10-19,65.8550033569336,66.76000213623047,65.55500030517578,66.6050033569336,60.88282012939453,12587800
2015-10-20,66.5250015258789,66.68000030517578,65.98500061035156,66.18499755859375,60.498924255371094,9104200
2015-10-21,66.32499694824219,66.61000061035156,65.91500091552734,66.23500061035156,60.54462814331055,5504000
2015-10-22,66.43499755859375,66.7249984741211,65.29000091552734,66.20500183105469,60.517189025878906,9294800
2015-10-23,66.53500366210938,66.5999984741211,64.45500183105469,65.26499938964844,59.65796661376953,10517800
2015-10-26,65.13500213623047,66.11499786376953,65.13500213623047,65.69000244140625,60.046443939208984,6882800
2015-10-27,65.5,65.62000274658203,64.83000183105469,65.41000366210938,59.79051971435547,6150000
2015-10-28,65.86000061035156,66.0250015258789,64.96499633789062,65.6449966430664,60.00531005859375,7091400
2015-10-29,65.33999633789062,65.73500061035156,64.9800033569336,65.55999755859375,59.927616119384766,4959000
2015-10-30,65.7750015258789,65.80999755859375,65.03500366210938,65.51499938964844,59.8864631652832,7230800
2015-11-02,65.86499786376953,66.0,64.7300033569336,65.59500122070312,59.95960998535156,6123200
2015-11-03,65.62000274658203,65.8499984741211,65.33999633789062,65.69999694824219,60.05559158325195,5492000
2015-11-04,65.69499969482422,65.93499755859375,64.94000244140625,65.18000030517578,59.580265045166016,5190200
2015-11-05,65.58999633789062,66.22000122070312,65.2300033569336,65.93000030517578,60.26582336425781,5068200
2015-11-06,65.80000305175781,66.47000122070312,65.68000030517578,65.88999938964844,60.22926712036133,4837600
2015-11-09,65.625,65.70999908447266,64.63500213623047,65.23999786376953,59.635108947753906,6181200
2015-11-10,65.04499816894531,65.34500122070312,64.76499938964844,65.0,59.41571807861328,5287400
2015-11-11,65.13999938964844,65.29499816894531,63.63999938964844,63.709999084472656,58.23655319213867,8578000
2015-11-12,63.5,64.0,62.70500183105469,62.9900016784668,57.57841873168945,9388000
2015-11-13,62.540000915527344,62.61000061035156,60.57500076293945,60.93000030517578,55.69538879394531,16371000
2015-11-16,60.900001525878906,61.7400016784668,60.66999816894531,61.72999954223633,56.42666244506836,9146400
2015-11-17,61.525001525878906,61.79999923706055,60.209999084472656,61.290000915527344,56.02445602416992,10581600
2015-11-18,61.52000045776367,63.01499938964844,61.33000183105469,62.88999938964844,57.486995697021484,10597800
2015-11-19,63.130001068115234,63.494998931884766,62.689998626708984,62.88999938964844,57.486995697021484,8557600
2015-11-20,66.03500366210938,66.4000015258789,65.23999786376953,66.32499694824219,60.62690734863281,19064800
2015-11-23,66.41000366210938,66.5,65.88999938964844,66.2300033569336,60.540061950683594,7135600
2015-11-24,65.81500244140625,66.48999786376953,65.62999725341797,66.25499725341797,60.562889099121094,5311600
2015-11-25,66.54000091552734,67.2750015258789,66.51499938964844,67.06500244140625,61.303306579589844,6989000
2015-11-27,67.45999908447266,67.6500015258789,66.66500091552734,67.16500091552734,61.394718170166016,4527800
2015-11-30,66.96499633789062,67.09500122070312,65.81999969482422,66.13999938964844,60.45777893066406,8738800
2015-12-01,66.05999755859375,66.70999908447266,65.95999908447266,66.65499877929688,60.928524017333984,6857000
2015-12-02,66.42500305175781,66.61000061035156,66.05000305175781,66.32499694824219,60.62690734863281,7965600
2015-12-03,66.55500030517578,66.68000030517578,64.5,64.55999755859375,59.01353454589844,10649800
2015-12-04,64.9000015258789,66.45999908447266,64.9000015258789,66.16500091552734,60.48065185546875,7410400
2015-12-07,66.375,66.44999694824219,65.30500030517578,65.80000305175781,60.292789459228516,6190000
2015-12-08,65.43499755859375,66.37000274658203,65.21499633789062,65.8499984741211,60.33860778808594,5605800
2015-12-09,65.37999725341797,65.7699966430664,63.869998931884766,64.41999816894531,59.028289794921875,7442800
2015-12-10,64.36000061035156,64.81999969482422,64.00499725341797,64.31999969482422,58.936676025390625,5682600
2015-12-11,63.810001373291016,63.869998931884766,62.834999084472656,63.14500045776367,57.86001205444336,8276000
2015-12-14,63.314998626708984,64.16500091552734,63.060001373291016,63.93000030517578,58.579322814941406,7991400
2015-12-15,64.80000305175781,65.0,64.17500305175781,64.30500030517578,58.922908782958984,6869600
2015-12-16,64.68499755859375,65.5999984741211,64.41000366210938,65.46499633789062,59.98585510253906,7542200
2015-12-17,65.8499984741211,65.92500305175781,65.03500366210938,65.11000061035156,59.66053771972656,7400800
2015-12-18,64.86499786376953,65.26499938964844,64.18499755859375,64.26000213623047,58.8817024230957,13804600
2015-12-21,64.83999633789062,65.15499877929688,64.30500030517578,64.9000015258789,59.46812438964844,8972600
2015-12-22,65.73999786376953,65.92500305175781,64.91000366210938,65.92500305175781,60.4073371887207,17218400
2015-12-23,68.12000274658203,68.19499969482422,63.90999984741211,64.3550033569336,58.9687385559082,57319400
2015-12-24,64.55000305175781,64.7300033569336,62.150001525878906,63.18000030517578,57.8920783996582,13889100
2015-12-28,63.209999084472656,63.880001068115234,62.79999923706055,63.810001373291016,58.469356536865234,8786800
2015-12-29,64.30999755859375,64.4800033569336,64.0199966430664,64.26000213623047,58.8817024230957,6708600
2015-12-30,64.36000061035156,64.4000015258789,63.16999816894531,63.25,57.95622634887695,5817900
2015-12-31,63.150001525878906,63.16999816894531,62.5,62.5,57.269004821777344,6454700
2016-01-04,61.11000061035156,61.90999984741211,60.86000061035156,61.52000045776367,56.371009826660156,11626800
2016-01-05,61.720001220703125,62.59000015258789,61.720001220703125,62.380001068115234,57.15903854370117,9220600
2016-01-06,61.29999923706055,62.040000915527344,61.150001525878906,61.4900016784668,56.3435173034668,6551600
2016-01-07,60.38999938964844,61.2599983215332,59.779998779296875,59.849998474121094,54.840789794921875,10881300
2016-01-08,60.060001373291016,60.790000915527344,58.65999984741211,58.869998931884766,53.94282150268555,11191300
2016-01-11,58.970001220703125,60.040000915527344,58.540000915527344,59.54999923706055,54.56590270996094,12825000
2016-01-12,60.349998474121094,60.81999969482422,59.56999969482422,59.939998626708984,54.92326354980469,8292200
2016-01-13,60.529998779296875,60.529998779296875,58.66999816894531,58.779998779296875,53.8603515625,9944300
2016-01-14,59.0,59.349998474121094,57.279998779296875,58.5099983215332,53.612945556640625,9989000
2016-01-15,56.93000030517578,58.13999938964844,56.59000015258789,57.560001373291016,52.7424430847168,12208300
2016-01-19,58.189998626708984,59.06999969482422,57.66999816894531,58.31999969482422,53.4388542175293,9924300
2016-01-20,57.25,59.59000015258789,56.75,59.040000915527344,54.09858322143555,16234200
2016-01-21,59.08000183105469,61.15999984741211,59.060001373291016,60.560001373291016,55.49137496948242,16121600
2016-01-22,61.290000915527344,61.470001220703125,60.59000015258789,60.880001068115234,55.784576416015625,8430100
2016-01-25,61.09000015258789,61.29999923706055,60.619998931884766,60.70000076293945,55.61964416503906,10383400
2016-01-26,60.4900016784668,61.369998931884766,60.27000045776367,61.11000061035156,55.995330810546875,8005200
2016-01-27,60.959999084472656,61.099998474121094,59.20000076293945,59.58000183105469,54.593387603759766,8593700
2016-01-28,60.31999969482422,61.599998474121094,59.97999954223633,61.20000076293945,56.07780456542969,10207000
2016-01-29,61.20000076293945,62.15999984741211,61.20000076293945,62.0099983215332,56.81999969482422,10475200
2016-02-01,61.75,63.470001220703125,61.70000076293945,63.15999984741211,57.87375259399414,8247800
2016-02-02,63.02000045776367,63.5,62.310001373291016,62.54999923706055,57.314815521240234,9458500
2016-02-03,62.880001068115234,62.900001525878906,61.29999923706055,62.4900016784668,57.259830474853516,7213500
2016-02-04,62.02000045776367,62.15999984741211,59.9900016784668,60.16999816894531,55.134002685546875,10455700
2016-02-05,59.7599983215332,59.84000015258789,56.97999954223633,57.16999816894531,52.38508987426758,14415900
2016-02-08,56.099998474121094,56.209999084472656,53.63999938964844,55.040000915527344,50.43336868286133,21214500
2016-02-09,54.5,56.619998931884766,54.279998779296875,55.68000030517578,51.019805908203125,10915700
2016-02-10,56.540000915527344,58.18000030517578,55.93000030517578,57.40999984741211,52.60500717163086,13376800
2016-02-11,56.459999084472656,56.90999984741211,55.38999938964844,56.0,51.31303024291992,13090900
2016-02-12,57.369998931884766,57.45000076293945,55.5,56.41999816894531,51.6978759765625,10229500
2016-02-16,57.56999969482422,58.0,56.81999969482422,57.790000915527344,52.953216552734375,8058000
2016-02-17,58.599998474121094,58.599998474121094,57.099998474121094,58.16999816894531,53.30139923095703,10332700
2016-02-18,58.16999816894531,58.959999084472656,57.97999954223633,58.599998474121094,53.69540023803711,9658600
2016-02-19,58.5,59.310001373291016,57.630001068115234,59.310001373291016,54.345977783203125,10080100
2016-02-22,59.310001373291016,60.47999954223633,59.2599983215332,60.16999816894531,55.134002685546875,11523400
2016-02-23,60.2599983215332,60.7400016784668,59.88999938964844,60.209999084472656,55.170658111572266,7504600
2016-02-24,59.7400016784668,60.70000076293945,59.20000076293945,60.400001525878906,55.344764709472656,10390800
2016-02-25,60.68000030517578,62.380001068115234,60.630001068115234,62.380001068115234,57.15903854370117,8524300
2016-02-26,62.63999938964844,63.4900016784668,62.470001220703125,62.599998474121094,57.360618591308594,8896100
2016-02-29,62.459999084472656,62.68000030517578,61.58000183105469,61.59000015258789,56.435157775878906,7720600
2016-03-01,61.970001220703125,63.099998474121094,61.75,62.91999816894531,57.653846740722656,7438300
2016-03-02,62.52000045776367,62.88999938964844,61.5,62.220001220703125,57.01243591308594,8465800
2016-03-03,62.04999923706055,62.20000076293945,60.91999816894531,61.470001220703125,56.47040557861328,7924400
2016-03-04,61.41999816894531,61.540000915527344,60.380001068115234,61.2599983215332,56.277503967285156,7279400
2016-03-07,61.06999969482422,61.13999938964844,58.790000915527344,59.25,54.43097686767578,12829600
2016-03-08,59.029998779296875,60.599998474121094,58.709999084472656,59.810001373291016,54.9454345703125,9307900
2016-03-09,59.58000183105469,59.619998931884766,57.95000076293945,58.33000183105469,53.5858039855957,12766900
2016-03-10,58.70000076293945,59.040000915527344,57.970001220703125,58.880001068115234,54.09107971191406,9402600
2016-03-11,59.130001068115234,60.439998626708984,59.130001068115234,60.08000183105469,55.19346237182617,8834400
2016-03-14,60.189998626708984,61.33000183105469,60.099998474121094,60.810001373291016,55.86410903930664,7090500
2016-03-15,60.5,61.75,60.36000061035156,61.400001525878906,56.40610885620117,6188800
2016-03-16,61.470001220703125,62.22999954223633,61.290000915527344,61.86000061035156,56.82870864868164,7018300
2016-03-17,61.7599983215332,63.380001068115234,61.7400016784668,63.18000030517578,58.04133224487305,9926800
2016-03-18,63.54999923706055,63.97999954223633,62.849998474121094,62.9900016784668,57.86679458618164,13192900
2016-03-21,63.54999923706055,65.29000091552734,63.400001525878906,64.72000122070312,59.45608901977539,13635400
2016-03-22,64.83000183105469,65.44000244140625,64.16999816894531,64.9000015258789,59.62144470214844,18212900
2016-03-23,61.33000183105469,63.45000076293945,61.150001525878906,62.439998626708984,57.36151885986328,26987000
2016-03-24,62.060001373291016,62.13999938964844,61.119998931884766,61.650001525878906,56.635780334472656,12231300
2016-03-28,61.58000183105469,61.97999954223633,61.25,61.34000015258789,56.35098648071289,7899000
2016-03-29,61.2599983215332,61.900001525878906,61.25,61.4900016784668,56.48878479003906,7837800
2016-03-30,61.77000045776367,62.40999984741211,61.77000045776367,62.040000915527344,56.994049072265625,7859300
2016-03-31,61.9900016784668,62.63999938964844,61.310001373291016,61.470001220703125,56.47040557861328,8257800
2016-04-01,61.220001220703125,61.81999969482422,61.150001525878906,61.59000015258789,56.58065414428711,7555300
2016-04-04,61.72999954223633,61.849998474121094,59.41999816894531,59.970001220703125,55.0924186706543,16523400
2016-04-05,59.619998931884766,60.16999816894531,59.439998626708984,59.66999816894531,54.81681823730469,7554000
2016-04-06,59.599998474121094,60.68000030517578,59.189998626708984,60.310001373291016,55.40475845336914,10201500
2016-04-07,59.790000915527344,60.58000183105469,59.709999084472656,60.29999923706055,55.395572662353516,7092900
2016-04-08,60.4900016784668,60.560001373291016,59.31999969482422,59.41999816894531,54.58715057373047,8761700
2016-04-11,59.72999954223633,59.779998779296875,57.81999969482422,57.91999816894531,53.20914840698242,12593400
2016-04-12,58.0,58.619998931884766,56.88999938964844,58.54999923706055,53.78792190551758,12471100
2016-04-13,59.02000045776367,59.95000076293945,58.83000183105469,59.58000183105469,54.7341423034668,10629100
2016-04-14,59.709999084472656,60.34000015258789,59.439998626708984,59.4900016784668,54.65146255493164,7785200
2016-04-15,59.02000045776367,59.59000015258789,58.38999938964844,59.5,54.66065216064453,7653600
2016-04-18,59.380001068115234,60.0,59.380001068115234,59.56999969482422,54.724952697753906,6075900
2016-04-19,59.959999084472656,59.9900016784668,59.33000183105469,59.560001373291016,54.715755462646484,6594400
2016-04-20,59.43000030517578,60.2400016784668,59.43000030517578,59.619998931884766,54.7708854675293,7177500
2016-04-21,60.529998779296875,60.529998779296875,59.709999084472656,60.08000183105469,55.19346237182617,7156700
2016-04-22,60.18000030517578,60.220001220703125,58.970001220703125,59.43000030517578,54.596336364746094,8294300
2016-04-25,59.34000015258789,59.41999816894531,58.7599983215332,59.209999084472656,54.39422607421875,6117700
2016-04-26,59.310001373291016,59.970001220703125,59.27000045776367,59.540000915527344,54.697383880615234,5582200
2016-04-27,59.630001068115234,59.72999954223633,58.630001068115234,59.27000045776367,54.449344635009766,8094600
2016-04-28,58.95000076293945,59.88999938964844,58.41999816894531,58.540000915527344,53.77872085571289,6028600
2016-04-29,58.40999984741211,59.09000015258789,58.099998474121094,58.939998626708984,54.146183013916016,8178700
2016-05-02,59.09000015258789,59.75,58.9900016784668,59.59000015258789,54.74332809448242,8647800
2016-05-03,59.2400016784668,59.849998474121094,59.029998779296875,59.52000045776367,54.67901611328125,8061300
2016-05-04,59.22999954223633,59.959999084472656,58.81999969482422,59.11000061035156,54.302364349365234,8062800
2016-05-05,58.939998626708984,58.97999954223633,58.0,58.189998626708984,53.457191467285156,7846000
2016-05-06,58.15999984741211,58.439998626708984,57.380001068115234,58.43000030517578,53.67765808105469,7308000
2016-05-09,58.59000015258789,59.189998626708984,58.45000076293945,58.720001220703125,53.9440803527832,5604900
2016-05-10,58.61000061035156,59.9900016784668,58.61000061035156,59.20000076293945,54.385047912597656,7600200
2016-05-11,58.5,58.68000030517578,56.849998474121094,57.0099983215332,52.3731689453125,12823000
2016-05-12,57.52000045776367,58.34000015258789,57.310001373291016,57.9900016784668,53.27346420288086,8083700
2016-05-13,57.7400016784668,58.119998931884766,57.279998779296875,57.310001373291016,52.648765563964844,7392600
2016-05-16,57.27000045776367,57.529998779296875,56.630001068115234,57.13999938964844,52.49259567260742,8045900
2016-05-17,57.150001525878906,57.380001068115234,56.650001525878906,57.099998474121094,52.45583724975586,7620700
2016-05-18,56.7599983215332,56.869998931884766,55.66999816894531,56.119998931884766,51.555545806884766,11532800
2016-05-19,55.81999969482422,57.29999923706055,55.66999816894531,57.040000915527344,52.40073013305664,9376500
2016-05-20,55.880001068115234,57.060001373291016,55.40999984741211,56.47999954223633,51.886268615722656,13745300
2016-05-23,56.599998474121094,56.970001220703125,55.95000076293945,55.9900016784668,51.436126708984375,7780700
2016-05-24,56.04999923706055,56.77000045776367,55.86000061035156,56.59000015258789,51.987327575683594,11098700
2016-05-25,56.470001220703125,56.689998626708984,55.77000045776367,55.9900016784668,51.436126708984375,9921500
2016-05-26,56.04999923706055,56.36000061035156,55.599998474121094,55.84000015258789,51.29833221435547,9063100
2016-05-27,56.16999816894531,56.529998779296875,55.97999954223633,56.189998626708984,51.61985778808594,8525900
2016-05-31,56.40999984741211,56.470001220703125,55.16999816894531,55.220001220703125,50.72875213623047,14233600
2016-06-01,53.33000183105469,55.040000915527344,52.91999816894531,54.93000030517578,50.462337493896484,28409300
2016-06-02,54.220001220703125,54.66999816894531,54.220001220703125,54.529998779296875,50.2412223815918,13901700
2016-06-03,54.290000915527344,54.56999969482422,53.400001525878906,53.45000076293945,49.246158599853516,17265800
2016-06-06,53.77000045776367,54.540000915527344,53.689998626708984,54.29999923706055,50.029300689697266,13808300
2016-06-07,54.15999984741211,54.349998474121094,53.54999923706055,53.54999923706055,49.33828353881836,13334000
2016-06-08,53.83000183105469,54.34000015258789,53.65999984741211,54.119998931884766,49.863460540771484,12068500
2016-06-09,54.11000061035156,55.04999923706055,53.880001068115234,54.939998626708984,50.61896896362305,11609800
2016-06-10,54.63999938964844,55.36000061035156,54.54999923706055,55.11000061035156,50.77559280395508,12183600
2016-06-13,55.0,55.63999938964844,54.880001068115234,54.90999984741211,50.59133529663086,8582200
2016-06-14,54.58000183105469,54.939998626708984,54.08000183105469,54.119998931884766,49.863460540771484,9585600
2016-06-15,54.2400016784668,55.060001373291016,54.2400016784668,54.310001373291016,50.038516998291016,7498400
2016-06-16,53.540000915527344,53.63999938964844,52.939998626708984,53.470001220703125,49.264583587646484,14456500
2016-06-17,53.45000076293945,53.869998931884766,53.15999984741211,53.709999084472656,49.485713958740234,11007100
2016-06-20,54.22999954223633,55.150001525878906,54.22999954223633,54.36000061035156,50.0845832824707,8429400
2016-06-21,54.459999084472656,55.09000015258789,54.439998626708984,54.77000045776367,50.46234130859375,8278200
2016-06-22,55.0,55.13999938964844,54.529998779296875,54.56999969482422,50.2780647277832,7019600
2016-06-23,55.11000061035156,55.18000030517578,53.95000076293945,54.119998931884766,49.863460540771484,11219800
2016-06-24,52.36000061035156,53.36000061035156,52.18000030517578,52.59000015258789,48.45380401611328,18481200
2016-06-27,52.0,52.52000045776367,51.47999954223633,51.88999938964844,47.80886459350586,15265700
2016-06-28,52.040000915527344,53.20000076293945,51.56999969482422,53.09000015258789,48.91447448730469,20837800
2016-06-29,54.5,55.13999938964844,52.88999938964844,55.130001068115234,50.79402542114258,36084800
2016-06-30,55.290000915527344,55.43000030517578,54.599998474121094,55.20000076293945,50.8585205078125,17350500
2016-07-01,55.06999969482422,55.810001373291016,54.90999984741211,55.61000061035156,51.236270904541016,9285100
2016-07-05,55.34000015258789,55.90999984741211,55.0099983215332,55.20000076293945,50.8585205078125,10256100
2016-07-06,54.880001068115234,55.810001373291016,54.81999969482422,55.79999923706055,51.41132736206055,7863400
2016-07-07,55.79999923706055,55.97999954223633,55.560001373291016,55.91999816894531,51.52189254760742,6948000
2016-07-08,56.099998474121094,56.81999969482422,56.09000015258789,56.720001220703125,52.258968353271484,8645900
2016-07-11,56.83000183105469,57.22999954223633,56.709999084472656,56.83000183105469,52.36033248901367,8122500
2016-07-12,57.09000015258789,58.20000076293945,57.06999969482422,58.060001373291016,53.49358367919922,11164400
2016-07-13,58.18000030517578,58.439998626708984,57.72999954223633,57.9900016784668,53.429080963134766,9126500
2016-07-14,58.29999923706055,58.599998474121094,58.150001525878906,58.4900016784668,53.8897590637207,7488400
2016-07-15,58.59000015258789,58.869998931884766,57.869998931884766,57.869998931884766,53.31852340698242,9225200
2016-07-18,58.0,58.15999984741211,57.7400016784668,57.7400016784668,53.19874954223633,6478900
2016-07-19,57.459999084472656,57.77000045776367,57.150001525878906,57.7599983215332,53.21717071533203,7442700
2016-07-20,57.9900016784668,58.099998474121094,57.7400016784668,57.7599983215332,53.21717071533203,5872400
2016-07-21,57.9900016784668,58.029998779296875,56.56999969482422,56.9900016784668,52.50775146484375,8262000
2016-07-22,56.81999969482422,56.959999084472656,56.43000030517578,56.72999954223633,52.26819610595703,8614700
2016-07-25,56.869998931884766,57.150001525878906,56.459999084472656,57.13999938964844,52.645938873291016,7256300
2016-07-26,57.20000076293945,57.869998931884766,56.25,56.369998931884766,51.93648910522461,8546700
2016-07-27,56.5,57.0,55.470001220703125,55.790000915527344,51.402122497558594,10295400
2016-07-28,55.59000015258789,55.810001373291016,54.97999954223633,55.45000076293945,51.088863372802734,9574100
2016-07-29,55.27000045776367,55.65999984741211,55.209999084472656,55.5,51.13492202758789,6353400
2016-08-01,55.72999954223633,55.869998931884766,55.29999923706055,55.40999984741211,51.052005767822266,6268400
2016-08-02,55.22999954223633,55.279998779296875,54.779998779296875,54.91999816894531,50.60054397583008,7145600
2016-08-03,54.54999923706055,55.189998626708984,54.279998779296875,54.75,50.44392013549805,9687300
2016-08-04,54.959999084472656,55.56999969482422,54.650001525878906,54.790000915527344,50.48076248168945,8678100
2016-08-05,55.31999969482422,56.060001373291016,55.16999816894531,55.849998474121094,51.457401275634766,7512500
2016-08-08,56.130001068115234,56.38999938964844,55.68000030517578,55.97999954223633,51.57717514038086,6307000
2016-08-09,56.08000183105469,56.2400016784668,55.689998626708984,55.77000045776367,51.38368606567383,8044400
2016-08-10,55.95000076293945,56.18000030517578,55.06999969482422,55.130001068115234,50.79402542114258,6881400
2016-08-11,55.630001068115234,56.88999938964844,55.47999954223633,56.72999954223633,52.26819610595703,9539500
2016-08-12,56.70000076293945,56.7599983215332,56.130001068115234,56.45000076293945,52.01020431518555,5393400
2016-08-15,56.650001525878906,57.060001373291016,56.619998931884766,56.77000045776367,52.3050422668457,4836300
2016-08-16,56.79999923706055,57.040000915527344,56.41999816894531,56.880001068115234,52.406394958496094,4901800
2016-08-17,56.869998931884766,56.970001220703125,56.540000915527344,56.86000061035156,52.38796615600586,7340500
2016-08-18,56.9900016784668,57.459999084472656,56.900001525878906,57.209999084472656,52.71043395996094,6043600
2016-08-19,57.400001525878906,59.13999938964844,57.25,58.900001525878906,54.26751708984375,15987100
2016-08-22,58.81999969482422,59.459999084472656,58.650001525878906,58.65999984741211,54.04638671875,8266000
2016-08-23,58.79999923706055,59.79999923706055,58.79999923706055,59.619998931884766,54.93088912963867,8222800
2016-08-24,59.88999938964844,60.33000183105469,59.720001220703125,60.220001220703125,55.48369216918945,11379000
2016-08-25,60.0099983215332,60.150001525878906,59.029998779296875,59.2400016784668,54.58077621459961,8713900
2016-08-26,58.56999969482422,59.20000076293945,58.29999923706055,59.0,54.35966110229492,9994300
2016-08-29,59.20000076293945,59.25,58.529998779296875,58.630001068115234,54.01875305175781,5831000
2016-08-30,58.459999084472656,58.7599983215332,57.849998474121094,58.0,53.438297271728516,6344600
2016-08-31,57.86000061035156,58.279998779296875,57.189998626708984,57.63999938964844,53.106624603271484,7723600
2016-09-01,57.66999816894531,58.54999923706055,57.529998779296875,58.540000915527344,54.085975646972656,8225000
2016-09-02,58.630001068115234,59.18000030517578,57.9900016784668,58.02000045776367,53.60552978515625,6933100
2016-09-06,58.25,58.380001068115234,57.209999084472656,57.40999984741211,53.04194259643555,9771800
2016-09-07,57.47999954223633,57.779998779296875,57.0099983215332,57.720001220703125,53.3283576965332,7536100
2016-09-08,56.880001068115234,57.27000045776367,56.11000061035156,56.16999816894531,51.89628601074219,12741900
2016-09-09,55.880001068115234,56.0,55.27000045776367,55.33000183105469,51.120201110839844,11310400
2016-09-12,55.0,56.119998931884766,54.95000076293945,56.0099983215332,51.748451232910156,7470900
2016-09-13,55.86000061035156,55.939998626708984,55.119998931884766,55.369998931884766,51.15715789794922,7359400
2016-09-14,55.15999984741211,55.560001373291016,54.93000030517578,55.130001068115234,50.93540954589844,7621200
2016-09-15,55.0,55.540000915527344,54.810001373291016,55.470001220703125,51.249549865722656,6283900
2016-09-16,55.2400016784668,55.36000061035156,55.04999923706055,55.18000030517578,50.98162078857422,11715400
2016-09-19,55.380001068115234,55.470001220703125,54.93000030517578,54.95000076293945,50.76910400390625,7671300
2016-09-20,55.2599983215332,55.439998626708984,54.7599983215332,54.869998931884766,50.6952018737793,8563000
2016-09-21,55.02000045776367,55.380001068115234,54.61000061035156,55.34000015258789,51.12944412231445,8041700
2016-09-22,55.470001220703125,55.97999954223633,55.2400016784668,55.40999984741211,51.19411087036133,8052400
2016-09-23,55.02000045776367,55.709999084472656,54.90999984741211,55.150001525878906,50.95389938354492,8921700
2016-09-26,54.79999923706055,55.0,54.08000183105469,54.400001525878906,50.260955810546875,11629600
2016-09-27,54.25,55.540000915527344,53.900001525878906,55.34000015258789,51.12944412231445,17945200
2016-09-28,54.599998474121094,55.0,52.79999923706055,53.25,49.198455810546875,33213000
2016-09-29,52.91999816894531,53.58000183105469,52.119998931884766,52.15999984741211,48.191383361816406,16993900
2016-09-30,52.56999969482422,53.060001373291016,52.279998779296875,52.650001525878906,48.64411544799805,12940200
2016-10-03,52.540000915527344,53.0,52.41999816894531,52.66999816894531,48.662574768066406,7632500
2016-10-04,52.900001525878906,53.060001373291016,52.08000183105469,52.13999938964844,48.17291259765625,10737400
2016-10-05,52.150001525878906,52.63999938964844,52.099998474121094,52.119998931884766,48.154422760009766,7244100
2016-10-06,52.20000076293945,52.33000183105469,51.970001220703125,52.029998779296875,48.07127380371094,9391700
2016-10-07,52.41999816894531,52.459999084472656,51.68000030517578,51.790000915527344,47.84954833984375,8407100
2016-10-10,52.130001068115234,52.25,51.77000045776367,51.790000915527344,47.84954833984375,5469300
2016-10-11,51.95000076293945,52.25,51.52000045776367,51.81999969482422,47.87725830078125,9203500
2016-10-12,52.0099983215332,52.709999084472656,51.79999923706055,52.439998626708984,48.4500846862793,9301300
2016-10-13,52.119998931884766,52.31999969482422,51.5,52.029998779296875,48.07127380371094,8425800
2016-10-14,52.380001068115234,52.5,51.619998931884766,51.619998931884766,47.692481994628906,7133800
2016-10-17,51.650001525878906,51.75,50.959999084472656,51.029998779296875,47.14736557006836,7904000
2016-10-18,51.29999923706055,51.65999984741211,51.189998626708984,51.220001220703125,47.32291793823242,6805200
2016-10-19,51.34000015258789,51.84000015258789,51.13999938964844,51.79999923706055,47.85878372192383,6999000
2016-10-20,51.77000045776367,52.36000061035156,51.689998626708984,51.88999938964844,47.94194030761719,6590500
2016-10-21,51.7400016784668,51.869998931884766,51.25,51.77000045776367,47.83106994628906,9161000
2016-10-24,52.15999984741211,52.290000915527344,51.83000183105469,51.869998931884766,47.92344665527344,7578200
2016-10-25,50.970001220703125,51.439998626708984,50.709999084472656,51.04999923706055,47.16584396362305,14975300
2016-10-26,50.95000076293945,52.27000045776367,50.900001525878906,51.970001220703125,48.01585388183594,12401100
2016-10-27,52.34000015258789,52.34000015258789,51.689998626708984,51.88999938964844,47.94194030761719,7939200
2016-10-28,52.119998931884766,52.5,51.790000915527344,52.02000045776367,48.06204605102539,9096700
2016-10-31,50.880001068115234,51.150001525878906,50.0,50.18000030517578,46.36204147338867,17931300
2016-11-01,50.5,50.5099983215332,49.13999938964844,49.619998931884766,45.844642639160156,14100400
2016-11-02,49.2400016784668,50.27000045776367,49.0099983215332,49.720001220703125,45.93703842163086,10775900
2016-11-03,49.97999954223633,50.0,49.310001373291016,49.72999954223633,45.9462776184082,7678700
2016-11-04,49.79999923706055,50.45000076293945,49.7599983215332,49.959999084472656,46.158775329589844,9925200
2016-11-07,50.47999954223633,50.93000030517578,50.279998779296875,50.90999984741211,47.0364990234375,8358700
2016-11-08,51.099998474121094,51.4900016784668,50.95000076293945,51.08000183105469,47.19355392456055,8111400
2016-11-09,50.06999969482422,51.27000045776367,49.79999923706055,51.119998931884766,47.23051834106445,9058600
2016-11-10,51.290000915527344,51.369998931884766,50.33000183105469,50.38999938964844,46.55605697631836,12316100
2016-11-11,50.220001220703125,50.849998474121094,50.18000030517578,50.77000045776367,46.90715408325195,6300600
2016-11-14,51.18000030517578,51.189998626708984,50.209999084472656,50.209999084472656,46.38975524902344,8063900
2016-11-15,50.459999084472656,50.63999938964844,49.75,50.130001068115234,46.31583786010742,9299800
2016-11-16,50.0,50.79999923706055,49.95000076293945,50.68000030517578,46.82399368286133,6760300
2016-11-17,50.939998626708984,51.66999816894531,50.720001220703125,51.59000015258789,47.664756774902344,7671600
2016-11-18,51.38999938964844,51.88999938964844,50.959999084472656,51.099998474121094,47.2120361328125,7461600
2016-11-21,51.0,51.41999816894531,50.95000076293945,51.279998779296875,47.37834167480469,5357200
2016-11-22,51.470001220703125,51.75,51.04999923706055,51.709999084472656,47.7756233215332,5228100
2016-11-23,51.709999084472656,51.849998474121094,51.20000076293945,51.34000015258789,47.433773040771484,4141600
2016-11-25,51.68000030517578,51.7400016784668,51.349998474121094,51.52000045776367,47.60009002685547,2736800
2016-11-28,51.439998626708984,51.439998626708984,50.61000061035156,51.0099983215332,47.12888717651367,8602100
2016-11-29,51.20000076293945,51.369998931884766,50.56999969482422,50.630001068115234,46.777801513671875,6065700
2016-11-30,50.52000045776367,50.810001373291016,50.06999969482422,50.06999969482422,46.260406494140625,8198400
2016-12-01,50.11000061035156,51.25,50.060001373291016,50.650001525878906,46.96512222290039,7610100
2016-12-02,50.2599983215332,50.68000030517578,50.11000061035156,50.459999084472656,46.78894805908203,6933300
2016-12-05,50.79999923706055,52.27000045776367,50.70000076293945,51.849998474121094,48.077816009521484,12031200
2016-12-06,50.83000183105469,51.099998474121094,50.2599983215332,50.56999969482422,46.890933990478516,12496300
2016-12-07,50.790000915527344,52.25,50.599998474121094,52.099998474121094,48.309627532958984,10412600
2016-12-08,52.150001525878906,52.470001220703125,51.45000076293945,51.54999923706055,47.79963302612305,9260900
2016-12-09,51.7599983215332,51.970001220703125,51.5,51.720001220703125,47.957271575927734,5869800
2016-12-12,51.5,51.900001525878906,50.939998626708984,51.540000915527344,47.79036331176758,11459500
2016-12-13,51.83000183105469,53.220001220703125,51.83000183105469,52.29999923706055,48.495079040527344,11442300
2016-12-14,52.2400016784668,52.34000015258789,51.59000015258789,51.790000915527344,48.022186279296875,8012800
2016-12-15,52.0,52.040000915527344,51.09000015258789,51.290000915527344,47.558555603027344,9567500
2016-12-16,51.599998474121094,51.63999938964844,50.66999816894531,50.91999816894531,47.215484619140625,13984900
2016-12-19,50.90999984741211,51.36000061035156,50.47999954223633,50.849998474121094,47.15055465698242,9451700
2016-12-20,51.060001373291016,51.9900016784668,50.75,51.790000915527344,48.022186279296875,15984100
2016-12-21,52.900001525878906,53.349998474121094,51.54999923706055,52.29999923706055,48.495079040527344,23236400
2016-12-22,52.79999923706055,53.0,52.029998779296875,52.13999938964844,48.34672164916992,11798900
2016-12-23,51.9900016784668,52.349998474121094,51.66999816894531,51.90999984741211,48.13344192504883,9360800
2016-12-27,51.79999923706055,52.25,51.20000076293945,51.290000915527344,47.558555603027344,8175000
2016-12-28,51.310001373291016,51.5,50.869998931884766,51.02000045776367,47.308204650878906,6318000
2016-12-29,51.0,51.2400016784668,50.880001068115234,51.060001373291016,47.34528350830078,4680800
2016-12-30,51.099998474121094,51.33000183105469,50.70000076293945,50.83000183105469,47.13201904296875,7384300
2017-01-03,51.9900016784668,52.5,51.77000045776367,51.97999954223633,48.19835662841797,13295600
2017-01-04,52.22999954223633,53.349998474121094,52.09000015258789,53.06999969482422,49.20905303955078,13759500
2017-01-05,52.91999816894531,53.099998474121094,52.439998626708984,53.060001373291016,49.19977569580078,8682200
2017-01-06,53.09000015258789,54.09000015258789,52.97999954223633,53.90999984741211,49.98794174194336,12532400
2017-01-09,53.959999084472656,53.9900016784668,53.220001220703125,53.380001068115234,49.49650192260742,8835300
2017-01-10,53.54999923706055,53.72999954223633,53.11000061035156,53.11000061035156,49.24614334106445,8041900
2017-01-11,53.119998931884766,53.290000915527344,52.66999816894531,52.689998626708984,48.85670471191406,8208300
2017-01-12,52.5099983215332,52.689998626708984,52.15999984741211,52.400001525878906,48.587799072265625,7368700
2017-01-13,52.59000015258789,52.93000030517578,52.22999954223633,52.91999816894531,49.06997299194336,6694400
2017-01-17,53.400001525878906,53.95000076293945,53.0099983215332,53.650001525878906,49.74686813354492,9888500
2017-01-18,53.86000061035156,53.88999938964844,52.86000061035156,53.27000045776367,49.394500732421875,6743100
2017-01-19,53.84000015258789,53.939998626708984,52.88999938964844,52.93000030517578,49.07924270629883,8320600
2017-01-20,53.220001220703125,53.349998474121094,52.900001525878906,53.20000076293945,49.32960510253906,7861000
2017-01-23,53.02000045776367,53.2599983215332,52.720001220703125,53.2400016784668,49.366695404052734,7025700
2017-01-24,53.02000045776367,53.56999969482422,52.9900016784668,53.45000076293945,49.56141662597656,6321300
2017-01-25,53.72999954223633,54.119998931884766,53.689998626708984,53.86000061035156,49.94157791137695,6675000
2017-01-26,54.11000061035156,54.119998931884766,53.36000061035156,53.650001525878906,49.74686813354492,6202000
2017-01-27,53.68000030517578,54.08000183105469,53.029998779296875,53.189998626708984,49.3203239440918,7362000
2017-01-30,52.779998779296875,53.220001220703125,52.40999984741211,53.08000183105469,49.218326568603516,9770800
2017-01-31,51.68000030517578,52.900001525878906,51.630001068115234,52.900001525878906,49.05142593383789,12342900
2017-02-01,52.97999954223633,53.2599983215332,52.61000061035156,53.02000045776367,49.16270065307617,8810900
2017-02-02,53.0,53.0099983215332,52.47999954223633,52.79999923706055,48.958702087402344,7874200
2017-02-03,52.619998931884766,52.810001373291016,52.25,52.36000061035156,48.55071258544922,8850400
2017-02-06,52.09000015258789,52.79999923706055,52.04999923706055,52.79999923706055,48.958702087402344,7355200
2017-02-07,53.06999969482422,53.279998779296875,52.66999816894531,52.810001373291016,48.967979431152344,6446900
2017-02-08,52.7400016784668,53.939998626708984,52.70000076293945,53.880001068115234,49.96013641357422,9281100
2017-02-09,53.880001068115234,55.70000076293945,53.880001068115234,55.310001373291016,51.286094665527344,14345400
2017-02-10,55.630001068115234,56.470001220703125,55.630001068115234,56.220001220703125,52.12989044189453,14973400
2017-02-13,56.16999816894531,56.34000015258789,55.75,56.09000015258789,52.009342193603516,7679800
2017-02-14,55.91999816894531,56.689998626708984,55.83000183105469,56.45000076293945,52.34315490722656,8891400
2017-02-15,56.290000915527344,56.7599983215332,56.209999084472656,56.63999938964844,52.51933288574219,6652000
2017-02-16,56.880001068115234,56.91999816894531,56.099998474121094,56.290000915527344,52.19479751586914,8374200
2017-02-17,56.119998931884766,56.79999923706055,55.86000061035156,56.75,52.621334075927734,12638000
2017-02-21,56.380001068115234,57.45000076293945,56.20000076293945,57.36000061035156,53.18695068359375,10955000
2017-02-22,57.47999954223633,58.380001068115234,57.36000061035156,58.2400016784668,54.002933502197266,10914100
2017-02-23,58.11000061035156,58.400001525878906,57.27000045776367,57.38999938964844,53.21477508544922,12316300
2017-02-24,57.38999938964844,58.41999816894531,57.06999969482422,57.86000061035156,53.650569915771484,9684500
2017-02-27,57.650001525878906,57.83000183105469,57.349998474121094,57.689998626708984,53.492942810058594,4375700
2017-02-28,57.369998931884766,57.54999923706055,56.86000061035156,57.15999984741211,53.00149154663086,7951300
2017-03-01,57.86000061035156,58.029998779296875,57.33000183105469,57.95000076293945,53.73402786254883,8558900
2017-03-02,57.900001525878906,58.25,57.650001525878906,57.79999923706055,53.76192855834961,6438400
2017-03-03,57.79999923706055,57.79999923706055,56.5099983215332,56.70000076293945,52.7387809753418,9181600
2017-03-06,56.70000076293945,56.93000030517578,56.529998779296875,56.77000045776367,52.80388641357422,6896800
2017-03-07,56.709999084472656,56.9900016784668,56.02000045776367,56.54999923706055,52.59926223754883,7124400
2017-03-08,56.939998626708984,56.939998626708984,56.310001373291016,56.5099983215332,52.56205749511719,7604800
2017-03-09,56.61000061035156,56.65999984741211,56.09000015258789,56.36000061035156,52.42253494262695,6165700
2017-03-10,56.4900016784668,56.9900016784668,56.2599983215332,56.43000030517578,52.48765182495117,8882400
2017-03-13,56.43000030517578,56.81999969482422,56.11000061035156,56.66999816894531,52.71086502075195,7235900
2017-03-14,56.869998931884766,58.0099983215332,56.720001220703125,57.279998779296875,53.27825927734375,9286900
2017-03-15,57.630001068115234,57.9900016784668,56.75,57.65999984741211,53.6317138671875,10067500
2017-03-16,57.43000030517578,57.720001220703125,56.83000183105469,57.599998474121094,53.57590866088867,9895000
2017-03-17,57.77000045776367,57.88999938964844,57.310001373291016,57.79999923706055,53.76192855834961,10791500
2017-03-20,58.0,58.810001373291016,57.959999084472656,58.68000030517578,54.580448150634766,13352500
2017-03-21,58.779998779296875,59.0,57.720001220703125,58.0099983215332,53.9572639465332,15269800
2017-03-22,54.7599983215332,55.0,53.7599983215332,53.91999816894531,50.152976989746094,37413400
2017-03-23,54.61000061035156,55.54999923706055,54.52000045776367,55.369998931884766,51.50170135498047,23848300
2017-03-24,55.290000915527344,56.63999938964844,55.119998931884766,56.36000061035156,52.42253494262695,14438600
2017-03-27,55.63999938964844,56.25,55.540000915527344,55.93000030517578,52.02257537841797,8663600
2017-03-28,55.9900016784668,56.779998779296875,55.790000915527344,56.619998931884766,52.664371490478516,7823900
2017-03-29,56.40999984741211,57.099998474121094,56.349998474121094,56.68000030517578,52.720176696777344,7456200
2017-03-30,56.47999954223633,56.599998474121094,55.810001373291016,56.040000915527344,52.124881744384766,7210500
2017-03-31,56.0,56.029998779296875,55.650001525878906,55.72999954223633,51.8365478515625,5905600
2017-04-03,55.7400016784668,55.79999923706055,55.150001525878906,55.560001373291016,51.67841720581055,7088800
2017-04-04,55.150001525878906,55.29999923706055,54.83000183105469,55.040000915527344,51.19475555419922,8843300
2017-04-05,54.970001220703125,55.79999923706055,54.5,54.97999954223633,51.138938903808594,7722100
2017-04-06,55.06999969482422,55.939998626708984,54.939998626708984,55.13999938964844,51.28776931762695,6692200
2017-04-07,55.099998474121094,55.2400016784668,54.77000045776367,55.11000061035156,51.259857177734375,6078300
2017-04-10,55.0,55.33000183105469,54.720001220703125,54.900001525878906,51.064537048339844,5472700
2017-04-11,54.95000076293945,55.06999969482422,54.54999923706055,54.91999816894531,51.083133697509766,4348600
2017-04-12,54.65999984741211,55.619998931884766,54.5,55.56999969482422,51.68772506713867,8504100
2017-04-13,55.40999984741211,55.599998474121094,55.2599983215332,55.34000015258789,51.47380065917969,5282100
2017-04-17,55.31999969482422,56.34000015258789,55.25,56.2400016784668,52.3109245300293,7688700
2017-04-18,56.02000045776367,56.41999816894531,55.79999923706055,56.11000061035156,52.19000244140625,5651100
2017-04-19,56.15999984741211,56.220001220703125,55.7400016784668,55.86000061035156,51.95746994018555,5947700
2017-04-20,55.959999084472656,56.689998626708984,55.880001068115234,56.400001525878906,52.45973587036133,6867100
2017-04-21,56.290000915527344,56.380001068115234,55.68000030517578,55.849998474121094,51.94816207885742,6055600
2017-04-24,56.13999938964844,56.209999084472656,55.470001220703125,55.470001220703125,51.59471893310547,10777700
2017-04-25,55.529998779296875,55.77000045776367,55.40999984741211,55.45000076293945,51.57611083984375,8971000
2017-04-26,55.459999084472656,55.84000015258789,55.119998931884766,55.15999984741211,51.30636215209961,10936000
2017-04-27,55.18000030517578,55.56999969482422,54.90999984741211,55.470001220703125,51.59471893310547,8558000
2017-04-28,55.43000030517578,55.529998779296875,55.13999938964844,55.40999984741211,51.53890609741211,6437700
2017-05-01,55.43000030517578,55.45000076293945,54.97999954223633,54.9900016784668,51.14823913574219,4881400
2017-05-02,55.119998931884766,55.15999984741211,54.790000915527344,55.06999969482422,51.22266387939453,7363600
2017-05-03,55.16999816894531,55.29999923706055,54.400001525878906,54.529998779296875,50.720394134521484,9474700
2017-05-04,54.68000030517578,54.83000183105469,54.20000076293945,54.470001220703125,50.66458511352539,6830600
2017-05-05,54.40999984741211,54.5,53.560001373291016,53.95000076293945,50.1808967590332,13379900
2017-05-08,54.18000030517578,54.5099983215332,53.83000183105469,54.29999923706055,50.50645065307617,8728100
2017-05-09,54.33000183105469,55.08000183105469,54.15999984741211,54.88999938964844,51.05522537231445,6441200
2017-05-10,54.90999984741211,55.060001373291016,54.5099983215332,54.560001373291016,50.748287200927734,5823000
2017-05-11,54.52000045776367,54.52000045776367,53.400001525878906,54.2400016784668,50.45064163208008,6499600
2017-05-12,54.099998474121094,54.38999938964844,53.790000915527344,54.20000076293945,50.41343307495117,5606300
2017-05-15,54.119998931884766,54.20000076293945,53.68000030517578,53.77000045776367,50.013484954833984,8201700
2017-05-16,52.369998931884766,53.380001068115234,52.119998931884766,52.779998779296875,49.09263610839844,14562700
2017-05-17,52.779998779296875,52.869998931884766,51.79999923706055,51.79999923706055,48.18111038208008,18341500
2017-05-18,51.970001220703125,52.08000183105469,51.29999923706055,51.68000030517578,48.06949996948242,22576500
2017-05-19,51.0,52.11000061035156,50.810001373291016,51.77000045776367,48.15321350097656,20047800
2017-05-22,51.77000045776367,51.959999084472656,51.400001525878906,51.56999969482422,47.9671745300293,13671500
2017-05-23,51.97999954223633,52.630001068115234,51.880001068115234,52.20000076293945,48.553165435791016,11087300
2017-05-24,52.25,52.29999923706055,51.7400016784668,52.0099983215332,48.376434326171875,9383600
2017-05-25,52.380001068115234,52.59000015258789,52.209999084472656,52.349998474121094,48.69267272949219,7627500
2017-05-26,52.349998474121094,52.7599983215332,52.22999954223633,52.59000015258789,48.91592025756836,5921300
2017-05-30,52.7599983215332,53.02000045776367,52.63999938964844,52.91999816894531,49.222869873046875,8039600
2017-05-31,53.02000045776367,53.279998779296875,52.709999084472656,52.9900016784668,49.28797149658203,8938800
2017-06-01,53.060001373291016,53.29999923706055,52.209999084472656,52.29999923706055,48.811988830566406,13352100
2017-06-02,52.70000076293945,53.0099983215332,52.36000061035156,52.97999954223633,49.446632385253906,18511200
2017-06-05,53.0,53.22999954223633,52.70000076293945,53.0099983215332,49.474639892578125,5748900
2017-06-06,52.900001525878906,53.099998474121094,52.43000030517578,52.47999954223633,48.9799919128418,8923000
2017-06-07,52.790000915527344,53.36000061035156,52.75,53.22999954223633,49.679954528808594,7438300
2017-06-08,53.22999954223633,54.13999938964844,53.150001525878906,53.20000076293945,49.65195846557617,7785600
2017-06-09,53.20000076293945,53.470001220703125,52.79999923706055,53.459999084472656,49.89461135864258,8347400
2017-06-12,53.5099983215332,54.25,53.5,54.029998779296875,50.426605224609375,9180000
2017-06-13,54.029998779296875,54.65999984741211,53.84000015258789,54.310001373291016,50.68793487548828,8720100
2017-06-14,54.47999954223633,54.66999816894531,53.95000076293945,54.65999984741211,51.01459503173828,6783900
2017-06-15,54.0,54.04999923706055,52.72999954223633,52.900001525878906,49.37197494506836,16041100
2017-06-16,51.75,51.84000015258789,50.790000915527344,51.099998474121094,47.692012786865234,25725500
2017-06-19,51.41999816894531,52.220001220703125,51.400001525878906,52.02000045776367,48.550662994384766,11265300
2017-06-20,52.04999923706055,52.130001068115234,51.099998474121094,51.560001373291016,48.12134552001953,10676500
2017-06-21,51.900001525878906,52.689998626708984,51.900001525878906,52.59000015258789,49.082645416259766,13021700
2017-06-22,52.599998474121094,52.619998931884766,52.09000015258789,52.400001525878906,48.90531921386719,10660700
2017-06-23,52.150001525878906,52.91999816894531,51.66999816894531,52.849998474121094,49.325294494628906,8522400
2017-06-26,52.95000076293945,53.56999969482422,52.66999816894531,53.279998779296875,49.72662353515625,7966200
2017-06-27,53.189998626708984,53.2599983215332,52.63999938964844,52.95000076293945,49.41864013671875,7873100
2017-06-28,53.16999816894531,53.61000061035156,52.959999084472656,53.36000061035156,49.801292419433594,7527200
2017-06-29,53.33000183105469,53.630001068115234,52.9900016784668,53.16999816894531,49.62395477294922,14801900
2017-06-30,56.599998474121094,59.709999084472656,56.5,59.0,55.06514358520508,46553000
2017-07-03,58.369998931884766,59.0099983215332,58.33000183105469,58.650001525878906,54.73849105834961,9910000
2017-07-05,58.2400016784668,58.290000915527344,57.5099983215332,57.560001373291016,53.72118377685547,16167000
2017-07-06,57.45000076293945,57.720001220703125,57.0,57.15999984741211,53.34785842895508,9035700
2017-07-07,57.400001525878906,58.08000183105469,57.029998779296875,57.97999954223633,54.11317443847656,8145400
2017-07-10,57.88999938964844,58.810001373291016,57.68000030517578,58.72999954223633,54.813148498535156,8942400
2017-07-11,58.540000915527344,58.93000030517578,58.040000915527344,58.18000030517578,54.29982376098633,7223000
2017-07-12,58.310001373291016,58.75,58.099998474121094,58.220001220703125,54.33716583251953,7243100
2017-07-13,58.220001220703125,58.58000183105469,57.93000030517578,57.939998626708984,54.07583999633789,8108600
2017-07-14,57.95000076293945,58.209999084472656,57.63999938964844,58.0,54.1318359375,6345300
2017-07-17,58.0,58.349998474121094,57.7599983215332,57.790000915527344,53.93585205078125,6885000
2017-07-18,57.7400016784668,58.08000183105469,57.470001220703125,57.650001525878906,53.80517578125,4922500
2017-07-19,57.599998474121094,57.880001068115234,57.38999938964844,57.77000045776367,53.91717529296875,4451100
2017-07-20,59.119998931884766,59.59000015258789,58.79999923706055,59.099998474121094,55.158477783203125,11915500
2017-07-21,59.0,60.0,58.90999984741211,59.95000076293945,55.9517822265625,11048300
2017-07-24,59.689998626708984,59.77000045776367,58.7599983215332,58.95000076293945,55.018489837646484,7498900
2017-07-25,59.31999969482422,59.52000045776367,58.91999816894531,59.38999938964844,55.42913055419922,5157100
2017-07-26,59.09000015258789,59.130001068115234,58.31999969482422,58.36000061035156,54.46782684326172,5529500
2017-07-27,58.599998474121094,58.68000030517578,57.9900016784668,58.150001525878906,54.27184295654297,8259900
2017-07-28,58.150001525878906,58.7400016784668,57.970001220703125,58.66999816894531,54.75715637207031,5112800
2017-07-31,58.709999084472656,59.119998931884766,58.33000183105469,59.04999923706055,55.111820220947266,6225900
2017-08-01,59.0,59.939998626708984,58.900001525878906,59.84000015258789,55.849117279052734,9051700
2017-08-02,59.54999923706055,59.95000076293945,59.27000045776367,59.790000915527344,55.80245590209961,4468100
2017-08-03,59.79999923706055,60.529998779296875,59.63999938964844,60.13999938964844,56.129119873046875,5677200
2017-08-04,60.16999816894531,60.34000015258789,59.630001068115234,59.7599983215332,55.77446365356445,4106000
2017-08-07,59.81999969482422,60.099998474121094,59.709999084472656,59.790000915527344,55.80245590209961,4066700
2017-08-08,59.880001068115234,60.119998931884766,59.36000061035156,59.459999084472656,55.49446487426758,5586400
2017-08-09,59.41999816894531,59.970001220703125,59.2599983215332,59.900001525878906,55.90512466430664,5310900
2017-08-10,59.68000030517578,59.689998626708984,59.060001373291016,59.06999969482422,55.13047409057617,5585100
2017-08-11,58.72999954223633,59.27000045776367,58.59000015258789,58.970001220703125,55.03715515136719,4980000
2017-08-14,59.150001525878906,60.0,59.130001068115234,59.779998779296875,55.79311752319336,5900000
2017-08-15,58.939998626708984,59.0099983215332,58.290000915527344,58.560001373291016,54.654483795166016,8913000
2017-08-16,58.900001525878906,59.04999923706055,58.220001220703125,58.540000915527344,54.63582992553711,5489600
2017-08-17,58.529998779296875,58.7400016784668,57.41999816894531,57.459999084472656,53.62785339355469,9148600
2017-08-18,54.849998474121094,55.41999816894531,54.16999816894531,54.95000076293945,51.285247802734375,22905200
2017-08-21,54.439998626708984,54.439998626708984,53.11000061035156,53.61000061035156,50.03461456298828,14289300
2017-08-22,53.91999816894531,54.40999984741211,53.790000915527344,54.130001068115234,50.51993942260742,8212800
2017-08-23,53.91999816894531,54.08000183105469,53.45000076293945,53.61000061035156,50.03461456298828,6409400
2017-08-24,53.93000030517578,53.970001220703125,53.459999084472656,53.84000015258789,50.24927520751953,5461900
2017-08-25,54.029998779296875,54.20000076293945,53.540000915527344,53.900001525878906,50.305274963378906,6416600
2017-08-28,54.06999969482422,54.43000030517578,53.619998931884766,53.72999954223633,50.1466064453125,5269400
2017-08-29,52.7400016784668,52.880001068115234,52.06999969482422,52.72999954223633,49.21331024169922,12539900
2017-08-30,52.79999923706055,52.959999084472656,52.25,52.560001373291016,49.05465316772461,7434500
2017-08-31,52.599998474121094,52.97999954223633,52.470001220703125,52.810001373291016,49.45735168457031,7728900
2017-09-01,53.0,53.45000076293945,52.900001525878906,53.36000061035156,49.97243118286133,5509800
2017-09-05,53.25,53.470001220703125,52.880001068115234,53.0099983215332,49.6446533203125,6306500
2017-09-06,53.119998931884766,53.34000015258789,52.709999084472656,52.7599983215332,49.41051483154297,7407600
2017-09-07,52.7599983215332,52.849998474121094,52.34000015258789,52.38999938964844,49.06401062011719,6905800
2017-09-08,52.25,52.5099983215332,52.11000061035156,52.20000076293945,48.88607406616211,8563300
2017-09-11,52.380001068115234,53.130001068115234,52.31999969482422,53.029998779296875,49.66337966918945,8649900
2017-09-12,53.77000045776367,54.09000015258789,53.29999923706055,53.400001525878906,50.0098876953125,7823700
2017-09-13,53.45000076293945,53.63999938964844,53.040000915527344,53.52000045776367,50.12227249145508,6086000
2017-09-14,53.540000915527344,53.88999938964844,53.119998931884766,53.72999954223633,50.318931579589844,7497400
2017-09-15,53.86000061035156,54.060001373291016,53.52000045776367,53.869998931884766,50.45005416870117,10046800
2017-09-18,53.869998931884766,54.15999984741211,53.400001525878906,53.5,50.103546142578125,8166400
2017-09-19,52.779998779296875,54.04999923706055,52.5099983215332,53.33000183105469,49.9443359375,14707200
2017-09-20,53.4900016784668,53.63999938964844,53.040000915527344,53.560001373291016,50.15973663330078,7058000
2017-09-21,53.54999923706055,53.63999938964844,53.09000015258789,53.189998626708984,49.8132209777832,8065400
2017-09-22,53.02000045776367,53.61000061035156,52.79999923706055,53.2400016784668,49.86004638671875,10962400
2017-09-25,53.08000183105469,53.560001373291016,53.0,53.22999954223633,49.850677490234375,12262400
2017-09-26,53.18000030517578,53.970001220703125,52.97999954223633,53.70000076293945,50.29084396362305,16183700
2017-09-27,52.16999816894531,52.689998626708984,51.029998779296875,52.66999816894531,49.326229095458984,36202500
2017-09-28,52.79999923706055,53.029998779296875,52.33000183105469,52.630001068115234,49.28877258300781,11334700
2017-09-29,52.59000015258789,52.81999969482422,51.7599983215332,51.849998474121094,48.558284759521484,12189900
2017-10-02,52.15999984741211,52.209999084472656,51.65999984741211,51.869998931884766,48.5770149230957,7516200
2017-10-03,52.0,52.04999923706055,51.400001525878906,51.470001220703125,48.20241165161133,8126700
2017-10-04,51.5099983215332,52.130001068115234,51.400001525878906,52.08000183105469,48.7736930847168,8204300
2017-10-05,52.0099983215332,52.31999969482422,51.779998779296875,52.18000030517578,48.86733627319336,5287400
2017-10-06,52.20000076293945,52.459999084472656,52.119998931884766,52.41999816894531,49.09210205078125,5360300
2017-10-09,52.22999954223633,52.29999923706055,51.5,51.52000045776367,48.249244689941406,6875100
2017-10-10,51.58000183105469,51.81999969482422,51.369998931884766,51.529998779296875,48.258609771728516,8372700
2017-10-11,51.38999938964844,51.52000045776367,50.83000183105469,51.029998779296875,47.79034423828125,9109600
2017-10-12,50.97999954223633,51.119998931884766,50.349998474121094,50.83000183105469,47.603050231933594,10658400
2017-10-13,50.83000183105469,51.06999969482422,50.400001525878906,50.97999954223633,47.7435188293457,16227900
2017-10-16,50.79999923706055,51.40999984741211,50.63999938964844,51.369998931884766,48.108760833740234,9299300
2017-10-17,51.5,52.040000915527344,51.380001068115234,52.0,48.69877243041992,9492700
2017-10-18,52.18000030517578,52.400001525878906,52.099998474121094,52.29999923706055,48.97972869873047,10890300
2017-10-19,51.65999984741211,52.79999923706055,51.47999954223633,52.689998626708984,49.34496307373047,12568200
2017-10-20,52.790000915527344,53.5,52.790000915527344,53.060001373291016,49.69146728515625,13020900
2017-10-23,53.060001373291016,53.95000076293945,53.0,53.65999984741211,50.253387451171875,12242600
2017-10-24,53.900001525878906,54.0,53.099998474121094,53.41999816894531,50.028621673583984,14767600
2017-10-25,53.43000030517578,55.90999984741211,52.66999816894531,54.939998626708984,51.452117919921875,24804000
2017-10-26,55.2599983215332,57.25,55.13999938964844,56.810001373291016,53.20339584350586,22185100
2017-10-27,55.81999969482422,56.36000061035156,55.650001525878906,55.959999084472656,52.4073600769043,12801800
2017-10-30,55.709999084472656,55.93000030517578,54.84000015258789,55.27000045776367,51.76118087768555,10169400
2017-10-31,54.75,55.279998779296875,54.52000045776367,54.9900016784668,51.49894332885742,9794800
2017-11-01,55.41999816894531,55.5,54.849998474121094,55.06999969482422,51.57387161254883,7544500
2017-11-02,55.150001525878906,55.31999969482422,54.59000015258789,55.119998931884766,51.62069320678711,7250300
2017-11-03,55.150001525878906,55.720001220703125,55.040000915527344,55.709999084472656,52.17323303222656,9448200
2017-11-06,55.290000915527344,56.130001068115234,55.13999938964844,56.040000915527344,52.4822883605957,9332200
2017-11-07,55.75,56.02000045776367,55.02000045776367,55.150001525878906,51.64878463745117,7774700
2017-11-08,55.0,55.77000045776367,54.88999938964844,55.7599983215332,52.22006607055664,7079400
2017-11-09,55.5,56.349998474121094,55.310001373291016,56.130001068115234,52.56657409667969,10958500
2017-11-10,55.880001068115234,56.4900016784668,55.619998931884766,56.09000015258789,52.529117584228516,7535700
2017-11-13,55.65999984741211,56.09000015258789,55.65999984741211,55.90999984741211,52.36054229736328,10106100
2017-11-14,55.709999084472656,56.18000030517578,55.529998779296875,55.97999954223633,52.42609405517578,5037500
2017-11-15,55.959999084472656,56.869998931884766,55.08000183105469,56.630001068115234,53.03483200073242,6610500
2017-11-16,56.619998931884766,57.279998779296875,56.40999984741211,57.22999954223633,53.59673309326172,8233300
2017-11-17,58.540000915527344,59.529998779296875,58.369998931884766,59.189998626708984,55.43230438232422,15475500
2017-11-20,58.630001068115234,59.5,57.97999954223633,59.25,55.48849868774414,8480600
2017-11-21,59.029998779296875,59.400001525878906,58.93000030517578,59.38999938964844,55.619606018066406,9057800
2017-11-22,59.18000030517578,59.34000015258789,58.939998626708984,59.06999969482422,55.319923400878906,8501300
2017-11-24,59.0,59.349998474121094,58.90999984741211,59.31999969482422,55.55405044555664,3400400
2017-11-27,59.20000076293945,59.70000076293945,59.16999816894531,59.630001068115234,55.8443717956543,7891600
2017-11-28,58.7599983215332,59.599998474121094,58.540000915527344,59.58000183105469,55.79755783081055,8665300
2017-11-29,59.72999954223633,60.630001068115234,59.72999954223633,60.36000061035156,56.52802658081055,12022800
2017-11-30,60.2599983215332,61.209999084472656,60.20000076293945,60.41999816894531,56.5842170715332,12551200
2017-12-01,60.41999816894531,60.43000030517578,59.2400016784668,59.880001068115234,56.26475143432617,10113500
2017-12-04,60.27000045776367,60.70000076293945,59.970001220703125,60.099998474121094,56.47146224975586,7513200
2017-12-05,60.650001525878906,60.79999923706055,59.650001525878906,60.41999816894531,56.77214431762695,8862900
2017-12-06,60.40999984741211,60.849998474121094,59.70000076293945,59.720001220703125,56.11440658569336,7862200
2017-12-07,59.86000061035156,61.060001373291016,59.650001525878906,60.599998474121094,56.941280364990234,6113300
2017-12-08,60.5,61.369998931884766,60.290000915527344,61.29999923706055,57.59901809692383,6065200
2017-12-11,61.369998931884766,62.220001220703125,61.29999923706055,61.90999984741211,58.17219161987305,9017800
2017-12-12,61.810001373291016,62.529998779296875,61.650001525878906,62.16999816894531,58.41648864746094,7358000
2017-12-13,62.220001220703125,64.45999908447266,62.02000045776367,64.30000305175781,60.41789627075195,16072600
2017-12-14,64.43000030517578,64.8499984741211,64.05000305175781,64.52999877929688,60.63399887084961,13055100
2017-12-15,64.88999938964844,65.06999969482422,64.1500015258789,64.79000091552734,60.87831497192383,15659300
2017-12-18,64.93000030517578,65.08000183105469,64.38999938964844,64.80999755859375,60.89710998535156,12652000
2017-12-19,65.1500015258789,65.19000244140625,64.18000030517578,64.23999786376953,60.36151123046875,8212500
2017-12-20,64.38999938964844,64.5,63.58000183105469,63.59000015258789,59.75074768066406,12468600
2017-12-21,64.29000091552734,64.9800033569336,63.29999923706055,64.7699966430664,60.859519958496094,14352300
2017-12-22,61.20000076293945,63.540000915527344,60.130001068115234,63.290000915527344,59.4688720703125,20414200
2017-12-26,62.900001525878906,63.88999938964844,62.810001373291016,63.650001525878906,59.8071403503418,4563500
2017-12-27,63.560001373291016,63.599998474121094,62.77000045776367,62.95000076293945,59.1494026184082,8959700
2017-12-28,63.0,63.31999969482422,62.849998474121094,62.95000076293945,59.1494026184082,3987200
2017-12-29,63.209999084472656,63.369998931884766,62.54999923706055,62.54999923706055,58.77355194091797,5222100
2018-01-02,62.849998474121094,63.4900016784668,62.849998474121094,63.4900016784668,59.65679168701172,6511000
2018-01-03,63.47999954223633,63.65999984741211,62.7599983215332,63.47999954223633,59.647403717041016,6091100
2018-01-04,63.400001525878906,63.54999923706055,62.54999923706055,63.439998626708984,59.60981369018555,5780500
2018-01-05,63.70000076293945,64.30000305175781,63.470001220703125,63.97999954223633,60.11720657348633,11632300
2018-01-08,64.1500015258789,64.70999908447266,63.97999954223633,64.55000305175781,60.652809143066406,11905700
2018-01-09,64.2300033569336,64.72000122070312,63.470001220703125,64.08999633789062,60.22056198120117,8771300
2018-01-10,63.880001068115234,64.2300033569336,63.439998626708984,64.22000122070312,60.342716217041016,5010600
2018-01-11,64.02999877929688,64.30999755859375,63.779998779296875,64.29000091552734,60.40849304199219,5103500
2018-01-12,64.5,64.72000122070312,64.31999969482422,64.66999816894531,60.76555633544922,5135700
2018-01-16,64.77999877929688,65.36000061035156,63.369998931884766,63.41999816894531,59.59103012084961,9117000
2018-01-17,63.66999816894531,64.01000213623047,63.08000183105469,63.810001373291016,59.95747375488281,7422600
2018-01-18,64.0,64.20999908447266,63.540000915527344,64.11000061035156,60.23936462402344,5656900
2018-01-19,65.30999755859375,67.23999786376953,65.12000274658203,67.20999908447266,63.1522102355957,12896100
2018-01-22,66.55000305175781,66.83000183105469,65.76000213623047,66.38999938964844,62.38170623779297,8491800
2018-01-23,66.52999877929688,67.33000183105469,66.44000244140625,67.13999938964844,63.0864372253418,6412000
2018-01-24,67.33999633789062,68.18000030517578,67.06999969482422,68.0,63.89450454711914,7421800
2018-01-25,68.12999725341797,68.63999938964844,67.44999694824219,67.70999908447266,63.622013092041016,5707600
2018-01-26,68.19999694824219,68.63999938964844,67.91999816894531,68.04000091552734,63.932098388671875,6290500
2018-01-29,67.81999969482422,68.13999938964844,67.41999816894531,67.58000183105469,63.4998664855957,5067300
2018-01-30,67.5,68.30999755859375,67.16000366210938,67.33000183105469,63.26496505737305,6350500
2018-01-31,67.5,68.83000183105469,67.47000122070312,68.22000122070312,64.10123443603516,11036400
2018-02-01,67.66999816894531,67.97000122070312,66.69999694824219,67.6500015258789,63.565635681152344,5790500
2018-02-02,67.22000122070312,67.79000091552734,67.0,67.22000122070312,63.16159439086914,9348300
2018-02-05,66.62999725341797,67.20999908447266,64.38999938964844,64.38999938964844,60.502464294433594,12549500
2018-02-06,62.47999954223633,65.41999816894531,62.09000015258789,65.22000122070312,61.2823371887207,13356700
2018-02-07,65.1500015258789,66.83999633789062,65.0999984741211,65.62999725341797,61.66758728027344,8845700
2018-02-08,65.52999877929688,65.70999908447266,62.459999084472656,62.4900016784668,58.71717071533203,14121800
2018-02-09,63.7599983215332,66.05000305175781,62.84000015258789,65.48999786376953,61.53604507446289,13733300
2018-02-12,65.94000244140625,66.81999969482422,65.68000030517578,65.9800033569336,61.99647903442383,9792200
2018-02-13,65.8499984741211,66.2300033569336,65.43000030517578,65.87000274658203,61.89311218261719,9538400
2018-02-14,65.72000122070312,68.02999877929688,65.55000305175781,67.95999908447266,63.85691833496094,8662600
2018-02-15,68.38999938964844,68.76000213623047,67.25,68.29000091552734,64.1669921875,7390200
2018-02-16,67.9000015258789,69.0,67.73999786376953,68.30000305175781,64.17640686035156,6842100
2018-02-20,67.63999938964844,67.97000122070312,67.05000305175781,67.48999786376953,63.415287017822266,4859100
2018-02-21,67.66000366210938,68.0199966430664,67.02999877929688,67.05000305175781,63.001861572265625,5107900
2018-02-22,67.25,67.4800033569336,66.73999786376953,67.12999725341797,63.0770263671875,6515800
2018-02-23,67.38999938964844,68.16000366210938,66.8499984741211,68.16000366210938,64.04485321044922,4428500
2018-02-26,68.38999938964844,69.80999755859375,68.33999633789062,69.6500015258789,65.44487762451172,6499500
2018-02-27,70.0,70.25,68.02999877929688,68.02999877929688,63.92268371582031,6843100
2018-02-28,68.0999984741211,68.30000305175781,67.01000213623047,67.02999877929688,62.98308181762695,6091800
2018-03-01,67.23999786376953,67.66999816894531,65.66999816894531,66.31999969482422,62.31593704223633,7323900
2018-03-02,64.91000366210938,66.08999633789062,64.20999908447266,65.88999938964844,62.09916687011719,8380500
2018-03-05,65.4800033569336,65.48999786376953,64.33999633789062,65.05000305175781,61.3074951171875,8838400
2018-03-06,65.20999908447266,65.36000061035156,64.62999725341797,65.23999786376953,61.486568450927734,6550100
2018-03-07,64.51000213623047,64.79000091552734,63.88999938964844,64.16999816894531,60.47812271118164,6457600
2018-03-08,64.55999755859375,65.25,64.4800033569336,65.11000061035156,61.364036560058594,5573000
2018-03-09,65.51000213623047,66.51000213623047,65.36000061035156,66.30000305175781,62.485599517822266,5838400
2018-03-12,66.6500015258789,67.61000061035156,66.31999969482422,66.81999969482422,62.975685119628906,7522700
2018-03-13,67.30000305175781,67.69000244140625,66.12999725341797,66.16999816894531,62.36307144165039,5167300
2018-03-14,66.6500015258789,66.9000015258789,65.66999816894531,66.19999694824219,62.39132308959961,6463800
2018-03-15,66.48999786376953,66.61000061035156,66.12999725341797,66.38999938964844,62.570404052734375,5260800
2018-03-16,66.30999755859375,66.69000244140625,65.91000366210938,65.91000366210938,62.118011474609375,12860900
2018-03-19,65.69999694824219,66.33999633789062,65.19000244140625,65.70999908447266,61.92952346801758,7255600
2018-03-20,65.94000244140625,66.87000274658203,65.93000030517578,66.80000305175781,62.956809997558594,6906200
2018-03-21,66.7300033569336,67.20999908447266,66.30999755859375,66.3499984741211,62.53270721435547,5805200
2018-03-22,65.5999984741211,66.1500015258789,64.2300033569336,64.41999816894531,60.7137336730957,12313300
2018-03-23,66.69999694824219,67.11000061035156,64.45999908447266,64.62999725341797,60.91164779663086,17343800
2018-03-26,65.08000183105469,66.05999755859375,64.98999786376953,65.9000015258789,62.108585357666016,10796000
2018-03-27,65.88999938964844,67.63999938964844,65.43000030517578,66.16999816894531,62.36307144165039,9452500
2018-03-28,66.58999633789062,67.1500015258789,65.2699966430664,65.44000244140625,61.6750602722168,7208400
2018-03-29,65.69999694824219,66.55000305175781,65.61000061035156,66.44000244140625,62.6175422668457,10748300
2018-04-02,65.97000122070312,66.05000305175781,63.209999084472656,64.12000274658203,60.431007385253906,12383900
2018-04-03,64.47000122070312,66.7300033569336,64.36000061035156,66.69999694824219,62.862571716308594,8766400
2018-04-04,65.97000122070312,68.5,65.93000030517578,68.41999816894531,64.48360443115234,10275800
2018-04-05,68.5,69.77999877929688,68.38999938964844,69.58999633789062,65.58629608154297,9093300
2018-04-06,68.51000213623047,69.30999755859375,66.93000030517578,67.55000305175781,63.663673400878906,9719300
2018-04-09,68.38999938964844,68.55000305175781,67.1500015258789,67.18000030517578,63.31493377685547,6504500
2018-04-10,67.80999755859375,67.87999725341797,66.48999786376953,67.0,63.14530563354492,10098900
2018-04-11,66.58000183105469,67.19999694824219,66.5199966430664,66.83000183105469,62.98508834838867,5185500
2018-04-12,67.06999969482422,68.0,67.06999969482422,67.7699966430664,63.871009826660156,5145300
2018-04-13,68.12000274658203,68.33000183105469,66.9800033569336,67.25,63.380924224853516,4300200
2018-04-16,67.80999755859375,67.9800033569336,67.05999755859375,67.05999755859375,63.20183563232422,6484400
2018-04-17,67.37000274658203,67.66999816894531,67.27999877929688,67.51000213623047,63.625980377197266,5605700
2018-04-18,67.52999877929688,67.73999786376953,66.16000366210938,66.19999694824219,62.39132308959961,7384000
2018-04-19,66.02999877929688,66.30000305175781,64.98999786376953,65.7300033569336,61.948368072509766,8274300
2018-04-20,65.75,66.11000061035156,65.44999694824219,66.08999633789062,62.287654876708984,10402800
2018-04-23,66.0,67.02999877929688,65.94999694824219,66.87999725341797,63.03221130371094,6338400
2018-04-24,67.30999755859375,67.51000213623047,66.72000122070312,66.97000122070312,63.11701583862305,8176100
2018-04-25,66.83999633789062,67.0,66.25,66.66999816894531,62.834285736083984,5188900
2018-04-26,66.77999877929688,68.29000091552734,66.63999938964844,68.05000305175781,64.13490295410156,5355200
2018-04-27,68.47000122070312,70.0,68.44999694824219,69.55999755859375,65.55802154541016,7814900
2018-04-30,69.58000183105469,69.80999755859375,68.38999938964844,68.38999938964844,64.45533752441406,6484100
2018-05-01,67.9800033569336,68.20999908447266,67.02999877929688,68.0999984741211,64.18202209472656,4957800
2018-05-02,68.04000091552734,68.55999755859375,67.4800033569336,68.26000213623047,64.33282470703125,5752100
2018-05-03,67.80000305175781,67.8499984741211,66.63999938964844,66.9000015258789,63.051048278808594,6155900
2018-05-04,66.83999633789062,68.33000183105469,66.80000305175781,68.0999984741211,64.18202209472656,5132900
2018-05-07,68.05999755859375,69.41999816894531,68.05999755859375,69.33999633789062,65.35069274902344,5041600
2018-05-08,69.19999694824219,69.2300033569336,68.19999694824219,68.45999908447266,64.52130889892578,6534900
2018-05-09,68.41999816894531,68.47000122070312,67.01000213623047,67.94999694824219,64.0406265258789,7956300
2018-05-10,68.13999938964844,68.2699966430664,67.33000183105469,67.91999816894531,64.01237487792969,4965200
2018-05-11,68.02999877929688,68.52999877929688,67.91000366210938,68.43000030517578,64.49304962158203,4145100
2018-05-14,68.5999984741211,68.88999938964844,68.11000061035156,68.83999633789062,64.87944030761719,3453800
2018-05-15,68.30999755859375,69.5199966430664,68.2300033569336,69.5,65.50146484375,5045000
2018-05-16,69.66999816894531,71.51000213623047,69.62000274658203,71.33999633789062,67.2356185913086,9693000
2018-05-17,71.4000015258789,71.5999984741211,70.81999969482422,70.94000244140625,66.85862731933594,6064700
2018-05-18,70.76000213623047,71.58999633789062,70.47000122070312,71.31999969482422,67.21675109863281,5688100
2018-05-21,71.4800033569336,71.69999694824219,70.70999908447266,71.37999725341797,67.2733154296875,5480700
2018-05-22,71.45999908447266,72.19000244140625,71.26000213623047,71.30999755859375,67.20734405517578,5675300
2018-05-23,70.94999694824219,71.91999816894531,70.83000183105469,71.33999633789062,67.2356185913086,6806400
2018-05-24,71.43000030517578,72.27999877929688,71.31999969482422,72.18000030517578,68.02730560302734,5613800
2018-05-25,73.0999984741211,73.48999786376953,71.62999725341797,72.25,68.09326934814453,5889700
2018-05-29,71.5199966430664,71.61000061035156,70.43000030517578,70.91999816894531,66.83975219726562,5857900
2018-05-30,71.45999908447266,72.29000091552734,70.94000244140625,72.2300033569336,68.07440185546875,5799900
2018-05-31,72.0,72.22000122070312,71.23999786376953,71.80000305175781,67.66915893554688,7856200
2018-06-01,72.12000274658203,72.94999694824219,72.12000274658203,72.76000213623047,68.76547241210938,4085900
2018-06-04,73.0,73.87000274658203,72.79000091552734,73.83000183105469,69.77671813964844,4581900
2018-06-05,73.61000061035156,74.22000122070312,73.13999938964844,74.05000305175781,69.98465728759766,4928700
2018-06-06,74.37999725341797,74.94000244140625,74.19000244140625,74.75,70.64619445800781,5318100
2018-06-07,74.94999694824219,75.91000366210938,74.6500015258789,74.76000213623047,70.65567016601562,6846300
2018-06-08,74.77999877929688,75.06999969482422,74.30000305175781,74.9000015258789,70.78797912597656,5524900
2018-06-11,75.05999755859375,75.20999908447266,74.54000091552734,74.58999633789062,70.4949951171875,4902800
2018-06-12,74.41999816894531,74.61000061035156,74.06999969482422,74.29000091552734,70.21148681640625,4356500
2018-06-13,74.2699966430664,74.9000015258789,73.98999786376953,74.11000061035156,70.04134368896484,4696200
2018-06-14,74.5999984741211,75.1500015258789,74.3499984741211,74.69999694824219,70.59895324707031,4636000
2018-06-15,74.70999908447266,75.8499984741211,74.5,75.83999633789062,71.67637634277344,10977300
2018-06-18,75.27999877929688,75.76000213623047,74.91000366210938,75.61000061035156,71.4590072631836,4515900
2018-06-19,74.5,74.91999816894531,73.6500015258789,74.26000213623047,70.18312072753906,7562200
2018-06-20,74.19999694824219,74.91000366210938,73.97000122070312,74.72000122070312,70.61785125732422,4424900
2018-06-21,73.69999694824219,74.79000091552734,73.55000305175781,73.94000244140625,69.88068389892578,5537900
2018-06-22,73.56999969482422,74.41000366210938,73.20999908447266,73.43000030517578,69.3987045288086,9404900
2018-06-25,73.31999969482422,73.36000061035156,72.02999877929688,72.3499984741211,68.37798309326172,9064100
2018-06-26,72.5,73.29000091552734,72.3499984741211,72.55999755859375,68.57643127441406,7072600
2018-06-27,72.7300033569336,72.94999694824219,71.1500015258789,71.3499984741211,67.43287658691406,7624700
2018-06-28,71.44999694824219,72.12000274658203,71.3499984741211,71.69999694824219,67.76365661621094,9118500
2018-06-29,78.76000213623047,81.0,78.36000061035156,79.68000030517578,75.3055648803711,31314100
2018-07-02,78.58000183105469,79.4800033569336,77.0199966430664,78.3499984741211,74.0485610961914,11867000
2018-07-03,77.41000366210938,77.88999938964844,76.0999984741211,76.27999877929688,72.09220123291016,5794900
2018-07-05,76.62000274658203,77.41999816894531,76.13999938964844,76.55000305175781,72.34741973876953,6534500
2018-07-06,76.4800033569336,77.08000183105469,76.06999969482422,76.4800033569336,72.28125,5916200
2018-07-09,76.83999633789062,77.37999725341797,76.3499984741211,77.27999877929688,73.03731536865234,4871400
2018-07-10,77.44000244140625,78.08999633789062,77.16000366210938,77.56999969482422,73.31140899658203,6281800
2018-07-11,77.12999725341797,77.63999938964844,76.83000183105469,77.36000061035156,73.1129150390625,3656600
2018-07-12,77.94000244140625,78.18000030517578,77.2300033569336,77.37000274658203,73.12238311767578,4879200
2018-07-13,77.19999694824219,77.61000061035156,77.13999938964844,77.37999725341797,73.1318359375,2963100
2018-07-16,77.36000061035156,78.0999984741211,77.30000305175781,77.75,73.48150634765625,4755100
2018-07-17,77.51000213623047,78.0199966430664,77.4000015258789,77.47000122070312,73.21688079833984,4355400
2018-07-18,77.43000030517578,77.62000274658203,76.31999969482422,76.58999633789062,72.38516998291016,6101600
2018-07-19,75.93000030517578,77.16000366210938,75.80000305175781,76.94999694824219,72.72543334960938,4875100
2018-07-20,76.30999755859375,77.08000183105469,76.16000366210938,76.95999908447266,72.73489379882812,5246400
2018-07-23,76.70999908447266,76.94999694824219,76.12999725341797,76.58999633789062,72.38516998291016,4198200
2018-07-24,76.8499984741211,77.08999633789062,75.44000244140625,75.52999877929688,71.38339233398438,6054000
2018-07-25,75.23999786376953,77.18000030517578,75.05999755859375,77.16000366210938,72.92389678955078,5542400
2018-07-26,77.0,78.44000244140625,76.81999969482422,78.1500015258789,73.85955810546875,6706200
2018-07-27,78.16999816894531,78.41000366210938,76.79000091552734,76.88999938964844,72.66873168945312,6125700
2018-07-30,76.87999725341797,76.95999908447266,75.43000030517578,75.95999908447266,71.7897720336914,7275300
2018-07-31,76.44000244140625,77.58999633789062,76.16000366210938,76.91000366210938,72.68762969970703,8265600
2018-08-01,76.5,78.05999755859375,76.5,77.54000091552734,73.28302001953125,6878300
2018-08-02,77.7699966430664,79.06999969482422,77.4000015258789,78.6500015258789,74.33211517333984,5313800
2018-08-03,78.7300033569336,78.9800033569336,78.44000244140625,78.73999786376953,74.41716766357422,3762100
2018-08-06,78.73999786376953,79.58000183105469,78.43000030517578,79.51000213623047,75.1448745727539,4280600
2018-08-07,79.7300033569336,80.62999725341797,79.2699966430664,80.52999877929688,76.10889434814453,5418900
2018-08-08,80.20999908447266,81.08000183105469,80.04000091552734,80.5,76.0805435180664,5327100
2018-08-09,80.48999786376953,81.87999725341797,80.41000366210938,81.26000213623047,76.79883575439453,4558500
2018-08-10,80.81999969482422,81.29000091552734,80.29000091552734,80.7300033569336,76.29788970947266,5036700
2018-08-13,80.81999969482422,81.1500015258789,80.01000213623047,80.1500015258789,75.74976348876953,4101200
2018-08-14,80.33000183105469,80.8499984741211,79.68000030517578,80.13999938964844,75.74030303955078,6079700
2018-08-15,79.56999969482422,79.86000061035156,79.12000274658203,79.56999969482422,75.20159149169922,5057200
2018-08-16,79.9000015258789,80.61000061035156,79.80000305175781,80.05000305175781,75.65523529052734,5475800
2018-08-17,80.04000091552734,80.44000244140625,79.68000030517578,79.75,75.37171173095703,9001400
2018-08-20,81.5199966430664,82.41999816894531,80.94999694824219,82.18000030517578,77.6683120727539,9345200
2018-08-21,82.30999755859375,83.08000183105469,82.0199966430664,82.94999694824219,78.39603424072266,6337000
2018-08-22,83.0999984741211,83.68000030517578,82.27999877929688,82.63999938964844,78.10301971435547,4308300
2018-08-23,82.43000030517578,83.56999969482422,82.33999633789062,82.91000366210938,78.35823822021484,4156900
2018-08-24,82.41999816894531,82.87999725341797,82.0999984741211,82.44999694824219,77.92349243164062,3453000
2018-08-27,83.04000091552734,83.44999694824219,82.2300033569336,82.6500015258789,78.11250305175781,4012400
2018-08-28,83.2300033569336,83.62999725341797,82.4800033569336,82.58000183105469,78.04634094238281,3788800
2018-08-29,82.41999816894531,83.0999984741211,82.22000122070312,82.79000091552734,78.24481201171875,5712400
2018-08-30,82.58000183105469,82.76000213623047,81.01000213623047,81.4000015258789,76.93113708496094,7122100
2018-08-31,81.25,82.25,81.25,82.19999694824219,77.87857055664062,5177100
2018-09-04,79.38999938964844,80.97000122070312,79.0,79.5999984741211,75.41524505615234,18565800
2018-09-05,79.6500015258789,80.31999969482422,79.30000305175781,79.91999816894531,75.7184066772461,12269100
2018-09-06,80.16999816894531,80.83999633789062,79.7699966430664,80.4000015258789,76.17318725585938,8576900
2018-09-07,80.01000213623047,81.16000366210938,80.01000213623047,80.30000305175781,76.07846069335938,6633900
2018-09-10,81.38999938964844,82.44000244140625,81.22000122070312,82.0999984741211,77.7838134765625,6965600
2018-09-11,83.19999694824219,83.58000183105469,82.55000305175781,82.62999725341797,78.28594207763672,7166800
2018-09-12,82.69999694824219,83.04000091552734,82.04000091552734,83.0,78.63648986816406,5384300
2018-09-13,83.20999908447266,83.9000015258789,83.12000274658203,83.47000122070312,79.08181762695312,5382100
2018-09-14,83.58000183105469,83.83999633789062,83.05999755859375,83.48999786376953,79.10073852539062,4884400
2018-09-17,83.48999786376953,83.93000030517578,82.94000244140625,83.26000213623047,78.8828353881836,4861100
2018-09-18,83.23999786376953,85.3499984741211,83.23999786376953,85.26000213623047,80.7777099609375,7277700
2018-09-19,85.69000244140625,85.8499984741211,84.12000274658203,84.43000030517578,79.9913101196289,8053100
2018-09-20,85.08999633789062,85.87000274658203,84.93000030517578,85.37000274658203,80.88191986083984,6620300
2018-09-21,86.0,86.04000091552734,85.01000213623047,85.55000305175781,81.05242919921875,13852700
2018-09-24,85.16000366210938,85.26000213623047,84.25,84.2699966430664,79.8397216796875,8770400
2018-09-25,84.86000061035156,85.0999984741211,84.06999969482422,84.79000091552734,80.33240509033203,10519500
2018-09-26,82.61000061035156,84.7300033569336,81.94999694824219,83.69999694824219,79.29969024658203,16357100
2018-09-27,83.7699966430664,84.91999816894531,83.7300033569336,84.54000091552734,80.09555053710938,6080600
2018-09-28,84.29000091552734,85.2699966430664,84.25,84.72000122070312,80.26606750488281,7452700
2018-10-01,85.0999984741211,85.8499984741211,84.37000274658203,84.45999908447266,80.01972198486328,7876400
2018-10-02,84.33999633789062,84.55000305175781,82.5,82.7699966430664,78.41858673095703,8446900
2018-10-03,81.93000030517578,82.95999908447266,81.75,82.5,78.16278839111328,10046700
2018-10-04,82.33999633789062,82.4800033569336,80.0199966430664,80.18000030517578,75.9647445678711,9161100
2018-10-05,80.08999633789062,80.98999786376953,79.43000030517578,80.12000274658203,75.90792083740234,7019100
2018-10-08,80.04000091552734,80.54000091552734,79.08000183105469,80.2300033569336,76.01212310791016,8058700
2018-10-09,80.37000274658203,81.48999786376953,80.16000366210938,80.41999816894531,76.19213104248047,7643400
2018-10-10,79.66000366210938,80.04000091552734,74.7699966430664,74.94000244140625,71.000244140625,12977800
2018-10-11,74.7699966430664,77.06999969482422,73.9000015258789,74.51000213623047,70.59284210205078,11532100
2018-10-12,75.97000122070312,76.86000061035156,74.91000366210938,75.91000366210938,71.91923522949219,10393800
2018-10-15,75.7699966430664,76.16000366210938,74.97000122070312,74.98999786376953,71.04762268066406,5789000
2018-10-16,75.5999984741211,77.6500015258789,75.31999969482422,77.4800033569336,73.40670013427734,7744200
2018-10-17,77.5199966430664,77.80000305175781,75.94000244140625,76.4800033569336,72.45928192138672,6816900
2018-10-18,77.4000015258789,77.41000366210938,75.0,75.5999984741211,71.62554168701172,7622200
2018-10-19,75.83000183105469,76.05000305175781,74.13999938964844,74.20999908447266,70.30859375,7301200
2018-10-22,74.6500015258789,75.20999908447266,74.30000305175781,74.9000015258789,70.96232604980469,7042500
2018-10-23,74.19000244140625,74.37999725341797,72.06999969482422,73.3499984741211,69.49382019042969,11423800
2018-10-24,73.47000122070312,74.61000061035156,71.94999694824219,72.12000274658203,68.3284912109375,8333900
2018-10-25,72.69000244140625,73.5,72.2300033569336,73.0999984741211,69.25697326660156,7648000
2018-10-26,72.0,72.70999908447266,70.69000244140625,72.06999969482422,68.28111267089844,8371100
2018-10-29,73.26000213623047,74.01000213623047,71.38999938964844,72.19000244140625,68.39481353759766,9874200
2018-10-30,73.06999969482422,74.63999938964844,72.80999755859375,74.51000213623047,70.59284210205078,9470000
2018-10-31,75.5,76.33999633789062,74.91999816894531,75.04000091552734,71.09498596191406,8755500
2018-11-01,75.2300033569336,76.83999633789062,74.83999633789062,76.79000091552734,72.75296783447266,6117800
2018-11-02,77.52999877929688,78.58999633789062,75.70999908447266,76.58000183105469,72.55401611328125,6995100
2018-11-05,76.48999786376953,77.7699966430664,76.05000305175781,77.52999877929688,73.4540786743164,7143300
2018-11-06,77.33999633789062,77.58000183105469,76.36000061035156,76.56999969482422,72.54454040527344,6424200
2018-11-07,76.94000244140625,78.2300033569336,76.56999969482422,77.97000122070312,73.87094116210938,5403900
2018-11-08,77.69000244140625,78.16000366210938,77.23999786376953,77.77999877929688,73.6909408569336,5425000
2018-11-09,77.70999908447266,77.7699966430664,75.52999877929688,76.36000061035156,72.34557342529297,4737600
2018-11-12,76.3499984741211,76.7699966430664,74.98999786376953,75.0999984741211,71.15181732177734,5204900
2018-11-13,75.52999877929688,76.2699966430664,74.83999633789062,75.19999694824219,71.24656677246094,4584600
2018-11-14,76.31999969482422,77.48999786376953,74.88999938964844,75.19999694824219,71.24656677246094,7984200
2018-11-15,74.44000244140625,74.66999816894531,72.88999938964844,74.33000183105469,70.42230224609375,7858300
2018-11-16,73.76000213623047,75.5199966430664,73.05999755859375,74.73999786376953,70.81074523925781,8064200
2018-11-19,74.69000244140625,74.75,71.86000061035156,72.5199966430664,68.70745849609375,6744900
2018-11-20,70.48999786376953,72.06999969482422,69.5199966430664,71.12000274658203,67.38105773925781,9053900
2018-11-21,71.98999786376953,72.9000015258789,71.80999755859375,72.37000274658203,68.56533813476562,7326100
2018-11-23,72.05000305175781,72.5199966430664,71.41000366210938,71.48999786376953,67.73159790039062,2582300
2018-11-26,72.33999633789062,73.0,72.2699966430664,72.70999908447266,68.88745880126953,6458300
2018-11-27,72.27999877929688,72.55000305175781,71.30000305175781,72.08999633789062,68.30004119873047,5008000
2018-11-28,72.30000305175781,74.76000213623047,72.30000305175781,74.66000366210938,70.7349624633789,6167200
2018-11-29,74.63999938964844,74.94999694824219,73.31999969482422,74.33999633789062,70.43177032470703,5436700
2018-11-30,74.18000030517578,75.4800033569336,73.9000015258789,75.12000274658203,71.38203430175781,7947300
2018-12-03,77.0999984741211,79.0,76.93000030517578,77.94000244140625,74.06169128417969,10211800
2018-12-04,77.41999816894531,78.4000015258789,75.41000366210938,75.79000091552734,72.0186767578125,8800400
2018-12-06,74.37000274658203,75.56999969482422,73.58999633789062,75.54000091552734,71.78109741210938,9693700
2018-12-07,75.04000091552734,75.97000122070312,72.87000274658203,73.33999633789062,69.69058990478516,6133700
2018-12-10,73.0999984741211,73.70999908447266,70.61000061035156,72.51000213623047,68.90190124511719,7235000
2018-12-11,73.87000274658203,74.56999969482422,72.55999755859375,73.56999969482422,69.90914154052734,7794500
2018-12-12,74.5199966430664,75.27999877929688,73.51000213623047,74.31999969482422,70.62181091308594,6950400
2018-12-13,74.5,74.58999633789062,72.58999633789062,72.93000030517578,69.30099487304688,7454800
2018-12-14,71.97000122070312,73.6500015258789,71.41000366210938,72.52999877929688,68.92086791992188,7221200
2018-12-17,71.37000274658203,71.7699966430664,69.45999908447266,69.9000015258789,66.42176818847656,10647700
2018-12-18,70.9000015258789,72.41000366210938,70.43000030517578,71.1500015258789,67.60955047607422,7533300
2018-12-19,71.44999694824219,72.0,68.31999969482422,68.97000122070312,65.53804779052734,8426100
2018-12-20,68.7300033569336,69.56999969482422,66.52999877929688,67.52999877929688,64.16969299316406,14488500
2018-12-21,73.29000091552734,74.29000091552734,71.25,72.37000274658203,68.76886749267578,28487900
2018-12-24,71.4000015258789,71.93000030517578,68.08000183105469,68.0999984741211,64.71131134033203,8551400
2018-12-26,68.69999694824219,73.01000213623047,68.6500015258789,73.01000213623047,69.37702178955078,10019200
2018-12-27,72.18000030517578,73.7300033569336,70.98999786376953,73.66999816894531,70.00418090820312,9004900
2018-12-28,73.97000122070312,74.45999908447266,72.56999969482422,73.33999633789062,69.69058990478516,6197000
2018-12-31,73.9800033569336,74.45999908447266,73.5199966430664,74.13999938964844,70.45075988769531,5519100
2019-01-02,72.79000091552734,74.63999938964844,72.19000244140625,74.05999755859375,70.374755859375,6762700
2019-01-03,73.25,73.31999969482422,71.20999908447266,72.75,69.12992858886719,8007400
2019-01-04,73.44999694824219,75.12000274658203,73.12000274658203,74.6500015258789,70.93540954589844,7844200
2019-01-07,74.73999786376953,76.36000061035156,74.30000305175781,75.72000122070312,71.9521484375,8184800
2019-01-08,76.83000183105469,77.4000015258789,76.19999694824219,76.7300033569336,72.91190338134766,8809000
2019-01-09,76.97000122070312,77.1500015258789,76.13999938964844,76.58999633789062,72.77886199951172,8591000
2019-01-10,75.63999938964844,77.33999633789062,75.45999908447266,76.41999816894531,72.61732482910156,11148600
2019-01-11,76.33999633789062,76.88999938964844,75.80000305175781,76.04000091552734,72.25623321533203,10689900
2019-01-14,75.45999908447266,76.80999755859375,75.45999908447266,76.08999633789062,72.3037338256836,5677400
2019-01-15,76.19000244140625,77.9800033569336,76.12999725341797,77.87999725341797,74.00467681884766,6212400
2019-01-16,78.0,78.8499984741211,77.58999633789062,77.68000030517578,73.81463623046875,5697100
2019-01-17,77.54000091552734,79.4000015258789,77.30999755859375,79.12999725341797,75.1924819946289,7737300
2019-01-18,79.94999694824219,80.97000122070312,79.73999786376953,80.44999694824219,76.4468002319336,10404100
2019-01-22,80.33000183105469,81.30999755859375,80.19999694824219,80.75,76.73184967041016,8781700
2019-01-23,81.19000244140625,81.4000015258789,80.22000122070312,80.5,76.49430847167969,5823000
2019-01-24,80.5999984741211,80.87000274658203,79.55000305175781,80.44000244140625,76.43727111816406,4753200
2019-01-25,81.25,81.33000183105469,80.43000030517578,80.61000061035156,76.59883117675781,4457100
2019-01-28,79.80000305175781,80.51000213623047,79.73999786376953,80.31999969482422,76.32327270507812,5452000
2019-01-29,80.36000061035156,80.83000183105469,79.83999633789062,80.22000122070312,76.22823333740234,4187500
2019-01-30,80.4000015258789,81.29000091552734,80.05999755859375,81.27999877929688,77.23548126220703,5200200
2019-01-31,81.18000030517578,81.94999694824219,80.70999908447266,81.87999725341797,77.80561065673828,8599200
2019-02-01,81.83000183105469,81.9000015258789,81.12999725341797,81.51000213623047,77.45404052734375,5351900
2019-02-04,81.22000122070312,82.0,80.83000183105469,81.98999786376953,77.91016387939453,4236600
2019-02-05,81.9800033569336,83.19000244140625,81.93000030517578,82.86000061035156,78.73686981201172,6545600
2019-02-06,82.51000213623047,82.70999908447266,81.63999938964844,82.70999908447266,78.59432983398438,3682800
2019-02-07,82.1500015258789,82.8499984741211,81.70999908447266,82.38999938964844,78.29025268554688,4827500
2019-02-08,82.25,82.72000122070312,81.94000244140625,82.36000061035156,78.26173400878906,3786500
2019-02-11,82.94999694824219,83.83000183105469,82.87000274658203,83.68000030517578,79.51607513427734,6158500
2019-02-12,83.97000122070312,84.83999633789062,83.62000274658203,84.70999908447266,80.49482727050781,6290300
2019-02-13,84.76000213623047,85.58999633789062,84.76000213623047,85.4000015258789,81.15048217773438,5032800
2019-02-14,84.61000061035156,85.13999938964844,83.69999694824219,84.68000030517578,80.46630859375,5179000
2019-02-15,85.48999786376953,85.77999877929688,85.0999984741211,85.37999725341797,81.13146209716797,6111300
2019-02-19,84.58000183105469,85.05000305175781,84.45999908447266,84.56999969482422,80.36177062988281,5105900
2019-02-20,84.62999725341797,84.94999694824219,84.3499984741211,84.83999633789062,80.61833953857422,6436100
2019-02-21,83.56999969482422,84.1500015258789,83.3499984741211,83.94999694824219,79.77262878417969,8579200
2019-02-22,84.19999694824219,85.0199966430664,84.02999877929688,84.76000213623047,80.54232788085938,4449500
2019-02-25,85.38999938964844,85.7300033569336,84.95999908447266,85.16999816894531,80.93192291259766,6229700
2019-02-26,85.30999755859375,86.08000183105469,85.19999694824219,85.80000305175781,81.53058624267578,6678700
2019-02-27,85.52999877929688,86.22000122070312,85.05999755859375,86.16999816894531,81.88215637207031,4588200
2019-02-28,86.08000183105469,86.4000015258789,85.68000030517578,85.7300033569336,81.46406555175781,4988100
2019-03-01,86.93000030517578,87.98999786376953,86.23999786376953,87.16000366210938,83.03599548339844,6314900
2019-03-04,87.31999969482422,87.98999786376953,85.11000061035156,85.63999938964844,81.58789825439453,7339500
2019-03-05,85.87999725341797,86.25,85.44000244140625,85.44000244140625,81.39735412597656,4976300
2019-03-06,85.5999984741211,85.98999786376953,85.04000091552734,85.12999725341797,81.10202026367188,3198000
2019-03-07,84.97000122070312,85.41000366210938,84.66000366210938,85.26000213623047,81.22589111328125,4321800
2019-03-08,84.58000183105469,84.87999725341797,84.0199966430664,84.80000305175781,80.78764343261719,4669700
2019-03-11,85.38999938964844,85.94000244140625,85.05000305175781,85.81999969482422,81.75939178466797,3999800
2019-03-12,85.77999877929688,86.08000183105469,85.0199966430664,85.43000030517578,81.38783264160156,4431600
2019-03-13,85.69999694824219,86.66000366210938,85.5999984741211,85.93000030517578,81.86418914794922,5037800
2019-03-14,86.1500015258789,86.87999725341797,85.69999694824219,86.87000274658203,82.75971984863281,5906100
2019-03-15,87.22000122070312,87.61000061035156,85.95999908447266,86.80000305175781,82.69302368164062,11031400
2019-03-18,87.30000305175781,87.83999633789062,87.0,87.81999969482422,83.66475677490234,7750700
2019-03-19,88.22000122070312,88.58999633789062,87.29000091552734,87.69000244140625,83.54090118408203,6642200
2019-03-20,87.5,87.58000183105469,86.08999633789062,86.69000244140625,82.5882339477539,5991500
2019-03-21,87.23999786376953,88.12000274658203,86.83000183105469,88.01000213623047,83.84577178955078,10386900
2019-03-22,85.19999694824219,85.9000015258789,82.1500015258789,82.19000244140625,78.30115509033203,21659800
2019-03-25,81.4800033569336,83.22000122070312,80.88999938964844,82.33000183105469,78.43452453613281,15558300
2019-03-26,83.62999725341797,84.08999633789062,82.91000366210938,83.37999725341797,79.43485260009766,9611900
2019-03-27,83.69000244140625,83.80000305175781,82.04000091552734,83.08999633789062,79.1585693359375,6485100
2019-03-28,83.93000030517578,84.72000122070312,83.69999694824219,84.04000091552734,80.06361389160156,6032700
2019-03-29,84.5999984741211,84.8499984741211,83.86000061035156,84.20999908447266,80.2255630493164,6492000
2019-04-01,85.04000091552734,85.31999969482422,84.69999694824219,85.2300033569336,81.19730377197266,6737400
2019-04-02,85.0,85.26000213623047,84.16000366210938,84.37000274658203,80.37800598144531,4433800
2019-04-03,84.9000015258789,84.98999786376953,84.25,84.47000122070312,80.47327423095703,4080900
2019-04-04,84.48999786376953,85.37999725341797,84.36000061035156,85.27999877929688,81.24492645263672,3660700
2019-04-05,86.0,86.16000366210938,85.05000305175781,85.4000015258789,81.35926818847656,7367400
2019-04-08,85.01000213623047,85.29000091552734,84.56999969482422,84.7300033569336,80.72097778320312,4705800
2019-04-09,84.22000122070312,84.5999984741211,83.97000122070312,84.27999877929688,80.29224395751953,3804500
2019-04-10,84.63999938964844,85.01000213623047,84.55999755859375,84.87999725341797,80.86387634277344,3918400
2019-04-11,84.9000015258789,85.05000305175781,84.27999877929688,85.0,80.97818756103516,3347400
2019-04-12,85.30000305175781,86.48999786376953,85.29000091552734,86.23999786376953,82.1595230102539,6037000
2019-04-15,86.88999938964844,87.23999786376953,86.44000244140625,86.83000183105469,82.72160339355469,5034900
2019-04-16,87.0,87.94999694824219,87.0,87.80000305175781,83.64571380615234,4652700
2019-04-17,87.94999694824219,88.97000122070312,87.44999694824219,88.7300033569336,84.5317153930664,5694900
2019-04-18,88.76000213623047,90.0,88.69999694824219,89.19999694824219,84.97945404052734,7016600
2019-04-22,88.3499984741211,88.63999938964844,87.30000305175781,87.36000061035156,83.22652435302734,5390500
2019-04-23,87.56999969482422,87.66999816894531,87.01000213623047,87.43000030517578,83.29322814941406,7513700
2019-04-24,87.66999816894531,88.81999969482422,87.43000030517578,88.38999938964844,84.20779418945312,8063000
2019-04-25,88.4000015258789,88.54000091552734,87.48999786376953,87.55999755859375,83.41706085205078,7069900
2019-04-26,87.94999694824219,88.94000244140625,87.33000183105469,88.30999755859375,84.1315689086914,6219600
2019-04-29,88.18000030517578,88.51000213623047,88.12999725341797,88.26000213623047,84.08393859863281,5008400
2019-04-30,88.29000091552734,88.4000015258789,87.26000213623047,87.83000183105469,83.67430114746094,7614100
2019-05-01,87.7300033569336,87.94999694824219,85.87000274658203,85.9000015258789,81.83560943603516,6524600
2019-05-02,86.20999908447266,86.27999877929688,84.98999786376953,85.2699966430664,81.23542022705078,6813700
2019-05-03,85.9000015258789,86.30000305175781,85.69999694824219,85.69999694824219,81.64508056640625,6798300
2019-05-06,83.7699966430664,83.87000274658203,82.86000061035156,83.56999969482422,79.61585998535156,12836600
2019-05-07,83.0199966430664,83.62999725341797,81.83000183105469,82.54000091552734,78.63458251953125,9811300
2019-05-08,82.43000030517578,83.98999786376953,82.13999938964844,82.7699966430664,78.85369110107422,9501300
2019-05-09,82.20999908447266,83.01000213623047,81.54000091552734,82.9800033569336,79.05378723144531,6336600
2019-05-10,82.77999877929688,84.2699966430664,82.19000244140625,83.94999694824219,79.97786712646484,5450500
2019-05-13,81.6500015258789,82.62999725341797,81.31999969482422,82.52999877929688,78.62506866455078,6445200
2019-05-14,82.77999877929688,84.0,82.05999755859375,83.66999816894531,79.71112060546875,7529200
2019-05-15,83.16999816894531,84.48999786376953,82.94000244140625,84.01000213623047,80.03504943847656,4862200
2019-05-16,84.51000213623047,85.4000015258789,84.19999694824219,84.27999877929688,80.29224395751953,6745200
2019-05-17,83.51000213623047,85.5199966430664,83.5,84.56999969482422,80.56852722167969,5068200
2019-05-20,83.80000305175781,83.80000305175781,82.73999786376953,82.8499984741211,78.92990112304688,7181900
2019-05-21,83.36000061035156,83.80000305175781,82.51000213623047,83.63999938964844,79.68253326416016,5762500
2019-05-22,82.98999786376953,83.33999633789062,82.76000213623047,83.19999694824219,79.26335906982422,5237800
2019-05-23,82.5,83.05999755859375,81.98999786376953,82.63999938964844,78.72985076904297,9704200
2019-05-24,82.19999694824219,83.16999816894531,82.08999633789062,82.16000366210938,78.2725830078125,5999000
2019-05-28,82.8499984741211,83.19000244140625,81.12999725341797,81.19999694824219,77.35798645019531,7927300
2019-05-29,80.70999908447266,80.86000061035156,77.69999694824219,78.87000274658203,75.13823699951172,10116900
2019-05-30,78.91999816894531,79.7300033569336,78.61000061035156,79.26000213623047,75.50978088378906,6177800
2019-05-31,78.0,78.26000213623047,77.06999969482422,77.13999938964844,73.69464874267578,8891100
2019-06-03,77.23999786376953,78.58000183105469,77.08000183105469,77.95999908447266,74.47799682617188,11665500
2019-06-04,79.30000305175781,81.6500015258789,78.77999877929688,81.62000274658203,77.97455596923828,7526800
2019-06-05,82.29000091552734,82.9000015258789,81.93000030517578,82.72000122070312,79.02539825439453,8173200
2019-06-06,82.72000122070312,83.05999755859375,82.08000183105469,82.44999694824219,78.76747131347656,4953000
2019-06-07,83.08999633789062,83.68000030517578,82.80999755859375,83.41000366210938,79.6845932006836,3891100
2019-06-10,83.75,84.19999694824219,82.44999694824219,82.58000183105469,78.89167785644531,4419800
2019-06-11,83.6500015258789,84.33999633789062,83.12999725341797,83.26000213623047,79.54130554199219,3939400
2019-06-12,83.4800033569336,84.0199966430664,82.5199966430664,82.62999725341797,78.93944549560547,4025900
2019-06-13,83.1500015258789,83.91999816894531,83.05000305175781,83.61000061035156,79.87567901611328,3383400
2019-06-14,83.51000213623047,83.86000061035156,83.04000091552734,83.44000244140625,79.71324920654297,4355600
2019-06-17,83.33999633789062,83.45999908447266,82.01000213623047,82.11000061035156,78.44265747070312,5101900
2019-06-18,82.69999694824219,84.6500015258789,82.5,84.30000305175781,80.53483581542969,6456500
2019-06-19,83.7300033569336,83.9000015258789,83.13999938964844,83.55000305175781,79.818359375,6217700
2019-06-20,84.9000015258789,85.66999816894531,84.41999816894531,85.23999786376953,81.432861328125,6163800
2019-06-21,85.16000366210938,85.75,84.5999984741211,85.75,81.92007446289062,9289800
2019-06-24,86.0,86.8499984741211,84.37000274658203,84.5,80.72592163085938,8043300
2019-06-25,84.5999984741211,84.69000244140625,82.16000366210938,82.62000274658203,78.92987060546875,7339900
2019-06-26,83.1500015258789,83.69000244140625,82.44000244140625,82.55000305175781,78.86302185058594,5838500
2019-06-27,82.93000030517578,83.7699966430664,82.93000030517578,83.66000366210938,79.92343139648438,11436700
2019-06-28,83.98999786376953,84.75,82.66999816894531,83.94999694824219,80.20048522949219,12443800
2019-07-01,84.93000030517578,86.27999877929688,84.9000015258789,85.41000366210938,81.59526824951172,6587300
2019-07-02,85.36000061035156,85.47000122070312,84.22000122070312,84.95999908447266,81.16536712646484,7187200
2019-07-03,85.33000183105469,86.29000091552734,85.12000274658203,86.19999694824219,82.34999084472656,4012800
2019-07-05,85.80000305175781,86.91000366210938,85.41999816894531,86.81999969482422,82.9422836303711,6440900
2019-07-08,86.05999755859375,88.5199966430664,85.97000122070312,88.4800033569336,84.52815246582031,7052000
2019-07-09,88.0999984741211,88.80000305175781,87.81999969482422,88.04000091552734,84.10779571533203,6219700
2019-07-10,88.4800033569336,88.94000244140625,87.38999938964844,87.44000244140625,83.53461456298828,5985500
2019-07-11,87.70999908447266,88.30000305175781,87.4000015258789,88.29000091552734,84.34663391113281,3942400
2019-07-12,88.18000030517578,89.30999755859375,88.01000213623047,89.12000274658203,85.13957977294922,4240900
2019-07-15,89.05999755859375,89.87000274658203,89.05999755859375,89.4800033569336,85.4834976196289,3750900
2019-07-16,89.5,89.70999908447266,88.56999969482422,88.5999984741211,84.6427993774414,5812800
2019-07-17,88.41999816894531,88.69000244140625,87.44000244140625,87.5,83.5919189453125,4461500
2019-07-18,87.62999725341797,87.76000213623047,86.76000213623047,87.44000244140625,83.53461456298828,4607000
2019-07-19,87.7300033569336,87.87999725341797,86.4800033569336,86.55000305175781,82.68437194824219,6635300
2019-07-22,86.55999755859375,86.98999786376953,85.83000183105469,85.97000122070312,82.13026428222656,6810300
2019-07-23,86.63999938964844,87.0999984741211,86.2300033569336,86.69999694824219,82.8276596069336,5659900
2019-07-24,86.6500015258789,87.20999908447266,86.30999755859375,86.69999694824219,82.8276596069336,6362900
2019-07-25,86.81999969482422,87.5,86.58999633789062,87.27999877929688,83.38176727294922,4546400
2019-07-26,87.44000244140625,87.83999633789062,86.7699966430664,87.54000091552734,83.63014221191406,3707200
2019-07-29,87.6500015258789,87.87000274658203,87.18000030517578,87.62000274658203,83.7065658569336,4387300
2019-07-30,86.81999969482422,87.91000366210938,86.36000061035156,87.19999694824219,83.30532836914062,3561200
2019-07-31,87.08999633789062,87.2699966430664,85.55000305175781,86.02999877929688,82.18756866455078,5818200
2019-08-01,85.26000213623047,86.7699966430664,82.69999694824219,83.12000274658203,79.40755462646484,7871800
2019-08-02,82.52999877929688,83.23999786376953,80.79000091552734,81.13999938964844,77.5159912109375,8761400
2019-08-05,79.66000366210938,80.05000305175781,78.19000244140625,78.97000122070312,75.4428939819336,8493300
2019-08-06,79.8499984741211,81.58999633789062,79.48999786376953,81.30000305175781,77.66885375976562,8664500
2019-08-07,80.5,81.81999969482422,80.08999633789062,81.27999877929688,77.64971923828125,6275000
2019-08-08,81.80999755859375,83.36000061035156,81.61000061035156,83.0,79.29293060302734,6208900
2019-08-09,83.13999938964844,83.43000030517578,81.31999969482422,81.9800033569336,78.3184585571289,5460200
2019-08-12,81.41000366210938,81.94999694824219,81.18000030517578,81.6500015258789,78.00322723388672,3762500
2019-08-13,81.16999816894531,84.1500015258789,80.8499984741211,83.31999969482422,79.5986328125,6896800
2019-08-14,81.23999786376953,81.69000244140625,80.51000213623047,81.02999877929688,77.41089630126953,7266100
2019-08-15,80.93000030517578,81.30000305175781,79.44000244140625,79.51000213623047,75.95879364013672,6713600
2019-08-16,80.08999633789062,80.55999755859375,79.25,80.27999877929688,76.69439697265625,5649000
2019-08-19,82.0,82.33999633789062,80.83000183105469,81.12999725341797,77.50642395019531,7027900
2019-08-20,80.72000122070312,81.2300033569336,79.44999694824219,80.52999877929688,76.9332275390625,5903100
2019-08-21,81.94000244140625,82.83999633789062,81.62999725341797,82.73999786376953,79.0445327758789,6454200
2019-08-22,83.0,83.72000122070312,82.5,83.30999755859375,79.58908081054688,5571600
2019-08-23,82.0199966430664,82.76000213623047,80.02999877929688,80.44000244140625,76.84725189208984,8497800
2019-08-26,81.44000244140625,82.27999877929688,80.73999786376953,82.25,78.5763931274414,4336000
2019-08-27,82.62999725341797,83.18000030517578,82.0,82.02999877929688,78.36624145507812,3842500
2019-08-28,81.9000015258789,83.58999633789062,81.72000122070312,83.4800033569336,79.75148010253906,4123700
2019-08-29,84.22000122070312,85.7699966430664,84.16999816894531,85.37999725341797,81.56660461425781,5101900
2019-08-30,85.69999694824219,85.98999786376953,84.41000366210938,84.5,80.93445587158203,5235400
2019-09-03,84.0,84.83000183105469,83.62000274658203,84.66999816894531,81.09727478027344,6360800
2019-09-04,85.58000183105469,86.5,85.5,86.3499984741211,82.70639038085938,4151200
2019-09-05,87.27999877929688,88.62000274658203,87.27999877929688,88.41999816894531,84.68903350830078,6328400
2019-09-06,88.4000015258789,88.9800033569336,88.0199966430664,88.69000244140625,84.94764709472656,3625300
2019-09-09,88.94000244140625,89.3499984741211,88.41999816894531,88.66999816894531,84.9284896850586,4282400
2019-09-10,88.26000213623047,88.62999725341797,86.29000091552734,86.83000183105469,83.1661376953125,7072400
2019-09-11,86.95999908447266,87.25,85.87000274658203,86.75,83.08950805664062,4623300
2019-09-12,87.0999984741211,88.06999969482422,86.22000122070312,87.66999816894531,83.97068786621094,4057500
2019-09-13,88.25,88.79000091552734,87.30000305175781,87.31999969482422,83.6354751586914,5894700
2019-09-16,87.08999633789062,87.81999969482422,86.66999816894531,87.2699966430664,83.58758544921875,4171700
2019-09-17,86.7699966430664,87.63999938964844,86.47000122070312,87.58999633789062,83.89407348632812,3248400
2019-09-18,87.6500015258789,88.4000015258789,87.20999908447266,88.08000183105469,84.3634262084961,4722200
2019-09-19,88.4000015258789,88.72000122070312,87.51000213623047,87.69999694824219,83.99943542480469,4231200
2019-09-20,88.0,88.48999786376953,86.66999816894531,86.68000030517578,83.0224609375,6991100
2019-09-23,86.9800033569336,88.0199966430664,86.80000305175781,87.69000244140625,83.98986053466797,4790000
2019-09-24,88.44999694824219,88.69000244140625,86.76000213623047,87.18000030517578,83.5013656616211,10202900
2019-09-25,91.77999877929688,92.79000091552734,90.1500015258789,90.80999755859375,86.97820281982422,25330700
2019-09-26,91.62000274658203,92.44999694824219,90.25,92.16999816894531,88.28081512451172,10408300
2019-09-27,91.8499984741211,92.86000061035156,91.5999984741211,92.30999755859375,88.4149169921875,6420500
2019-09-30,92.52999877929688,94.08000183105469,92.5,93.91999816894531,89.95697021484375,7401200
2019-10-01,94.12999725341797,94.75,92.05999755859375,92.27999877929688,88.38618469238281,8464900
2019-10-02,91.47000122070312,91.83999633789062,90.56999969482422,91.48999786376953,87.6295166015625,6933900
2019-10-03,91.30999755859375,92.31999969482422,90.3499984741211,92.22000122070312,88.3287124633789,5762300
2019-10-04,92.22000122070312,93.16999816894531,91.93000030517578,93.06999969482422,89.1428451538086,4551400
2019-10-07,92.5,93.91999816894531,92.4000015258789,93.16999816894531,89.2386245727539,4975400
2019-10-08,90.44999694824219,92.70999908447266,90.41000366210938,91.75,87.8785629272461,6916800
2019-10-09,92.41000366210938,93.05000305175781,91.81999969482422,92.5199966430664,88.61604309082031,5115900
2019-10-10,93.5,93.5,92.72000122070312,93.0,89.0757827758789,5794100
2019-10-11,94.0,94.56999969482422,93.55999755859375,93.87999725341797,89.91866302490234,6220100
2019-10-14,94.19999694824219,95.25,94.05000305175781,94.87999725341797,90.87646484375,4636000
2019-10-15,95.0,95.18000030517578,94.12000274658203,94.79000091552734,90.79027557373047,4292500
2019-10-16,94.08999633789062,95.13999938964844,94.06999969482422,94.87999725341797,90.87646484375,4883300
2019-10-17,95.56999969482422,95.88999938964844,94.97000122070312,95.55999755859375,91.52777099609375,3427400
2019-10-18,94.80999755859375,96.45999908447266,94.80000305175781,96.0999984741211,92.04498291015625,6209200
2019-10-21,96.61000061035156,96.87000274658203,95.41999816894531,96.22000122070312,92.1599349975586,5185800
2019-10-22,96.05999755859375,96.83000183105469,95.5199966430664,95.5999984741211,91.56609344482422,5470100
2019-10-23,95.02999877929688,95.54000091552734,92.12000274658203,92.31999969482422,88.42449951171875,11933600
2019-10-24,92.68000030517578,92.87000274658203,90.98999786376953,91.5,87.63909149169922,12085800
2019-10-25,91.44000244140625,91.83000183105469,90.75,90.91999816894531,87.08358764648438,8147200
2019-10-28,91.05999755859375,91.30000305175781,90.16999816894531,90.8499984741211,87.01651000976562,10304700
2019-10-29,90.8499984741211,90.91999816894531,89.12999725341797,89.27999877929688,85.51277923583984,9044700
2019-10-30,89.44999694824219,90.2699966430664,89.3499984741211,90.19000244140625,86.3843765258789,8127500
2019-10-31,90.0,90.41000366210938,88.94000244140625,89.55000305175781,85.77137756347656,6752000
2019-11-01,90.18000030517578,90.52999877929688,89.0,89.18000030517578,85.41698455810547,5263600
2019-11-04,90.12999725341797,90.55999755859375,89.31999969482422,89.86000061035156,86.06829071044922,8161200
2019-11-05,90.1500015258789,90.33999633789062,89.54000091552734,89.87999725341797,86.08743286132812,5589700
2019-11-06,90.63999938964844,90.72000122070312,88.73999786376953,89.4800033569336,85.70433044433594,7033800
2019-11-07,90.47000122070312,90.5999984741211,89.7699966430664,90.4000015258789,86.58551788330078,7110000
2019-11-08,90.27999877929688,90.3499984741211,89.29000091552734,89.80999755859375,86.02041625976562,4555400
2019-11-11,89.37000274658203,90.0999984741211,89.37000274658203,90.05000305175781,86.25027465820312,3247300
2019-11-12,90.30999755859375,92.02999877929688,89.48999786376953,89.5,85.72348022460938,3979600
2019-11-13,89.7300033569336,91.55000305175781,89.56999969482422,91.29000091552734,87.43795776367188,5923600
2019-11-14,91.48999786376953,91.95999908447266,90.72000122070312,91.2699966430664,87.41878509521484,6035300
2019-11-15,92.13999938964844,93.55999755859375,91.95999908447266,93.04000091552734,89.11412811279297,6785500
2019-11-18,93.5,94.26000213623047,92.91000366210938,94.18000030517578,90.20600891113281,6165600
2019-11-19,94.61000061035156,95.12000274658203,93.05999755859375,93.61000061035156,89.66006469726562,5368400
2019-11-20,94.11000061035156,94.4000015258789,92.7699966430664,93.05000305175781,89.12369537353516,6235400
2019-11-21,92.62000274658203,93.30000305175781,92.06999969482422,92.16000366210938,88.27124786376953,5493100
2019-11-22,92.20999908447266,93.3499984741211,91.93000030517578,93.33999633789062,89.40145111083984,4264400
2019-11-25,93.77999877929688,93.97000122070312,92.73999786376953,92.9000015258789,88.98001861572266,5419700
2019-11-26,93.37999725341797,93.62999725341797,93.0199966430664,93.33000183105469,89.3918685913086,5907400
2019-11-27,93.5,94.37999725341797,93.5,94.13999938964844,90.16769409179688,4017400
2019-11-29,94.37000274658203,94.61000061035156,93.38999938964844,93.48999786376953,89.77877044677734,2541800
2019-12-02,94.08999633789062,94.27999877929688,92.9800033569336,93.55999755859375,89.84599304199219,3892000
2019-12-03,92.4800033569336,92.55000305175781,91.30999755859375,92.45999908447266,88.78966522216797,5570700
2019-12-04,92.80999755859375,93.79000091552734,92.7300033569336,93.72000122070312,89.99964904785156,4456400
2019-12-05,95.87999725341797,95.94999694824219,94.68000030517578,95.79000091552734,91.98748016357422,6946000
2019-12-06,96.55999755859375,97.30999755859375,96.37999725341797,97.0,93.1494369506836,6368500
2019-12-09,97.0199966430664,97.62999725341797,96.16000366210938,96.62999725341797,92.79411315917969,6517800
2019-12-10,96.76000213623047,97.58999633789062,96.62999725341797,97.01000213623047,93.15904235839844,4234300
2019-12-11,96.9000015258789,97.31999969482422,96.6500015258789,97.18000030517578,93.32230377197266,4319700
2019-12-12,97.31999969482422,98.18000030517578,96.9000015258789,97.72000122070312,93.84085083007812,4762800
2019-12-13,97.43000030517578,98.29000091552734,96.91000366210938,97.7699966430664,93.88886260986328,5247600
2019-12-16,98.13999938964844,99.33999633789062,98.05999755859375,98.80999755859375,94.8875961303711,8211300
2019-12-17,99.37999725341797,100.16999816894531,99.05000305175781,99.6500015258789,95.6942367553711,7050700
2019-12-18,100.19999694824219,100.79000091552734,99.58000183105469,100.56999969482422,96.5777359008789,7332000
2019-12-19,100.5,101.2699966430664,99.62999725341797,101.1500015258789,97.13469696044922,12214500
2019-12-20,101.0,101.4000015258789,98.8499984741211,99.95999908447266,95.99192810058594,17641600
2019-12-23,100.2300033569336,100.69000244140625,99.55000305175781,100.04000091552734,96.06877136230469,6350500
2019-12-24,99.83000183105469,100.66000366210938,99.76000213623047,100.13999938964844,96.16480255126953,3328100
2019-12-26,100.33999633789062,100.75,100.11000061035156,100.70999908447266,96.71217346191406,3709900
2019-12-27,101.0,101.79000091552734,100.98999786376953,101.56999969482422,97.53802490234375,5307500
2019-12-30,101.54000091552734,101.61000061035156,100.45999908447266,100.80000305175781,96.79857635498047,3495200
2019-12-31,100.58000183105469,101.38999938964844,100.51000213623047,101.30999755859375,97.28834533691406,3213600
2020-01-02,101.36000061035156,102.20999908447266,101.0199966430664,102.19999694824219,98.14300537109375,5644100
2020-01-03,100.58999633789062,102.0,100.30999755859375,101.91999816894531,97.87413787841797,4541800
2020-01-06,100.94999694824219,101.83999633789062,100.87000274658203,101.83000183105469,97.78770446777344,4612400
2020-01-07,101.80999755859375,102.73999786376953,100.80999755859375,101.77999877929688,97.73970031738281,6719900
2020-01-08,101.30999755859375,102.13999938964844,100.8499984741211,101.55000305175781,97.51882934570312,4942200
2020-01-09,101.94000244140625,102.41000366210938,101.38999938964844,101.4800033569336,97.45159149169922,5007500
2020-01-10,101.88999938964844,101.93000030517578,100.76000213623047,100.9000015258789,96.89460754394531,5135300
2020-01-13,101.0,102.33999633789062,100.81999969482422,102.16000366210938,98.10460662841797,6722400
2020-01-14,102.44999694824219,103.88999938964844,102.3499984741211,102.91999816894531,98.83442687988281,5088500
2020-01-15,103.25,103.69999694824219,102.4800033569336,102.79000091552734,98.7095947265625,4209200
2020-01-16,102.87999725341797,103.56999969482422,102.8499984741211,103.37000274658203,99.26658630371094,6571700
2020-01-17,103.43000030517578,104.55000305175781,103.33999633789062,104.52999877929688,100.38053131103516,6271200
2020-01-21,104.25,104.69000244140625,103.80999755859375,104.58000183105469,100.42855834960938,4854700
2020-01-22,105.0,105.62000274658203,104.41999816894531,104.48999786376953,100.34209442138672,5031400
2020-01-23,104.02999877929688,104.37000274658203,102.62000274658203,103.0199966430664,98.93046569824219,7102900
2020-01-24,103.58999633789062,103.88999938964844,101.66000366210938,102.02999877929688,97.97975158691406,3839300
2020-01-27,98.20999908447266,100.70999908447266,98.01000213623047,100.23999786376953,96.26082611083984,9841400
2020-01-28,100.33999633789062,101.05000305175781,99.5199966430664,100.41000366210938,96.424072265625,5673200
2020-01-29,101.06999969482422,101.30000305175781,99.16999816894531,99.83999633789062,95.87669372558594,4503700
2020-01-30,99.0199966430664,99.75,97.37000274658203,98.19000244140625,94.29219055175781,7065100
2020-01-31,98.11000061035156,98.44999694824219,95.91999816894531,96.30000305175781,92.47724151611328,8780300
2020-02-03,99.0,100.91999816894531,98.56999969482422,99.2699966430664,95.32931518554688,9727000
2020-02-04,101.91000366210938,102.77999877929688,101.26000213623047,101.37999725341797,97.3555679321289,6559600
2020-02-05,101.76000213623047,101.97000122070312,99.52999877929688,100.54000091552734,96.54891967773438,6108300
2020-02-06,100.9000015258789,101.52999877929688,100.16000366210938,100.2699966430664,96.28963470458984,5641800
2020-02-07,99.80999755859375,100.4000015258789,98.97000122070312,99.44000244140625,95.4925765991211,4121800
2020-02-10,99.22000122070312,100.51000213623047,99.0,100.0199966430664,96.049560546875,4213900
2020-02-11,100.06999969482422,100.3499984741211,99.44000244140625,100.0199966430664,96.049560546875,4871800
2020-02-12,100.73999786376953,103.08000183105469,100.44000244140625,103.0,98.9112548828125,8075600
2020-02-13,102.51000213623047,103.73999786376953,101.68000030517578,103.37000274658203,99.26658630371094,5386800
2020-02-14,103.52999877929688,103.88999938964844,102.44999694824219,103.54000091552734,99.42981719970703,4305300
2020-02-18,103.0,103.37999725341797,101.61000061035156,102.0,97.95095825195312,4916200
2020-02-19,102.66000366210938,103.38999938964844,102.43000030517578,102.45999908447266,98.39268493652344,6200500
2020-02-20,102.45999908447266,102.62999725341797,100.55000305175781,102.52999877929688,98.45992279052734,6427600
2020-02-21,102.0,102.08000183105469,99.62999725341797,100.25,96.27042388916016,5750900
2020-02-24,95.54000091552734,97.06999969482422,95.25,95.91000366210938,92.10269927978516,8364200
2020-02-25,96.3499984741211,96.76000213623047,92.62000274658203,92.9000015258789,89.21219635009766,9602100
2020-02-26,93.08000183105469,94.6500015258789,91.98999786376953,92.0,88.34793090820312,9308400
2020-02-27,90.0,93.05999755859375,88.5,88.55000305175781,85.03487396240234,12825700
2020-02-28,86.02999877929688,89.47000122070312,85.1500015258789,89.37999725341797,86.07006072998047,16552400
2020-03-02,89.5999984741211,93.13999938964844,87.91000366210938,92.68000030517578,89.24784851074219,14102000
2020-03-03,92.73999786376953,94.9800033569336,90.56999969482422,90.93000030517578,87.56265258789062,14767600
2020-03-04,92.08000183105469,93.81999969482422,90.83999633789062,93.79000091552734,90.3167495727539,6904400
2020-03-05,91.26000213623047,91.68000030517578,89.94000244140625,90.58000183105469,87.22562408447266,8851100
2020-03-06,88.36000061035156,89.38999938964844,85.87999725341797,88.36000061035156,85.08785247802734,12336400
2020-03-09,81.88999938964844,86.73999786376953,80.91999816894531,84.11000061035156,80.99523162841797,13272700
2020-03-10,86.69000244140625,88.4000015258789,82.87999725341797,88.30000305175781,85.03007507324219,12755900
2020-03-11,84.0,84.62999725341797,82.06999969482422,84.0,80.88929748535156,16172000
2020-03-12,78.2300033569336,78.48999786376953,73.0,74.19999694824219,71.45221710205078,21534800
2020-03-13,78.19999694824219,78.19999694824219,71.76000213623047,75.58000183105469,72.7811050415039,21859600
2020-03-16,65.27999877929688,72.97000122070312,63.369998931884766,66.79000091552734,64.31661224365234,17976700
2020-03-17,67.51000213623047,73.33000183105469,62.400001525878906,69.83999633789062,67.253662109375,17122100
2020-03-18,64.79000091552734,68.33000183105469,60.0,68.04000091552734,65.52032470703125,19498800
2020-03-19,67.04000091552734,72.70999908447266,64.1500015258789,70.33999633789062,67.73514556884766,16177200
2020-03-20,71.51000213623047,74.05999755859375,67.19999694824219,67.44999694824219,64.95217895507812,15761900
2020-03-23,65.0,66.87999725341797,60.58000183105469,62.79999923706055,60.47438049316406,17690000
2020-03-24,65.69999694824219,72.66000366210938,64.0,72.33000183105469,69.65145874023438,18849500
2020-03-25,80.11000061035156,83.48999786376953,76.19999694824219,79.01000213623047,76.08409881591797,27053200
2020-03-26,80.16999816894531,86.86000061035156,80.01000213623047,84.30000305175781,81.17818450927734,17200800
2020-03-27,81.69999694824219,85.73999786376953,79.51000213623047,83.2300033569336,80.1478271484375,14183400
2020-03-30,84.0,85.95999908447266,81.5,85.37999725341797,82.21818542480469,10960100
2020-03-31,85.12999725341797,85.7300033569336,82.4000015258789,82.73999786376953,79.67595672607422,9610100
2020-04-01,79.48999786376953,81.18000030517578,78.52999877929688,79.2300033569336,76.29595184326172,9771300
2020-04-02,79.0,81.5999984741211,77.16000366210938,80.13999938964844,77.1722412109375,12731300
2020-04-03,79.36000061035156,79.79000091552734,77.91000366210938,78.86000061035156,75.93965911865234,8476900
2020-04-06,81.91000366210938,85.04000091552734,81.20999908447266,84.62999725341797,81.49597930908203,11266500
2020-04-07,88.69999694824219,88.87000274658203,84.02999877929688,84.16000366210938,81.04338073730469,10468100
2020-04-08,84.69999694824219,85.7699966430664,83.61000061035156,85.30000305175781,82.14115142822266,6642700
2020-04-09,86.69000244140625,87.38999938964844,85.16000366210938,86.79000091552734,83.57598114013672,7773600
2020-04-13,85.80000305175781,85.98999786376953,84.13999938964844,84.45999908447266,81.33226013183594,5077600
2020-04-14,85.94999694824219,87.7699966430664,85.4800033569336,87.47000122070312,84.23079681396484,6397200
2020-04-15,84.87000274658203,85.87999725341797,83.70999908447266,85.04000091552734,81.89079284667969,8053900
2020-04-16,85.43000030517578,86.52999877929688,84.55000305175781,86.30000305175781,83.10413360595703,9373800
2020-04-17,89.0,90.25,88.36000061035156,89.91000366210938,86.5804214477539,8111400
2020-04-20,88.43000030517578,89.44000244140625,87.5199966430664,87.9000015258789,84.6448745727539,7244400
2020-04-21,85.98999786376953,86.9000015258789,85.08999633789062,85.19999694824219,82.04483795166016,6597000
2020-04-22,86.9800033569336,89.44000244140625,86.41999816894531,88.7699966430664,85.48265075683594,6463000
2020-04-23,88.94000244140625,89.52999877929688,87.26000213623047,87.3499984741211,84.115234375,5343500
2020-04-24,88.88999938964844,89.12000274658203,87.6500015258789,88.37000274658203,85.09746551513672,4450100
2020-04-27,88.37999725341797,89.87000274658203,87.30999755859375,89.37000274658203,86.06044006347656,6875100
2020-04-28,90.55000305175781,90.70999908447266,88.62999725341797,88.80000305175781,85.51153564453125,5145400
2020-04-29,90.0,91.38999938964844,87.83000183105469,88.06999969482422,84.8085708618164,9461400
2020-04-30,87.0,88.0,86.51000213623047,87.18000030517578,83.9515380859375,9371400
2020-05-01,85.66999816894531,86.11000061035156,84.80999755859375,85.54000091552734,82.37227630615234,6151200
2020-05-04,84.68000030517578,85.80000305175781,84.30999755859375,85.75,82.5744857788086,6348900
2020-05-05,86.54000091552734,88.52999877929688,86.02999877929688,87.19999694824219,83.97080993652344,6321500
2020-05-06,88.05000305175781,88.69000244140625,87.43000030517578,88.44000244140625,85.16487884521484,7342300
2020-05-07,89.4000015258789,90.23999786376953,88.37999725341797,88.55999755859375,85.2804183959961,4565900
2020-05-08,90.11000061035156,90.63999938964844,89.58999633789062,90.45999908447266,87.11006164550781,5488000
2020-05-11,89.44999694824219,91.41999816894531,89.13999938964844,90.93000030517578,87.56265258789062,4937600
2020-05-12,91.52999877929688,91.66999816894531,88.1500015258789,88.26000213623047,84.9915542602539,5622600
2020-05-13,87.37999725341797,87.73999786376953,85.19999694824219,86.0199966430664,82.8344955444336,6739800
2020-05-14,85.0,86.58000183105469,84.11000061035156,86.55000305175781,83.34487915039062,7431800
2020-05-15,85.25,87.2300033569336,84.87999725341797,86.98999786376953,83.76856231689453,9165000
2020-05-18,90.48999786376953,91.5999984741211,89.87999725341797,91.04000091552734,87.66858673095703,8517200
2020-05-19,90.8499984741211,93.81999969482422,90.81999969482422,91.51000213623047,88.12118530273438,6514100
2020-05-20,93.19999694824219,93.86000061035156,92.69999694824219,92.94999694824219,89.50784301757812,6347000
2020-05-21,92.87999725341797,94.37999725341797,92.37000274658203,94.26000213623047,90.76934814453125,7504300
2020-05-22,94.41999816894531,94.6500015258789,93.3499984741211,93.75,90.27822875976562,4049500
2020-05-26,95.9800033569336,97.43000030517578,95.27999877929688,96.62000274658203,93.04195404052734,7185200
2020-05-27,98.12000274658203,99.98999786376953,97.62000274658203,99.87000274658203,96.17160034179688,7915900
2020-05-28,100.08999633789062,100.69000244140625,98.25,98.45999908447266,94.81379699707031,7260700
2020-05-29,98.19000244140625,99.25,96.93000030517578,98.58000183105469,95.16617584228516,10332500
2020-06-01,98.4000015258789,99.77999877929688,97.88999938964844,99.54000091552734,96.09294128417969,4295400
2020-06-02,99.41999816894531,100.87999725341797,98.81999969482422,100.73999786376953,97.25137329101562,10798700
2020-06-03,101.26000213623047,104.55000305175781,101.12000274658203,104.11000061035156,100.5046615600586,5867700
2020-06-04,103.66000366210938,103.9000015258789,100.47000122070312,101.27999877929688,97.77267456054688,8775000
2020-06-05,104.0,104.69000244140625,102.12999725341797,102.70999908447266,99.15314483642578,8363600
2020-06-08,103.05000305175781,104.30000305175781,102.70999908447266,104.29000091552734,100.6784439086914,6165400
2020-06-09,102.81999969482422,103.7699966430664,102.43000030517578,102.62999725341797,99.07592010498047,5385900
2020-06-10,103.0,103.1500015258789,101.70999908447266,102.12000274658203,98.58360290527344,5194200
2020-06-11,98.37999725341797,98.98999786376953,94.87999725341797,95.16999816894531,91.87425231933594,10976900
2020-06-12,97.80000305175781,97.80000305175781,94.73999786376953,96.43000030517578,93.09062194824219,7416400
2020-06-15,93.9000015258789,98.08000183105469,93.44000244140625,97.83999633789062,94.45178985595703,8645300
2020-06-16,101.25,101.33999633789062,97.72000122070312,99.04000091552734,95.6102523803711,6054400
2020-06-17,99.0,100.23999786376953,98.88999938964844,99.20999908447266,95.77436828613281,3405500
2020-06-18,98.69000244140625,99.41999816894531,97.8499984741211,98.44999694824219,95.0406723022461,4392400
2020-06-19,99.97000122070312,99.9800033569336,95.77999877929688,95.77999877929688,92.463134765625,10304000
2020-06-22,96.8499984741211,99.54000091552734,96.0199966430664,99.51000213623047,96.06397247314453,6918200
2020-06-23,101.1500015258789,102.22000122070312,100.70999908447266,101.91999816894531,98.39051055908203,6499000
2020-06-24,100.94000244140625,101.8499984741211,98.08999633789062,100.08000183105469,96.61422729492188,8611600
2020-06-25,99.2300033569336,101.68000030517578,98.80000305175781,101.4000015258789,97.88851165771484,11531400
2020-06-26,98.5,98.77999877929688,93.56999969482422,93.66999816894531,90.42619323730469,24918500
2020-06-29,93.69999694824219,96.0,93.69999694824219,95.87000274658203,92.55001831054688,9624200
2020-06-30,96.0,98.30000305175781,95.63999938964844,98.05000305175781,94.65452575683594,9065500
2020-07-01,98.5,98.72000122070312,97.11000061035156,97.4000015258789,94.02703094482422,5733800
2020-07-02,98.77999877929688,99.66000366210938,98.0199966430664,98.43000030517578,95.0213623046875,5354900
2020-07-06,99.62000274658203,100.02999877929688,99.04000091552734,99.94999694824219,96.48870086669922,4995000
2020-07-07,99.22000122070312,99.55000305175781,96.91999816894531,97.06999969482422,93.70845794677734,6352900
2020-07-08,97.5,98.9800033569336,96.95999908447266,98.83999633789062,95.41716003417969,5634600
2020-07-09,98.55000305175781,98.91000366210938,96.37000274658203,96.98999786376953,93.6312255859375,6282300
2020-07-10,97.0,98.05000305175781,95.72000122070312,97.98999786376953,94.59660339355469,3967000
2020-07-13,98.25,98.94000244140625,96.26000213623047,96.45999908447266,93.11957550048828,4845600
2020-07-14,96.33000183105469,97.25,95.51000213623047,96.76000213623047,93.4092025756836,4850600
2020-07-15,98.41000366210938,99.04000091552734,97.30999755859375,98.54000091552734,95.12755584716797,5343700
2020-07-16,97.5,98.2300033569336,97.04000091552734,97.26000213623047,93.89187622070312,3594700
2020-07-17,96.94999694824219,97.2300033569336,96.04000091552734,96.27999877929688,92.9458236694336,7405700
2020-07-20,95.5,96.3499984741211,95.11000061035156,95.6500015258789,92.33765411376953,5822300
2020-07-21,96.91999816894531,99.0,96.0999984741211,98.36000061035156,94.95377349853516,5855600
2020-07-22,98.16000366210938,98.98999786376953,97.91000366210938,98.91000366210938,95.48474884033203,4097000
2020-07-23,98.3499984741211,100.18000030517578,97.72000122070312,98.30000305175781,94.89588165283203,4530500
2020-07-24,98.13999938964844,99.36000061035156,97.69999694824219,98.43000030517578,95.0213623046875,5638400
2020-07-27,96.95999908447266,98.4000015258789,96.88999938964844,97.20999908447266,93.8436050415039,4273400
2020-07-28,96.94999694824219,97.47000122070312,96.16000366210938,96.2699966430664,92.93614959716797,3822600
2020-07-29,96.43000030517578,97.55000305175781,96.30000305175781,96.97000122070312,93.61192321777344,6872400
2020-07-30,96.47000122070312,97.2300033569336,95.80000305175781,96.81999969482422,93.46711730957031,4018400
2020-07-31,96.88999938964844,97.6500015258789,96.30000305175781,97.61000061035156,94.22976684570312,5509900
2020-08-03,98.02999877929688,99.29000091552734,97.81999969482422,98.33000183105469,94.92483520507812,5472700
2020-08-04,97.79000091552734,97.94999694824219,96.55000305175781,97.33000183105469,93.95946502685547,7539300
2020-08-05,97.12000274658203,101.25,97.08000183105469,100.94000244140625,97.44445037841797,7217500
2020-08-06,100.63999938964844,101.18000030517578,100.02999877929688,100.44999694824219,96.9714126586914,4060900
2020-08-07,101.0,101.91000366210938,99.88999938964844,101.86000061035156,98.33258819580078,5545600
2020-08-10,102.47000122070312,106.83000183105469,102.4000015258789,105.41000366210938,101.75965881347656,12678000
2020-08-11,106.8499984741211,107.33000183105469,104.86000061035156,105.12000274658203,101.47969055175781,5400700
2020-08-12,105.72000122070312,105.88999938964844,103.37999725341797,105.22000122070312,101.57623291015625,4714800
2020-08-13,105.30000305175781,106.98999786376953,105.19999694824219,106.5199966430664,102.83121490478516,4281700
2020-08-14,106.12000274658203,106.77999877929688,105.45999908447266,106.43000030517578,102.74432373046875,2985700
2020-08-17,106.5,106.5,105.12000274658203,105.66000366210938,102.00098419189453,3017000
2020-08-18,106.45999908447266,107.0,105.47000122070312,106.97000122070312,103.265625,5023000
2020-08-19,107.69000244140625,109.69000244140625,107.3499984741211,108.38999938964844,104.6364517211914,9508100
2020-08-20,107.55999755859375,108.73999786376953,107.3499984741211,108.01000213623047,104.26960754394531,4304000
2020-08-21,108.0,109.7699966430664,107.75,109.75,105.9493408203125,5564000
2020-08-24,110.0,112.0,109.9000015258789,111.83000183105469,107.95732116699219,8173100
2020-08-25,112.0,112.27999877929688,111.08999633789062,111.51000213623047,107.64839935302734,4380900
2020-08-26,111.91999816894531,112.08999633789062,111.29000091552734,111.52999877929688,107.66771697998047,4477900
2020-08-27,111.98999786376953,112.79000091552734,110.5,110.83999633789062,107.00161743164062,4390800
2020-08-28,111.01000213623047,112.66999816894531,110.56999969482422,112.29000091552734,108.64154052734375,3731100
2020-08-31,112.13999938964844,112.5199966430664,111.13999938964844,111.88999938964844,108.25452423095703,3519800
2020-09-01,112.0,114.9000015258789,111.83000183105469,114.83999633789062,111.10868072509766,4912400
2020-09-02,115.05999755859375,117.41000366210938,114.5,116.80000305175781,113.0049819946289,6775400
2020-09-03,116.80000305175781,116.9000015258789,112.0,112.8499984741211,109.1833267211914,7264400
2020-09-04,112.95999908447266,113.75,110.20999908447266,112.4000015258789,108.74797058105469,5157600
2020-09-08,111.29000091552734,113.83999633789062,110.54000091552734,112.72000122070312,109.05756378173828,5300100
2020-09-09,113.0199966430664,116.20999908447266,112.83000183105469,114.9000015258789,111.1667251586914,5997900
2020-09-10,115.9000015258789,118.2300033569336,114.0,114.79000091552734,111.060302734375,5032800
2020-09-11,116.76000213623047,119.25,116.41999816894531,118.0,114.166015625,8565200
2020-09-14,118.5,119.93000030517578,118.16999816894531,119.27999877929688,115.4044189453125,4990300
2020-09-15,119.69999694824219,120.4800033569336,119.18000030517578,119.2699966430664,115.39472198486328,5934200
2020-09-16,118.30999755859375,119.69000244140625,118.16000366210938,118.58999633789062,114.73683166503906,7023700
2020-09-17,117.33999633789062,118.55000305175781,115.80000305175781,116.36000061035156,112.57929992675781,7376400
2020-09-18,115.43000030517578,117.91000366210938,114.48999786376953,114.66000366210938,110.93453979492188,12876600
2020-09-21,112.94999694824219,114.05999755859375,111.73999786376953,113.37000274658203,109.68643188476562,8486400
2020-09-22,113.0999984741211,117.19999694824219,112.8499984741211,116.87000274658203,113.0727310180664,13007200
2020-09-23,130.22000122070312,130.3800048828125,125.26000213623047,127.11000061035156,122.98001098632812,37822700
2020-09-24,126.44000244140625,127.54000091552734,123.30000305175781,124.75,120.69668579101562,13485800
2020-09-25,123.6500015258789,124.75,122.2699966430664,124.2300033569336,120.1935806274414,9182800
2020-09-28,125.16000366210938,126.19000244140625,123.88999938964844,124.31999969482422,120.28065490722656,7525000
2020-09-29,124.33999633789062,127.0999984741211,123.95999908447266,126.3499984741211,122.24470520019531,7796400
2020-09-30,126.0999984741211,127.27999877929688,125.16000366210938,125.54000091552734,121.46101379394531,8699700
2020-10-01,127.7300033569336,127.7300033569336,125.30999755859375,126.63999938964844,122.5252914428711,5637200
2020-10-02,124.3499984741211,126.80000305175781,123.58999633789062,126.63999938964844,122.5252914428711,7491100
2020-10-05,127.06999969482422,128.5,126.44999694824219,127.91000366210938,123.75401306152344,8270300
2020-10-06,128.83999633789062,130.44000244140625,127.2699966430664,127.6500015258789,123.50247192382812,5978000
2020-10-07,128.39999389648438,130.41000366210938,128.25,130.05999755859375,125.83414459228516,4390500
2020-10-08,130.39999389648438,130.92999267578125,129.50999450683594,129.7100067138672,125.49554443359375,3595600
2020-10-09,129.99000549316406,131.19000244140625,129.3300018310547,130.97999572753906,126.7242431640625,4293400
2020-10-12,131.19000244140625,131.33999633789062,129.25999450683594,129.4600067138672,125.25364685058594,5136500
2020-10-13,128.0500030517578,129.8699951171875,127.95999908447266,129.1999969482422,125.00209045410156,4245000
2020-10-14,129.52999877929688,129.60000610351562,127.01000213623047,127.66000366210938,123.51213836669922,3586600
2020-10-15,126.4800033569336,129.10000610351562,126.11000061035156,129.0,124.80859375,4235800
2020-10-16,129.50999450683594,130.19000244140625,127.55000305175781,128.0,123.84109497070312,6010900
2020-10-19,129.10000610351562,129.77999877929688,127.05000305175781,127.43000030517578,123.28960418701172,5160800
2020-10-20,128.0,129.89999389648438,127.72000122070312,128.49000549316406,124.31517028808594,3799200
2020-10-21,128.5,131.3800048828125,128.4499969482422,129.42999267578125,125.22464752197266,4916300
2020-10-22,129.60000610351562,130.25999450683594,128.86000061035156,130.02000427246094,125.79545593261719,2869900
2020-10-23,130.0,130.60000610351562,128.64999389648438,129.99000549316406,125.76643371582031,4046300
2020-10-26,129.05999755859375,129.6199951171875,126.68000030517578,128.3699951171875,124.1990737915039,5422500
2020-10-27,128.77999877929688,129.49000549316406,127.9000015258789,127.98999786376953,123.8314208984375,2985700
2020-10-28,125.27999877929688,126.4000015258789,121.04000091552734,122.08000183105469,118.11344146728516,8618300
2020-10-29,122.27999877929688,124.19000244140625,121.1500015258789,122.86000061035156,118.86811828613281,4947000
2020-10-30,123.66000366210938,123.66000366210938,118.80000305175781,120.08000183105469,116.17841339111328,7791600
2020-11-02,122.37000274658203,124.0999984741211,121.0999984741211,122.38999938964844,118.41336822509766,4740400
2020-11-03,124.01000213623047,125.5,123.19000244140625,124.58999633789062,120.5418930053711,3490900
2020-11-04,125.33000183105469,128.92999267578125,125.26000213623047,127.33999633789062,123.2025375366211,5061800
2020-11-05,129.19000244140625,130.41000366210938,128.4600067138672,129.6999969482422,125.4858627319336,3940000
2020-11-06,129.91000366210938,129.91000366210938,128.35000610351562,128.89999389648438,124.71184539794922,2954000
2020-11-09,135.05999755859375,136.35000610351562,128.77000427246094,128.9499969482422,124.76022338867188,7491700
2020-11-10,130.0500030517578,130.1199951171875,126.25,127.70999908447266,123.56051635742188,8014700
2020-11-11,128.69000244140625,129.8000030517578,127.18000030517578,127.66000366210938,123.51213836669922,6058700
2020-11-12,126.62000274658203,127.83999633789062,125.62999725341797,126.63999938964844,122.5252914428711,4780400
2020-11-13,127.91000366210938,128.60000610351562,126.83000183105469,128.27999877929688,124.11199951171875,3986100
2020-11-16,129.4600067138672,130.32000732421875,127.37000274658203,130.11000061035156,125.88253784179688,6116200
2020-11-17,130.47999572753906,132.60000610351562,129.11000061035156,132.2100067138672,127.91429901123047,7002900
2020-11-18,133.07000732421875,133.97999572753906,131.52999877929688,131.6300048828125,127.3531494140625,5572800
2020-11-19,131.9199981689453,132.11000061035156,129.92999267578125,131.91000366210938,127.62406158447266,4642800
2020-11-20,133.3000030517578,133.52999877929688,131.91000366210938,132.97999572753906,128.65928649902344,4318100
2020-11-23,134.3800048828125,134.88999938964844,133.08999633789062,134.1300048828125,129.7719268798828,6118400
2020-11-24,135.0,135.99000549316406,134.2100067138672,134.6999969482422,130.32342529296875,7204700
2020-11-25,134.25,135.8000030517578,133.6199951171875,135.5399932861328,131.1361083984375,4484500
2020-11-27,136.0,136.1300048828125,133.33999633789062,134.25,129.8880157470703,3506800
2020-11-30,133.91000366210938,135.2899932861328,132.69000244140625,134.6999969482422,130.32342529296875,9652500
2020-12-01,136.44000244140625,136.5,134.75,135.44000244140625,131.03933715820312,3833100
2020-12-02,135.16000366210938,136.32000732421875,134.6699981689453,135.5800018310547,131.17481994628906,4132700
2020-12-03,135.10000610351562,137.9499969482422,135.0,136.9600067138672,132.5099639892578,4930900
2020-12-04,137.0800018310547,137.39999389648438,135.63999938964844,137.19000244140625,132.9995574951172,4344000
2020-12-07,137.0,138.86000061035156,136.8000030517578,138.75,134.5118865966797,4590800
2020-12-08,138.24000549316406,140.44000244140625,137.64999389648438,139.1199951171875,134.87059020996094,6953600
2020-12-09,140.57000732421875,140.57000732421875,138.27000427246094,138.7899932861328,134.55068969726562,4341300
2020-12-10,138.27999877929688,139.13999938964844,137.24000549316406,137.5800018310547,133.3776092529297,4511000
2020-12-11,137.38999938964844,138.13999938964844,136.22999572753906,137.41000366210938,133.21282958984375,4172400
2020-12-14,138.9199981689453,139.0,136.1999969482422,136.27999877929688,132.11734008789062,7599000
2020-12-15,137.42999267578125,139.44000244140625,137.25,139.38999938964844,135.13235473632812,7637000
2020-12-16,139.07000732421875,140.49000549316406,137.4600067138672,138.33999633789062,134.11441040039062,6573400
2020-12-17,139.9199981689453,140.74000549316406,138.75,140.5,136.2084197998047,8727000
2020-12-18,141.08999633789062,141.13999938964844,137.1699981689453,137.27999877929688,133.0867919921875,17970800
2020-12-21,144.82000732421875,147.9499969482422,142.50999450683594,144.02000427246094,139.62091064453125,16111300
2020-12-22,143.0500030517578,143.47000122070312,141.08999633789062,142.4499969482422,138.098876953125,6339400
2020-12-23,142.55999755859375,143.60000610351562,141.6999969482422,141.75999450683594,137.429931640625,3388300
2020-12-24,141.10000610351562,142.19000244140625,141.10000610351562,141.60000610351562,137.2748260498047,1821900
2020-12-28,142.5399932861328,142.9199981689453,141.0399932861328,142.42999267578125,138.07948303222656,4081500
2020-12-29,142.8300018310547,143.05999755859375,140.42999267578125,141.57000732421875,137.2457733154297,3232400
2020-12-30,142.16000366210938,142.61000061035156,140.66000366210938,141.5800018310547,137.25546264648438,3052100
2020-12-31,141.6999969482422,141.7899932861328,140.3699951171875,141.47000122070312,137.1488037109375,2949900
2021-01-04,142.85000610351562,142.97000122070312,138.32000732421875,140.10000610351562,135.82066345214844,6178500
2021-01-05,138.60000610351562,141.66000366210938,138.60000610351562,141.22999572753906,136.91615295410156,4163100
2021-01-06,141.25,143.57000732421875,139.52999877929688,142.35000610351562,138.00193786621094,6072900
2021-01-07,143.1999969482422,145.63999938964844,143.0,144.9499969482422,140.5225372314453,5256900
2021-01-08,145.5500030517578,146.82000732421875,144.89999389648438,146.35000610351562,141.87974548339844,3950500
2021-01-11,146.0,147.10000610351562,144.8000030517578,147.0500030517578,142.55836486816406,4252000
2021-01-12,146.5,146.85000610351562,144.3800048828125,145.0500030517578,140.61947631835938,3678800
2021-01-13,144.8300018310547,145.1300048828125,142.42999267578125,143.0399932861328,138.67083740234375,3330100
2021-01-14,143.66000366210938,144.89999389648438,140.92999267578125,141.3000030517578,136.98399353027344,4104000
2021-01-15,140.55999755859375,142.3800048828125,139.8800048828125,140.72000122070312,136.42172241210938,6412400
2021-01-19,140.99000549316406,141.22000122070312,138.41000366210938,139.27000427246094,135.0159912109375,6537800
2021-01-20,140.3800048828125,143.2100067138672,140.00999450683594,142.8000030517578,138.43821716308594,4654400
2021-01-21,142.41000366210938,143.80999755859375,141.1300048828125,141.61000061035156,137.2845458984375,4011200
2021-01-22,141.08999633789062,141.8800048828125,139.30999755859375,139.35000610351562,135.09359741210938,4150500
2021-01-25,138.99000549316406,139.17999267578125,134.74000549316406,137.5500030517578,133.3485565185547,5998700
2021-01-26,137.75999450683594,137.85000610351562,134.7100067138672,135.10000610351562,130.97341918945312,5312300
2021-01-27,132.22000122070312,132.86000061035156,130.27000427246094,131.02000427246094,127.01802062988281,7815900
2021-01-28,132.36000061035156,136.3699951171875,131.5,134.72000122070312,130.60496520996094,6244600
2021-01-29,133.9499969482422,135.02999877929688,132.14999389648438,133.58999633789062,129.50950622558594,7166100
2021-02-01,135.3699951171875,136.0500030517578,133.3000030517578,135.7100067138672,131.5647735595703,4366800
2021-02-02,137.05999755859375,139.86000061035156,136.75,139.58999633789062,135.3262176513672,7132800
2021-02-03,139.6999969482422,140.05999755859375,138.00999450683594,138.6300048828125,134.39553833007812,4678600
2021-02-04,139.5500030517578,141.0500030517578,138.9199981689453,140.6300048828125,136.33448791503906,4533700
2021-02-05,141.33999633789062,145.57000732421875,141.2899932861328,145.11000061035156,140.67764282226562,6151500
2021-02-08,145.14999389648438,145.8800048828125,142.8000030517578,143.41000366210938,139.02955627441406,6304300
2021-02-09,143.60000610351562,144.22000122070312,141.6999969482422,141.7899932861328,137.4590301513672,3436300
2021-02-10,142.4499969482422,142.60000610351562,140.89999389648438,142.4600067138672,138.10858154296875,4125700
2021-02-11,143.0,144.35000610351562,142.41000366210938,143.5399932861328,139.15557861328125,3828700
2021-02-12,143.11000061035156,143.4499969482422,141.39999389648438,142.1199951171875,137.7789764404297,3637000
2021-02-16,143.3699951171875,143.3699951171875,141.02999877929688,141.7100067138672,137.38148498535156,4873400
2021-02-17,141.3000030517578,144.55999755859375,140.2100067138672,143.99000549316406,139.5918731689453,6437100
2021-02-18,142.97999572753906,145.38999938964844,141.2100067138672,145.08999633789062,140.65821838378906,4486800
2021-02-19,145.42999267578125,145.5,141.5,142.02000427246094,137.68203735351562,7486000
2021-02-22,141.5399932861328,142.4600067138672,136.25999450683594,136.6699981689453,132.49542236328125,8985900
2021-02-23,136.02999877929688,136.8300018310547,131.5800018310547,136.1300048828125,131.97190856933594,10364100
2021-02-24,135.05999755859375,135.9600067138672,133.9499969482422,135.64999389648438,131.506591796875,6360900
2021-02-25,137.60000610351562,139.17999267578125,134.52999877929688,135.5399932861328,131.3999481201172,5674300
2021-02-26,135.89999389648438,136.85000610351562,133.36000061035156,134.77999877929688,130.9287872314453,6650200
2021-03-01,135.63999938964844,139.14999389648438,135.5,137.64999389648438,133.71678161621094,5717800
2021-03-02,137.55999755859375,138.25999450683594,135.61000061035156,137.02000427246094,133.1048126220703,5292700
2021-03-03,137.08999633789062,137.41000366210938,134.14999389648438,134.25999450683594,130.42364501953125,4888400
2021-03-04,134.0,135.1300048828125,130.17999267578125,132.0399932861328,128.26710510253906,7181500
2021-03-05,133.5399932861328,133.67999267578125,129.19000244140625,133.35000610351562,129.53968811035156,5957100
2021-03-08,133.63999938964844,135.6300048828125,132.3699951171875,134.55999755859375,130.715087890625,4983000
2021-03-09,135.50999450683594,138.0,135.4499969482422,135.9499969482422,132.06539916992188,5977800
2021-03-10,136.5,138.1999969482422,136.10000610351562,137.58999633789062,133.65847778320312,4519600
2021-03-11,139.17999267578125,142.1999969482422,138.55999755859375,141.19000244140625,137.15565490722656,5696500
2021-03-12,140.0,140.91000366210938,138.60000610351562,140.4499969482422,136.436767578125,4143200
2021-03-15,140.6999969482422,145.0,140.6699981689453,144.94000244140625,140.7985076904297,5413900
2021-03-16,145.8800048828125,146.14999389648438,143.83999633789062,144.64999389648438,140.51678466796875,5623000
2021-03-17,143.1999969482422,146.14999389648438,143.1999969482422,144.82000732421875,140.6819305419922,5134400
2021-03-18,144.3699951171875,146.66000366210938,142.5500030517578,143.1699981689453,139.07908630371094,10188400
2021-03-19,140.0,142.86000061035156,135.50999450683594,137.49000549316406,133.5614013671875,24980400
2021-03-22,137.6300048828125,138.80999755859375,136.02999877929688,138.27000427246094,134.319091796875,7537300
2021-03-23,138.49000549316406,140.63999938964844,136.5500030517578,137.1199951171875,133.20193481445312,5582600
2021-03-24,136.4499969482422,137.9199981689453,132.8800048828125,133.16000366210938,129.35511779785156,8157600
2021-03-25,127.05000305175781,129.38999938964844,125.44000244140625,128.63999938964844,124.96424102783203,18475800
2021-03-26,131.60000610351562,133.19000244140625,129.77000427246094,132.99000549316406,129.18997192382812,10010500
2021-03-29,132.94000244140625,133.91000366210938,130.66000366210938,133.49000549316406,129.6756591796875,7153900
2021-03-30,132.35000610351562,133.35000610351562,131.22000122070312,132.9499969482422,129.15110778808594,6026600
2021-03-31,133.08999633789062,134.17999267578125,131.9199981689453,132.88999938964844,129.09280395507812,6878900
2021-04-01,134.69000244140625,134.69000244140625,132.2100067138672,132.52999877929688,128.74310302734375,5720600
2021-04-05,133.10000610351562,135.67999267578125,133.10000610351562,135.1199951171875,131.25909423828125,5508900
2021-04-06,135.44000244140625,137.7100067138672,134.92999267578125,137.16000366210938,133.2407989501953,4670100
2021-04-07,136.99000549316406,138.24000549316406,136.36000061035156,136.5399932861328,132.63851928710938,6646000
2021-04-08,137.27999877929688,137.30999755859375,133.41000366210938,133.67999267578125,129.8602294921875,8748400
2021-04-09,133.94000244140625,135.5,133.5,135.4499969482422,131.57965087890625,6056800
2021-04-12,134.75,136.89999389648438,134.22000122070312,136.63999938964844,132.7356414794922,5638200
2021-04-13,135.60000610351562,135.99000549316406,133.39999389648438,133.5399932861328,129.7242431640625,8778200
2021-04-14,133.5399932861328,134.17999267578125,131.82000732421875,132.25999450683594,128.48080444335938,7354100
2021-04-15,133.0,134.07000732421875,132.67999267578125,133.6699981689453,129.85052490234375,6284800
2021-04-16,134.7100067138672,134.77000427246094,133.72999572753906,134.30999755859375,130.47222900390625,6852500
2021-04-19,134.3000030517578,134.3800048828125,132.14999389648438,132.57000732421875,128.78195190429688,5613600
2021-04-20,129.1699981689453,129.89999389648438,125.69999694824219,127.11000061035156,123.47797393798828,13268700
2021-04-21,127.58999633789062,130.3300018310547,127.37000274658203,129.89999389648438,126.188232421875,7110900
2021-04-22,129.88999938964844,130.3699951171875,127.9800033569336,129.17999267578125,125.48881530761719,6442900
2021-04-23,128.92999267578125,130.64999389648438,128.4600067138672,130.19000244140625,126.46994018554688,7489000
2021-04-26,130.49000549316406,131.6999969482422,129.32000732421875,131.60000610351562,127.83966827392578,8217800
2021-04-27,132.0,132.7899932861328,131.41000366210938,132.11000061035156,128.33509826660156,5833100
2021-04-28,132.25999450683594,132.3300018310547,130.35000610351562,130.7100067138672,126.9751205444336,8195400
2021-04-29,131.77000427246094,134.1199951171875,131.22999572753906,133.25999450683594,129.45220947265625,6612500
2021-04-30,132.44000244140625,133.8800048828125,132.0500030517578,132.6199951171875,128.8304901123047,5643600
2021-05-03,133.3699951171875,134.4499969482422,132.58999633789062,133.02999877929688,129.22879028320312,5053000
2021-05-04,132.22999572753906,132.58999633789062,130.47999572753906,131.5500030517578,127.79110717773438,6129500
2021-05-05,132.6999969482422,134.22000122070312,132.0800018310547,132.2100067138672,128.4322509765625,6234200
2021-05-06,132.60000610351562,133.83999633789062,131.94000244140625,133.49000549316406,129.6756591796875,5201000
2021-05-07,135.0,139.36000061035156,134.72000122070312,137.80999755859375,133.87222290039062,10566700
2021-05-10,138.0,138.89999389648438,136.3000030517578,136.39999389648438,132.50250244140625,5669300
2021-05-11,138.3800048828125,138.3800048828125,135.00999450683594,137.1199951171875,133.20193481445312,8045400
2021-05-12,135.4199981689453,136.82000732421875,133.33999633789062,133.38999938964844,129.57852172851562,5865100
2021-05-13,133.6999969482422,135.02999877929688,132.49000549316406,133.61000061035156,129.792236328125,6284300
2021-05-14,134.33999633789062,136.67999267578125,134.0500030517578,135.92999267578125,132.04592895507812,4367900
2021-05-17,136.3300018310547,137.07000732421875,135.5,136.41000366210938,132.5122528076172,3934200
2021-05-18,136.44000244140625,137.47000122070312,135.4499969482422,135.55999755859375,131.68650817871094,5664700
2021-05-19,133.47999572753906,133.97000122070312,131.9600067138672,132.9600067138672,129.16078186035156,5582300
2021-05-20,133.77999877929688,134.2100067138672,132.19000244140625,133.27000427246094,129.46197509765625,4934800
2021-05-21,133.8300018310547,134.1699981689453,132.41000366210938,132.66000366210938,128.86936950683594,5329700
2021-05-24,133.10000610351562,134.35000610351562,132.80999755859375,134.05999755859375,130.22935485839844,4313200
2021-05-25,134.94000244140625,135.1699981689453,133.85000610351562,134.32000732421875,130.48194885253906,4885800
2021-05-26,135.1999969482422,137.9199981689453,135.0,136.88999938964844,132.978515625,6781500
2021-05-27,137.5500030517578,138.30999755859375,136.4600067138672,136.55999755859375,132.657958984375,12882300
2021-05-28,136.24000549316406,137.35000610351562,136.08999633789062,136.4600067138672,132.82830810546875,4153500
2021-06-01,137.85000610351562,138.0500030517578,134.2100067138672,134.50999450683594,130.93016052246094,5577900
2021-06-02,134.58999633789062,135.49000549316406,133.52999877929688,134.1699981689453,130.59922790527344,5226100
2021-06-03,133.1999969482422,134.69000244140625,132.50999450683594,134.1699981689453,130.59922790527344,5027400
2021-06-04,134.5,134.94000244140625,132.27999877929688,133.74000549316406,130.18067932128906,5217100
2021-06-07,134.0,135.1999969482422,133.4499969482422,133.9499969482422,130.3850860595703,3765000
2021-06-08,134.69000244140625,134.72000122070312,132.41000366210938,133.35000610351562,129.80105590820312,4915200
2021-06-09,133.6199951171875,134.89999389648438,131.4499969482422,131.83999633789062,128.3312225341797,6448100
2021-06-10,131.5,132.57000732421875,130.19000244140625,130.97999572753906,127.49413299560547,6584100
2021-06-11,131.5,131.99000549316406,130.52999877929688,131.94000244140625,128.42857360839844,5414500
2021-06-14,131.6999969482422,132.0500030517578,130.1300048828125,131.36000061035156,127.864013671875,5743600
2021-06-15,131.5399932861328,131.75,129.8300018310547,130.2899932861328,126.82247924804688,5168100
2021-06-16,130.3000030517578,131.1699981689453,129.60000610351562,130.39999389648438,126.9295425415039,7915500
2021-06-17,129.24000549316406,129.8800048828125,127.86000061035156,128.9199981689453,125.48894500732422,8568100
2021-06-18,126.68000030517578,129.02999877929688,126.68000030517578,128.41000366210938,124.99253845214844,9784800
2021-06-21,129.24000549316406,130.75999450683594,128.6999969482422,130.0800018310547,126.61809539794922,6288500
2021-06-22,130.8300018310547,132.69000244140625,130.1300048828125,132.47999572753906,128.95420837402344,6043800
2021-06-23,132.80999755859375,133.6999969482422,132.2100067138672,133.10000610351562,129.55772399902344,4566000
2021-06-24,133.89999389648438,134.82000732421875,132.89999389648438,133.60000610351562,130.04440307617188,11420500
2021-06-25,152.41000366210938,154.58999633789062,150.47999572753906,154.35000610351562,150.24217224121094,46285400
2021-06-28,153.9199981689453,154.0500030517578,151.50999450683594,152.36000061035156,148.30511474609375,13133300
2021-06-29,153.25999450683594,156.39999389648438,152.91000366210938,155.9499969482422,151.79957580566406,10279900
2021-06-30,154.7899932861328,155.33999633789062,153.52000427246094,154.49000549316406,150.37844848632812,10281800
2021-07-01,154.07000732421875,158.2100067138672,153.88999938964844,158.0,153.79502868652344,9011500
2021-07-02,158.2100067138672,159.97000122070312,157.63999938964844,159.74000549316406,155.4886932373047,6396700
2021-07-06,159.9199981689453,160.44000244140625,157.86000061035156,160.11000061035156,155.84886169433594,6671000
2021-07-07,160.16000366210938,161.5,158.27999877929688,160.16000366210938,155.8975372314453,5408300
2021-07-08,158.1699981689453,160.82000732421875,157.35000610351562,160.6300048828125,156.3550567626953,6081600
2021-07-09,161.69000244140625,161.9600067138672,160.50999450683594,161.0,156.71517944335938,5002300
2021-07-12,161.63999938964844,162.42999267578125,160.7100067138672,161.82000732421875,157.51336669921875,4992200
2021-07-13,161.35000610351562,162.30999755859375,161.00999450683594,161.58999633789062,157.2895050048828,5747700
2021-07-14,161.8699951171875,162.72999572753906,161.33999633789062,161.5399932861328,157.24082946777344,4928000
2021-07-15,160.86000061035156,162.1999969482422,160.38999938964844,161.69000244140625,157.38682556152344,6432500
2021-07-16,161.6199951171875,161.6999969482422,159.63999938964844,159.85000610351562,155.5957794189453,6603700
2021-07-19,158.14999389648438,158.82000732421875,156.60000610351562,157.8699951171875,153.66847229003906,7377100
2021-07-20,157.25999450683594,160.42999267578125,156.5800018310547,159.74000549316406,155.4886932373047,4629200
2021-07-21,160.5,161.42999267578125,160.00999450683594,161.0800018310547,156.79306030273438,5393100
2021-07-22,161.11000061035156,163.75,160.92999267578125,163.67999267578125,159.3238525390625,4851500
2021-07-23,164.35000610351562,166.4499969482422,163.72999572753906,166.36000061035156,161.93252563476562,4217700
2021-07-26,165.7100067138672,166.52999877929688,163.82000732421875,165.08999633789062,160.69631958007812,3858800
2021-07-27,164.82000732421875,165.61000061035156,162.5800018310547,164.57000732421875,160.190185546875,4359000
2021-07-28,164.49000549316406,165.89999389648438,164.0800018310547,165.4600067138672,161.0564727783203,4093600
2021-07-29,165.89999389648438,167.02999877929688,165.38999938964844,166.99000549316406,162.5457763671875,3605600
2021-07-30,166.58999633789062,167.8699951171875,166.35000610351562,167.50999450683594,163.05191040039062,5364400
2021-08-02,169.05999755859375,169.97999572753906,168.02999877929688,168.75,164.25892639160156,5532500
2021-08-03,169.22000122070312,171.5,168.49000549316406,171.22999572753906,166.6729278564453,5718100
2021-08-04,171.36000061035156,172.33999633789062,170.9600067138672,171.91000366210938,167.33482360839844,4646200
2021-08-05,171.41000366210938,174.0,171.17999267578125,173.85000610351562,169.2231903076172,3824000
2021-08-06,174.36000061035156,174.3800048828125,172.6999969482422,172.8000030517578,168.20115661621094,4088700
2021-08-09,172.5,173.05999755859375,171.6199951171875,171.77000427246094,167.19854736328125,3612800
2021-08-10,171.55999755859375,173.9600067138672,171.42999267578125,172.27000427246094,167.6852264404297,3747100
2021-08-11,172.0,173.22000122070312,170.94000244140625,171.27000427246094,166.71188354492188,4078300
2021-08-12,170.88999938964844,171.32000732421875,169.47999572753906,170.63999938964844,166.0986328125,3997100
2021-08-13,170.4499969482422,171.72000122070312,168.77999877929688,171.69000244140625,167.12069702148438,2966200
2021-08-16,170.6999969482422,172.39999389648438,169.66000366210938,172.36000061035156,167.77284240722656,3530200
2021-08-17,171.5399932861328,171.6999969482422,169.3800048828125,170.66000366210938,166.1180877685547,3602900
2021-08-18,169.75,171.8000030517578,168.66000366210938,168.80999755859375,164.31732177734375,5487400
2021-08-19,166.9600067138672,167.5399932861328,164.3699951171875,165.58999633789062,161.18299865722656,7336300
2021-08-20,166.27000427246094,168.00999450683594,165.4199981689453,167.7899932861328,163.32447814941406,4039100
2021-08-23,169.4499969482422,170.89999389648438,169.17999267578125,169.72000122070312,165.20309448242188,3796500
2021-08-24,169.60000610351562,170.8699951171875,168.88999938964844,169.97999572753906,165.45619201660156,3133100
2021-08-25,170.0,170.69000244140625,169.52999877929688,169.83999633789062,165.3198699951172,3003800
2021-08-26,169.3800048828125,169.52000427246094,166.27000427246094,166.9199981689453,162.47763061523438,4069600
2021-08-27,167.27000427246094,168.07000732421875,166.27999877929688,167.5800018310547,163.38922119140625,3012400
2021-08-30,167.88999938964844,168.41000366210938,166.57000732421875,168.02999877929688,163.82797241210938,3537100
2021-08-31,167.5500030517578,167.67999267578125,164.1999969482422,164.74000549316406,160.62025451660156,7545600
2021-09-01,164.9199981689453,166.6199951171875,164.0800018310547,164.55999755859375,160.4447784423828,4706500
2021-09-02,165.24000549316406,165.42999267578125,162.7899932861328,163.6699981689453,159.5770263671875,4632100
2021-09-03,163.1999969482422,164.1699981689453,162.22000122070312,163.2899932861328,159.20652770996094,4254500
2021-09-07,163.6999969482422,163.86000061035156,161.91000366210938,162.63999938964844,158.57275390625,5648800
2021-09-08,162.0,162.08999633789062,159.75,160.7100067138672,156.69105529785156,6591700
2021-09-09,165.25999450683594,166.14999389648438,163.1999969482422,163.33999633789062,159.25526428222656,8414800
2021-09-10,164.25,165.66000366210938,163.44000244140625,163.58999633789062,159.49903869628906,4252100
2021-09-13,161.55999755859375,162.9199981689453,158.3300018310547,159.52000427246094,155.53082275390625,8814500
2021-09-14,159.1699981689453,159.38999938964844,157.07000732421875,158.75999450683594,154.78982543945312,5323900
2021-09-15,157.5,158.32000732421875,155.6699981689453,157.91000366210938,153.96107482910156,6827100
2021-09-16,157.58999633789062,159.00999450683594,157.1999969482422,157.60000610351562,153.65882873535156,5085900
2021-09-17,157.9600067138672,161.0,156.07000732421875,156.4199981689453,152.50831604003906,7944800
2021-09-20,153.72999572753906,155.27000427246094,152.32000732421875,154.25,150.39259338378906,7041200
2021-09-21,155.08999633789062,156.1300048828125,153.5800018310547,155.02000427246094,151.14332580566406,5857900
2021-09-22,156.7899932861328,158.0,155.60000610351562,157.44000244140625,153.50282287597656,6844800
2021-09-23,158.7100067138672,160.2899932861328,158.27000427246094,159.5800018310547,155.58932495117188,11981500
2021-09-24,151.0399932861328,151.85000610351562,148.0,149.58999633789062,145.84910583496094,26913300
2021-09-27,149.50999450683594,149.91000366210938,147.2899932861328,148.0399932861328,144.33790588378906,11479300
2021-09-28,147.33999633789062,147.52999877929688,145.0,145.3000030517578,141.66639709472656,10692300
2021-09-29,145.7100067138672,147.94000244140625,145.69000244140625,146.02000427246094,142.36839294433594,7794900
2021-09-30,145.8800048828125,147.47999572753906,144.4199981689453,145.22999572753906,141.59814453125,10133600
2021-10-01,145.22000122070312,148.0,144.3699951171875,147.05999755859375,143.3824005126953,8112300
2021-10-04,147.05999755859375,147.6199951171875,145.75999450683594,147.13999938964844,143.46038818359375,7951000
2021-10-05,148.0,151.0,147.82000732421875,149.4600067138672,145.72239685058594,10881900
2021-10-06,148.0,149.4600067138672,147.50999450683594,148.8000030517578,145.07888793945312,7610700
2021-10-07,150.3000030517578,153.66000366210938,150.25999450683594,151.85000610351562,148.05258178710938,7958000
2021-10-08,152.22000122070312,152.8699951171875,150.6699981689453,152.47999572753906,148.66683959960938,6333700
2021-10-11,151.99000549316406,153.58999633789062,150.05999755859375,150.27999877929688,146.52188110351562,5551200
2021-10-12,152.4199981689453,153.60000610351562,151.3000030517578,153.35000610351562,149.51510620117188,7408600
2021-10-13,154.32000732421875,156.6699981689453,153.16000366210938,156.3000030517578,152.39134216308594,8456300
2021-10-14,158.17999267578125,158.4600067138672,156.25,157.13999938964844,153.21031188964844,6024500
2021-10-15,157.8000030517578,158.3300018310547,156.55999755859375,158.00999450683594,154.05856323242188,5532100
2021-10-18,157.30999755859375,159.47000122070312,155.9499969482422,159.42999267578125,155.44305419921875,5765300
2021-10-19,159.67999267578125,159.92999267578125,156.8000030517578,157.82000732421875,153.8733367919922,6198200
2021-10-20,158.5,158.8000030517578,157.32000732421875,158.4499969482422,154.487548828125,4487000
2021-10-21,158.4499969482422,162.33999633789062,158.27999877929688,162.17999267578125,158.124267578125,6121700
2021-10-22,162.27999877929688,164.6199951171875,162.27999877929688,163.47999572753906,159.3917694091797,5323000
2021-10-25,163.22999572753906,164.72999572753906,162.66000366210938,164.22000122070312,160.11326599121094,3878200
2021-10-26,164.82000732421875,165.4499969482422,163.1199951171875,163.7899932861328,159.69403076171875,4711200
2021-10-27,163.64999389648438,164.05999755859375,161.66000366210938,162.35000610351562,158.2900390625,4163900
2021-10-28,163.00999450683594,164.60000610351562,162.80999755859375,164.4600067138672,160.3472900390625,3762000
2021-10-29,163.05999755859375,167.6300048828125,163.0,167.2899932861328,163.10647583007812,6740600
2021-11-01,167.8000030517578,168.8000030517578,165.88999938964844,166.3300018310547,162.17050170898438,3610800
2021-11-02,166.75999450683594,168.16000366210938,166.11000061035156,167.8300018310547,163.6329803466797,5038000
2021-11-03,169.0,172.8699951171875,168.64999389648438,172.5,168.1862030029297,7176700
2021-11-04,172.2100067138672,175.6300048828125,172.0,175.44000244140625,171.0526885986328,5460100
2021-11-05,175.72999572753906,179.10000610351562,175.5,177.50999450683594,173.07093811035156,5892200
2021-11-08,176.35000610351562,176.5399932861328,170.36000061035156,171.85000610351562,167.55247497558594,8301100
2021-11-09,171.25,173.92999267578125,170.9499969482422,173.82000732421875,169.47320556640625,4343000
2021-11-10,171.22999572753906,172.1699981689453,167.5500030517578,168.25999450683594,164.05223083496094,8185200
2021-11-11,169.60000610351562,169.60000610351562,166.6300048828125,166.97000122070312,162.79449462890625,4994900
2021-11-12,167.5,169.67999267578125,167.39999389648438,169.08999633789062,164.86148071289062,5126300
2021-11-15,169.6999969482422,170.36000061035156,168.52000427246094,168.85000610351562,164.6274871826172,3856700
2021-11-16,169.25,174.0,169.25,171.8300018310547,167.532958984375,4401000
2021-11-17,171.60000610351562,172.74000549316406,170.25,171.74000549316406,167.44522094726562,3940200
2021-11-18,172.3300018310547,173.4600067138672,170.36000061035156,171.35000610351562,167.06497192382812,4044200
2021-11-19,172.14999389648438,177.1999969482422,170.52999877929688,174.8800048828125,170.50668334960938,6145600
2021-11-22,174.97999572753906,177.75,174.22999572753906,174.24000549316406,169.8826904296875,5906400
2021-11-23,173.0500030517578,173.42999267578125,170.41000366210938,172.14999389648438,167.84494018554688,5302100
2021-11-24,168.49000549316406,172.42999267578125,167.6699981689453,172.02999877929688,167.72799682617188,4637600
2021-11-26,168.05999755859375,169.67999267578125,167.5399932861328,168.02000427246094,163.81825256347656,4751100
2021-11-29,169.8300018310547,171.14999389648438,169.22999572753906,169.8699951171875,165.62197875976562,5448700
2021-11-30,168.7899932861328,171.5500030517578,167.52999877929688,169.24000549316406,165.0077362060547,11033700
2021-12-01,170.88999938964844,173.3699951171875,166.67999267578125,166.6999969482422,162.53125,6618200
2021-12-02,167.27999877929688,170.5500030517578,167.0,170.0,165.7487030029297,4398900
2021-12-03,170.6199951171875,172.07000732421875,166.75999450683594,170.24000549316406,166.28103637695312,4878500
2021-12-06,170.8300018310547,171.2100067138672,168.05999755859375,168.91000366210938,164.9819793701172,5636900
2021-12-07,171.11000061035156,173.35000610351562,170.39999389648438,171.2899932861328,167.306640625,5898700
2021-12-08,171.22000122070312,171.7899932861328,169.83999633789062,170.25,166.29078674316406,5614400
2021-12-09,169.2899932861328,171.1699981689453,167.99000549316406,168.10000610351562,164.19081115722656,5171600
2021-12-10,168.5,170.24000549316406,167.3300018310547,169.05999755859375,165.12847900390625,4791100
2021-12-13,168.80999755859375,169.38999938964844,165.25999450683594,166.83999633789062,162.96009826660156,5972300
2021-12-14,166.2899932861328,167.0800018310547,164.2100067138672,165.39999389648438,161.55361938476562,4872200
2021-12-15,165.0,165.6699981689453,161.82000732421875,163.89999389648438,160.08848571777344,7144600
2021-12-16,162.6999969482422,165.94000244140625,162.52999877929688,162.72000122070312,158.93594360351562,7138100
2021-12-17,161.6300048828125,162.86000061035156,160.5500030517578,161.36000061035156,157.60755920410156,7705100
2021-12-20,159.33999633789062,159.60000610351562,155.47000122070312,156.97999572753906,153.3293914794922,8411900
2021-12-21,166.69000244140625,171.19000244140625,164.7100067138672,166.6300048828125,162.7550048828125,13862900
2021-12-22,167.24000549316406,169.0,164.08999633789062,165.44000244140625,161.59266662597656,5811300
2021-12-23,166.25,167.16000366210938,165.44000244140625,165.6699981689453,161.81732177734375,3876900
2021-12-27,166.52000427246094,167.69000244140625,165.47999572753906,167.5800018310547,163.68289184570312,3769300
2021-12-28,167.8000030517578,168.25,166.3000030517578,166.4199981689453,162.5498809814453,2658600
2021-12-29,167.07000732421875,169.8000030517578,166.60000610351562,168.77999877929688,164.85501098632812,3830900
2021-12-30,168.30999755859375,170.1199951171875,167.1999969482422,167.49000549316406,163.59503173828125,2666800
2021-12-31,167.55999755859375,167.72000122070312,166.2100067138672,166.6699981689453,162.7940673828125,2752000
2022-01-03,167.52999877929688,167.91000366210938,163.30999755859375,164.6699981689453,160.84056091308594,5670500
2022-01-04,165.8800048828125,167.17999267578125,165.0,166.38999938964844,162.5205841064453,6064200
2022-01-05,166.49000549316406,167.00999450683594,162.10000610351562,162.25,158.4768524169922,5021000
2022-01-06,162.08999633789062,163.19000244140625,159.05999755859375,161.0399932861328,157.2949676513672,4144600
2022-01-07,160.77000427246094,161.13999938964844,156.86000061035156,156.97000122070312,153.3196563720703,5108000
2022-01-10,150.52000427246094,151.3300018310547,148.77999877929688,150.44000244140625,146.94149780273438,10439000
2022-01-11,150.47999572753906,150.83999633789062,147.60000610351562,150.3000030517578,146.8047637939453,8175400
2022-01-12,152.1300048828125,153.4600067138672,150.74000549316406,152.2100067138672,148.6703338623047,6351200
2022-01-13,153.1999969482422,153.60000610351562,149.02000427246094,149.58999633789062,146.1112518310547,4990900
2022-01-14,148.38999938964844,148.83999633789062,146.85000610351562,148.17999267578125,144.73403930664062,6030500
2022-01-18,148.05999755859375,148.8300018310547,146.3000030517578,146.9499969482422,143.5326385498047,6931000
2022-01-19,147.75999450683594,149.10000610351562,145.02000427246094,145.11000061035156,141.7354278564453,4823800
2022-01-20,145.4600067138672,147.3800048828125,142.5,142.72999572753906,139.41079711914062,5366500
2022-01-21,144.32000732421875,146.36000061035156,142.85000610351562,142.9499969482422,139.62570190429688,7553400
2022-01-24,140.80999755859375,146.30999755859375,139.55999755859375,146.0,142.60475158691406,9733200
2022-01-25,144.97000122070312,147.9600067138672,142.50999450683594,145.47999572753906,142.09681701660156,8195400
2022-01-26,147.77999877929688,148.97000122070312,142.72999572753906,143.99000549316406,140.64149475097656,7444600
2022-01-27,144.99000549316406,147.35000610351562,143.5800018310547,144.63999938964844,141.2763671875,6396400
2022-01-28,144.1199951171875,146.02999877929688,140.61000061035156,145.91000366210938,142.516845703125,6130200
2022-01-31,146.27000427246094,148.17999267578125,145.22000122070312,148.07000732421875,144.62660217285156,6932200
2022-02-01,149.5,149.67999267578125,146.8000030517578,148.22000122070312,144.77313232421875,6695000
2022-02-02,148.35000610351562,149.4600067138672,147.52999877929688,148.7100067138672,145.25172424316406,5491700
2022-02-03,147.39999389648438,148.4600067138672,144.97000122070312,145.30999755859375,141.93081665039062,5240200
2022-02-04,145.3699951171875,146.47999572753906,143.63999938964844,145.38999938964844,142.00894165039062,4313400
2022-02-07,145.3000030517578,146.1199951171875,144.22000122070312,145.13999938964844,141.76475524902344,3877500
2022-02-08,144.74000549316406,145.5,142.3000030517578,143.52999877929688,140.1921844482422,5829400
2022-02-09,146.11000061035156,147.36000061035156,145.6699981689453,146.25999450683594,142.85870361328125,4551000
2022-02-10,143.9600067138672,147.5399932861328,143.85000610351562,144.82000732421875,141.4521942138672,5142600
2022-02-11,144.75999450683594,145.05999755859375,139.55999755859375,140.17999267578125,136.9200897216797,6710500
2022-02-14,140.0800018310547,143.2100067138672,139.7899932861328,141.58999633789062,138.2973175048828,6841200
2022-02-15,144.22000122070312,146.32000732421875,144.10000610351562,145.5800018310547,142.1945037841797,7820200
2022-02-16,145.02000427246094,146.9499969482422,144.61000061035156,146.49000549316406,143.0833740234375,4817500
2022-02-17,145.5399932861328,146.91000366210938,142.63999938964844,142.8000030517578,139.47918701171875,5202300
2022-02-18,143.3699951171875,143.94000244140625,141.80999755859375,142.9499969482422,139.62570190429688,5177400
2022-02-22,141.58999633789062,141.63999938964844,136.16000366210938,138.19000244140625,134.97637939453125,9604500
2022-02-23,139.66000366210938,140.97000122070312,136.50999450683594,136.8300018310547,133.6479949951172,7636600
2022-02-24,133.0,137.4199981689453,130.92999267578125,137.1699981689453,133.98008728027344,8417200
2022-02-25,138.1300048828125,139.22000122070312,136.19000244140625,138.8000030517578,135.57217407226562,5424500
2022-02-28,137.05999755859375,138.3800048828125,135.0399932861328,136.5500030517578,133.37451171875,6613300
2022-03-01,136.72000122070312,136.75,131.14999389648438,132.22000122070312,129.1451873779297,6534000
2022-03-02,132.97999572753906,136.61000061035156,132.77000427246094,135.67999267578125,132.5247344970703,7743900
2022-03-03,136.74000549316406,136.8000030517578,133.4499969482422,133.97000122070312,130.85452270507812,4576500
2022-03-04,132.50999450683594,133.6199951171875,130.6999969482422,131.17999267578125,128.42176818847656,7084500
2022-03-07,131.0,131.02999877929688,124.16999816894531,124.44000244140625,121.82347869873047,11383400
2022-03-08,125.23999786376953,125.47000122070312,120.80000305175781,121.20999908447266,118.6613998413086,9089400
2022-03-09,127.37999725341797,129.64999389648438,126.62999725341797,126.94999694824219,124.28070831298828,8845100
2022-03-10,124.0199966430664,126.5999984741211,124.0,126.02999877929688,123.38004302978516,7167400
2022-03-11,127.01000213623047,127.87000274658203,122.51000213623047,122.62999725341797,120.0515365600586,5882000
2022-03-14,121.52999877929688,122.44999694824219,116.75,117.56999969482422,115.0979232788086,13884900
2022-03-15,119.83999633789062,120.41999816894531,117.75,119.4000015258789,116.88946533203125,10431300
2022-03-16,122.8499984741211,126.11000061035156,121.93000030517578,125.19000244140625,122.5577163696289,11100400
2022-03-17,124.94000244140625,127.41000366210938,123.69999694824219,127.41000366210938,124.73104095458984,6845300
2022-03-18,126.8499984741211,131.4600067138672,126.69999694824219,131.24000549316406,128.48052978515625,10350900
2022-03-21,129.72000122070312,132.30999755859375,128.6199951171875,130.19000244140625,127.45257568359375,14388500
2022-03-22,137.27999877929688,139.0,132.99000549316406,133.08999633789062,130.2916259765625,19731200
2022-03-23,132.63999938964844,135.39999389648438,131.1999969482422,133.0,130.2034912109375,8068800
2022-03-24,133.75,134.19000244140625,131.1999969482422,132.0800018310547,129.3028564453125,5853800
2022-03-25,133.0500030517578,133.8699951171875,131.7100067138672,133.6999969482422,130.88877868652344,6287000
2022-03-28,133.75999450683594,134.86000061035156,132.1699981689453,134.80999755859375,131.97543334960938,5804100
2022-03-29,137.85000610351562,139.75,136.9499969482422,139.13999938964844,136.21438598632812,7275900
2022-03-30,138.97999572753906,139.86000061035156,137.55999755859375,138.5399932861328,135.6269989013672,5545800
2022-03-31,137.8300018310547,138.7100067138672,134.5,134.55999755859375,131.73068237304688,7206500
2022-04-01,134.4499969482422,135.27999877929688,132.75,133.52000427246094,130.71253967285156,5807500
2022-04-04,133.0500030517578,135.2100067138672,132.86000061035156,134.33999633789062,131.5153350830078,5307300
2022-04-05,134.0399932861328,134.67999267578125,132.02000427246094,132.3000030517578,129.51821899414062,5707800
2022-04-06,130.0500030517578,130.3000030517578,126.33000183105469,128.36000061035156,125.66106414794922,6961000
2022-04-07,127.43000030517578,129.97999572753906,127.08999633789062,129.3800048828125,126.65962982177734,5320500
2022-04-08,129.44000244140625,129.92999267578125,127.87999725341797,128.14999389648438,125.45545959472656,4877400
2022-04-11,125.0999984741211,126.87000274658203,124.31999969482422,124.9800033569336,122.35212707519531,6365400
2022-04-12,125.19999694824219,128.10000610351562,124.33999633789062,125.04000091552734,122.4108657836914,5146800
2022-04-13,125.04000091552734,127.86000061035156,125.04000091552734,127.48999786376953,124.80934143066406,5119300
2022-04-14,129.0800018310547,134.3800048828125,128.88999938964844,133.4600067138672,130.65382385253906,12811300
2022-04-18,132.0,133.38999938964844,130.30999755859375,131.6300048828125,128.86231994628906,5298200
2022-04-19,133.08999633789062,137.47999572753906,132.77999877929688,137.0500030517578,134.1683349609375,7346100
2022-04-20,137.9600067138672,138.64999389648438,135.66000366210938,135.8699951171875,133.0131378173828,5309700
2022-04-21,138.5500030517578,139.13999938964844,135.0800018310547,135.4600067138672,132.61178588867188,6562400
2022-04-22,134.3300018310547,134.92999267578125,128.7100067138672,129.07000732421875,126.35614013671875,7321700
2022-04-25,127.80000305175781,128.94000244140625,124.8499984741211,127.94000244140625,125.24988555908203,6512500
2022-04-26,126.94999694824219,127.58999633789062,120.4800033569336,120.5199966430664,117.98590087890625,7977900
2022-04-27,121.08999633789062,124.0,121.08999633789062,121.23999786376953,118.69076538085938,6007800
2022-04-28,123.16999816894531,127.97000122070312,122.5999984741211,127.05000305175781,124.37860870361328,6551600
2022-04-29,126.22000122070312,128.4499969482422,124.25,124.69999694824219,122.07801055908203,5867900
2022-05-02,124.43000030517578,126.18000030517578,122.80000305175781,126.08000183105469,123.42900085449219,5428400
2022-05-03,125.0199966430664,125.76000213623047,120.22000122070312,122.86000061035156,120.2767105102539,8201200
2022-05-04,122.54000091552734,126.19999694824219,120.08000183105469,126.05999755859375,123.40941619873047,6924000
2022-05-05,124.11000061035156,124.75,116.5199966430664,118.62999725341797,116.13565063476562,8411600
2022-05-06,113.73999786376953,115.9000015258789,110.66000366210938,114.48999786376953,112.08270263671875,11237500
2022-05-09,112.97000122070312,114.43000030517578,110.58999633789062,111.20999908447266,108.87165832519531,7506000
2022-05-10,113.02999877929688,113.44000244140625,108.3499984741211,109.48999786376953,107.18782043457031,7526900
2022-05-11,110.69999694824219,111.1500015258789,107.58999633789062,107.91999816894531,105.65082550048828,6611800
2022-05-12,105.18000030517578,109.87999725341797,105.0,107.9000015258789,105.63125610351562,10245400
2022-05-13,110.26000213623047,113.11000061035156,108.66999816894531,113.01000213623047,110.63381958007812,9618800
2022-05-16,112.9800033569336,113.44000244140625,111.55999755859375,112.5999984741211,110.232421875,5722500
2022-05-17,115.5,117.0999984741211,113.06999969482422,115.9000015258789,113.46305084228516,6026100
2022-05-18,112.5,113.36000061035156,108.77999877929688,109.37000274658203,107.07034301757812,8188300
2022-05-19,108.94999694824219,109.11000061035156,106.27999877929688,106.44000244140625,104.20195770263672,7702000
2022-05-20,108.66999816894531,109.69000244140625,105.06999969482422,108.0,105.72916412353516,7621900
2022-05-23,107.47000122070312,108.75,105.81999969482422,108.62999725341797,106.34590148925781,7136400
2022-05-24,107.11000061035156,107.98999786376953,104.7300033569336,107.29000091552734,105.0340805053711,6023400
2022-05-25,103.45999908447266,108.88999938964844,103.45999908447266,108.19999694824219,105.9249496459961,7158800
2022-05-26,110.0,113.5,110.0,112.94000244140625,110.56527709960938,6520300
2022-05-27,114.22000122070312,116.01000213623047,114.01000213623047,115.98999786376953,113.55115509033203,5043000
2022-05-31,117.5,119.79000091552734,114.44999694824219,118.8499984741211,116.35102081298828,13774600
2022-06-01,119.83000183105469,120.75,117.61000061035156,118.68000030517578,116.18458557128906,5543100
2022-06-02,119.51000213623047,123.58000183105469,119.26000213623047,123.41000366210938,120.81513977050781,5838100
2022-06-03,120.20999908447266,122.54000091552734,120.0,120.94999694824219,118.7002182006836,5201500
2022-06-06,121.5,122.13999938964844,119.43000030517578,120.2300033569336,117.99361419677734,3963400
2022-06-07,118.66000366210938,121.97000122070312,118.45999908447266,121.66999816894531,119.40682983398438,5373600
2022-06-08,120.9000015258789,123.81999969482422,120.44999694824219,122.4000015258789,120.12325286865234,4365800
2022-06-09,121.3499984741211,122.02999877929688,118.58999633789062,118.5999984741211,116.39392852783203,3892600
2022-06-10,117.08999633789062,117.08999633789062,114.26000213623047,114.7300033569336,112.59591674804688,6292600
2022-06-13,110.38999938964844,112.0199966430664,109.23999786376953,110.44000244140625,108.38572692871094,6423100
2022-06-14,110.37000274658203,111.88999938964844,110.01000213623047,110.72000122070312,108.66051483154297,4548400
2022-06-15,112.16000366210938,114.72000122070312,111.20999908447266,113.44000244140625,111.32991790771484,4828700
2022-06-16,109.51000213623047,109.9000015258789,105.72000122070312,107.12000274658203,105.12747955322266,7384800
2022-06-17,106.1500015258789,108.55000305175781,105.8499984741211,107.33999633789062,105.34337615966797,10256800
2022-06-21,108.45999908447266,109.81999969482422,108.04000091552734,108.68000030517578,106.6584701538086,6211400
2022-06-22,105.4000015258789,106.9000015258789,104.61000061035156,104.91999816894531,102.9684066772461,9884000
2022-06-23,105.01000213623047,108.0999984741211,104.41000366210938,108.0,105.9911117553711,8898400
2022-06-24,109.93000030517578,112.94000244140625,109.61000061035156,112.91000366210938,110.8097915649414,10463700
2022-06-27,112.23999786376953,113.20999908447266,109.83999633789062,110.5,108.4446029663086,12644700
2022-06-28,108.19999694824219,114.05000305175781,102.4800033569336,102.77999877929688,100.86820983886719,31296500
2022-06-29,102.98999786376953,105.61000061035156,101.52999877929688,103.25,101.32946014404297,10326600
2022-06-30,101.94000244140625,103.37999725341797,100.77999877929688,102.19999694824219,100.29898834228516,9027400
2022-07-01,101.63999938964844,102.5,99.52999877929688,101.18000030517578,99.29795837402344,7934300
2022-07-05,100.44999694824219,104.37999725341797,100.11000061035156,104.31999969482422,102.37955474853516,9948800
2022-07-06,104.88999938964844,105.72000122070312,103.44999694824219,104.2300033569336,102.2912368774414,6432900
2022-07-07,105.6500015258789,108.27999877929688,105.2699966430664,108.12999725341797,106.11869049072266,7633900
2022-07-08,106.58000183105469,108.61000061035156,106.51000213623047,107.93000030517578,105.92240142822266,5938600
2022-07-11,106.5999984741211,107.08999633789062,104.87000274658203,105.11000061035156,103.15486907958984,4935200
2022-07-12,105.01000213623047,105.86000061035156,103.1500015258789,103.76000213623047,101.8299789428711,6017400
2022-07-13,101.94000244140625,105.87999725341797,101.55999755859375,105.11000061035156,103.15486907958984,5299400
2022-07-14,103.11000061035156,103.80000305175781,101.8499984741211,103.22000122070312,101.30001831054688,6951300
2022-07-15,104.76000213623047,105.62000274658203,103.93000030517578,104.69999694824219,102.75248718261719,7862000
2022-07-18,106.19000244140625,106.68000030517578,103.68000030517578,103.94000244140625,102.00663757324219,6834800
2022-07-19,105.5999984741211,109.58000183105469,105.43000030517578,109.19000244140625,107.15897369384766,8973900
2022-07-20,109.22000122070312,111.62999725341797,108.87000274658203,111.11000061035156,109.04326629638672,5884600
2022-07-21,110.37000274658203,111.66999816894531,110.06999969482422,111.62000274658203,109.54376983642578,4291400
2022-07-22,111.93000030517578,111.93000030517578,108.75,109.12000274658203,107.09027099609375,6039300
2022-07-25,109.61000061035156,109.61000061035156,107.68000030517578,109.27999877929688,107.24729919433594,5079500
2022-07-26,107.4800033569336,107.93000030517578,104.56999969482422,105.19999694824219,103.2431869506836,8459500
2022-07-27,106.30000305175781,108.37999725341797,105.75,107.86000061035156,105.85371398925781,7437000
2022-07-28,109.43000030517578,112.4000015258789,108.02999877929688,112.2300033569336,110.14244079589844,6773500
2022-07-29,112.76000213623047,115.20999908447266,111.5,114.91999816894531,112.78239440917969,7560000
2022-08-01,114.0,115.55000305175781,113.25,114.30000305175781,112.17391967773438,4802900
2022-08-02,113.56999969482422,113.77999877929688,111.66999816894531,111.7699966430664,109.69097900390625,6334400
2022-08-03,113.41999816894531,115.0999984741211,112.58000183105469,114.27999877929688,112.154296875,5986500
2022-08-04,114.63999938964844,115.3499984741211,113.83000183105469,114.4800033569336,112.35057067871094,4332000
2022-08-05,112.79000091552734,114.30000305175781,112.56999969482422,113.87000274658203,111.75192260742188,4162200
2022-08-08,114.0,115.58000183105469,113.30999755859375,114.0,111.87950134277344,6071600
2022-08-09,111.31999969482422,111.75,108.81999969482422,110.11000061035156,108.06185913085938,7377600
2022-08-10,113.23999786376953,113.83000183105469,111.86000061035156,113.13999938964844,111.03549194335938,6951800
2022-08-11,114.87999725341797,116.75,113.7300033569336,114.0999984741211,111.9776382446289,5582100
2022-08-12,114.38999938964844,116.12999725341797,113.7699966430664,116.06999969482422,113.91099548339844,4407900
2022-08-15,115.44999694824219,116.58000183105469,114.8499984741211,116.31999969482422,114.1563491821289,4279000
2022-08-16,115.94000244140625,118.47000122070312,115.80999755859375,118.05999755859375,115.86398315429688,6189800
2022-08-17,116.7699966430664,117.9800033569336,116.41000366210938,117.04000091552734,114.86295318603516,5108400
2022-08-18,116.0,116.68000030517578,115.30000305175781,116.01000213623047,113.85210418701172,4750200
2022-08-19,115.5,115.6500015258789,113.02999877929688,113.16000366210938,111.05513763427734,5967600
2022-08-22,111.0199966430664,111.68000030517578,109.83999633789062,110.33999633789062,108.2875747680664,5802900
2022-08-23,110.83999633789062,112.83000183105469,110.56999969482422,110.68000030517578,108.62125396728516,4806700
2022-08-24,110.68000030517578,112.43000030517578,110.0199966430664,111.41000366210938,109.3376693725586,4769000
2022-08-25,111.9000015258789,113.33999633789062,111.38999938964844,113.22000122070312,111.114013671875,5433700
2022-08-26,113.30999755859375,113.7300033569336,108.2300033569336,108.27999877929688,106.26589965820312,6203600
2022-08-29,106.80999755859375,108.54000091552734,106.44000244140625,107.87999725341797,105.87333679199219,4132400
2022-08-30,108.97000122070312,110.08000183105469,107.12999725341797,107.86000061035156,105.85371398925781,5129500
2022-08-31,107.95999908447266,108.01000213623047,105.80999755859375,106.44999694824219,104.46994018554688,8884800
2022-09-01,105.80000305175781,106.55000305175781,103.80000305175781,106.48999786376953,104.50919342041016,5590800
2022-09-02,107.45999908447266,108.1500015258789,105.05000305175781,105.73999786376953,104.07121276855469,7763800
2022-09-06,105.44000244140625,106.41000366210938,103.68000030517578,105.1500015258789,103.49052429199219,9158900
2022-09-07,105.08000183105469,108.55999755859375,105.0,108.4800033569336,106.76798248291016,7238300
2022-09-08,107.0,108.79000091552734,106.08000183105469,108.7300033569336,107.0140380859375,5628300
2022-09-09,109.37999725341797,111.69000244140625,109.30000305175781,110.97000122070312,109.21868133544922,5171500
2022-09-12,111.37999725341797,113.36000061035156,111.37999725341797,112.37999725341797,110.6064224243164,4836900
2022-09-13,108.83999633789062,108.91000366210938,105.44000244140625,105.72000122070312,104.0515365600586,5955600
2022-09-14,106.12999725341797,107.36000061035156,105.1500015258789,107.0,105.31134033203125,4888700
2022-09-15,106.1500015258789,108.13999938964844,104.83000183105469,105.5,103.83499908447266,6598900
2022-09-16,104.06999969482422,105.29000091552734,103.25,104.12000274658203,102.47677612304688,8000800
2022-09-19,103.69000244140625,107.37000274658203,103.33000183105469,107.20999908447266,105.51800537109375,5162300
2022-09-20,103.81999969482422,104.44000244140625,101.70999908447266,102.41999816894531,100.80360412597656,10006600
2022-09-21,102.66999816894531,103.62999725341797,99.7699966430664,99.79000091552734,98.21512603759766,6279300
2022-09-22,99.79000091552734,100.20999908447266,97.83000183105469,98.55000305175781,96.99469757080078,9638800
2022-09-23,96.91999816894531,97.54000091552734,95.33999633789062,97.0199966430664,95.48883819580078,9026500
2022-09-26,96.08999633789062,97.7300033569336,95.70999908447266,96.05999755859375,94.54399108886719,8521600
2022-09-27,97.06999969482422,97.73999786376953,95.0,96.29000091552734,94.77035522460938,9890300
2022-09-28,97.11000061035156,99.43000030517578,96.76000213623047,98.69999694824219,97.14231872558594,9423300
2022-09-29,98.11000061035156,98.11000061035156,94.4800033569336,95.33000183105469,93.82550811767578,19339200
2022-09-30,83.30000305175781,86.19999694824219,82.5,83.12000274658203,81.8082046508789,48176100
2022-10-03,83.12999725341797,86.47000122070312,82.22000122070312,85.4000015258789,84.0522232055664,19108200
2022-10-04,87.69999694824219,89.06999969482422,87.11000061035156,88.63999938964844,87.24108123779297,15114800
2022-10-05,87.48999786376953,91.69999694824219,87.1500015258789,91.0999984741211,89.66226196289062,12732700
2022-10-06,90.48999786376953,92.63999938964844,89.80999755859375,90.16999816894531,88.74694061279297,9951900
2022-10-07,88.54000091552734,88.76000213623047,86.69000244140625,87.16000366210938,85.78443908691406,8554700
2022-10-10,87.76000213623047,87.77999877929688,85.06999969482422,86.69000244140625,85.32186889648438,7991200
2022-10-11,86.04000091552734,88.25,85.75,87.98999786376953,86.6013412475586,11903200
2022-10-12,88.0,88.87999725341797,87.30999755859375,88.51000213623047,87.11315155029297,8772900
2022-10-13,86.38999938964844,89.80999755859375,86.05000305175781,89.55999755859375,88.14657592773438,9335000
2022-10-14,90.51000213623047,90.87999725341797,87.48999786376953,87.55000305175781,86.16829681396484,7811700
2022-10-17,89.52999877929688,90.69000244140625,88.69999694824219,89.97000122070312,88.55009460449219,8451900
2022-10-18,92.5999984741211,92.91000366210938,89.1500015258789,89.68000030517578,88.26466369628906,7364700
2022-10-19,88.26000213623047,89.73999786376953,87.76000213623047,88.56999969482422,87.17219543457031,5102000
2022-10-20,89.47000122070312,90.58000183105469,86.61000061035156,86.83000183105469,85.45965576171875,13500000
2022-10-21,87.0199966430664,88.77999877929688,86.70999908447266,88.5,87.1032943725586,7976300
2022-10-24,87.79000091552734,88.83999633789062,86.23999786376953,88.01000213623047,86.62103271484375,8847100
2022-10-25,88.02999877929688,91.93000030517578,87.88999938964844,91.72000122070312,90.2724838256836,8639900
2022-10-26,90.77999877929688,94.3499984741211,90.69999694824219,92.38999938964844,90.9319076538086,8648200
2022-10-27,92.87999725341797,93.4800033569336,90.22000122070312,90.54000091552734,89.1111068725586,8617900
2022-10-28,91.19999694824219,93.87999725341797,90.45999908447266,93.83000183105469,92.34918212890625,6022400
2022-10-31,93.0,93.88999938964844,92.68000030517578,92.68000030517578,91.21733093261719,6426400
2022-11-01,95.69000244140625,96.45999908447266,92.97000122070312,93.7699966430664,92.29011535644531,7250700
2022-11-02,93.12999725341797,94.44000244140625,90.19000244140625,90.30000305175781,88.87488555908203,7176600
2022-11-03,89.97000122070312,91.61000061035156,88.72000122070312,90.4000015258789,88.97331237792969,6550300
2022-11-04,94.44999694824219,98.2300033569336,93.94999694824219,95.79000091552734,94.27825164794922,12543300
2022-11-07,96.30999755859375,96.87000274658203,92.66999816894531,93.44000244140625,91.96533203125,9094500
2022-11-08,94.44000244140625,96.02999877929688,92.94000244140625,93.75,92.27043914794922,7017800
2022-11-09,92.66999816894531,93.9000015258789,91.95999908447266,92.0999984741211,90.64647674560547,6550900
2022-11-10,96.33000183105469,99.68000030517578,96.2300033569336,99.48999786376953,97.91986083984375,9361000
2022-11-11,100.30999755859375,107.20999908447266,100.13999938964844,106.08999633789062,104.41568756103516,12597500
2022-11-14,105.19999694824219,106.44000244140625,104.31999969482422,104.38999938964844,102.7425308227539,7134900
2022-11-15,107.98999786376953,109.30999755859375,105.52999877929688,106.70999908447266,105.0259017944336,7242900
2022-11-16,105.25,106.5999984741211,104.7699966430664,105.2300033569336,103.56927490234375,5998700
2022-11-17,104.11000061035156,105.4000015258789,102.91999816894531,105.36000061035156,103.69721984863281,5252900
2022-11-18,107.62999725341797,107.72000122070312,104.16999816894531,105.41999816894531,103.75627136230469,5498900
2022-11-21,104.61000061035156,105.4800033569336,103.5999984741211,103.83000183105469,102.19136810302734,4774800
2022-11-22,104.62000274658203,106.16000366210938,103.83999633789062,105.97000122070312,104.2975845336914,5313200
2022-11-23,106.0,106.9800033569336,105.2300033569336,106.6500015258789,104.96685791015625,3873100
2022-11-25,106.44999694824219,107.18000030517578,105.55999755859375,105.95999908447266,104.28775024414062,3426100
2022-11-28,105.25,106.30000305175781,104.6500015258789,104.95999908447266,103.30352783203125,6967400
2022-11-29,105.37000274658203,106.81999969482422,105.12000274658203,106.25,104.57315826416016,8494400
2022-11-30,107.08000183105469,109.69000244140625,105.44999694824219,109.69000244140625,107.95887756347656,16251000
2022-12-01,110.08999633789062,111.86000061035156,109.55000305175781,111.11000061035156,109.35647583007812,7822900
2022-12-02,108.6500015258789,112.70999908447266,108.33999633789062,112.19999694824219,110.76821899414062,5892000
2022-12-05,111.0199966430664,111.12999725341797,109.19000244140625,109.62000274658203,108.22114562988281,6220100
2022-12-06,109.6500015258789,110.52999877929688,106.75,107.93000030517578,106.5527114868164,7086100
2022-12-07,107.31999969482422,109.12000274658203,107.05999755859375,108.33000183105469,106.9476089477539,5751500
2022-12-08,108.5999984741211,111.48999786376953,108.45999908447266,111.36000061035156,109.93893432617188,6192800
2022-12-09,110.22000122070312,111.37999725341797,109.26000213623047,109.41999816894531,108.02369689941406,5677700
2022-12-12,110.0999984741211,112.16999816894531,109.70999908447266,112.06999969482422,110.63987731933594,6426000
2022-12-13,115.61000061035156,116.44999694824219,111.25,112.8499984741211,111.40992736816406,8655300
2022-12-14,113.69999694824219,114.12000274658203,110.2300033569336,111.44999694824219,110.02779388427734,7528500
2022-12-15,109.19000244140625,109.62000274658203,107.7300033569336,108.51000213623047,107.12532043457031,7500700
2022-12-16,106.87000274658203,107.61000061035156,105.12000274658203,105.94999694824219,104.59797668457031,14083600
2022-12-19,104.98999786376953,105.51000213623047,102.44999694824219,103.05000305175781,101.7349853515625,10620300
2022-12-20,103.0,103.4000015258789,101.68000030517578,103.20999908447266,101.8929443359375,17147900
2022-12-21,116.76000213623047,119.18000030517578,115.33999633789062,115.77999877929688,114.30252838134766,32777300
2022-12-22,114.29000091552734,116.81999969482422,114.05999755859375,116.70999908447266,115.22066497802734,17147600
2022-12-23,116.11000061035156,117.16999816894531,115.77999877929688,116.25,114.76654815673828,6603700
2022-12-27,116.47000122070312,118.19999694824219,115.81999969482422,117.55999755859375,116.059814453125,6661100
2022-12-28,117.58000183105469,118.23999786376953,114.95999908447266,114.9800033569336,113.51274871826172,5437800
2022-12-29,116.08000183105469,118.06999969482422,115.80000305175781,117.3499984741211,115.85250091552734,4588600
2022-12-30,116.55999755859375,117.25,115.7699966430664,117.01000213623047,115.51683807373047,4355500
2023-01-03,118.55000305175781,119.48999786376953,117.44000244140625,118.75,117.23463439941406,8124800
2023-01-04,119.95999908447266,122.2300033569336,119.52999877929688,121.20999908447266,119.66324615478516,8550700
2023-01-05,120.27999877929688,122.33999633789062,120.08000183105469,120.62000274658203,119.08078002929688,6046700
2023-01-06,122.0,125.36000061035156,121.7699966430664,124.52999877929688,122.94087982177734,10080700
2023-01-09,125.0,126.61000061035156,124.55000305175781,124.8499984741211,123.25679779052734,9397900
2023-01-10,125.20999908447266,126.33000183105469,124.37000274658203,125.83999633789062,124.2341537475586,5899900
2023-01-11,126.31999969482422,128.25999450683594,126.01000213623047,127.94000244140625,126.30736541748047,6989200
2023-01-12,128.35000610351562,128.4600067138672,126.45999908447266,127.88999938964844,126.25799560546875,8366400
2023-01-13,126.66000366210938,129.22999572753906,126.66000366210938,128.85000610351562,127.20575714111328,4856500
2023-01-17,128.0,129.0500030517578,127.83000183105469,128.13999938964844,126.50481414794922,6172200
2023-01-18,127.80000305175781,128.58999633789062,126.0,126.43000030517578,124.81663513183594,6828800
2023-01-19,124.79000091552734,125.44000244140625,123.61000061035156,124.52999877929688,122.94087982177734,5273500
2023-01-20,124.68000030517578,126.63999938964844,124.04000091552734,126.62000274658203,125.00421142578125,5673200
2023-01-23,126.9000015258789,128.75,126.54000091552734,128.2899932861328,126.65287780761719,5581600
2023-01-24,126.80999755859375,128.00999450683594,120.44999694824219,126.83000183105469,125.21153259277344,5486200
2023-01-25,125.86000061035156,127.01000213623047,124.83000183105469,126.81999969482422,125.20165252685547,5933700
2023-01-26,128.4600067138672,128.99000549316406,126.01000213623047,127.52999877929688,125.90259552001953,5838800
2023-01-27,127.06999969482422,128.5800018310547,126.69999694824219,127.52999877929688,125.90259552001953,5730000
2023-01-30,126.5,127.55999755859375,126.20999908447266,126.37000274658203,124.75740051269531,6494600
2023-01-31,126.41999816894531,127.8499984741211,126.01000213623047,127.33000183105469,125.70515441894531,7686900
2023-02-01,127.9000015258789,130.22000122070312,126.22000122070312,129.5,127.84745025634766,6387900
2023-02-02,130.4499969482422,131.30999755859375,127.86000061035156,129.05999755859375,127.4130630493164,5214500
2023-02-03,126.79000091552734,129.4199981689453,126.44000244140625,127.61000061035156,125.98157501220703,4930200
2023-02-06,125.5199966430664,126.0999984741211,124.31999969482422,125.7300033569336,124.12557220458984,4666400
2023-02-07,123.95999908447266,125.93000030517578,123.25,125.33000183105469,123.73067474365234,5288900
2023-02-08,123.37999725341797,124.0999984741211,121.80000305175781,122.91000366210938,121.341552734375,5877800
2023-02-09,124.70999908447266,125.0199966430664,121.5,122.18000030517578,120.6208724975586,5929000
2023-02-10,121.51000213623047,122.63999938964844,120.54000091552734,122.2300033569336,120.67023468017578,5195500
2023-02-13,122.81999969482422,125.72000122070312,122.45999908447266,125.1500015258789,123.55296325683594,5689800
2023-02-14,123.94999694824219,126.36000061035156,123.73999786376953,126.19999694824219,124.58956909179688,4845900
2023-02-15,124.9000015258789,127.5,124.9000015258789,127.4800033569336,125.85324096679688,5687900
2023-02-16,125.43000030517578,127.20999908447266,124.11000061035156,124.37999725341797,122.79278564453125,4722200
2023-02-17,123.70999908447266,124.88999938964844,123.44000244140625,124.83999633789062,123.24691772460938,5161500
2023-02-21,123.27999877929688,124.0,120.9800033569336,121.0999984741211,119.55464935302734,5110300
2023-02-22,121.0999984741211,121.4000015258789,119.63999938964844,119.9000015258789,118.36995697021484,5022000
2023-02-23,120.76000213623047,120.76000213623047,118.55000305175781,119.95999908447266,118.42919921875,4101900
2023-02-24,117.97000122070312,118.73999786376953,117.33999633789062,118.04000091552734,116.53369140625,4693000
2023-02-27,119.26000213623047,119.81999969482422,118.31999969482422,118.52999877929688,117.01744079589844,4239800
2023-02-28,118.73999786376953,120.4000015258789,117.8499984741211,118.79000091552734,117.27413177490234,8414100
2023-03-01,117.94999694824219,119.79000091552734,117.83000183105469,118.58000183105469,117.06681060791016,4120500
2023-03-02,117.55000305175781,119.95999908447266,117.55000305175781,119.58000183105469,118.05403900146484,4443200
2023-03-03,120.12999725341797,121.04000091552734,119.0199966430664,120.94000244140625,119.73713684082031,3871800
2023-03-06,121.12999725341797,121.98999786376953,119.95999908447266,120.16999816894531,118.97480010986328,5183800
2023-03-07,120.19999694824219,121.0199966430664,119.2300033569336,119.58999633789062,118.40055847167969,5345700
2023-03-08,119.2699966430664,120.04000091552734,118.7300033569336,119.86000061035156,118.66787719726562,4175200
2023-03-09,120.08000183105469,121.86000061035156,117.55000305175781,117.87000274658203,116.69766998291016,5635900
2023-03-10,118.83000183105469,118.98999786376953,116.63999938964844,117.48999786376953,116.32144165039062,5979600
2023-03-13,115.81999969482422,118.29000091552734,115.79000091552734,116.86000061035156,115.69770812988281,6038200
2023-03-14,119.0,119.48999786376953,117.2300033569336,119.0,117.8164291381836,6050800
2023-03-15,116.31999969482422,118.62999725341797,115.80999755859375,118.16999816894531,116.99468231201172,6599200
2023-03-16,116.86000061035156,120.80999755859375,116.61000061035156,120.6500015258789,119.45002746582031,5658700
2023-03-17,121.16999816894531,121.7300033569336,118.66999816894531,120.38999938964844,119.1926040649414,12868900
2023-03-20,120.98999786376953,122.68000030517578,119.80999755859375,121.19999694824219,119.99454498291016,7594100
2023-03-21,123.5,126.05999755859375,122.97000122070312,125.61000061035156,124.36068725585938,15078800
2023-03-22,123.66000366210938,125.26000213623047,119.33000183105469,119.5,118.31145477294922,17625500
2023-03-23,120.47000122070312,123.2699966430664,119.47000122070312,120.97000122070312,119.76683807373047,7628100
2023-03-24,120.2300033569336,121.0,119.31999969482422,120.70999908447266,119.5094223022461,6158800
2023-03-27,121.0199966430664,121.06999969482422,117.61000061035156,117.80999755859375,116.63826751708984,6564200
2023-03-28,117.94999694824219,118.44000244140625,116.8499984741211,117.87000274658203,116.69766998291016,4461400
2023-03-29,118.63999938964844,120.56999969482422,118.48999786376953,120.48999786376953,119.2916030883789,5644000
2023-03-30,121.02999877929688,121.44000244140625,119.33999633789062,120.0999984741211,118.90548706054688,4578900
2023-03-31,120.91999816894531,122.70999908447266,120.5999984741211,122.63999938964844,121.42022705078125,5659400
2023-04-03,122.5,122.8499984741211,120.81999969482422,121.66999816894531,120.45987701416016,4838400
2023-04-04,121.37999725341797,123.94999694824219,121.36000061035156,123.69000244140625,122.45979309082031,5895300
2023-04-05,123.0,123.33000183105469,120.55999755859375,120.9000015258789,119.69754028320312,4331400
2023-04-06,119.51000213623047,120.48999786376953,117.8499984741211,120.22000122070312,119.02429962158203,4256900
2023-04-10,119.30000305175781,121.91000366210938,119.12999725341797,121.91000366210938,120.6974868774414,3731200
2023-04-11,122.04000091552734,124.08000183105469,122.04000091552734,123.30000305175781,122.07366180419922,4471000
2023-04-12,124.76000213623047,124.86000061035156,123.22000122070312,123.66000366210938,122.43009185791016,4524900
2023-04-13,124.63999938964844,126.66999816894531,124.45999908447266,126.43000030517578,125.17253112792969,5355300
2023-04-14,127.0,127.48999786376953,125.48999786376953,125.94999694824219,124.69730377197266,4828700
2023-04-17,126.02999877929688,126.4800033569336,125.12999725341797,126.19000244140625,124.9349136352539,3917900
2023-04-18,127.2300033569336,127.27999877929688,125.0199966430664,126.20999908447266,124.95471954345703,3857700
2023-04-19,126.0,126.08000183105469,124.91999816894531,125.66999816894531,124.42008972167969,3547400
2023-04-20,124.80000305175781,125.3499984741211,123.70999908447266,124.44999694824219,123.21221923828125,3891600
2023-04-21,124.4000015258789,125.68000030517578,123.62000274658203,125.52999877929688,124.28147888183594,3651400
2023-04-24,125.51000213623047,127.12999725341797,125.1500015258789,127.08999633789062,125.82596588134766,3790900
2023-04-25,126.52999877929688,126.7699966430664,124.05000305175781,124.66000366210938,123.42013549804688,4383300
2023-04-26,124.20999908447266,124.9800033569336,123.29000091552734,123.83999633789062,122.60829162597656,4003200
2023-04-27,124.44000244140625,126.01000213623047,123.13999938964844,125.69999694824219,124.44979095458984,4252100
2023-04-28,125.1500015258789,127.06999969482422,124.95999908447266,126.72000122070312,125.45964813232422,4420700
2023-05-01,126.91999816894531,128.67999267578125,126.86000061035156,127.91999816894531,126.647705078125,4112600
2023-05-02,127.1500015258789,127.58000183105469,125.16999816894531,127.26000213623047,125.99427795410156,3831600
2023-05-03,125.48999786376953,128.3800048828125,123.66999816894531,126.73999786376953,125.47944641113281,4560100
2023-05-04,124.94000244140625,125.19000244140625,122.81999969482422,123.66999816894531,122.43997192382812,6177100
2023-05-05,125.93000030517578,127.02999877929688,125.22000122070312,126.58999633789062,125.3309326171875,4887500
2023-05-08,127.26000213623047,127.69000244140625,125.9800033569336,126.87999725341797,125.61805725097656,3892600
2023-05-09,125.2699966430664,125.66000366210938,124.16999816894531,125.0999984741211,123.85575866699219,4082100
2023-05-10,126.29000091552734,126.45999908447266,122.16999816894531,123.51000213623047,122.28157806396484,5052600
2023-05-11,123.44999694824219,123.86000061035156,121.9000015258789,122.22000122070312,121.00440216064453,5923100
2023-05-12,120.98999786376953,121.19999694824219,119.02999877929688,120.20999908447266,119.01438903808594,6571800
2023-05-15,119.81999969482422,119.98999786376953,118.01000213623047,119.83000183105469,118.63817596435547,5518200
2023-05-16,117.5,117.83999633789062,116.12000274658203,116.4800033569336,115.32149505615234,8306400
2023-05-17,116.37999725341797,117.12999725341797,115.25,116.9800033569336,115.8165283203125,7765400
2023-05-18,117.43000030517578,119.1500015258789,116.8499984741211,118.87000274658203,117.6877212524414,5970500
2023-05-19,114.55999755859375,115.48999786376953,113.0999984741211,114.76000213623047,113.61859893798828,11672400
2023-05-22,112.8499984741211,112.8499984741211,110.0199966430664,110.18000030517578,109.08415222167969,12710300
2023-05-23,109.7699966430664,111.05999755859375,108.19000244140625,108.77999877929688,107.69807434082031,11790400
2023-05-24,109.0,109.0999984741211,107.19999694824219,108.29000091552734,107.21294403076172,8503200
2023-05-25,108.3499984741211,108.97000122070312,107.41999816894531,107.4800033569336,106.4110107421875,6729800
2023-05-26,107.0,108.44999694824219,107.0,107.51000213623047,106.44070434570312,7911200
2023-05-30,108.4000015258789,108.87999725341797,106.2699966430664,106.5199966430664,105.46055603027344,9335200
2023-05-31,105.69999694824219,106.16999816894531,104.83000183105469,105.26000213623047,104.21308898925781,21465200
2023-06-01,104.18000030517578,104.5999984741211,102.9000015258789,103.62999725341797,102.59929656982422,12025200
2023-06-02,107.62999725341797,108.41999816894531,106.12999725341797,107.77999877929688,107.05927276611328,11835000
2023-06-05,107.87999725341797,107.87999725341797,105.18000030517578,105.19999694824219,104.49652099609375,7434000
2023-06-06,105.48999786376953,106.75,105.19999694824219,106.19000244140625,105.47990417480469,7896300
2023-06-07,106.04000091552734,108.23999786376953,105.41999816894531,107.08999633789062,106.3738784790039,11123900
2023-06-08,107.16000366210938,107.5199966430664,105.66999816894531,106.19999694824219,105.48983764648438,9137600
2023-06-09,105.91000366210938,106.27999877929688,105.3499984741211,105.86000061035156,105.15210723876953,5795200
2023-06-12,106.29000091552734,106.8499984741211,104.5999984741211,106.83000183105469,106.1156234741211,7964600
2023-06-13,107.13999938964844,107.4800033569336,106.29000091552734,106.77999877929688,106.06595611572266,8460500
2023-06-14,107.4800033569336,113.4000015258789,107.4800033569336,112.86000061035156,112.10530853271484,17415500
2023-06-15,111.83000183105469,112.81999969482422,110.16000366210938,112.41000366210938,111.65830993652344,10374200
2023-06-16,114.0,114.76000213623047,113.05999755859375,113.58999633789062,112.83041381835938,14443700
2023-06-20,111.41000366210938,112.81999969482422,108.95999908447266,109.54000091552734,108.80750274658203,10602400
2023-06-21,109.12999725341797,110.36000061035156,108.70999908447266,109.9800033569336,109.24456024169922,8377800
2023-06-22,110.81999969482422,111.25,109.77999877929688,110.45999908447266,109.72135162353516,6002900
2023-06-23,107.75,110.29000091552734,107.30000305175781,109.5199966430664,108.78762817382812,14324200
2023-06-26,109.66999816894531,112.20999908447266,109.66999816894531,111.73999786376953,110.99279022216797,6887100
2023-06-27,112.52999877929688,114.18000030517578,112.43000030517578,113.61000061035156,112.85028839111328,7138600
2023-06-28,113.33999633789062,113.75,112.12000274658203,113.02999877929688,112.27416229248047,6766000
2023-06-29,113.5999984741211,114.2699966430664,112.61000061035156,113.37000274658203,112.61189270019531,12465500
2023-06-30,111.58999633789062,112.25,109.80000305175781,110.37000274658203,109.6319580078125,19614400
2023-07-03,111.05999755859375,111.30000305175781,109.11000061035156,109.11000061035156,108.38037872314453,5734200
2023-07-05,108.62000274658203,108.91000366210938,106.54000091552734,107.0999984741211,106.38381958007812,10405300
2023-07-06,105.29000091552734,106.08999633789062,103.66999816894531,105.0999984741211,104.39718627929688,9923500
2023-07-07,104.80000305175781,105.47000122070312,104.02999877929688,104.45999908447266,103.761474609375,7460200
2023-07-10,104.4800033569336,106.30999755859375,104.25,105.77999877929688,105.07263946533203,5374600
2023-07-11,105.6500015258789,107.62000274658203,105.62000274658203,107.38999938964844,106.671875,5457200
2023-07-12,108.52999877929688,109.08999633789062,107.22000122070312,107.76000213623047,107.0394058227539,8305000
2023-07-13,109.06999969482422,109.12999725341797,107.68000030517578,107.83999633789062,107.11886596679688,6692300
2023-07-14,107.94000244140625,108.63999938964844,107.19000244140625,107.94999694824219,107.22813415527344,6932300
2023-07-17,107.26000213623047,109.0999984741211,106.76000213623047,108.70999908447266,107.9830551147461,6682900
2023-07-18,108.58000183105469,110.33999633789062,108.30999755859375,109.72000122070312,108.98629760742188,5717900
2023-07-19,109.08000183105469,110.25,108.58000183105469,109.87999725341797,109.14522552490234,5027100
2023-07-20,109.56999969482422,110.0199966430664,107.4800033569336,107.52999877929688,106.81094360351562,6458000
2023-07-21,108.0,109.29000091552734,107.51000213623047,109.05999755859375,108.3307113647461,6630200
2023-07-24,110.41000366210938,110.55000305175781,108.51000213623047,108.7699966430664,108.04264831542969,6787600
2023-07-25,108.27999877929688,108.8499984741211,107.38999938964844,108.30000305175781,107.57579803466797,7692800
2023-07-26,108.30000305175781,109.58999633789062,107.94999694824219,109.30000305175781,108.56910705566406,5148900
2023-07-27,109.83000183105469,110.2300033569336,107.4000015258789,107.66999816894531,106.95000457763672,6544600
2023-07-28,108.11000061035156,108.95999908447266,107.62999725341797,108.62000274658203,107.8936538696289,5988300
2023-07-31,109.41000366210938,110.8499984741211,109.05000305175781,110.38999938964844,109.65181732177734,6406000
2023-08-01,110.0,110.52999877929688,109.13999938964844,109.4000015258789,108.66844177246094,4566700
2023-08-02,108.27999877929688,108.5199966430664,107.44999694824219,107.51000213623047,106.79107666015625,6213200
2023-08-03,107.0,109.08999633789062,106.6500015258789,108.63999938964844,107.91351318359375,5084300
2023-08-04,108.70999908447266,110.30999755859375,108.23999786376953,108.80999755859375,108.08238220214844,5617600
2023-08-07,109.87000274658203,110.94000244140625,109.18000030517578,110.4800033569336,109.74121856689453,4887300
2023-08-08,109.62999725341797,109.88999938964844,107.3499984741211,109.69000244140625,108.95650482177734,5851900
2023-08-09,109.79000091552734,110.0199966430664,108.30000305175781,109.69000244140625,108.95650482177734,4328600
2023-08-10,110.30999755859375,111.94999694824219,108.5199966430664,109.02999877929688,108.30091094970703,7276500
2023-08-11,108.9000015258789,109.52999877929688,107.86000061035156,108.08999633789062,107.36719512939453,5104300
2023-08-14,107.91999816894531,108.30000305175781,107.06999969482422,107.63999938964844,106.92020416259766,5305200
2023-08-15,106.06999969482422,106.81999969482422,105.5999984741211,106.55000305175781,105.8375015258789,6197600
2023-08-16,106.06999969482422,108.37999725341797,106.06999969482422,106.52999877929688,105.817626953125,5953100
2023-08-17,107.43000030517578,107.83000183105469,104.77999877929688,105.05000305175781,104.34752655029297,5692800
2023-08-18,103.83000183105469,105.05000305175781,103.76000213623047,104.80999755859375,104.109130859375,5835200
2023-08-21,105.47000122070312,105.4800033569336,102.62999725341797,102.86000061035156,102.17216491699219,6697600
2023-08-22,100.95999908447266,102.37000274658203,100.7300033569336,101.45999908447266,100.78153228759766,9820100
2023-08-23,96.9800033569336,99.19000244140625,96.55000305175781,98.75,98.08965301513672,20909100
2023-08-24,98.69999694824219,99.19000244140625,97.55999755859375,97.62999725341797,96.97714233398438,10310000
2023-08-25,98.5,99.08999633789062,97.80999755859375,98.83999633789062,98.17904663085938,7290600
2023-08-28,99.58999633789062,100.05999755859375,98.87000274658203,99.62999725341797,98.9637680053711,6006600
2023-08-29,100.02999877929688,102.16000366210938,99.72000122070312,101.7699966430664,101.0894546508789,8641600
2023-08-30,101.63999938964844,102.80999755859375,101.51000213623047,102.0999984741211,101.41725158691406,4822100
2023-08-31,102.62000274658203,102.88999938964844,101.61000061035156,101.70999908447266,101.02986145019531,7046200
2023-09-01,101.97000122070312,102.95999908447266,101.5199966430664,102.36000061035156,102.01654052734375,6359400
2023-09-05,101.5,101.95999908447266,100.2300033569336,100.31999969482422,99.98339080810547,6698700
2023-09-06,99.76000213623047,100.30999755859375,99.02999877929688,100.18000030517578,99.84385681152344,6096000
2023-09-07,98.26000213623047,98.76000213623047,97.63999938964844,97.93000030517578,97.60140991210938,9927100
2023-09-08,98.0999984741211,98.12999725341797,97.27999877929688,97.66999816894531,97.34227752685547,6435000
2023-09-11,98.33000183105469,98.37999725341797,96.58000183105469,96.79000091552734,96.4652328491211,7584700
2023-09-12,96.98999786376953,97.16999816894531,96.18000030517578,96.30000305175781,95.97688293457031,6307700
2023-09-13,96.30000305175781,97.19999694824219,95.66000366210938,96.12999725341797,95.80744171142578,7140700
2023-09-14,96.72000122070312,97.68000030517578,95.9000015258789,97.19000244140625,96.8638916015625,7075300
2023-09-15,98.1500015258789,98.1500015258789,96.12999725341797,96.26000213623047,95.93701171875,10465700
2023-09-18,96.0,96.37000274658203,95.27999877929688,95.51000213623047,95.18952941894531,6946300
2023-09-19,95.04000091552734,95.48999786376953,94.41000366210938,94.62000274658203,94.3025131225586,9386600
2023-09-20,93.97000122070312,95.4000015258789,93.83000183105469,94.04000091552734,93.7244644165039,10274200
2023-09-21,93.41999816894531,93.48999786376953,91.4800033569336,91.58999633789062,91.28267669677734,7958600
2023-09-22,91.58000183105469,92.33000183105469,90.55000305175781,90.8499984741211,90.54515838623047,9289400
2023-09-25,90.0,90.8499984741211,89.79000091552734,90.5999984741211,90.2959976196289,8291700
2023-09-26,90.0,90.69999694824219,89.77999877929688,90.16999816894531,89.86744689941406,8060500
2023-09-27,90.55999755859375,90.69999694824219,89.20999908447266,89.41999816894531,89.11995697021484,7631000
2023-09-28,89.0999984741211,89.77999877929688,88.66000366210938,89.62999725341797,89.32925415039062,16315600
2023-09-29,99.37000274658203,99.47000122070312,94.62000274658203,95.62000274658203,95.29916381835938,34920400
2023-10-02,96.19999694824219,96.37999725341797,93.7300033569336,94.55999755859375,94.24271392822266,12776300
2023-10-03,94.31999969482422,96.05000305175781,94.18000030517578,95.08999633789062,94.77093505859375,10964300
2023-10-04,95.58000183105469,96.26000213623047,95.12000274658203,95.88999938964844,95.56825256347656,8045400
2023-10-05,95.79000091552734,96.2300033569336,95.27999877929688,95.79000091552734,95.46858978271484,7430000
2023-10-06,95.79000091552734,97.70999908447266,95.05999755859375,97.11000061035156,96.7841567993164,8531200
2023-10-09,96.77999877929688,97.13999938964844,95.91999816894531,96.87999725341797,96.55492401123047,5964200
2023-10-10,97.25,98.86000061035156,97.2300033569336,97.62000274658203,97.29244995117188,8499000
2023-10-11,98.30999755859375,98.94999694824219,98.01000213623047,98.6500015258789,98.3189926147461,7642900
2023-10-12,99.54000091552734,100.05000305175781,98.5199966430664,99.25,98.91697692871094,10705200
2023-10-13,99.58999633789062,100.8499984741211,99.44999694824219,99.91000366210938,99.57476806640625,8774700
2023-10-16,99.72000122070312,102.58000183105469,99.5999984741211,102.04000091552734,101.69761657714844,10845400
2023-10-17,101.97000122070312,103.58999633789062,101.97000122070312,103.01000213623047,102.66436767578125,9253800
2023-10-18,102.97000122070312,103.9000015258789,102.93000030517578,103.7699966430664,103.42180633544922,8757300
2023-10-19,103.7699966430664,104.3499984741211,102.8499984741211,103.05000305175781,102.70423126220703,8391100
2023-10-20,103.31999969482422,103.7699966430664,102.56999969482422,102.66999816894531,102.32550048828125,7814600
2023-10-23,102.12999725341797,103.76000213623047,101.7699966430664,102.80999755859375,102.46502685546875,5966100
2023-10-24,103.66000366210938,105.6500015258789,103.66000366210938,105.18000030517578,104.82707977294922,9252200
2023-10-25,104.45999908447266,105.04000091552734,103.48999786376953,103.54000091552734,103.19258117675781,7054700
2023-10-26,102.18000030517578,102.62999725341797,99.94999694824219,100.0199966430664,99.68439483642578,11222600
2023-10-27,99.77999877929688,100.33999633789062,97.80999755859375,97.9800033569336,97.6512451171875,9602700
2023-10-30,99.0,102.05000305175781,99.0,101.80000305175781,101.45842742919922,8206700
2023-10-31,101.4000015258789,102.93000030517578,101.4000015258789,102.7699966430664,102.42516326904297,6558500
2023-11-01,102.55000305175781,102.66999816894531,99.97000122070312,100.87999725341797,100.54150390625,7272400
2023-11-02,102.05000305175781,105.55000305175781,101.88999938964844,105.08000183105469,104.7274169921875,8135100
2023-11-03,106.43000030517578,107.6500015258789,106.05000305175781,107.05999755859375,106.70076751708984,7563300
2023-11-06,106.95999908447266,107.5999984741211,106.37000274658203,107.25,106.89013671875,5231900
2023-11-07,107.31999969482422,109.36000061035156,107.2300033569336,109.36000061035156,108.99305725097656,7745800
2023-11-08,109.37000274658203,110.69999694824219,108.9000015258789,109.38999938964844,109.02295684814453,8639700
2023-11-09,109.81999969482422,109.9000015258789,106.91999816894531,107.0,106.64097595214844,9154200
2023-11-10,107.33999633789062,107.83000183105469,105.61000061035156,106.11000061035156,105.75395965576172,8897700
2023-11-13,105.37000274658203,105.72000122070312,104.18000030517578,104.19999694824219,103.8503646850586,7055600
2023-11-14,105.55999755859375,107.0999984741211,105.37999725341797,105.75,105.3951644897461,9674800
2023-11-15,106.81999969482422,109.05999755859375,106.72000122070312,107.81999969482422,107.45822143554688,11140800
2023-11-16,107.0999984741211,108.0,107.0,107.61000061035156,107.2489242553711,5386800
2023-11-17,108.05999755859375,108.20999908447266,105.5199966430664,105.95999908447266,105.60446166992188,6352600
2023-11-20,106.0,106.55000305175781,105.0999984741211,106.31999969482422,105.9632568359375,6197400
2023-11-21,106.16999816894531,106.69999694824219,105.3499984741211,106.55000305175781,106.19248962402344,5803500
2023-11-22,107.5,108.02999877929688,106.81999969482422,107.91999816894531,107.5578842163086,6280300
2023-11-24,107.5,108.0,107.4000015258789,107.63999938964844,107.27882385253906,2443600
2023-11-27,107.66000366210938,108.22000122070312,106.9000015258789,107.95999908447266,107.5977554321289,5785000
2023-11-28,108.56999969482422,109.9000015258789,108.1500015258789,108.75,108.38510131835938,7287400
2023-11-29,110.80000305175781,112.1500015258789,110.1500015258789,110.37000274658203,109.99967193603516,9601800
2023-11-30,110.52999877929688,110.5999984741211,108.95999908447266,110.2699966430664,109.9000015258789,8690900
2023-12-01,110.33000183105469,113.55000305175781,109.75,113.4800033569336,113.4800033569336,8049900
2023-12-04,113.08000183105469,115.31999969482422,113.0,115.1500015258789,115.1500015258789,10086600
2023-12-05,114.66000366210938,116.04000091552734,114.5999984741211,115.41000366210938,115.41000366210938,6960000
2023-12-06,116.0,117.13999938964844,115.56999969482422,116.11000061035156,116.11000061035156,6317000
2023-12-07,114.12000274658203,116.0,114.12000274658203,114.80999755859375,114.80999755859375,7294500
2023-12-08,114.5,116.29000091552734,114.47000122070312,115.91000366210938,115.91000366210938,6121000
2023-12-11,117.79000091552734,119.41999816894531,117.43000030517578,118.61000061035156,118.61000061035156,7972800
2023-12-12,119.68000030517578,119.98999786376953,118.58000183105469,119.63999938964844,119.63999938964844,7378400
2023-12-13,119.3499984741211,121.44000244140625,119.19999694824219,121.16999816894531,121.16999816894531,8182900
2023-12-14,121.44000244140625,122.58999633789062,119.81999969482422,121.0199966430664,121.0199966430664,9590500
2023-12-15,120.93000030517578,122.05999755859375,120.5999984741211,121.55000305175781,121.55000305175781,13632900
2023-12-18,121.41000366210938,121.83999633789062,120.86000061035156,121.13999938964844,121.13999938964844,6874800
2023-12-19,121.73999786376953,123.33999633789062,121.63999938964844,122.63999938964844,122.63999938964844,7697300
2023-12-20,121.12999725341797,123.38999938964844,121.0,121.43000030517578,121.43000030517578,9176600
2023-12-21,122.30000305175781,123.30000305175781,121.30000305175781,122.52999877929688,122.52999877929688,16533300
2023-12-22,108.26000213623047,110.80000305175781,107.44999694824219,108.04000091552734,108.04000091552734,46642900
2023-12-26,108.30000305175781,108.69000244140625,107.4800033569336,108.0199966430664,108.0199966430664,12846700
2023-12-27,108.33999633789062,108.58999633789062,106.8499984741211,107.12999725341797,107.12999725341797,10157900
2023-12-28,107.20999908447266,109.4000015258789,106.80999755859375,108.81999969482422,108.81999969482422,9352900
2023-12-29,108.95999908447266,109.95999908447266,108.08999633789062,108.56999969482422,108.56999969482422,7660900
2024-01-02,107.61000061035156,107.8499984741211,106.44999694824219,106.55000305175781,106.55000305175781,9326600
2024-01-03,105.72000122070312,107.4800033569336,104.0,104.04000091552734,104.04000091552734,10573700
2024-01-04,102.45999908447266,103.62000274658203,102.30000305175781,102.30000305175781,102.30000305175781,10420600
2024-01-05,102.45999908447266,103.68000030517578,101.9000015258789,102.08000183105469,102.08000183105469,8039900
2024-01-08,102.08000183105469,103.69000244140625,101.7300033569336,103.62000274658203,103.62000274658203,9414200
2024-01-09,103.16999816894531,103.4000015258789,102.5,102.73999786376953,102.73999786376953,7759500
2024-01-10,102.69000244140625,103.83000183105469,102.37000274658203,103.7699966430664,103.7699966430664,6784700
2024-01-11,104.22000122070312,106.01000213623047,103.7300033569336,105.9000015258789,105.9000015258789,9537700
2024-01-12,106.0,106.31999969482422,104.72000122070312,105.05999755859375,105.05999755859375,6680000
2024-01-16,103.94000244140625,104.22000122070312,101.36000061035156,101.72000122070312,101.72000122070312,10547900
2024-01-17,101.05000305175781,101.30999755859375,100.23999786376953,100.81999969482422,100.81999969482422,8226200
2024-01-18,101.0,101.43000030517578,100.06999969482422,100.94000244140625,100.94000244140625,8852400
2024-01-19,101.0199966430664,102.18000030517578,99.66999816894531,101.77999877929688,101.77999877929688,8408400
2024-01-22,101.75,101.80999755859375,100.08999633789062,100.55999755859375,100.55999755859375,9897400
2024-01-23,101.62999725341797,102.13999938964844,101.2300033569336,101.9000015258789,101.9000015258789,8208000
2024-01-24,101.77999877929688,101.80000305175781,100.69000244140625,100.76000213623047,100.76000213623047,7879300
2024-01-25,101.52999877929688,101.73999786376953,100.08999633789062,100.7699966430664,100.7699966430664,10063700
2024-01-26,101.56999969482422,103.2699966430664,101.22000122070312,102.75,102.75,9735800
2024-01-29,102.87999725341797,104.01000213623047,101.33999633789062,103.87999725341797,103.87999725341797,8860800
2024-01-30,103.33999633789062,104.30999755859375,103.12999725341797,104.18000030517578,104.18000030517578,7542800
2024-01-31,104.08999633789062,104.30000305175781,101.12000274658203,101.52999877929688,101.52999877929688,11547600
2024-02-01,101.9000015258789,102.25,100.61000061035156,101.76000213623047,101.76000213623047,7666700
2024-02-02,100.87999725341797,101.41000366210938,99.43000030517578,100.70999908447266,100.70999908447266,8961200
