Date,Open,High,Low,Close,Adj Close,Volume
2014-02-06,76.52999877929688,76.98999786376953,76.4800033569336,76.9000015258789,57.74945831298828,7819700
2014-02-07,76.98999786376953,77.38999938964844,76.75,77.30999755859375,58.05733871459961,7259200
2014-02-10,77.43000030517578,78.08999633789062,77.19000244140625,78.02999877929688,58.59806823730469,8959700
2014-02-11,78.0999984741211,79.11000061035156,77.63999938964844,78.83999633789062,59.20634460449219,10500800
2014-02-12,78.12999725341797,78.52999877929688,77.05999755859375,77.48999786376953,58.192527770996094,11019700
2014-02-13,77.08999633789062,77.91999816894531,77.0,77.80000305175781,58.42536544799805,7420600
2014-02-14,77.69000244140625,79.75,77.25,79.4000015258789,59.62689208984375,10791900
2014-02-18,79.4800033569336,79.62999725341797,77.55999755859375,77.97000122070312,58.552978515625,15750700
2014-02-19,77.63999938964844,78.95999908447266,77.55000305175781,78.13999938964844,58.68067169189453,8740000
2014-02-20,77.95999908447266,78.44000244140625,77.5,77.91999816894531,58.51545333862305,8275200
2014-02-21,78.05000305175781,78.88999938964844,77.91000366210938,77.97000122070312,58.552978515625,8089200
2014-02-24,78.02999877929688,78.7699966430664,77.61000061035156,77.86000061035156,58.47038650512695,7838700
2014-02-25,77.7300033569336,78.30999755859375,77.4000015258789,78.12000274658203,58.665653228759766,8177500
2014-02-26,78.2300033569336,78.7699966430664,77.81999969482422,77.86000061035156,58.47038650512695,7764700
2014-02-27,77.7699966430664,78.2300033569336,77.55999755859375,78.19000244140625,58.71819305419922,6549800
2014-02-28,78.23999786376953,78.91000366210938,78.01000213623047,78.66000366210938,59.07118606567383,8489600
2014-03-03,78.26000213623047,78.41000366210938,77.3499984741211,77.4800033569336,58.18500518798828,8598600
2014-03-04,78.08999633789062,78.72000122070312,77.9000015258789,78.44999694824219,58.9134635925293,8306900
2014-03-05,78.31999969482422,78.41000366210938,77.55000305175781,77.81999969482422,58.44034957885742,8542300
2014-03-06,78.04000091552734,78.44000244140625,77.83999633789062,78.05999755859375,58.62059020996094,6475600
2014-03-07,78.41000366210938,78.5999984741211,78.11000061035156,78.37999725341797,58.86088943481445,5865400
2014-03-10,78.29000091552734,78.56999969482422,78.19999694824219,78.52999877929688,58.97352600097656,5229900
2014-03-11,78.58999633789062,79.38999938964844,78.56999969482422,78.94999694824219,59.28894805908203,6595800
2014-03-12,78.66000366210938,79.44999694824219,78.62000274658203,79.23999786376953,59.5067138671875,7469300
2014-03-13,79.31999969482422,79.76000213623047,79.19000244140625,79.19000244140625,59.46916961669922,9676600
2014-03-14,79.0999984741211,79.2300033569336,78.66999816894531,78.9800033569336,59.311485290527344,14850700
2014-03-17,79.0199966430664,79.94999694824219,79.0199966430664,79.83999633789062,59.95730972290039,8452100
2014-03-18,79.83999633789062,80.08000183105469,79.51000213623047,79.7699966430664,59.90474319458008,7703200
2014-03-19,79.68000030517578,79.91000366210938,78.51000213623047,78.77999877929688,59.161277770996094,8607200
2014-03-20,78.69999694824219,78.93000030517578,78.1500015258789,78.31999969482422,58.81581497192383,8659500
2014-03-21,79.04000091552734,79.75,77.87999725341797,77.87999725341797,58.48541259765625,21244400
2014-03-24,78.5,79.83000183105469,78.47000122070312,79.30000305175781,59.55177688598633,11221600
2014-03-25,79.5199966430664,79.98999786376953,79.44000244140625,79.80999755859375,59.934783935546875,8892500
2014-03-26,80.02999877929688,80.18000030517578,79.33000183105469,79.5,59.70198440551758,8269800
2014-03-27,79.55000305175781,80.43000030517578,79.37999725341797,79.6500015258789,59.81462097167969,8134100
2014-03-28,79.94000244140625,80.31999969482422,79.5199966430664,79.76000213623047,59.89725112915039,6413500
2014-03-31,80.0,80.83000183105469,79.55000305175781,80.5999984741211,60.52804183959961,8492800
2014-04-01,80.5999984741211,80.83999633789062,80.20999908447266,80.33999633789062,60.33277130126953,8222300
2014-04-02,80.19000244140625,80.33000183105469,79.80000305175781,80.12999725341797,60.17509460449219,6741800
2014-04-03,80.27999877929688,80.58000183105469,79.93000030517578,80.0999984741211,60.15254592895508,5646000
2014-04-04,80.47000122070312,80.55999755859375,79.75,79.7699966430664,59.90474319458008,8649600
2014-04-07,80.0199966430664,81.06999969482422,79.93000030517578,80.48999786376953,60.44544982910156,13229000
2014-04-08,80.51000213623047,81.37999725341797,80.0199966430664,81.3499984741211,61.091270446777344,11880700
2014-04-09,81.80000305175781,82.23999786376953,81.31999969482422,81.48999786376953,61.196388244628906,11550700
2014-04-10,81.58000183105469,82.12999725341797,80.88999938964844,81.08999633789062,60.8960075378418,12194300
2014-04-11,80.9800033569336,81.66000366210938,80.5,80.76000213623047,60.64820861816406,11831400
2014-04-14,81.0,81.19999694824219,80.51000213623047,80.80999755859375,60.68574523925781,7105600
2014-04-15,80.79000091552734,81.08999633789062,80.5199966430664,80.83999633789062,60.70829391479492,9000800
2014-04-16,81.27999877929688,81.87999725341797,81.02999877929688,81.6500015258789,61.31656265258789,8300700
2014-04-17,81.47000122070312,81.88999938964844,81.33999633789062,81.76000213623047,61.3991584777832,8374700
2014-04-21,81.80999755859375,81.80999755859375,81.29000091552734,81.55999755859375,61.24897384643555,6391000
2014-04-22,81.54000091552734,81.66999816894531,81.1500015258789,81.25,61.01619338989258,9259100
2014-04-23,80.72000122070312,80.72000122070312,79.37999725341797,80.36000061035156,60.829959869384766,9577500
2014-04-24,80.26000213623047,81.37999725341797,80.01000213623047,81.1500015258789,61.427947998046875,9523200
2014-04-25,81.19999694824219,81.58000183105469,80.97000122070312,81.41000366210938,61.624786376953125,7497400
2014-04-28,81.54000091552734,82.9800033569336,81.51000213623047,82.94000244140625,62.782962799072266,11595100
2014-04-29,82.75,82.94999694824219,82.36000061035156,82.44000244140625,62.404476165771484,7214300
2014-04-30,82.38999938964844,82.75,82.23999786376953,82.55000305175781,62.487728118896484,6243300
2014-05-01,82.38999938964844,82.47000122070312,81.76000213623047,82.33999633789062,62.328758239746094,5305000
2014-05-02,82.22000122070312,82.5999984741211,81.75,81.91999816894531,62.01081848144531,6629200
2014-05-05,81.63999938964844,81.87999725341797,81.47000122070312,81.69999694824219,61.844295501708984,4563600
2014-05-06,81.76000213623047,81.76000213623047,81.12000274658203,81.12999725341797,61.412837982177734,4591300
2014-05-07,81.44999694824219,82.13999938964844,81.41999816894531,82.08999633789062,62.13951873779297,6639500
2014-05-08,82.05999755859375,82.31999969482422,81.81999969482422,82.16000366210938,62.192481994628906,4631200
2014-05-09,82.19999694824219,82.80000305175781,82.13999938964844,82.38999938964844,62.366607666015625,7303500
2014-05-12,82.61000061035156,82.70999908447266,81.70999908447266,81.7300033569336,61.867000579833984,7859000
2014-05-13,81.94000244140625,81.9800033569336,81.41999816894531,81.61000061035156,61.77617263793945,6540200
2014-05-14,81.73999786376953,81.91000366210938,81.12000274658203,81.16999816894531,61.443111419677734,6867200
2014-05-15,81.25,81.37000274658203,80.44000244140625,80.52999877929688,60.958656311035156,9402100
2014-05-16,80.62999725341797,80.76000213623047,80.0,80.33000183105469,60.8072395324707,11558900
2014-05-19,80.01000213623047,80.05000305175781,79.54000091552734,79.93000030517578,60.50447082519531,6068100
2014-05-20,80.0199966430664,80.58000183105469,79.97000122070312,80.2300033569336,60.7315788269043,7057200
2014-05-21,80.33999633789062,80.66999816894531,80.0199966430664,80.48999786376953,60.928375244140625,6339800
2014-05-22,80.37000274658203,80.66999816894531,80.05000305175781,80.6500015258789,61.049468994140625,5561100
2014-05-23,80.51000213623047,80.8499984741211,80.4000015258789,80.5199966430664,60.95106506347656,4472600
2014-05-27,80.55000305175781,80.58000183105469,80.05000305175781,80.08000183105469,60.61802291870117,7003800
2014-05-28,80.02999877929688,80.27999877929688,80.0199966430664,80.0999984741211,60.633148193359375,4201400
2014-05-29,80.0999984741211,80.4000015258789,80.08000183105469,80.4000015258789,60.86023712158203,3886800
2014-05-30,80.25,80.8499984741211,80.16999816894531,80.79000091552734,61.15546417236328,7433000
2014-06-02,80.66000366210938,80.66999816894531,80.29000091552734,80.36000061035156,60.829959869384766,4331700
2014-06-03,80.04000091552734,80.30000305175781,79.5999984741211,79.93000030517578,60.50447082519531,6970600
2014-06-04,80.0,80.22000122070312,79.63999938964844,79.86000061035156,60.451480865478516,5427700
2014-06-05,80.11000061035156,80.30999755859375,79.97000122070312,80.11000061035156,60.640716552734375,5787700
2014-06-06,80.08999633789062,80.23999786376953,79.81999969482422,80.02999877929688,60.58016586303711,5520500
2014-06-09,79.91000366210938,80.23999786376953,79.8499984741211,80.08999633789062,60.625579833984375,6352500
2014-06-10,80.02999877929688,80.30000305175781,80.0,80.1500015258789,60.67100143432617,5658400
2014-06-11,80.05000305175781,80.30000305175781,79.87999725341797,80.05999755859375,60.602867126464844,7453700
2014-06-12,79.81999969482422,80.02999877929688,79.69000244140625,79.76000213623047,60.37577438354492,6526800
2014-06-13,79.7300033569336,79.94000244140625,79.5,79.63999938964844,60.28494644165039,5214000
2014-06-16,79.5199966430664,79.94000244140625,79.11000061035156,79.69000244140625,60.32279586791992,5334600
2014-06-17,79.61000061035156,79.79000091552734,79.3499984741211,79.58000183105469,60.23952102661133,5337300
2014-06-18,79.44000244140625,79.94000244140625,79.12999725341797,79.79000091552734,60.39850997924805,9614200
2014-06-19,79.8499984741211,80.56999969482422,79.80000305175781,80.23999786376953,60.739131927490234,12485100
2014-06-20,80.44000244140625,80.5,79.83000183105469,79.93000030517578,60.50447082519531,11659900
2014-06-23,80.05999755859375,80.05999755859375,79.36000061035156,79.5199966430664,60.194091796875,6938900
2014-06-24,79.41999816894531,79.44000244140625,78.91999816894531,79.01000213623047,59.808040618896484,8157300
2014-06-25,79.04000091552734,79.36000061035156,78.6500015258789,79.31999969482422,60.042720794677734,12569300
2014-06-26,79.23999786376953,79.29000091552734,78.58999633789062,78.62000274658203,59.512847900390625,7258800
2014-06-27,78.5999984741211,79.19000244140625,78.5199966430664,79.0199966430664,59.81563186645508,8974900
2014-06-30,79.01000213623047,79.45999908447266,78.43000030517578,78.58999633789062,59.49013137817383,10297700
2014-07-01,78.87000274658203,79.41000366210938,78.51000213623047,79.27999877929688,60.01244354248047,8421200
2014-07-02,79.55999755859375,79.86000061035156,79.44000244140625,79.55999755859375,60.224388122558594,6276600
2014-07-03,79.93000030517578,80.13999938964844,79.63999938964844,79.9800033569336,60.54230880737305,5501100
2014-07-07,79.75,80.19999694824219,79.66000366210938,80.19000244140625,60.701271057128906,6673600
2014-07-08,80.02999877929688,80.8499984741211,79.91000366210938,80.55999755859375,60.98134231567383,9150200
2014-07-09,80.66000366210938,81.80000305175781,80.5,81.66999816894531,61.82158660888672,12113100
2014-07-10,81.2699966430664,81.91000366210938,81.19000244140625,81.61000061035156,61.77617263793945,8786500
2014-07-11,81.05999755859375,81.56999969482422,81.0,81.16000366210938,61.435546875,7519300
2014-07-14,81.36000061035156,81.73999786376953,81.30000305175781,81.31999969482422,61.5566520690918,6802000
2014-07-15,81.51000213623047,81.5199966430664,81.08999633789062,81.26000213623047,61.51123809814453,9637600
2014-07-16,80.9000015258789,81.19999694824219,80.75,80.94000244140625,61.75845718383789,8940500
2014-07-17,80.98999786376953,81.22000122070312,80.38999938964844,80.4000015258789,61.34640121459961,5844700
2014-07-18,80.55000305175781,80.75,80.16000366210938,80.55000305175781,61.46086120605469,6502400
2014-07-21,80.33000183105469,80.4000015258789,79.94999694824219,80.27999877929688,61.254859924316406,4434300
2014-07-22,80.29000091552734,80.58000183105469,79.7699966430664,80.0999984741211,61.11750793457031,6073200
2014-07-23,80.33000183105469,80.5,79.81999969482422,79.98999786376953,61.033565521240234,5891200
2014-07-24,80.12000274658203,80.31999969482422,79.8499984741211,80.26000213623047,61.239601135253906,6273100
2014-07-25,80.0199966430664,80.16000366210938,79.37000274658203,79.55999755859375,60.705482482910156,6293400
2014-07-28,79.41000366210938,79.62000274658203,78.8499984741211,79.26000213623047,60.47658157348633,6757300
2014-07-29,79.08999633789062,79.5,78.6500015258789,78.6500015258789,60.011146545410156,6419600
2014-07-30,78.69999694824219,79.01000213623047,78.13999938964844,78.16000366210938,59.63724899291992,8296500
2014-07-31,77.76000213623047,78.01000213623047,77.29000091552734,77.31999969482422,58.996337890625,11235600
2014-08-01,79.25,80.66999816894531,78.83000183105469,79.6500015258789,60.77416229248047,18110700
2014-08-04,79.45999908447266,79.45999908447266,78.66000366210938,79.22000122070312,60.446075439453125,12075300
2014-08-05,78.98999786376953,79.73999786376953,78.9800033569336,79.41000366210938,60.59100341796875,7995900
2014-08-06,79.4000015258789,81.30000305175781,79.2699966430664,81.08999633789062,61.87288284301758,12839000
2014-08-07,81.0199966430664,81.18000030517578,80.01000213623047,80.13999938964844,61.148033142089844,7904000
2014-08-08,80.05000305175781,81.02999877929688,80.04000091552734,80.94999694824219,61.76608657836914,6215600
2014-08-11,81.2300033569336,81.87000274658203,81.02999877929688,81.4800033569336,62.17048263549805,8188000
2014-08-12,81.5,81.86000061035156,81.20999908447266,81.41999816894531,62.12470626831055,6591200
2014-08-13,81.63999938964844,81.80000305175781,81.11000061035156,81.4800033569336,62.17048263549805,5472200
2014-08-14,81.58999633789062,82.04000091552734,81.44000244140625,81.94999694824219,62.52910614013672,5930700
2014-08-15,82.2300033569336,82.2300033569336,81.18000030517578,81.77999877929688,62.39936828613281,7418400
2014-08-18,81.98999786376953,82.8499984741211,81.80999755859375,82.44000244140625,62.90298080444336,8450500
2014-08-19,82.3499984741211,82.87000274658203,82.12000274658203,82.69000244140625,63.09375,6867700
2014-08-20,82.45999908447266,82.94000244140625,82.45999908447266,82.80999755859375,63.185302734375,4581800
2014-08-21,82.80000305175781,83.47000122070312,82.69000244140625,83.27999877929688,63.54389190673828,7099800
2014-08-22,83.16000366210938,83.66000366210938,83.13999938964844,83.38999938964844,63.627838134765625,6978500
2014-08-25,83.73999786376953,83.81999969482422,83.30999755859375,83.54000091552734,63.74228286743164,5586800
2014-08-26,83.61000061035156,83.83000183105469,83.33000183105469,83.37999725341797,63.62021255493164,5188400
2014-08-27,83.43000030517578,83.5999984741211,83.16000366210938,83.30999755859375,63.56678771972656,4248300
2014-08-28,83.0199966430664,83.22000122070312,82.76000213623047,83.02999877929688,63.35316467285156,4278700
2014-08-29,83.08999633789062,83.12999725341797,82.5999984741211,83.11000061035156,63.414180755615234,4901300
2014-09-02,83.20999908447266,83.48999786376953,82.70999908447266,82.9800033569336,63.31498718261719,5528900
2014-09-03,83.26000213623047,83.4800033569336,82.7699966430664,82.9000015258789,63.25395965576172,5851800
2014-09-04,82.91999816894531,83.75,82.77999877929688,83.69999694824219,63.86436080932617,7444200
2014-09-05,83.44000244140625,83.80000305175781,83.06999969482422,83.7699966430664,63.91775894165039,5888900
2014-09-08,83.56999969482422,83.5999984741211,83.12999725341797,83.31999969482422,63.57440185546875,4899600
2014-09-09,83.05000305175781,83.29000091552734,82.83000183105469,82.98999786376953,63.32263946533203,5202900
2014-09-10,83.19999694824219,83.95999908447266,83.1500015258789,83.63999938964844,63.81858825683594,6715300
2014-09-11,83.61000061035156,83.75,83.37000274658203,83.48999786376953,63.70412063598633,6341600
2014-09-12,83.20999908447266,83.37999725341797,82.86000061035156,83.26000213623047,63.52864456176758,6358500
2014-09-15,83.18000030517578,84.25,83.13999938964844,83.87000274658203,63.99407958984375,7004700
2014-09-16,83.58000183105469,84.44999694824219,83.55999755859375,84.08000183105469,64.1543197631836,7143800
2014-09-17,84.0199966430664,84.5,83.93000030517578,84.16000366210938,64.21537017822266,8273800
2014-09-18,84.18000030517578,84.44000244140625,84.06999969482422,84.19000244140625,64.2382583618164,5309200
2014-09-19,84.5199966430664,84.7699966430664,84.18000030517578,84.47000122070312,64.4518814086914,11377700
2014-09-22,84.63999938964844,84.94999694824219,84.48999786376953,84.80999755859375,64.71131896972656,8397100
2014-09-23,84.6500015258789,84.91999816894531,84.44000244140625,84.44000244140625,64.42899322509766,7723500
2014-09-24,84.33000183105469,85.4000015258789,84.33000183105469,85.23999786376953,65.03941345214844,11694700
2014-09-25,85.0199966430664,85.12999725341797,84.33000183105469,84.33000183105469,64.34502410888672,8212300
2014-09-26,84.54000091552734,84.73999786376953,83.86000061035156,84.58000183105469,64.53581237792969,5478000
2014-09-29,84.11000061035156,84.47000122070312,83.66000366210938,84.44000244140625,64.42899322509766,6360000
2014-09-30,84.33999633789062,84.36000061035156,83.68000030517578,83.73999786376953,63.894893646240234,8074700
2014-10-01,84.0199966430664,84.04000091552734,83.02999877929688,83.13999938964844,63.43708419799805,9024700
2014-10-02,83.0999984741211,83.97000122070312,82.94999694824219,83.05000305175781,63.368438720703125,8858400
2014-10-03,83.44000244140625,83.94999694824219,82.87999725341797,83.79000091552734,63.93305969238281,6701500
2014-10-06,83.56999969482422,83.94000244140625,83.19000244140625,83.56999969482422,63.76516342163086,5656500
2014-10-07,83.37999725341797,83.91999816894531,83.12000274658203,83.16000366210938,63.452354431152344,7378200
2014-10-08,83.33999633789062,84.27999877929688,83.20999908447266,84.18000030517578,64.23059844970703,8107100
2014-10-09,84.20999908447266,84.87999725341797,83.52999877929688,83.66000366210938,63.833858489990234,7765700
2014-10-10,83.94999694824219,85.27999877929688,83.91000366210938,84.69000244140625,64.61975860595703,13732400
2014-10-13,84.30999755859375,84.47000122070312,83.30999755859375,83.37000274658203,63.61258316040039,10066100
2014-10-14,83.91000366210938,83.91000366210938,83.02999877929688,83.55000305175781,63.74993133544922,8210300
2014-10-15,82.58999633789062,83.58000183105469,81.76000213623047,82.94999694824219,63.2921142578125,13283200
2014-10-16,81.6500015258789,82.80000305175781,81.56999969482422,82.23999786376953,62.75035095214844,11310200
2014-10-17,82.94999694824219,83.4800033569336,82.02999877929688,83.2699966430664,63.536285400390625,11786600
2014-10-20,83.25,84.33000183105469,82.83000183105469,84.18000030517578,64.23059844970703,8558100
2014-10-21,84.47000122070312,84.63999938964844,83.66000366210938,84.61000061035156,64.55874633789062,12389600
2014-10-22,84.05999755859375,84.58999633789062,83.91999816894531,84.2300033569336,64.76170349121094,9747600
2014-10-23,84.26000213623047,84.33000183105469,82.30000305175781,83.2300033569336,63.99283218383789,14292100
2014-10-24,85.0999984741211,85.97000122070312,84.91000366210938,85.16000366210938,65.47673797607422,13465600
2014-10-27,84.95999908447266,86.4800033569336,84.83000183105469,85.94999694824219,66.08414459228516,10316600
2014-10-28,86.19999694824219,86.6500015258789,86.16999816894531,86.47000122070312,66.48396301269531,9437700
2014-10-29,86.66999816894531,86.66999816894531,85.91000366210938,86.54000091552734,66.53779602050781,6880600
2014-10-30,86.16000366210938,87.0,85.66999816894531,86.94000244140625,66.8453369140625,5560300
2014-10-31,87.08000183105469,87.36000061035156,86.70999908447266,87.2699966430664,67.09906005859375,9359800
2014-11-03,86.66000366210938,87.38999938964844,86.19999694824219,87.37999725341797,67.18362426757812,7789500
2014-11-04,87.48999786376953,88.87000274658203,87.44000244140625,88.63999938964844,68.15241241455078,10594800
2014-11-05,88.73999786376953,89.48999786376953,88.36000061035156,89.0,68.42919921875,8462000
2014-11-06,89.08000183105469,89.19999694824219,88.56999969482422,88.9000015258789,68.35230255126953,6628900
2014-11-07,88.73999786376953,89.19999694824219,88.25,89.12999725341797,68.52912902832031,5975700
2014-11-10,88.91999816894531,89.5,88.26000213623047,89.44999694824219,68.77519226074219,5927100
2014-11-11,89.37999725341797,89.79000091552734,89.16999816894531,89.66999816894531,68.94435119628906,6343900
2014-11-12,89.5999984741211,89.87999725341797,89.41999816894531,89.4800033569336,68.79825592041016,6298700
2014-11-13,88.94000244140625,89.83999633789062,88.45999908447266,88.5999984741211,68.12165069580078,10191600
2014-11-14,88.69999694824219,88.88999938964844,87.93000030517578,88.11000061035156,67.74491119384766,7559400
2014-11-17,88.0,88.18000030517578,87.37000274658203,87.83999633789062,67.53730010986328,9475800
2014-11-18,88.0199966430664,88.18000030517578,87.48999786376953,87.94999694824219,67.62187194824219,6419400
2014-11-19,88.23999786376953,88.87000274658203,87.93000030517578,88.7300033569336,68.22159576416016,6570400
2014-11-20,88.33000183105469,88.80000305175781,88.33000183105469,88.47000122070312,68.02169799804688,5527600
2014-11-21,89.26000213623047,89.43000030517578,88.45999908447266,88.5999984741211,68.12165069580078,8984100
2014-11-24,88.87999725341797,88.88999938964844,87.86000061035156,88.11000061035156,67.74491119384766,5569200
2014-11-25,88.36000061035156,88.81999969482422,88.08000183105469,88.80000305175781,68.2754135131836,6439700
2014-11-26,88.83000183105469,88.87999725341797,88.44999694824219,88.87999725341797,68.33692932128906,4420000
2014-11-28,89.08999633789062,90.55999755859375,88.97000122070312,90.43000030517578,69.5286865234375,7661800
2014-12-01,90.16999816894531,90.66999816894531,89.5199966430664,90.08000183105469,69.25955963134766,6745100
2014-12-02,90.44000244140625,91.16999816894531,90.12000274658203,91.06999969482422,70.0207290649414,7432900
2014-12-03,90.83999633789062,90.97000122070312,89.63999938964844,90.0,69.19807434082031,6465600
2014-12-04,90.5,90.94000244140625,90.0999984741211,90.58000183105469,69.64396667480469,6406700
2014-12-05,90.31999969482422,90.41999816894531,89.20999908447266,90.37999725341797,69.49024200439453,6383400
2014-12-08,90.33999633789062,91.0,90.31999969482422,90.76000213623047,69.78240966796875,4721900
2014-12-09,90.47000122070312,90.77999877929688,89.87000274658203,90.70999908447266,69.74394226074219,5704000
2014-12-10,90.94999694824219,91.0999984741211,89.95999908447266,90.0,69.19807434082031,6293300
2014-12-11,90.0,91.27999877929688,89.9800033569336,90.41000366210938,69.51329803466797,6468700
2014-12-12,90.01000213623047,90.97000122070312,89.52999877929688,89.55000305175781,68.8520736694336,6574600
2014-12-15,89.69999694824219,90.5999984741211,89.02999877929688,89.19999694824219,68.58296966552734,6511900
2014-12-16,89.13999938964844,90.95999908447266,88.37999725341797,89.36000061035156,68.70597839355469,8773800
2014-12-17,89.55999755859375,91.16000366210938,89.4000015258789,90.69999694824219,69.73626708984375,7412700
2014-12-18,91.01000213623047,92.0,90.55000305175781,92.0,70.73579406738281,8724500
2014-12-19,92.1500015258789,92.7300033569336,91.76000213623047,92.05000305175781,70.77423858642578,14037800
2014-12-22,92.0999984741211,92.7300033569336,92.0,92.5999984741211,71.19711303710938,7157100
2014-12-23,92.73999786376953,93.4800033569336,92.69999694824219,93.29000091552734,71.72762298583984,5610600
2014-12-24,93.5,93.88999938964844,93.13999938964844,93.13999938964844,71.61227416992188,2403000
2014-12-26,93.1500015258789,93.80999755859375,93.05999755859375,93.45999908447266,71.85834503173828,3148700
2014-12-29,93.12000274658203,93.43000030517578,92.5,92.63999938964844,71.22786712646484,4657700
2014-12-30,92.25,92.81999969482422,92.0999984741211,92.4000015258789,71.04334259033203,4730000
2014-12-31,92.04000091552734,92.55000305175781,91.02999877929688,91.08999633789062,70.03614044189453,5712100
2015-01-02,90.83999633789062,91.0,89.91999816894531,90.44000244140625,69.53639221191406,7251400
2015-01-05,90.2300033569336,91.0,89.8499984741211,90.01000213623047,69.20575714111328,8626100
2015-01-06,90.30999755859375,90.55999755859375,89.26000213623047,89.5999984741211,68.8905029296875,7791200
2015-01-07,89.94000244140625,90.37000274658203,89.55999755859375,90.06999969482422,69.25186920166016,5986600
2015-01-08,90.4800033569336,91.2300033569336,90.12999725341797,91.0999984741211,70.04380798339844,6823300
2015-01-09,91.18000030517578,91.18000030517578,90.12000274658203,90.25,69.39028930664062,4872800
2015-01-12,90.4800033569336,90.62000274658203,89.51000213623047,89.91999816894531,69.13655090332031,5250900
2015-01-13,90.77999877929688,91.5,89.7699966430664,90.30000305175781,69.4287109375,6727100
2015-01-14,89.7300033569336,90.16000366210938,89.43000030517578,89.98999786376953,69.19035339355469,6418200
2015-01-15,90.48999786376953,90.5,89.33999633789062,89.86000061035156,69.09040832519531,6768200
2015-01-16,89.94999694824219,91.33999633789062,89.87000274658203,91.25,70.15914154052734,8815700
2015-01-20,91.25,91.79000091552734,90.5,91.19000244140625,70.11299896240234,9869900
2015-01-21,90.4000015258789,91.19000244140625,89.62999725341797,90.7300033569336,70.25552368164062,6974500
2015-01-22,91.04000091552734,91.69000244140625,89.87000274658203,91.62000274658203,70.94466400146484,7211200
2015-01-23,91.16999816894531,91.19000244140625,89.94999694824219,90.08000183105469,69.75218200683594,6745700
2015-01-26,89.94999694824219,89.94999694824219,88.73999786376953,89.58000183105469,69.36502838134766,9371700
2015-01-27,87.0999984741211,87.20999908447266,86.0199966430664,86.48999786376953,66.97230529785156,14417400
2015-01-28,86.62999725341797,86.91000366210938,85.01000213623047,85.1500015258789,65.93470764160156,14033400
2015-01-29,85.77999877929688,86.11000061035156,85.1500015258789,85.66999816894531,66.33734130859375,12054500
2015-01-30,85.08999633789062,85.22000122070312,84.25,84.29000091552734,65.26876831054688,14685300
2015-02-02,84.58000183105469,85.13999938964844,83.68000030517578,85.12000274658203,65.91146850585938,10278700
2015-02-03,85.94999694824219,86.0,85.12000274658203,85.94999694824219,66.55414581298828,10747900
2015-02-04,85.88999938964844,86.4800033569336,85.55000305175781,85.79000091552734,66.43028259277344,9212800
2015-02-05,86.23999786376953,86.77999877929688,86.0999984741211,86.69999694824219,67.13491821289062,6531300
2015-02-06,86.55999755859375,86.61000061035156,85.1500015258789,85.61000061035156,66.29086303710938,8429800
2015-02-09,85.30999755859375,85.43000030517578,84.58999633789062,85.05000305175781,65.8572769165039,8811500
2015-02-10,85.33000183105469,85.56999969482422,84.81999969482422,85.38999938964844,66.12053680419922,7059300
2015-02-11,85.94999694824219,86.19999694824219,85.1500015258789,85.63999938964844,66.31411743164062,7184600
2015-02-12,86.05999755859375,86.1500015258789,85.41000366210938,86.02999877929688,66.61612701416016,6074600
2015-02-13,86.02999877929688,86.1500015258789,85.5,85.9000015258789,66.51544189453125,6272000
2015-02-17,86.05999755859375,86.05999755859375,85.0,85.48999786376953,66.19794464111328,10310400
2015-02-18,85.76000213623047,86.38999938964844,85.5199966430664,86.26000213623047,66.79419708251953,8132300
2015-02-19,86.11000061035156,86.30000305175781,85.05000305175781,85.20999908447266,65.98116302490234,7271600
2015-02-20,84.94999694824219,85.05000305175781,84.19000244140625,84.87000274658203,65.71788024902344,9581300
2015-02-23,84.95999908447266,85.5,84.6500015258789,85.38999938964844,66.12053680419922,7919200
2015-02-24,85.51000213623047,85.73999786376953,85.01000213623047,85.5,66.2057113647461,6502200
2015-02-25,85.69999694824219,85.80000305175781,85.23999786376953,85.45999908447266,66.17474365234375,5975800
2015-02-26,85.41999816894531,85.76000213623047,84.88999938964844,85.16999816894531,65.95018768310547,7964500
2015-02-27,85.0199966430664,85.37999725341797,84.56999969482422,85.12999725341797,65.91920471191406,7685000
2015-03-02,85.12999725341797,85.41000366210938,84.83999633789062,85.41000366210938,66.13602447509766,7235200
2015-03-03,85.3499984741211,85.44000244140625,84.54000091552734,85.16000366210938,65.94241333007812,6095600
2015-03-04,85.04000091552734,85.23999786376953,84.20999908447266,84.3499984741211,65.31520080566406,7370000
2015-03-05,84.62000274658203,84.76000213623047,84.08999633789062,84.62999725341797,65.53203582763672,5914200
2015-03-06,84.33999633789062,84.37000274658203,82.37000274658203,82.66000366210938,64.00658416748047,11338700
2015-03-09,82.79000091552734,83.20999908447266,82.68000030517578,83.08999633789062,64.33956909179688,7326700
2015-03-10,82.47000122070312,82.87999725341797,81.54000091552734,81.54000091552734,63.13934326171875,9681400
2015-03-11,81.52999877929688,81.77999877929688,80.80999755859375,81.38999938964844,63.023189544677734,10066600
2015-03-12,81.58999633789062,82.12000274658203,81.51000213623047,82.08999633789062,63.565223693847656,6951100
2015-03-13,81.9800033569336,82.27999877929688,81.1500015258789,81.83000183105469,63.36387634277344,7492500
2015-03-16,82.08000183105469,83.94999694824219,81.98999786376953,83.55999755859375,64.70352172851562,15618300
2015-03-17,83.36000061035156,83.37000274658203,82.43000030517578,82.8499984741211,64.15373229980469,7509300
2015-03-18,82.86000061035156,84.05000305175781,82.0199966430664,83.75,64.85063171386719,12607900
2015-03-19,83.45999908447266,83.75,83.12000274658203,83.37999725341797,64.56411743164062,9257500
2015-03-20,83.98999786376953,84.79000091552734,83.7699966430664,84.73999786376953,65.61722564697266,22580300
2015-03-23,84.37000274658203,85.05000305175781,84.36000061035156,84.86000061035156,65.71015930175781,9891100
2015-03-24,84.88999938964844,85.11000061035156,83.87000274658203,83.91999816894531,64.98228454589844,7478800
2015-03-25,84.37000274658203,84.37000274658203,82.86000061035156,83.01000213623047,64.27762603759766,8482200
2015-03-26,82.58000183105469,82.61000061035156,81.94999694824219,82.1500015258789,63.61167907714844,7311600
2015-03-27,82.08000183105469,82.54000091552734,81.98999786376953,82.30999755859375,63.73557662963867,6440600
2015-03-30,82.62999725341797,82.94999694824219,82.1500015258789,82.72000122070312,64.05303955078125,6416800
2015-03-31,82.76000213623047,82.93000030517578,81.94000244140625,81.94000244140625,63.449058532714844,8649700
2015-04-01,82.44000244140625,82.44999694824219,81.44999694824219,82.31999969482422,63.74333190917969,7395300
2015-04-02,82.16999816894531,82.58999633789062,81.91999816894531,82.43000030517578,63.82849884033203,6169800
2015-04-06,81.91999816894531,83.2300033569336,81.51000213623047,83.04000091552734,64.30086517333984,6856300
2015-04-07,82.93000030517578,83.29000091552734,82.33000183105469,82.38999938964844,63.79752731323242,6329900
2015-04-08,82.30000305175781,83.18000030517578,82.2699966430664,82.7699966430664,64.09178924560547,6523400
2015-04-09,82.62999725341797,82.94999694824219,82.01000213623047,82.88999938964844,64.18470001220703,6185000
2015-04-10,82.80000305175781,83.62999725341797,82.72000122070312,83.3499984741211,64.54087829589844,7001700
2015-04-13,83.0,83.94999694824219,82.94000244140625,83.43000030517578,64.60285186767578,8290500
2015-04-14,83.38999938964844,83.87999725341797,83.05000305175781,83.5999984741211,64.73448181152344,6792600
2015-04-15,83.8499984741211,84.19999694824219,83.4800033569336,83.51000213623047,64.664794921875,7006400
2015-04-16,83.55999755859375,84.06999969482422,83.3499984741211,83.5,64.65705871582031,7615900
2015-04-17,83.0,83.22000122070312,82.02999877929688,82.52999877929688,63.90593719482422,9533800
2015-04-20,83.08999633789062,83.9800033569336,82.80000305175781,82.87000274658203,64.1692123413086,7416000
2015-04-21,83.38999938964844,83.80000305175781,82.9000015258789,83.08000183105469,64.33182525634766,7696400
2015-04-22,83.22000122070312,83.33999633789062,82.5999984741211,83.08999633789062,64.33956909179688,6753100
2015-04-23,81.41999816894531,82.0999984741211,80.9000015258789,80.94999694824219,63.186683654785156,14569500
2015-04-24,81.04000091552734,81.52999877929688,80.9000015258789,81.0,63.22569274902344,8785500
2015-04-27,80.91000366210938,81.19999694824219,80.47000122070312,80.5999984741211,62.91345977783203,9192300
2015-04-28,80.7300033569336,80.81999969482422,80.19000244140625,80.41999816894531,62.77296447753906,8395500
2015-04-29,80.0,80.30999755859375,79.72000122070312,79.8499984741211,62.32805252075195,11858500
2015-04-30,79.94999694824219,80.1500015258789,79.06999969482422,79.51000213623047,62.06267547607422,9409300
2015-05-01,79.76000213623047,80.31999969482422,79.62999725341797,80.29000091552734,62.6714973449707,8193000
2015-05-04,80.4800033569336,80.97000122070312,80.30000305175781,80.3499984741211,62.718326568603516,7203800
2015-05-05,80.5,80.6500015258789,79.77999877929688,80.06999969482422,62.49977493286133,6589400
2015-05-06,80.33999633789062,80.58000183105469,79.5199966430664,80.4000015258789,62.757381439208984,7335700
2015-05-07,80.37000274658203,80.55000305175781,80.0,80.19999694824219,62.60124969482422,7224300
2015-05-08,80.88999938964844,81.20999908447266,80.81999969482422,80.95999908447266,63.1944694519043,6929400
2015-05-11,80.94999694824219,80.98999786376953,80.26000213623047,80.2699966430664,62.65584945678711,5237800
2015-05-12,80.02999877929688,80.29000091552734,79.36000061035156,79.94999694824219,62.40610122680664,6305800
2015-05-13,80.16000366210938,80.58999633789062,79.55000305175781,79.69999694824219,62.210941314697266,6459900
2015-05-14,80.11000061035156,80.69000244140625,80.08999633789062,80.56999969482422,62.89006805419922,5634200
2015-05-15,80.83000183105469,81.12000274658203,80.7300033569336,81.05000305175781,63.26472091674805,7454800
2015-05-18,80.97000122070312,81.12999725341797,80.5,80.73999786376953,63.022762298583984,5590800
2015-05-19,80.75,80.94999694824219,80.33000183105469,80.83000183105469,63.093013763427734,5729500
2015-05-20,80.93000030517578,81.0,80.44999694824219,80.4800033569336,62.81980895996094,5487000
2015-05-21,80.16999816894531,80.58000183105469,79.83999633789062,80.41000366210938,62.76516342163086,6054700
2015-05-22,80.23999786376953,80.4000015258789,79.91999816894531,79.94999694824219,62.40610122680664,6003600
2015-05-26,79.97000122070312,80.06999969482422,78.94000244140625,79.13999938964844,61.773841857910156,6698300
2015-05-27,79.22000122070312,79.94000244140625,79.08999633789062,79.38999938964844,61.968994140625,8094600
2015-05-28,79.43000030517578,79.44999694824219,79.0199966430664,79.33000183105469,61.92215347290039,5803400
2015-05-29,79.18000030517578,79.23999786376953,78.19000244140625,78.38999938964844,61.188419342041016,12551700
2015-06-01,78.6500015258789,79.06999969482422,78.2699966430664,78.8499984741211,61.54751205444336,7588000
2015-06-02,78.45999908447266,78.72000122070312,78.16999816894531,78.54000091552734,61.30551528930664,7380800
2015-06-03,78.91000366210938,78.93000030517578,78.2699966430664,78.55999755859375,61.32111358642578,5985800
2015-06-04,78.41000366210938,78.83999633789062,78.05999755859375,78.1500015258789,61.00106430053711,7714600
2015-06-05,78.04000091552734,78.12000274658203,77.37000274658203,77.43000030517578,60.43909454345703,9439700
2015-06-08,77.4800033569336,77.9800033569336,77.0999984741211,77.70999908447266,60.65766525268555,10916200
2015-06-09,77.97000122070312,79.33000183105469,77.81999969482422,78.9000015258789,61.58651351928711,11528900
2015-06-10,79.2300033569336,79.79000091552734,79.01000213623047,79.54000091552734,62.08607864379883,9483500
2015-06-11,79.93000030517578,79.93000030517578,79.23999786376953,79.41000366210938,61.984588623046875,7633300
2015-06-12,79.16999816894531,79.31999969482422,78.56999969482422,78.87000274658203,61.5631103515625,6508600
2015-06-15,78.33000183105469,78.45999908447266,77.93000030517578,78.12000274658203,60.97768783569336,7527900
2015-06-16,79.5999984741211,79.5999984741211,78.54000091552734,79.0999984741211,61.74261474609375,8285700
2015-06-17,79.19999694824219,80.19000244140625,79.16000366210938,80.08000183105469,62.507606506347656,9305800
2015-06-18,80.33000183105469,81.22000122070312,80.30000305175781,80.81999969482422,63.0851936340332,10712500
2015-06-19,80.70999908447266,81.19999694824219,80.4800033569336,80.54000091552734,62.86665725708008,15598800
2015-06-22,80.91999816894531,81.18000030517578,80.33000183105469,80.44999694824219,62.79637908935547,6907900
2015-06-23,80.33000183105469,80.44999694824219,79.62000274658203,79.79000091552734,62.28120803833008,7190600
2015-06-24,79.80000305175781,79.8499984741211,79.5,79.51000213623047,62.06267547607422,8843700
2015-06-25,79.70999908447266,79.9000015258789,79.38999938964844,79.38999938964844,61.968994140625,5855700
2015-06-26,79.54000091552734,79.73999786376953,79.27999877929688,79.33999633789062,61.92996597290039,7703200
2015-06-29,78.94999694824219,79.37000274658203,78.26000213623047,78.31999969482422,61.1337890625,7966200
2015-06-30,78.91999816894531,79.01000213623047,78.12999725341797,78.23999786376953,61.07133483886719,8451400
2015-07-01,78.38999938964844,79.7699966430664,78.12000274658203,79.72000122070312,62.2265739440918,8868000
2015-07-02,80.01000213623047,80.3499984741211,79.7699966430664,79.93000030517578,62.390499114990234,6602500
2015-07-06,79.61000061035156,80.22000122070312,79.5,80.05000305175781,62.484169006347656,6601200
2015-07-07,80.05999755859375,81.83000183105469,80.05999755859375,81.72000122070312,63.78771209716797,11690400
2015-07-08,81.20999908447266,81.69000244140625,80.88999938964844,80.98999786376953,63.21790313720703,6724700
2015-07-09,81.75,82.0,80.5199966430664,80.66000366210938,62.96030807495117,10419800
2015-07-10,81.2300033569336,81.36000061035156,80.76000213623047,80.94999694824219,63.186683654785156,6892500
2015-07-13,81.5199966430664,82.04000091552734,81.33999633789062,81.91000366210938,63.936031341552734,7332900
2015-07-14,82.04000091552734,82.45999908447266,81.9800033569336,82.04000091552734,64.0374755859375,6119500
2015-07-15,81.91000366210938,82.31999969482422,81.83999633789062,82.1500015258789,64.12334442138672,6673700
2015-07-16,82.44999694824219,82.55000305175781,82.0999984741211,82.30000305175781,64.24043273925781,6623400
2015-07-17,81.88999938964844,82.37999725341797,81.5999984741211,82.23999786376953,64.19359588623047,5827300
2015-07-20,82.08999633789062,82.3499984741211,82.0,82.19000244140625,64.1545639038086,5012900
2015-07-21,82.01000213623047,82.12999725341797,81.37000274658203,81.62999725341797,63.717464447021484,7512400
2015-07-22,81.02999877929688,81.30000305175781,80.66999816894531,80.83000183105469,63.609649658203125,6106400
2015-07-23,80.83000183105469,80.88999938964844,80.13999938964844,80.69999694824219,63.50735092163086,5380900
2015-07-24,80.51000213623047,80.7300033569336,80.2300033569336,80.29000091552734,63.1846923828125,5660800
2015-07-27,79.83000183105469,80.06999969482422,79.43000030517578,79.97000122070312,62.932865142822266,8613600
2015-07-28,80.13999938964844,80.66000366210938,79.91000366210938,80.2300033569336,63.137474060058594,8649900
2015-07-29,80.26000213623047,80.98999786376953,80.16000366210938,80.62000274658203,63.44437789916992,8921500
2015-07-30,79.4000015258789,79.4800033569336,77.1500015258789,77.38999938964844,60.90250015258789,22067800
2015-07-31,77.62999725341797,77.73999786376953,76.66000366210938,76.69999694824219,60.35951614379883,11877200
2015-08-03,76.51000213623047,77.08999633789062,76.01000213623047,76.4000015258789,60.12340545654297,9511300
2015-08-04,76.02999877929688,76.33999633789062,75.75,75.91000366210938,59.737823486328125,13369100
2015-08-05,76.05000305175781,76.54000091552734,75.75,75.7699966430664,59.62765121459961,10895400
2015-08-06,76.01000213623047,76.01000213623047,75.25,75.73999786376953,59.60401916503906,9353300
2015-08-07,75.58999633789062,75.72000122070312,75.33999633789062,75.4800033569336,59.39943313598633,10045400
2015-08-10,75.94999694824219,76.5,75.80000305175781,76.37999725341797,60.10768508911133,9165900
2015-08-11,76.04000091552734,76.44999694824219,75.80999755859375,76.22000122070312,59.981773376464844,7491900
2015-08-12,75.88999938964844,76.43000030517578,75.33999633789062,76.38999938964844,60.11555862426758,10397700
2015-08-13,76.48999786376953,76.51000213623047,75.62999725341797,75.77999877929688,59.635520935058594,5948000
2015-08-14,75.73999786376953,75.80999755859375,75.37999725341797,75.62000274658203,59.50960922241211,5586900
2015-08-17,75.80999755859375,75.80999755859375,74.75,75.52999877929688,59.43876647949219,8683900
2015-08-18,75.58000183105469,75.80000305175781,75.0,75.12999725341797,59.12397766113281,7445900
2015-08-19,74.93000030517578,74.93000030517578,74.0199966430664,74.12000274658203,58.32918930053711,9865300
2015-08-20,73.75,74.72000122070312,73.45999908447266,73.91000366210938,58.16392135620117,10696500
2015-08-21,73.55000305175781,73.9000015258789,71.83000183105469,71.83999633789062,56.5349006652832,15763900
2015-08-24,68.56999969482422,71.06999969482422,65.0199966430664,69.13999938964844,54.41012191772461,23696300
2015-08-25,72.18000030517578,72.2300033569336,68.30000305175781,68.41999816894531,53.84351348876953,21476900
2015-08-26,69.9000015258789,71.0,68.94999694824219,70.9000015258789,55.795162200927734,17464700
2015-08-27,71.4000015258789,71.75,70.0199966430664,71.4800033569336,56.25160598754883,13434000
2015-08-28,71.16999816894531,71.2699966430664,70.58999633789062,71.20999908447266,56.03914260864258,10020000
2015-08-31,71.0,71.0,70.30000305175781,70.66999816894531,55.614173889160156,9520900
2015-09-01,69.37000274658203,69.87999725341797,68.5199966430664,68.9000015258789,54.22127151489258,15437700
2015-09-02,69.6500015258789,69.8499984741211,69.22000122070312,69.80999755859375,54.9373893737793,8903700
2015-09-03,70.18000030517578,70.45999908447266,69.69999694824219,69.93000030517578,55.03183364868164,8468300
2015-09-04,69.27999877929688,69.27999877929688,68.5,68.76000213623047,54.11109161376953,11497500
2015-09-08,70.30999755859375,70.44000244140625,69.55999755859375,69.9800033569336,55.0711784362793,9182300
2015-09-09,70.44000244140625,70.54000091552734,68.37000274658203,68.4800033569336,53.89072799682617,11070600
2015-09-10,68.12000274658203,68.94999694824219,67.75,68.31999969482422,53.76482391357422,12591100
2015-09-11,68.05999755859375,68.51000213623047,67.7300033569336,68.41999816894531,53.84351348876953,11291400
2015-09-14,68.2300033569336,68.30000305175781,67.33000183105469,68.05999755859375,53.560211181640625,9712800
2015-09-15,68.0199966430664,69.73999786376953,67.9000015258789,69.44999694824219,54.65407180786133,11043700
2015-09-16,70.12000274658203,70.36000061035156,69.69999694824219,70.0999984741211,55.165611267089844,8704200
2015-09-17,70.0,71.2699966430664,69.86000061035156,70.23999786376953,55.27578353881836,11029600
2015-09-18,69.44000244140625,70.77999877929688,69.37000274658203,69.94000244140625,55.03969955444336,18210200
2015-09-21,70.1500015258789,70.87999725341797,70.01000213623047,70.6500015258789,55.59842300415039,7742800
2015-09-22,70.05999755859375,70.6500015258789,69.9800033569336,70.19000244140625,55.23643112182617,10207800
2015-09-23,70.18000030517578,70.48999786376953,69.95999908447266,70.26000213623047,55.29151153564453,6294200
2015-09-24,69.81999969482422,71.58000183105469,69.73999786376953,71.36000061035156,56.15717697143555,13423500
2015-09-25,72.38999938964844,73.37999725341797,71.94999694824219,72.66999816894531,57.18808364868164,15080700
2015-09-28,72.30999755859375,72.66999816894531,71.75,71.7699966430664,56.47983169555664,9207300
2015-09-29,71.7699966430664,72.41000366210938,71.3499984741211,72.27999877929688,56.88115310668945,9033300
2015-09-30,72.86000061035156,73.05999755859375,71.55000305175781,71.94000244140625,56.613609313964844,11041900
2015-10-01,71.76000213623047,72.18000030517578,71.4000015258789,71.94999694824219,56.6214714050293,8547600
2015-10-02,71.36000061035156,72.41999816894531,71.29000091552734,72.41999816894531,56.991336822509766,9085600
2015-10-05,72.97000122070312,73.43000030517578,72.5,73.22000122070312,57.62091064453125,9187700
2015-10-06,73.33999633789062,73.77999877929688,72.58999633789062,73.4000015258789,57.7625617980957,8851500
2015-10-07,73.72000122070312,73.87000274658203,73.31999969482422,73.72000122070312,58.01437759399414,8013200
2015-10-08,73.68000030517578,74.44000244140625,73.48999786376953,74.4000015258789,58.54951477050781,6856600
2015-10-09,74.58999633789062,74.91000366210938,74.31999969482422,74.4800033569336,58.61246109008789,6880100
2015-10-12,74.69000244140625,74.76000213623047,73.91000366210938,74.33000183105469,58.49442672729492,6255900
2015-10-13,74.23999786376953,74.27999877929688,73.66000366210938,74.11000061035156,58.321285247802734,8390200
2015-10-14,74.20999908447266,74.61000061035156,73.9000015258789,74.20999908447266,58.39997863769531,8479200
2015-10-15,74.63999938964844,74.83999633789062,74.02999877929688,74.2699966430664,58.447200775146484,8607400
2015-10-16,74.72000122070312,75.04000091552734,74.33999633789062,74.9000015258789,58.94300842285156,9578900
2015-10-19,74.6500015258789,75.19000244140625,74.52999877929688,75.16000366210938,59.147621154785156,7292200
2015-10-20,74.87000274658203,75.05000305175781,74.16000366210938,74.43000030517578,58.5731086730957,8531900
2015-10-21,73.75,74.54000091552734,73.5,73.58999633789062,58.43259048461914,8302100
2015-10-22,73.86000061035156,75.61000061035156,73.61000061035156,74.8499984741211,59.43305206298828,14080900
2015-10-23,76.76000213623047,78.44999694824219,76.30999755859375,77.02999877929688,61.16403579711914,16451200
2015-10-26,77.0,77.9000015258789,77.0,77.48999786376953,61.52928924560547,11464700
2015-10-27,77.12000274658203,77.36000061035156,76.80999755859375,77.29000091552734,61.37049865722656,9423400
2015-10-28,77.38999938964844,77.54000091552734,75.69000244140625,76.51000213623047,60.75114059448242,10178400
2015-10-29,76.75,77.19000244140625,76.23999786376953,77.0199966430664,61.15610885620117,8230700
2015-10-30,76.9800033569336,77.13999938964844,76.37999725341797,76.37999725341797,60.64791488647461,9547700
2015-11-02,76.56999969482422,76.7699966430664,76.05000305175781,76.5999984741211,60.82259750366211,7152900
2015-11-03,76.30000305175781,77.41999816894531,75.95999908447266,77.05000305175781,61.1799201965332,8013200
2015-11-04,77.02999877929688,77.13999938964844,76.51000213623047,77.05999755859375,61.18785095214844,6375400
2015-11-05,77.08999633789062,77.26000213623047,75.95999908447266,76.38999938964844,60.65586853027344,6860900
2015-11-06,75.87999725341797,76.0,74.69000244140625,75.56999969482422,60.00475311279297,9483500
2015-11-09,75.19000244140625,75.62999725341797,74.93000030517578,75.4000015258789,59.86977767944336,8607200
2015-11-10,75.37999725341797,76.23999786376953,75.2300033569336,75.7699966430664,60.163570404052734,6551000
2015-11-11,76.0199966430664,76.43000030517578,75.91999816894531,75.95999908447266,60.31442642211914,5295900
2015-11-12,75.66999816894531,76.01000213623047,74.66000366210938,74.66000366210938,59.28219223022461,7678600
2015-11-13,74.63999938964844,74.9800033569336,73.94999694824219,73.95999908447266,58.726375579833984,8468800
2015-11-16,74.25,75.33000183105469,74.01000213623047,75.30000305175781,59.79035949707031,7410600
2015-11-17,75.33000183105469,76.01000213623047,74.87000274658203,75.06999969482422,59.60773849487305,8761800
2015-11-18,74.9800033569336,75.95999908447266,74.80999755859375,75.9000015258789,60.266788482666016,6447100
2015-11-19,76.13999938964844,76.95999908447266,76.0199966430664,76.22000122070312,60.5208740234375,7899500
2015-11-20,76.55000305175781,76.86000061035156,75.68000030517578,75.81999969482422,60.20327377319336,9533200
2015-11-23,75.81999969482422,76.05999755859375,75.4000015258789,75.97000122070312,60.322364807128906,9421300
2015-11-24,75.62000274658203,76.69000244140625,75.61000061035156,76.44999694824219,60.703487396240234,7086800
2015-11-25,76.52999877929688,76.73999786376953,75.87999725341797,75.9000015258789,60.266788482666016,4266500
2015-11-27,75.88999938964844,76.37000274658203,75.5,75.69999694824219,60.107967376708984,2390100
2015-11-30,75.58000183105469,75.80999755859375,74.83999633789062,74.83999633789062,59.42512893676758,8935700
2015-12-01,74.87000274658203,76.22000122070312,74.87000274658203,75.94000244140625,60.29853820800781,8391700
2015-12-02,75.7300033569336,76.45999908447266,75.6500015258789,75.79000091552734,60.17942810058594,8104200
2015-12-03,75.83000183105469,76.19999694824219,75.16999816894531,75.73999786376953,60.13972473144531,11177800
2015-12-04,75.9800033569336,77.9000015258789,75.91999816894531,77.83000183105469,61.799259185791016,11961000
2015-12-07,77.54000091552734,78.5,77.54000091552734,78.37000274658203,62.228057861328125,9460000
2015-12-08,77.68000030517578,78.5,77.3499984741211,77.75,61.73575973510742,8312700
2015-12-09,77.5999984741211,78.98999786376953,77.44000244140625,77.69999694824219,61.69605255126953,10081900
2015-12-10,77.91000366210938,78.54000091552734,77.56999969482422,77.79000091552734,61.7674674987793,8984200
2015-12-11,77.51000213623047,78.33000183105469,77.11000061035156,77.77999877929688,61.75954055786133,12280500
2015-12-14,77.62999725341797,78.52999877929688,77.44000244140625,78.29000091552734,62.164512634277344,12179000
2015-12-15,78.70999908447266,80.0,78.4800033569336,79.68000030517578,63.26821517944336,14113400
2015-12-16,79.9800033569336,81.2300033569336,79.80000305175781,80.98999786376953,64.30838012695312,14102600
2015-12-17,80.9800033569336,81.02999877929688,80.19999694824219,80.29000091552734,63.75257873535156,9864200
2015-12-18,79.94999694824219,80.12000274658203,78.12999725341797,78.12999725341797,62.0374870300293,21342100
2015-12-21,78.62999725341797,78.9800033569336,78.1500015258789,78.94999694824219,62.68855285644531,9105800
2015-12-22,79.16000366210938,79.75,78.87999725341797,79.5999984741211,63.20469284057617,9872200
2015-12-23,79.94999694824219,80.43000030517578,79.5,79.91999816894531,63.458770751953125,8254600
2015-12-24,79.66000366210938,80.1500015258789,79.5999984741211,79.79000091552734,63.355560302734375,2498000
2015-12-28,79.73999786376953,79.97000122070312,79.47000122070312,79.91999816894531,63.458770751953125,4150000
2015-12-29,80.22000122070312,80.61000061035156,79.8499984741211,80.36000061035156,63.80813217163086,4406100
2015-12-30,80.45999908447266,80.5,80.0,80.06999969482422,63.57789993286133,3793200
2015-12-31,79.91000366210938,80.04000091552734,79.30999755859375,79.41000366210938,63.0538215637207,5077700
2016-01-04,78.36000061035156,78.5,77.54000091552734,78.37000274658203,62.228057861328125,11529800
2016-01-05,78.44000244140625,78.95999908447266,78.20999908447266,78.62000274658203,62.426544189453125,8133700
2016-01-06,77.66999816894531,78.29000091552734,77.12000274658203,77.86000061035156,61.823062896728516,9551000
2016-01-07,76.8499984741211,77.5999984741211,76.06999969482422,77.18000030517578,61.28317642211914,11973900
2016-01-08,77.36000061035156,77.4800033569336,75.66999816894531,75.97000122070312,60.322364807128906,9676400
2016-01-11,76.16999816894531,77.04000091552734,75.5999984741211,76.66999816894531,60.87820053100586,10209200
2016-01-12,77.0,77.0199966430664,75.75,76.51000213623047,60.75114059448242,8774700
2016-01-13,76.97000122070312,76.98999786376953,75.79000091552734,75.8499984741211,60.22710418701172,9310100
2016-01-14,76.0999984741211,76.94999694824219,75.87999725341797,76.1500015258789,60.465301513671875,12835100
2016-01-15,74.5,75.68000030517578,74.47000122070312,74.9800033569336,59.536293029785156,17023900
2016-01-19,75.80000305175781,76.91000366210938,75.72000122070312,76.7300033569336,60.92582702636719,13457300
2016-01-20,75.29000091552734,76.08999633789062,74.45999908447266,75.83000183105469,60.73601531982422,17795000
2016-01-21,76.0199966430664,77.18000030517578,75.41000366210938,76.72000122070312,61.44886016845703,12712900
2016-01-22,77.4000015258789,77.97000122070312,76.55000305175781,77.36000061035156,61.96144485473633,9465800
2016-01-25,77.19999694824219,77.36000061035156,76.55999755859375,76.8499984741211,61.55297088623047,9870400
2016-01-26,78.0,79.58000183105469,77.54000091552734,78.80999755859375,63.12282180786133,16374800
2016-01-27,78.52999877929688,79.8499984741211,78.1500015258789,78.80000305175781,63.11484909057617,10816100
2016-01-28,79.4000015258789,80.0,78.61000061035156,79.81999969482422,63.93178939819336,9895100
2016-01-29,79.9800033569336,82.0,79.83000183105469,81.69000244140625,65.42958068847656,19895000
2016-02-01,81.20999908447266,81.4000015258789,80.52999877929688,81.12000274658203,64.97303771972656,9657200
2016-02-02,80.08999633789062,80.54000091552734,79.80999755859375,80.22000122070312,64.2521743774414,9116400
2016-02-03,80.4800033569336,81.23999786376953,80.0199966430664,81.0999984741211,64.95701599121094,10149600
2016-02-04,80.8499984741211,81.0999984741211,80.33000183105469,80.69999694824219,64.63664245605469,8295100
2016-02-05,80.58000183105469,81.19999694824219,80.56999969482422,81.19999694824219,65.037109375,9957600
2016-02-08,80.29000091552734,82.72000122070312,80.29000091552734,82.62000274658203,66.17445373535156,16530200
2016-02-09,81.83000183105469,83.0,81.0199966430664,82.63999938964844,66.19047546386719,14308900
2016-02-10,82.91000366210938,83.0,81.45999908447266,81.62000274658203,65.3735122680664,10585400
2016-02-11,80.38999938964844,80.98999786376953,79.62999725341797,79.9000015258789,63.995872497558594,12343900
2016-02-12,80.36000061035156,81.0199966430664,79.79000091552734,80.98999786376953,64.86888885498047,9306100
2016-02-16,81.98999786376953,81.98999786376953,80.83999633789062,81.47000122070312,65.25337982177734,9352600
2016-02-17,81.6500015258789,82.83000183105469,81.51000213623047,82.44999694824219,66.03828430175781,10892900
2016-02-18,82.2300033569336,82.31999969482422,81.20999908447266,81.9800033569336,65.6618423461914,7702600
2016-02-19,81.95999908447266,82.26000213623047,81.4000015258789,81.79000091552734,65.5096664428711,7709600
2016-02-22,81.79000091552734,82.66999816894531,81.70999908447266,82.12999725341797,65.78199005126953,6916500
2016-02-23,82.0,82.45999908447266,81.61000061035156,81.80999755859375,65.52568817138672,5840600
2016-02-24,81.26000213623047,81.63999938964844,80.66000366210938,81.55999755859375,65.325439453125,6759800
2016-02-25,81.69999694824219,82.33999633789062,81.47000122070312,82.33999633789062,65.95018768310547,6789700
2016-02-26,82.5199966430664,82.6500015258789,80.94999694824219,81.0999984741211,64.95701599121094,9281100
2016-02-29,81.0999984741211,81.3499984741211,80.20999908447266,80.29000091552734,64.3082504272461,11065300
2016-03-01,80.54000091552734,81.36000061035156,80.52999877929688,81.2300033569336,65.06112670898438,9483900
2016-03-02,81.58000183105469,82.66000366210938,80.8499984741211,82.55000305175781,66.1183853149414,12096600
2016-03-03,82.54000091552734,82.93000030517578,82.18000030517578,82.83999633789062,66.35067749023438,8747100
2016-03-04,82.62000274658203,83.73999786376953,82.26000213623047,83.48999786376953,66.87125396728516,9406700
2016-03-07,83.18000030517578,83.69999694824219,83.0,83.0999984741211,66.55892944335938,6792400
2016-03-08,82.97000122070312,83.75,82.66999816894531,83.05999755859375,66.52686309814453,7788400
2016-03-09,83.30000305175781,83.69000244140625,82.68000030517578,82.95999908447266,66.44677734375,8954800
2016-03-10,83.12999725341797,83.2300033569336,81.75,82.27999877929688,65.9021224975586,10385600
2016-03-11,82.75,82.80000305175781,81.44000244140625,81.75,65.47762298583984,11109500
2016-03-14,81.56999969482422,81.8499984741211,80.68000030517578,81.16999816894531,65.01307678222656,12389300
2016-03-15,81.0,81.45999908447266,80.76000213623047,81.30999755859375,65.12521362304688,9297800
2016-03-16,81.30999755859375,81.80000305175781,80.4800033569336,81.33999633789062,65.14925384521484,9490300
2016-03-17,81.29000091552734,83.2300033569336,81.27999877929688,82.75,66.27857971191406,12061500
2016-03-18,82.86000061035156,83.5,82.44000244140625,83.1500015258789,66.59896087646484,33635200
2016-03-21,83.12000274658203,83.87000274658203,82.91000366210938,83.31999969482422,66.7351303100586,8625600
2016-03-22,83.27999877929688,83.31999969482422,82.48999786376953,82.73999786376953,66.27056121826172,7205900
2016-03-23,82.72000122070312,83.48999786376953,82.58000183105469,82.81999969482422,66.33462524414062,5594600
2016-03-24,82.45999908447266,83.12000274658203,82.43000030517578,82.88999938964844,66.39069366455078,6645700
2016-03-28,82.98999786376953,83.44999694824219,82.5199966430664,82.62000274658203,66.17445373535156,4988500
2016-03-29,82.66000366210938,83.08999633789062,82.16000366210938,82.80000305175781,66.31863403320312,6731400
2016-03-30,83.08999633789062,83.36000061035156,82.6500015258789,82.68000030517578,66.22250366210938,6925400
2016-03-31,82.75,83.0,82.1500015258789,82.30999755859375,65.92613220214844,6819200
2016-04-01,82.0,83.62000274658203,81.93000030517578,83.52999877929688,66.90331268310547,8028600
2016-04-04,83.6500015258789,83.6500015258789,83.02999877929688,83.20999908447266,66.64700317382812,5593400
2016-04-05,83.16000366210938,83.55999755859375,82.98999786376953,83.16000366210938,66.60696411132812,5259100
2016-04-06,83.13999938964844,83.83999633789062,83.08000183105469,83.80999755859375,67.12757873535156,6292100
2016-04-07,83.23999786376953,83.68000030517578,82.87000274658203,83.23999786376953,66.67103576660156,6655900
2016-04-08,83.44000244140625,83.44999694824219,82.7699966430664,83.19999694824219,66.6390151977539,5453000
2016-04-11,83.02999877929688,83.33999633789062,82.66000366210938,82.7300033569336,66.26256561279297,7081500
2016-04-12,82.70999908447266,83.20999908447266,82.44999694824219,82.83000183105469,66.34263610839844,7081600
2016-04-13,83.05000305175781,83.43000030517578,81.83999633789062,82.45999908447266,66.04630279541016,11738600
2016-04-14,81.94999694824219,82.37000274658203,81.54000091552734,82.01000213623047,66.22394561767578,6904400
2016-04-15,82.05000305175781,82.43000030517578,81.8499984741211,82.30000305175781,66.45811462402344,7299300
2016-04-18,82.30000305175781,82.98999786376953,82.0199966430664,82.83000183105469,66.8861083984375,5628000
2016-04-19,82.91000366210938,83.69999694824219,82.8499984741211,83.27999877929688,67.2494888305664,6606100
2016-04-20,83.29000091552734,83.33999633789062,81.4800033569336,81.55000305175781,65.85248565673828,9124200
2016-04-21,81.04000091552734,81.30999755859375,80.55000305175781,80.80000305175781,65.24687194824219,8802100
2016-04-22,80.4000015258789,80.94999694824219,79.91000366210938,80.94999694824219,65.36799621582031,8027700
2016-04-25,80.91999816894531,81.4800033569336,80.41999816894531,81.41000366210938,65.73944091796875,7672800
2016-04-26,81.5,81.5,79.20999908447266,79.55000305175781,64.23751068115234,13742300
2016-04-27,79.47000122070312,80.1500015258789,79.0999984741211,79.88999938964844,64.51201629638672,7689700
2016-04-28,79.4800033569336,80.2699966430664,79.38999938964844,79.76000213623047,64.40704345703125,7615900
2016-04-29,79.66999816894531,80.1500015258789,79.37000274658203,80.12000274658203,64.69775390625,9391000
2016-05-02,80.0199966430664,81.30000305175781,80.0199966430664,80.97000122070312,65.38414001464844,7862600
2016-05-03,80.80000305175781,81.69999694824219,80.69000244140625,81.0999984741211,65.48912048339844,7617500
2016-05-04,80.87000274658203,81.7699966430664,80.87000274658203,81.5999984741211,65.89286804199219,7365900
2016-05-05,81.5999984741211,82.08999633789062,80.91999816894531,81.30000305175781,65.650634765625,6399500
2016-05-06,81.41999816894531,82.25,81.16999816894531,82.12999725341797,66.32085418701172,6297200
2016-05-09,82.20999908447266,82.7300033569336,81.97000122070312,82.12000274658203,66.31278228759766,6718800
2016-05-10,82.1500015258789,82.68000030517578,82.12000274658203,82.4800033569336,66.60348510742188,6222400
2016-05-11,82.5,82.88999938964844,82.12999725341797,82.1500015258789,66.33700561523438,5975000
2016-05-12,82.4800033569336,82.73999786376953,82.11000061035156,82.41000366210938,66.5469741821289,4925000
2016-05-13,82.41999816894531,82.41999816894531,81.0,81.2300033569336,65.5940933227539,6579000
2016-05-16,81.01000213623047,81.88999938964844,80.75,81.62999725341797,65.91710662841797,6497200
2016-05-17,81.63999938964844,82.05999755859375,80.33000183105469,80.62000274658203,65.10150146484375,10188200
2016-05-18,80.58999633789062,80.7699966430664,79.41000366210938,79.8499984741211,64.47972106933594,8344100
2016-05-19,79.63999938964844,80.22000122070312,79.44999694824219,80.19000244140625,64.75428009033203,6242500
2016-05-20,80.44000244140625,80.5,79.79000091552734,80.0199966430664,64.61701202392578,6526800
2016-05-23,80.05000305175781,80.33000183105469,79.8499984741211,80.19999694824219,64.76234436035156,5620600
2016-05-24,80.30000305175781,81.37999725341797,80.30000305175781,80.97000122070312,65.38414001464844,6293300
2016-05-25,81.08000183105469,81.7699966430664,81.01000213623047,81.4800033569336,65.79598999023438,6049800
2016-05-26,81.4800033569336,81.5999984741211,81.08999633789062,81.22000122070312,65.58602142333984,4622300
2016-05-27,81.2699966430664,81.66000366210938,81.16000366210938,81.43000030517578,65.75556945800781,4322200
2016-05-31,81.58000183105469,81.81999969482422,80.73999786376953,81.04000091552734,65.44066619873047,6705000
2016-06-01,80.94999694824219,81.80000305175781,80.86000061035156,81.79000091552734,66.04631805419922,6184100
2016-06-02,81.52999877929688,81.94999694824219,81.33000183105469,81.94999694824219,66.17550659179688,5186300
2016-06-03,81.93000030517578,82.48999786376953,81.77999877929688,82.47000122070312,66.59539794921875,6306700
2016-06-06,82.4000015258789,82.83000183105469,82.2300033569336,82.7699966430664,66.83766174316406,5292300
2016-06-07,82.76000213623047,82.88999938964844,82.25,82.31999969482422,66.47428894042969,6327500
2016-06-08,82.37000274658203,82.75,82.0199966430664,82.6500015258789,66.74076843261719,4712600
2016-06-09,82.58000183105469,83.26000213623047,82.43000030517578,83.16999816894531,67.1606674194336,6144900
2016-06-10,82.7699966430664,83.33999633789062,82.61000061035156,83.19999694824219,67.18486785888672,6840800
2016-06-13,82.95999908447266,83.4000015258789,82.52999877929688,82.56999969482422,66.67618560791016,6167400
2016-06-14,82.55000305175781,83.37000274658203,82.2699966430664,83.3499984741211,67.30602264404297,6868600
2016-06-15,83.4000015258789,83.5,82.81999969482422,82.94999694824219,66.98304748535156,7082200
2016-06-16,82.66999816894531,83.61000061035156,82.66000366210938,83.41000366210938,67.35446166992188,6630100
2016-06-17,83.30999755859375,83.44000244140625,82.3499984741211,83.12999725341797,67.12834167480469,11741700
2016-06-20,83.5199966430664,83.69999694824219,83.02999877929688,83.04000091552734,67.0556869506836,6164300
2016-06-21,83.08999633789062,83.77999877929688,83.08999633789062,83.41000366210938,67.35446166992188,6594700
2016-06-22,83.5,83.76000213623047,83.29000091552734,83.56999969482422,67.48368072509766,4940100
2016-06-23,83.80999755859375,84.20999908447266,83.56999969482422,84.20999908447266,68.00048065185547,7361300
2016-06-24,82.61000061035156,83.81999969482422,81.98999786376953,82.26000213623047,66.42582702636719,12401100
2016-06-27,81.83000183105469,81.88999938964844,81.0,81.2300033569336,65.5940933227539,9601800
2016-06-28,81.44000244140625,82.48999786376953,80.94999694824219,82.45999908447266,66.58733367919922,9257100
2016-06-29,82.95999908447266,83.91000366210938,82.91000366210938,83.91000366210938,67.75821685791016,7927500
2016-06-30,83.91000366210938,84.80000305175781,83.81999969482422,84.66999816894531,68.3719482421875,10969300
2016-07-01,84.5199966430664,84.98999786376953,84.51000213623047,84.77999877929688,68.46076202392578,9531100
2016-07-05,84.4800033569336,85.94999694824219,84.44999694824219,85.44000244140625,68.99371337890625,11403100
2016-07-06,85.37000274658203,85.5,84.73999786376953,85.02999877929688,68.6626205444336,8356500
2016-07-07,85.2300033569336,85.23999786376953,84.52999877929688,84.83000183105469,68.50112915039062,7905700
2016-07-08,84.9800033569336,85.9000015258789,84.7699966430664,85.7699966430664,69.26020050048828,6827300
2016-07-11,85.61000061035156,85.94999694824219,84.91000366210938,85.75,69.24404907226562,6156800
2016-07-12,85.48999786376953,85.94000244140625,85.19000244140625,85.75,69.24404907226562,6649800
2016-07-13,85.80999755859375,86.1500015258789,85.41000366210938,85.88999938964844,69.35710906982422,7572100
2016-07-14,86.44000244140625,86.88999938964844,85.8499984741211,85.87000274658203,69.3409423828125,11342600
2016-07-15,86.25,86.4800033569336,85.79000091552734,86.01000213623047,69.45401000976562,8491300
2016-07-18,86.0199966430664,86.05000305175781,85.69999694824219,85.93000030517578,69.38939666748047,4781300
2016-07-19,85.66999816894531,86.18000030517578,85.55999755859375,86.16999816894531,69.58320617675781,6078200
2016-07-20,85.37999725341797,85.7300033569336,85.12999725341797,85.31999969482422,69.43670654296875,6289000
2016-07-21,85.0199966430664,85.37000274658203,84.87999725341797,85.26000213623047,69.38787078857422,5407000
2016-07-22,85.5,85.9800033569336,85.44999694824219,85.72000122070312,69.76223754882812,6165600
2016-07-25,85.52999877929688,85.80000305175781,85.1500015258789,85.80000305175781,69.82734680175781,5605300
2016-07-26,85.68000030517578,86.08000183105469,85.16999816894531,85.2699966430664,69.39602661132812,5379300
2016-07-27,85.23999786376953,85.30000305175781,84.31999969482422,84.45999908447266,68.73680114746094,7744700
2016-07-28,84.41999816894531,84.9800033569336,84.4000015258789,84.80999755859375,69.02164459228516,5911600
2016-07-29,84.88999938964844,85.79000091552734,84.80000305175781,85.58999633789062,69.65645599365234,7520900
2016-08-01,85.44000244140625,86.58000183105469,85.41999816894531,86.41000366210938,70.32378387451172,10420600
2016-08-02,87.0199966430664,87.1500015258789,86.23999786376953,86.76000213623047,70.60863494873047,13083200
2016-08-03,86.51000213623047,86.72000122070312,85.45999908447266,85.97000122070312,69.96570587158203,8192100
2016-08-04,86.12000274658203,86.52999877929688,85.80000305175781,86.05000305175781,70.03082275390625,5564100
2016-08-05,86.08000183105469,86.44000244140625,85.52999877929688,85.77999877929688,69.81105041503906,6729700
2016-08-08,85.61000061035156,85.9000015258789,85.12999725341797,85.76000213623047,69.79479217529297,5388200
2016-08-09,85.86000061035156,86.33999633789062,85.68000030517578,85.98999786376953,69.9819564819336,4158800
2016-08-10,86.26000213623047,86.81999969482422,86.0,86.30999755859375,70.24239349365234,5981400
2016-08-11,86.69999694824219,87.0,86.4000015258789,86.7300033569336,70.58422088623047,7387100
2016-08-12,86.91999816894531,87.44999694824219,86.77999877929688,87.04000091552734,70.83650207519531,8063400
2016-08-15,87.5199966430664,87.56999969482422,86.98999786376953,87.0199966430664,70.82024383544922,6871200
2016-08-16,86.9800033569336,87.4000015258789,86.47000122070312,86.58000183105469,70.46216583251953,8071100
2016-08-17,86.44999694824219,87.11000061035156,85.97000122070312,86.95999908447266,70.77139282226562,6762100
2016-08-18,86.94000244140625,87.45999908447266,86.94000244140625,87.44000244140625,71.16203308105469,7082800
2016-08-19,87.19999694824219,87.41000366210938,87.05000305175781,87.30999755859375,71.05623626708984,6199900
2016-08-22,87.13999938964844,87.20999908447266,86.58000183105469,86.8499984741211,70.68185424804688,5921100
2016-08-23,87.12999725341797,87.5,87.04000091552734,87.4000015258789,71.1294937133789,5420100
2016-08-24,87.31999969482422,87.44999694824219,86.55999755859375,87.30999755859375,71.05623626708984,5713300
2016-08-25,87.30000305175781,87.94000244140625,87.04000091552734,87.9000015258789,71.53643035888672,10595500
2016-08-26,87.87000274658203,88.5,87.16999816894531,87.58000183105469,71.27597045898438,16408200
2016-08-29,87.38999938964844,88.4000015258789,87.31999969482422,88.30000305175781,71.86196899414062,8934500
2016-08-30,87.72000122070312,88.30000305175781,87.45999908447266,87.54000091552734,71.243408203125,11619400
2016-08-31,87.75,87.8499984741211,87.02999877929688,87.30999755859375,71.05623626708984,11407800
2016-09-01,87.36000061035156,88.30999755859375,86.9800033569336,88.30999755859375,71.87007904052734,29793300
2016-09-02,88.4800033569336,88.87000274658203,88.04000091552734,88.19999694824219,71.78056335449219,17470400
2016-09-06,88.25,88.63999938964844,87.87999725341797,88.63999938964844,72.13865661621094,14472100
2016-09-07,88.30999755859375,88.41000366210938,87.70999908447266,87.94999694824219,71.57707977294922,17556400
2016-09-08,87.94999694824219,88.18000030517578,87.62999725341797,87.77999877929688,71.43872833251953,23465700
2016-09-09,87.0999984741211,87.16999816894531,86.23999786376953,86.23999786376953,70.18543243408203,21955000
2016-09-12,86.04000091552734,88.37999725341797,85.95999908447266,88.25,71.82123565673828,16105700
2016-09-13,87.55000305175781,87.91000366210938,87.01000213623047,87.05000305175781,70.84467315673828,19682700
2016-09-14,87.12000274658203,87.5999984741211,86.87000274658203,87.01000213623047,70.81209564208984,25397900
2016-09-15,86.75,88.2699966430664,86.75,88.05999755859375,71.66663360595703,13833600
2016-09-16,87.62000274658203,88.11000061035156,87.30000305175781,88.05000305175781,71.65846252441406,23518300
2016-09-19,87.91999816894531,88.94999694824219,87.25,88.37000274658203,71.91891479492188,19173900
2016-09-20,88.5,88.94999694824219,88.18000030517578,88.58000183105469,72.08983612060547,33986500
2016-09-21,88.54000091552734,88.79000091552734,86.44000244140625,87.80000305175781,71.45503997802734,55409800
2016-09-22,87.7699966430664,89.30000305175781,87.7699966430664,88.98999786376953,72.42350769042969,52692700
2016-09-23,88.62999725341797,88.94000244140625,87.48999786376953,87.76000213623047,71.4224624633789,48281400
2016-09-26,87.41999816894531,88.43000030517578,86.61000061035156,87.8499984741211,71.49569702148438,60276600
2016-09-27,88.05999755859375,88.80999755859375,87.66000366210938,88.36000061035156,71.91078186035156,65150800
2016-09-28,88.9800033569336,89.7300033569336,88.47000122070312,89.45999908447266,72.80599212646484,89806000
2016-09-29,89.16000366210938,89.2699966430664,87.54000091552734,88.2300033569336,71.8049545288086,74587500
2016-09-30,88.30000305175781,90.22000122070312,88.29000091552734,89.75,73.04200744628906,123735700
2016-10-03,89.3499984741211,89.44999694824219,88.41000366210938,88.66000366210938,72.1549072265625,26789500
2016-10-04,88.29000091552734,88.68000030517578,87.94999694824219,88.3499984741211,71.90261840820312,23317600
2016-10-05,88.4800033569336,89.0,88.20999908447266,88.8499984741211,72.30955505371094,64580300
2016-10-06,88.61000061035156,89.7300033569336,88.47000122070312,89.22000122070312,72.61067199707031,61462800
2016-10-07,89.01000213623047,90.05000305175781,88.30000305175781,90.0,73.24546813964844,20518800
2016-10-10,90.19000244140625,90.33000183105469,88.77999877929688,89.05999755859375,72.48046875,15492400
2016-10-11,88.83000183105469,89.12000274658203,88.19999694824219,88.54000091552734,72.05726623535156,11723100
2016-10-12,88.73999786376953,89.01000213623047,88.33000183105469,88.56999969482422,72.08167266845703,17118000
2016-10-13,88.05000305175781,88.56999969482422,87.5999984741211,88.23999786376953,71.8131103515625,11158100
2016-10-14,88.5,88.95999908447266,88.22000122070312,88.43000030517578,71.96773529052734,7369000
2016-10-17,88.43000030517578,88.6500015258789,87.70999908447266,87.83000183105469,71.47943878173828,7610600
2016-10-18,88.20999908447266,88.2699966430664,87.44000244140625,87.44999694824219,71.17019653320312,10749500
2016-10-19,86.6500015258789,86.81999969482422,85.44000244140625,85.54000091552734,70.15322875976562,12788800
2016-10-20,85.37999725341797,85.5199966430664,84.79000091552734,84.93000030517578,69.6529541015625,10175100
2016-10-21,84.41000366210938,84.86000061035156,84.23999786376953,84.33000183105469,69.16085815429688,13974100
2016-10-24,84.38999938964844,84.69999694824219,84.05999755859375,84.0999984741211,68.97225189208984,10573200
2016-10-25,87.48999786376953,88.08000183105469,86.97000122070312,86.97000122070312,71.32601165771484,20761200
2016-10-26,86.91000366210938,87.73999786376953,86.77999877929688,87.4000015258789,71.67866516113281,8464100
2016-10-27,87.51000213623047,87.5999984741211,86.44999694824219,86.58000183105469,71.00617218017578,6598300
2016-10-28,86.87000274658203,87.2300033569336,86.44999694824219,86.83999633789062,71.21939849853516,7021100
2016-10-31,87.01000213623047,87.47000122070312,86.69000244140625,86.80000305175781,71.18658447265625,8207100
2016-11-01,86.58000183105469,86.98999786376953,86.4800033569336,86.8499984741211,71.22757720947266,8564500
2016-11-02,86.7699966430664,87.41000366210938,86.55999755859375,86.73999786376953,71.13739776611328,7773200
2016-11-03,86.80000305175781,86.9800033569336,86.47000122070312,86.5999984741211,71.02255249023438,6899900
2016-11-04,86.69000244140625,86.7300033569336,85.06999969482422,85.08000183105469,69.77599334716797,9378100
2016-11-07,86.0199966430664,86.56999969482422,85.5999984741211,86.55999755859375,70.98974609375,8878500
2016-11-08,86.7699966430664,87.69000244140625,86.58999633789062,87.45999908447266,71.7278823852539,7674600
2016-11-09,85.26000213623047,86.54000091552734,84.30999755859375,85.93000030517578,70.47307586669922,11972500
2016-11-10,85.51000213623047,85.69999694824219,82.18000030517578,82.95999908447266,68.03730010986328,22095000
2016-11-11,82.66999816894531,84.05999755859375,82.6500015258789,83.58000183105469,68.5457763671875,8905700
2016-11-14,83.55999755859375,83.77999877929688,82.76000213623047,83.0,68.07012176513672,12862500
2016-11-15,84.58000183105469,84.58000183105469,82.87999725341797,83.62000274658203,68.5785903930664,9464000
2016-11-16,83.9800033569336,84.19999694824219,83.16999816894531,83.19000244140625,68.22594451904297,8542900
2016-11-17,83.2699966430664,83.5,82.93000030517578,83.06999969482422,68.12753295898438,9083700
2016-11-18,82.91999816894531,83.0999984741211,81.98999786376953,82.0,67.25001525878906,14565500
2016-11-21,82.0,82.75,81.70999908447266,82.63999938964844,67.77487182617188,11482100
2016-11-22,83.01000213623047,83.18000030517578,82.66000366210938,82.76000213623047,67.8733139038086,7426500
2016-11-23,82.58999633789062,82.93000030517578,82.5199966430664,82.68000030517578,67.80765533447266,7693300
2016-11-25,82.98999786376953,83.45999908447266,82.94999694824219,83.45999908447266,68.44738006591797,3882900
2016-11-28,83.12999725341797,83.36000061035156,82.76000213623047,83.06999969482422,68.12753295898438,6990100
2016-11-29,83.41999816894531,83.4800033569336,82.69000244140625,82.88999938964844,67.97991180419922,6183100
2016-11-30,82.5199966430664,82.83000183105469,82.26000213623047,82.45999908447266,67.62724304199219,12115500
2016-12-01,82.20999908447266,82.31999969482422,81.18000030517578,81.86000061035156,67.13518524169922,12516900
2016-12-02,82.3499984741211,82.68000030517578,82.06999969482422,82.4000015258789,67.57805633544922,9079400
2016-12-05,82.55999755859375,83.08000183105469,82.4800033569336,82.98999786376953,68.0619125366211,8597500
2016-12-06,83.23999786376953,83.25,82.61000061035156,82.91000366210938,67.99629974365234,7327200
2016-12-07,82.73999786376953,84.27999877929688,82.70999908447266,84.18000030517578,69.0378646850586,8567700
2016-12-08,83.79000091552734,84.18000030517578,83.5,83.5,68.48018646240234,7522800
2016-12-09,83.5199966430664,84.4000015258789,83.47000122070312,84.37000274658203,69.1937026977539,8004500
2016-12-12,84.20999908447266,85.18000030517578,84.20999908447266,85.12999725341797,69.81700134277344,7494100
2016-12-13,84.66999816894531,85.36000061035156,84.52999877929688,85.18000030517578,69.85798645019531,11795900
2016-12-14,85.29000091552734,85.73999786376953,84.16999816894531,84.37000274658203,69.1937026977539,12292200
2016-12-15,84.1500015258789,84.80000305175781,83.61000061035156,84.68000030517578,69.44792175292969,8768100
2016-12-16,84.9000015258789,85.12000274658203,84.1500015258789,84.68000030517578,69.44792175292969,21172400
2016-12-19,84.75,84.9800033569336,84.31999969482422,84.70999908447266,69.4725112915039,6431200
2016-12-20,84.56999969482422,84.70999908447266,84.19000244140625,84.56999969482422,69.35768127441406,7485400
2016-12-21,84.19000244140625,84.7300033569336,84.12000274658203,84.27999877929688,69.11986541748047,6099300
2016-12-22,84.0,84.61000061035156,83.87000274658203,84.47000122070312,69.27571105957031,7864800
2016-12-23,84.68000030517578,85.18000030517578,84.55000305175781,84.95999908447266,69.67756652832031,5284200
2016-12-27,84.9000015258789,84.94000244140625,84.41999816894531,84.5999984741211,69.38232421875,3782600
2016-12-28,84.4000015258789,84.62999725341797,83.94999694824219,84.06999969482422,68.9476547241211,4298800
2016-12-29,84.23999786376953,84.48999786376953,84.0999984741211,84.3499984741211,69.17729187011719,3718300
2016-12-30,84.16999816894531,84.44999694824219,83.91999816894531,84.08000183105469,68.95586395263672,6209800
2017-01-03,83.87999725341797,84.38999938964844,83.5,84.19999694824219,69.05425262451172,8792700
2017-01-04,84.44999694824219,84.5999984741211,84.23999786376953,84.5,69.30030059814453,8096700
2017-01-05,84.41000366210938,85.43000030517578,84.37999725341797,85.05999755859375,69.75955200195312,6852400
2017-01-06,84.94000244140625,85.25,84.62000274658203,85.02999877929688,69.73497772216797,4799900
2017-01-09,84.05999755859375,84.66000366210938,83.75,84.4000015258789,69.21829223632812,11000600
2017-01-10,84.33999633789062,84.43000030517578,83.23999786376953,83.48999786376953,68.47200012207031,10918200
2017-01-11,83.38999938964844,83.75,83.27999877929688,83.75,68.68521881103516,9572300
2017-01-12,83.70999908447266,83.87999725341797,83.37000274658203,83.83999633789062,68.7590103149414,6545400
2017-01-13,83.8499984741211,84.0199966430664,83.44000244140625,84.01000213623047,68.89844512939453,6762800
2017-01-17,83.9000015258789,85.58000183105469,83.87999725341797,85.20999908447266,69.8825912475586,13145100
2017-01-18,84.80000305175781,85.30000305175781,84.58999633789062,84.93000030517578,70.2049789428711,10520400
2017-01-19,84.62999725341797,85.0,84.27999877929688,84.69999694824219,70.01483154296875,14074500
2017-01-20,86.88999938964844,87.9800033569336,86.41999816894531,87.44999694824219,72.2880630493164,22944400
2017-01-23,87.08999633789062,87.3499984741211,86.8499984741211,86.95999908447266,71.88301086425781,9408900
2017-01-24,87.22000122070312,87.94999694824219,87.22000122070312,87.86000061035156,72.6269760131836,8704700
2017-01-25,87.83999633789062,87.9000015258789,87.05999755859375,87.16000366210938,72.04835510253906,8082900
2017-01-26,87.12000274658203,87.2300033569336,86.58999633789062,86.5999984741211,71.58541107177734,6542300
2017-01-27,86.44999694824219,86.8499984741211,86.0199966430664,86.72000122070312,71.68463134765625,9332300
2017-01-30,86.77999877929688,86.86000061035156,86.5,86.75,71.70942687988281,7350000
2017-01-31,86.62999725341797,87.66000366210938,86.52999877929688,87.5999984741211,72.41203308105469,9712400
2017-02-01,87.02999877929688,87.58999633789062,86.75,87.33000183105469,72.1888656616211,8291000
2017-02-02,87.61000061035156,88.3499984741211,87.25,87.76000213623047,72.54430389404297,8997200
2017-02-03,88.12000274658203,88.16999816894531,87.38999938964844,87.41000366210938,72.25498962402344,7161900
2017-02-06,87.5,87.79000091552734,87.12999725341797,87.4000015258789,72.24671173095703,7483000
2017-02-07,87.63999938964844,88.27999877929688,87.4800033569336,88.01000213623047,72.7509536743164,6646100
2017-02-08,88.06999969482422,88.33999633789062,87.80999755859375,88.33000183105469,73.01547241210938,6815800
2017-02-09,88.33000183105469,88.77999877929688,88.02999877929688,88.66999816894531,73.2965316772461,9914100
2017-02-10,88.55999755859375,88.7300033569336,87.97000122070312,87.97000122070312,72.71791076660156,11057600
2017-02-13,88.04000091552734,88.36000061035156,87.63999938964844,88.30999755859375,72.99894714355469,6905100
2017-02-14,88.0,88.22000122070312,87.2300033569336,87.86000061035156,72.6269760131836,20123400
2017-02-15,89.80999755859375,91.1500015258789,89.80999755859375,91.12000274658203,75.3217544555664,25847700
2017-02-16,90.91999816894531,91.12000274658203,90.54000091552734,90.79000091552734,75.0489730834961,12408500
2017-02-17,90.61000061035156,91.36000061035156,90.44999694824219,91.08999633789062,75.2969741821289,12152400
2017-02-21,90.58000183105469,91.80000305175781,90.58000183105469,91.66999816894531,75.77641296386719,9018700
2017-02-22,91.44999694824219,91.80000305175781,91.25,91.44000244140625,75.58627319335938,6749900
2017-02-23,91.61000061035156,91.80000305175781,90.91000366210938,91.12999725341797,75.33003997802734,7611600
2017-02-24,90.97000122070312,91.33999633789062,90.66999816894531,91.05000305175781,75.263916015625,6643400
2017-02-27,90.52999877929688,90.91000366210938,90.05999755859375,90.88999938964844,75.13163757324219,11840300
2017-02-28,90.9000015258789,91.79000091552734,90.6500015258789,91.06999969482422,75.28043365478516,10535600
2017-03-01,91.05000305175781,91.88999938964844,90.70999908447266,91.66000366210938,75.76812744140625,8792200
2017-03-02,91.4000015258789,91.58999633789062,90.87999725341797,90.91000366210938,75.1481704711914,7031200
2017-03-03,90.91000366210938,90.91000366210938,89.88999938964844,90.5,74.80923461914062,8334900
2017-03-06,89.88999938964844,90.51000213623047,89.58999633789062,90.37000274658203,74.7017822265625,9533800
2017-03-07,90.13999938964844,90.48999786376953,90.05999755859375,90.29000091552734,74.63567352294922,5363000
2017-03-08,90.0199966430664,90.3499984741211,89.76000213623047,90.13999938964844,74.51168060302734,5503700
2017-03-09,90.13999938964844,90.48999786376953,90.0999984741211,90.33999633789062,74.67698669433594,5587400
2017-03-10,90.80000305175781,91.16000366210938,90.6500015258789,91.06999969482422,75.28043365478516,6797800
2017-03-13,91.05999755859375,91.48999786376953,90.8499984741211,91.30999755859375,75.47880554199219,7397500
2017-03-14,91.26000213623047,91.58999633789062,90.81999969482422,91.0,75.22256469726562,6686400
2017-03-15,91.0,91.77999877929688,90.7300033569336,91.4000015258789,75.5531997680664,7855300
2017-03-16,91.44000244140625,91.72000122070312,91.0999984741211,91.44000244140625,75.58627319335938,6601200
2017-03-17,91.44999694824219,92.0,90.91999816894531,91.0,75.22256469726562,37010100
2017-03-20,90.95999908447266,91.41000366210938,90.94000244140625,91.22000122070312,75.40440368652344,7772900
2017-03-21,91.30000305175781,91.75,91.02999877929688,91.19000244140625,75.37962341308594,8211000
2017-03-22,91.30999755859375,91.80000305175781,90.75,90.98999786376953,75.21430969238281,7798000
2017-03-23,90.91000366210938,91.45999908447266,90.5999984741211,90.7699966430664,75.03243255615234,6831400
2017-03-24,90.7699966430664,90.91999816894531,90.20999908447266,90.56999969482422,74.86711883544922,9252000
2017-03-27,90.44999694824219,90.72000122070312,90.18000030517578,90.48999786376953,74.80098724365234,10072000
2017-03-28,90.16999816894531,91.05999755859375,90.12999725341797,90.76000213623047,75.0241928100586,11855800
2017-03-29,90.55999755859375,90.87000274658203,90.38999938964844,90.5999984741211,74.89191436767578,4252800
2017-03-30,90.5,90.56999969482422,90.0999984741211,90.19999694824219,74.561279296875,3691900
2017-03-31,90.02999877929688,90.33999633789062,89.83999633789062,89.8499984741211,74.27193450927734,6942400
2017-04-03,89.86000061035156,90.05999755859375,89.44999694824219,89.68000030517578,74.13142395019531,6967400
2017-04-04,89.75,89.95999908447266,89.41999816894531,89.91000366210938,74.32154083251953,5680800
2017-04-05,90.0,90.5,89.76000213623047,89.97000122070312,74.37113189697266,6320100
2017-04-06,89.7699966430664,89.80999755859375,89.30999755859375,89.4000015258789,73.89996337890625,7231500
2017-04-07,89.45999908447266,89.61000061035156,89.18000030517578,89.2300033569336,73.75945281982422,4739100
2017-04-10,89.12999725341797,89.68000030517578,88.75,89.48999786376953,73.97438049316406,5956000
2017-04-11,89.66000366210938,89.81999969482422,89.29000091552734,89.80000305175781,74.2306137084961,5186000
2017-04-12,89.69999694824219,90.41999816894531,89.55999755859375,90.30999755859375,74.65218353271484,6286300
2017-04-13,90.05000305175781,90.54000091552734,89.79000091552734,90.02999877929688,74.42073059082031,5040100
2017-04-17,90.2300033569336,90.58999633789062,90.12999725341797,90.38999938964844,74.71833801269531,6931700
2017-04-18,90.4000015258789,91.12999725341797,90.33999633789062,90.80000305175781,75.0572509765625,7087800
2017-04-19,90.0999984741211,90.44999694824219,89.5,89.5999984741211,74.63243103027344,6919000
2017-04-20,89.69999694824219,89.69999694824219,89.30999755859375,89.33000183105469,74.40753173828125,6983500
2017-04-21,89.16999816894531,89.27999877929688,88.61000061035156,88.62000274658203,73.81614685058594,9061200
2017-04-24,89.12000274658203,89.66000366210938,89.01000213623047,89.55000305175781,74.59078216552734,8338500
2017-04-25,89.58000183105469,90.25,89.47000122070312,90.0,74.96562957763672,9088400
2017-04-26,89.8499984741211,90.0,87.61000061035156,87.73999786376953,73.08313751220703,11951300
2017-04-27,87.58000183105469,88.23999786376953,87.2300033569336,87.69000244140625,73.04149627685547,8517500
2017-04-28,87.5199966430664,87.58999633789062,87.1500015258789,87.33000183105469,72.74163055419922,8295400
2017-05-01,87.37999725341797,87.5999984741211,87.08000183105469,87.08999633789062,72.5417251586914,4546600
2017-05-02,87.29000091552734,87.29000091552734,86.0199966430664,86.22000122070312,71.81706237792969,13197500
2017-05-03,86.30000305175781,86.62999725341797,85.9000015258789,86.43000030517578,71.99198150634766,6122000
2017-05-04,86.8499984741211,87.23999786376953,86.30000305175781,86.44999694824219,72.00862884521484,5986200
2017-05-05,86.54000091552734,86.61000061035156,86.12999725341797,86.5,72.05030059814453,4506200
2017-05-08,86.33000183105469,86.62000274658203,86.23999786376953,86.55000305175781,72.09193420410156,4634600
2017-05-09,86.80000305175781,86.81999969482422,86.22000122070312,86.4000015258789,71.96698760986328,9577600
2017-05-10,86.4800033569336,86.79000091552734,86.38999938964844,86.48999786376953,72.04194641113281,6178500
2017-05-11,86.61000061035156,86.62999725341797,85.87999725341797,86.16999816894531,71.77539825439453,6064700
2017-05-12,86.23999786376953,86.31999969482422,85.91999816894531,86.19000244140625,71.79207611083984,5892400
2017-05-15,86.6500015258789,86.70999908447266,86.25,86.33000183105469,71.90867614746094,5820700
2017-05-16,86.87999725341797,87.0,86.19000244140625,86.23999786376953,71.8337173461914,6554500
2017-05-17,86.23999786376953,86.62999725341797,85.93000030517578,86.26000213623047,71.85038757324219,7805800
2017-05-18,86.18000030517578,86.22000122070312,85.5199966430664,85.87000274658203,71.52552032470703,6985600
2017-05-19,86.0,86.37999725341797,85.66999816894531,86.23999786376953,71.8337173461914,7320700
2017-05-22,86.25,86.4000015258789,86.02999877929688,86.20999908447266,71.80873107910156,4260000
2017-05-23,86.27999877929688,86.54000091552734,85.9800033569336,86.08000183105469,71.700439453125,4394200
2017-05-24,86.44999694824219,86.6500015258789,86.20999908447266,86.5,72.05030059814453,4878800
2017-05-25,86.58000183105469,86.9800033569336,86.55000305175781,86.86000061035156,72.35015106201172,4368000
2017-05-26,86.93000030517578,87.37999725341797,86.81999969482422,87.25,72.67500305175781,4337000
2017-05-30,87.25,87.61000061035156,87.0999984741211,87.4000015258789,72.7999267578125,4594500
2017-05-31,87.66999816894531,88.3499984741211,87.44999694824219,88.08999633789062,73.37468719482422,10146600
2017-06-01,88.0199966430664,88.13999938964844,87.37000274658203,88.12999725341797,73.40800476074219,6251300
2017-06-02,88.4000015258789,88.68000030517578,88.01000213623047,88.58999633789062,73.79116821289062,6136400
2017-06-05,88.30000305175781,88.76000213623047,88.0,88.73999786376953,73.91610717773438,4115300
2017-06-06,88.76000213623047,88.97000122070312,88.44999694824219,88.80000305175781,73.96607208251953,6503000
2017-06-07,88.68000030517578,88.88999938964844,88.4000015258789,88.7699966430664,73.94107818603516,4781600
2017-06-08,88.7699966430664,88.80000305175781,87.36000061035156,87.8499984741211,73.17477416992188,7712100
2017-06-09,87.8499984741211,88.20999908447266,87.55000305175781,88.16000366210938,73.43299102783203,9696900
2017-06-12,88.16000366210938,88.66000366210938,88.08999633789062,88.23999786376953,73.49961853027344,7867700
2017-06-13,88.36000061035156,88.4000015258789,87.7699966430664,88.05999755859375,73.34969329833984,6419300
2017-06-14,88.48999786376953,88.75,88.05999755859375,88.44000244140625,73.66621398925781,6183900
2017-06-15,88.2300033569336,89.62000274658203,88.2300033569336,89.37999725341797,74.44916534423828,7047500
2017-06-16,89.72000122070312,89.7699966430664,88.80999755859375,89.66000366210938,74.68240356445312,13855000
2017-06-19,89.5999984741211,89.86000061035156,89.19999694824219,89.86000061035156,74.8489990234375,5246200
2017-06-20,89.7699966430664,90.20999908447266,89.61000061035156,89.62999725341797,74.65741729736328,5674200
2017-06-21,89.62000274658203,89.94999694824219,89.29000091552734,89.4000015258789,74.46583557128906,4164500
2017-06-22,89.2699966430664,89.41000366210938,88.9000015258789,89.02999877929688,74.15763854980469,4536700
2017-06-23,89.02999877929688,89.80000305175781,88.9000015258789,89.41999816894531,74.48250579833984,8782100
2017-06-26,89.62999725341797,89.68000030517578,89.2699966430664,89.36000061035156,74.43253326416016,4373300
2017-06-27,89.36000061035156,89.36000061035156,88.61000061035156,88.61000061035156,73.80781555175781,5180400
2017-06-28,89.08000183105469,89.20999908447266,88.26000213623047,88.37000274658203,73.60791015625,4875000
2017-06-29,88.0199966430664,88.22000122070312,86.93000030517578,86.98999786376953,72.45845794677734,8123500
2017-06-30,87.05000305175781,87.47000122070312,87.0,87.1500015258789,72.59171295166016,6070300
2017-07-03,87.4000015258789,88.0,87.18000030517578,87.73999786376953,73.08313751220703,3607400
2017-07-05,87.86000061035156,88.0,87.48999786376953,87.66999816894531,73.02482604980469,4974300
2017-07-06,87.6500015258789,87.94999694824219,87.36000061035156,87.37000274658203,72.77496337890625,6038900
2017-07-07,87.69000244140625,87.81999969482422,87.27999877929688,87.6500015258789,73.00819396972656,5142200
2017-07-10,87.62999725341797,87.87000274658203,86.88999938964844,87.08999633789062,72.5417251586914,5356400
2017-07-11,87.2300033569336,87.44999694824219,86.30999755859375,86.7699966430664,72.27518463134766,5838600
2017-07-12,87.23999786376953,87.47000122070312,86.83000183105469,86.95999908447266,72.43343353271484,4374200
2017-07-13,86.7699966430664,87.05000305175781,86.5,86.69999694824219,72.2168960571289,5448900
2017-07-14,86.95999908447266,87.29000091552734,86.7300033569336,87.0999984741211,72.55005645751953,4577700
2017-07-17,87.06999969482422,87.91000366210938,86.73999786376953,87.55000305175781,72.92488861083984,5227800
2017-07-18,87.61000061035156,88.76000213623047,87.45999908447266,88.63999938964844,73.83280181884766,7492300
2017-07-19,87.87000274658203,88.41000366210938,87.5999984741211,88.3499984741211,74.1686019897461,6008500
2017-07-20,88.31999969482422,89.30999755859375,88.30999755859375,88.5999984741211,74.37847137451172,7285000
2017-07-21,88.16000366210938,88.68000030517578,87.80999755859375,88.61000061035156,74.3868637084961,5714800
2017-07-24,88.55000305175781,88.5999984741211,87.97000122070312,88.18000030517578,74.0259017944336,6202000
2017-07-25,88.66999816894531,89.19999694824219,88.54000091552734,89.13999938964844,74.83177947998047,6766700
2017-07-26,89.0,89.41999816894531,88.87000274658203,89.30000305175781,74.96611785888672,6987000
2017-07-27,90.29000091552734,90.75,89.0,90.68000030517578,76.12460327148438,11089200
2017-07-28,90.55999755859375,91.0,89.95999908447266,90.20999908447266,75.73004150390625,6137500
2017-07-31,90.20999908447266,91.06999969482422,90.20999908447266,90.81999969482422,76.24213409423828,7835700
2017-08-01,91.02999877929688,91.7300033569336,90.72000122070312,91.0999984741211,76.47720336914062,8662100
2017-08-02,90.97000122070312,91.30000305175781,90.52999877929688,91.04000091552734,76.42681884765625,7167700
2017-08-03,90.86000061035156,91.75,90.81999969482422,90.86000061035156,76.27571868896484,6413200
2017-08-04,90.69000244140625,91.08000183105469,90.52999877929688,90.66999816894531,76.1162109375,5824400
2017-08-07,90.66999816894531,91.55999755859375,90.5199966430664,91.44000244140625,76.76261138916016,5011300
2017-08-08,91.4000015258789,91.94000244140625,91.2300033569336,91.58000183105469,76.88014221191406,5623400
2017-08-09,91.5199966430664,91.94000244140625,91.5199966430664,91.91999816894531,77.16555786132812,5572800
2017-08-10,91.86000061035156,92.0,91.69000244140625,91.73999786376953,77.01444244384766,6338200
2017-08-11,91.94000244140625,92.08000183105469,91.29000091552734,91.33999633789062,76.67866516113281,7094200
2017-08-14,91.54000091552734,91.94999694824219,91.25,91.6500015258789,76.93890380859375,5398400
2017-08-15,91.91000366210938,92.36000061035156,91.87999725341797,92.19999694824219,77.4006118774414,5293400
2017-08-16,92.29000091552734,92.94999694824219,92.19000244140625,92.44000244140625,77.60208129882812,7965500
2017-08-17,92.4000015258789,92.66999816894531,92.06999969482422,92.06999969482422,77.2914810180664,5711400
2017-08-18,91.9800033569336,92.77999877929688,91.8499984741211,92.47000122070312,77.62728881835938,6815000
2017-08-21,92.37999725341797,92.95999908447266,92.36000061035156,92.86000061035156,77.95467376708984,4334300
2017-08-22,92.91000366210938,92.95999908447266,92.58999633789062,92.79000091552734,77.89591217041016,4731500
2017-08-23,92.5,92.66000366210938,92.27999877929688,92.44000244140625,77.60208129882812,3631900
2017-08-24,92.44000244140625,92.56999969482422,92.04000091552734,92.2699966430664,77.45936584472656,5173700
2017-08-25,92.6500015258789,92.86000061035156,92.41000366210938,92.51000213623047,77.66087341308594,4933000
2017-08-28,92.5199966430664,92.70999908447266,91.9800033569336,92.47000122070312,77.62728881835938,5386500
2017-08-29,92.4800033569336,92.69000244140625,92.23999786376953,92.31999969482422,77.50135803222656,3676300
2017-08-30,92.08000183105469,92.08000183105469,91.66000366210938,91.87000274658203,77.12358093261719,4709600
2017-08-31,91.88999938964844,92.38999938964844,91.83999633789062,92.2699966430664,77.45936584472656,5864400
2017-09-01,92.41999816894531,92.66000366210938,92.26000213623047,92.52999877929688,77.67764282226562,4960700
2017-09-05,92.18000030517578,92.73999786376953,92.04000091552734,92.72000122070312,77.83715057373047,6532100
2017-09-06,92.79000091552734,92.91000366210938,92.36000061035156,92.72000122070312,77.83715057373047,6747200
2017-09-07,92.73999786376953,93.36000061035156,92.33000183105469,92.97000122070312,78.0470199584961,7735400
2017-09-08,92.76000213623047,93.1500015258789,92.51000213623047,92.83999633789062,77.93790435791016,6070100
2017-09-11,93.08999633789062,94.19000244140625,92.9000015258789,93.98999786376953,78.9032974243164,10177300
2017-09-12,93.72000122070312,93.9800033569336,93.20999908447266,93.51000213623047,78.5003433227539,5804000
2017-09-13,93.5,93.7699966430664,93.44999694824219,93.55000305175781,78.53392028808594,5369300
2017-09-14,93.2300033569336,93.6500015258789,93.18000030517578,93.55000305175781,78.53392028808594,5492300
2017-09-15,93.81999969482422,93.81999969482422,92.81999969482422,93.2699966430664,78.29885864257812,12428800
2017-09-18,93.16999816894531,93.5,92.86000061035156,93.1500015258789,78.19812774658203,6177700
2017-09-19,93.33999633789062,94.44999694824219,93.33999633789062,94.16999816894531,79.05440521240234,6587200
2017-09-20,94.16999816894531,94.66999816894531,93.83000183105469,94.4000015258789,79.24751281738281,5941500
2017-09-21,94.1500015258789,94.5,92.44999694824219,92.63999938964844,77.7699966430664,9376700
2017-09-22,92.55000305175781,93.0,92.08000183105469,92.23999786376953,77.4341812133789,6837700
2017-09-25,92.43000030517578,93.08999633789062,92.33000183105469,92.72000122070312,77.83715057373047,6436200
2017-09-26,92.81999969482422,92.8499984741211,92.19999694824219,92.6500015258789,77.77838897705078,4885200
2017-09-27,92.5199966430664,92.5199966430664,90.33999633789062,90.87000274658203,76.28411102294922,9631200
2017-09-28,90.86000061035156,91.12000274658203,90.62999725341797,90.88999938964844,76.30088806152344,4999800
2017-09-29,90.97000122070312,91.43000030517578,90.69999694824219,90.9800033569336,76.37643432617188,6634500
2017-10-02,91.26000213623047,92.4000015258789,91.23999786376953,91.7699966430664,77.03963470458984,7302400
2017-10-03,91.95999908447266,92.33999633789062,91.55999755859375,92.12000274658203,77.33344268798828,5909900
2017-10-04,92.12000274658203,92.80000305175781,92.0199966430664,92.41999816894531,77.58531951904297,6140700
2017-10-05,92.48999786376953,92.6500015258789,91.94000244140625,92.02999877929688,77.2579116821289,6912800
2017-10-06,92.0,92.3499984741211,91.87999725341797,92.33000183105469,77.50975799560547,5241900
2017-10-09,92.4000015258789,92.62000274658203,91.93000030517578,92.12000274658203,77.33344268798828,5149000
2017-10-10,92.37000274658203,93.04000091552734,89.86000061035156,91.62000274658203,76.91372680664062,17125600
2017-10-11,91.08999633789062,91.7300033569336,91.06999969482422,91.45999908447266,76.77941131591797,7115400
2017-10-12,91.41000366210938,92.30999755859375,91.38999938964844,92.1500015258789,77.358642578125,5984900
2017-10-13,92.69999694824219,93.51000213623047,92.58999633789062,93.04000091552734,78.10580444335938,6956700
2017-10-16,92.97000122070312,93.37000274658203,92.70999908447266,93.13999938964844,78.1897201538086,4159100
2017-10-17,93.04000091552734,93.08999633789062,92.4000015258789,92.80000305175781,77.90430450439453,5316100
2017-10-18,92.77999877929688,92.94999694824219,92.01000213623047,92.7699966430664,77.87913513183594,7399700
2017-10-19,91.69999694824219,91.98999786376953,91.13999938964844,91.58999633789062,77.4646987915039,8585000
2017-10-20,89.72000122070312,89.95999908447266,87.58999633789062,88.25,74.63980865478516,19997800
2017-10-23,88.62999725341797,88.86000061035156,86.87000274658203,87.30000305175781,73.83631896972656,13358200
2017-10-24,87.37000274658203,87.41999816894531,86.77999877929688,86.9800033569336,73.56565856933594,11519000
2017-10-25,86.9000015258789,87.11000061035156,86.27999877929688,86.86000061035156,73.46417236328125,9024300
2017-10-26,87.19000244140625,87.7699966430664,87.0999984741211,87.5,74.0054702758789,6233800
2017-10-27,87.52999877929688,87.52999877929688,86.44999694824219,87.04000091552734,73.61640167236328,7433800
2017-10-30,86.91000366210938,87.08000183105469,86.16000366210938,86.2699966430664,72.96515655517578,5387100
2017-10-31,86.48999786376953,86.5,85.72000122070312,86.33999633789062,73.02436828613281,7119000
2017-11-01,86.33000183105469,87.13999938964844,86.11000061035156,86.88999938964844,73.48955535888672,4884100
2017-11-02,86.77999877929688,87.04000091552734,86.2300033569336,86.51000213623047,73.16815185546875,5021200
2017-11-03,86.77999877929688,87.16000366210938,86.45999908447266,86.58000183105469,73.22736358642578,5106500
2017-11-06,86.55000305175781,86.63999938964844,86.02999877929688,86.05000305175781,72.77910614013672,5186700
2017-11-07,86.04000091552734,87.0,85.41999816894531,86.9800033569336,73.56565856933594,6875100
2017-11-08,86.98999786376953,87.5999984741211,86.80000305175781,87.58000183105469,74.0731201171875,6910000
2017-11-09,87.3499984741211,88.16999816894531,87.30000305175781,87.77999877929688,74.24227905273438,5280000
2017-11-10,87.98999786376953,88.38999938964844,87.77999877929688,88.16000366210938,74.5636978149414,7227300
2017-11-13,88.66999816894531,89.41000366210938,88.62999725341797,89.0,75.27413940429688,6873500
2017-11-14,88.73999786376953,89.05000305175781,88.47000122070312,88.87000274658203,75.1641845703125,5035500
2017-11-15,88.7300033569336,88.94000244140625,88.0,88.2300033569336,74.62287902832031,6688100
2017-11-16,89.83999633789062,89.9000015258789,88.7699966430664,89.25,75.48560333251953,7205100
2017-11-17,88.94999694824219,89.08999633789062,88.08000183105469,88.43000030517578,74.79204559326172,5941800
2017-11-20,88.43000030517578,88.55999755859375,87.70999908447266,88.2699966430664,74.6567153930664,4926200
2017-11-21,88.18000030517578,89.20999908447266,88.0199966430664,88.72000122070312,75.0373306274414,6196400
2017-11-22,88.5,88.91000366210938,88.05999755859375,88.33000183105469,74.70747375488281,6006900
2017-11-24,88.58999633789062,88.95999908447266,88.41999816894531,88.44999694824219,74.80896759033203,2196700
2017-11-27,88.33000183105469,89.0999984741211,88.1500015258789,88.95999908447266,75.24028778076172,6199700
2017-11-28,89.4800033569336,89.5199966430664,88.91000366210938,89.4000015258789,75.61244201660156,4841300
2017-11-29,89.4000015258789,89.80999755859375,89.02999877929688,89.37999725341797,75.59554290771484,5158900
2017-11-30,89.3499984741211,90.37000274658203,89.20999908447266,89.98999786376953,76.11145782470703,9789900
2017-12-01,90.18000030517578,90.52999877929688,89.12000274658203,90.36000061035156,76.42438507080078,7953200
2017-12-04,91.76000213623047,91.91000366210938,89.83000183105469,91.41000366210938,77.31244659423828,9003700
2017-12-05,91.5199966430664,91.83999633789062,91.06999969482422,91.4000015258789,77.30398559570312,8683000
2017-12-06,91.38999938964844,91.77999877929688,91.06999969482422,91.25,77.1771240234375,6737400
2017-12-07,91.05000305175781,91.06999969482422,89.88999938964844,90.0999984741211,76.20448303222656,7273600
2017-12-08,90.0199966430664,90.37000274658203,89.58000183105469,90.37000274658203,76.43284606933594,5883400
2017-12-11,90.2300033569336,90.33000183105469,89.75,90.2300033569336,76.31444549560547,4856000
2017-12-12,90.44999694824219,90.51000213623047,89.81999969482422,89.8499984741211,75.99302673339844,6558900
2017-12-13,90.0199966430664,91.41000366210938,89.97000122070312,90.87999725341797,76.86417388916016,7141000
2017-12-14,90.94000244140625,91.43000030517578,90.9000015258789,91.0,76.96569061279297,5853500
2017-12-15,91.56999969482422,92.2699966430664,91.4800033569336,91.88999938964844,77.71843719482422,15924000
2017-12-18,91.9800033569336,93.13999938964844,91.80999755859375,91.87999725341797,77.7099838256836,7405700
2017-12-19,92.0,92.12999725341797,91.58000183105469,91.68000030517578,77.54082489013672,5644400
2017-12-20,91.80000305175781,91.97000122070312,91.3499984741211,91.52999877929688,77.41395568847656,6938500
2017-12-21,91.66000366210938,92.08000183105469,91.52999877929688,91.66999816894531,77.53234100341797,4860400
2017-12-22,91.87999725341797,92.43000030517578,91.72000122070312,92.12999725341797,77.92141723632812,4919400
2017-12-26,92.3499984741211,92.7699966430664,92.1500015258789,92.4800033569336,78.21745300292969,3431900
2017-12-27,92.48999786376953,92.75,91.93000030517578,92.0999984741211,77.8960189819336,4276700
2017-12-28,92.30000305175781,92.54000091552734,91.91000366210938,92.06999969482422,77.87065887451172,3005400
2017-12-29,92.23999786376953,92.45999908447266,91.87999725341797,91.87999725341797,77.7099838256836,4346700
2018-01-02,91.91999816894531,91.93000030517578,90.55000305175781,90.6500015258789,76.66967010498047,7558900
2018-01-03,90.7300033569336,91.08999633789062,90.5199966430664,90.54000091552734,76.57662963867188,5863600
2018-01-04,90.83000183105469,91.7699966430664,90.61000061035156,91.18000030517578,77.117919921875,6322500
2018-01-05,91.2699966430664,91.30000305175781,90.56999969482422,91.23999786376953,77.1686782836914,5949700
2018-01-08,90.93000030517578,91.7699966430664,90.93000030517578,91.72000122070312,77.57465362548828,4860700
2018-01-09,91.47000122070312,91.6500015258789,91.01000213623047,91.05000305175781,77.00798034667969,6630100
2018-01-10,90.91000366210938,90.91000366210938,90.01000213623047,90.47000122070312,76.51744842529297,6564700
2018-01-11,90.4000015258789,90.5199966430664,89.91999816894531,90.1500015258789,76.24678802490234,5469700
2018-01-12,90.05000305175781,90.33999633789062,89.3499984741211,89.61000061035156,75.79005432128906,8111000
2018-01-16,90.13999938964844,90.7699966430664,89.63999938964844,90.22000122070312,76.30596923828125,9465300
2018-01-17,90.55999755859375,91.7300033569336,90.43000030517578,91.19999694824219,77.13484954833984,8345500
2018-01-18,90.23999786376953,90.6500015258789,89.66999816894531,90.18000030517578,76.8536148071289,7699800
2018-01-19,90.27999877929688,91.26000213623047,90.23999786376953,91.06999969482422,77.6120834350586,9364000
2018-01-22,90.87999725341797,91.91999816894531,90.7699966430664,91.88999938964844,78.3109130859375,8658000
2018-01-23,89.81999969482422,90.20999908447266,88.5999984741211,89.05000305175781,75.89061737060547,18756300
2018-01-24,89.05999755859375,89.16000366210938,87.69999694824219,88.30999755859375,75.25995635986328,15141900
2018-01-25,88.68000030517578,89.05000305175781,88.01000213623047,88.33999633789062,75.28551483154297,11264400
2018-01-26,88.16999816894531,88.16999816894531,87.2300033569336,87.7300033569336,74.76567840576172,11503100
2018-01-29,87.69000244140625,87.73999786376953,86.69000244140625,86.86000061035156,74.02420043945312,11685800
2018-01-30,86.81999969482422,87.44000244140625,86.62999725341797,86.94999694824219,74.10091400146484,9662900
2018-01-31,86.80999755859375,87.41000366210938,86.08000183105469,86.33999633789062,73.58106994628906,11798100
2018-02-01,86.1500015258789,86.5,85.55999755859375,85.8499984741211,73.1634521484375,8606300
2018-02-02,85.55999755859375,85.61000061035156,84.20999908447266,84.25,71.79991912841797,12846300
2018-02-05,83.98999786376953,84.37000274658203,80.0999984741211,81.05999755859375,69.08133697509766,17462200
2018-02-06,80.52999877929688,82.44999694824219,80.12000274658203,82.37999725341797,70.20626068115234,19955500
2018-02-07,82.30000305175781,83.38999938964844,81.81999969482422,81.83999633789062,69.74604034423828,11851800
2018-02-08,82.02999877929688,82.22000122070312,80.1500015258789,80.22000122070312,68.36546325683594,14596100
2018-02-09,80.9800033569336,81.02999877929688,78.58999633789062,79.91999816894531,68.10978698730469,18838800
2018-02-12,80.61000061035156,81.66999816894531,80.58000183105469,81.33000183105469,69.31141662597656,10769000
2018-02-13,81.1500015258789,81.83000183105469,80.91000366210938,81.5,69.45629119873047,9278700
2018-02-14,81.05999755859375,81.26000213623047,80.2699966430664,80.68000030517578,68.7574462890625,9412000
2018-02-15,80.97000122070312,82.41000366210938,80.5,82.41000366210938,70.23182678222656,8910700
2018-02-16,82.20999908447266,83.25,82.12999725341797,82.5999984741211,70.39375305175781,10371700
2018-02-20,82.19000244140625,82.22000122070312,81.06999969482422,81.33999633789062,69.31996154785156,7087700
2018-02-21,81.30999755859375,81.80999755859375,80.19000244140625,80.23999786376953,68.38249206542969,9134500
2018-02-22,80.47000122070312,81.27999877929688,80.16999816894531,80.83999633789062,68.89381408691406,10277700
2018-02-23,81.01000213623047,81.12000274658203,80.4800033569336,81.05000305175781,69.07279968261719,10321800
2018-02-26,81.44999694824219,81.69000244140625,81.05000305175781,81.62999725341797,69.56710052490234,9422200
2018-02-27,81.88999938964844,82.0,80.51000213623047,80.54000091552734,68.63818359375,8919600
2018-02-28,80.68000030517578,80.79000091552734,78.5,78.5199966430664,66.91666412353516,16862000
2018-03-01,78.4000015258789,79.27999877929688,77.9000015258789,78.69999694824219,67.07008361816406,13504200
2018-03-02,78.4800033569336,79.66000366210938,78.41999816894531,79.5,67.7518539428711,9317700
2018-03-05,79.27999877929688,80.38999938964844,79.1500015258789,80.29000091552734,68.42510223388672,8177000
2018-03-06,80.41000366210938,80.41999816894531,79.37000274658203,80.0199966430664,68.19503021240234,9085300
2018-03-07,79.52999877929688,79.63999938964844,78.9000015258789,79.16000366210938,67.46210479736328,9089500
2018-03-08,79.16999816894531,79.98999786376953,79.0199966430664,79.97000122070312,68.15242004394531,7951700
2018-03-09,80.18000030517578,80.75,79.9000015258789,80.29000091552734,68.42510223388672,7662200
2018-03-12,80.2300033569336,80.62000274658203,79.76000213623047,79.86000061035156,68.05865478515625,7182000
2018-03-13,80.0,80.19000244140625,79.36000061035156,79.72000122070312,67.93932342529297,9620200
2018-03-14,79.69000244140625,79.83999633789062,78.86000061035156,79.0,67.32572937011719,8898100
2018-03-15,79.08999633789062,79.13999938964844,78.54000091552734,78.66999816894531,67.04448699951172,6996900
2018-03-16,78.93000030517578,79.38999938964844,78.83999633789062,78.97000122070312,67.30016326904297,17715400
2018-03-19,78.97000122070312,79.56999969482422,78.2699966430664,78.66000366210938,67.03597259521484,8368200
2018-03-20,78.73999786376953,79.0999984741211,77.95999908447266,78.30999755859375,66.73770141601562,8465500
2018-03-21,78.05000305175781,78.23999786376953,76.87999725341797,77.04000091552734,65.6553955078125,9822800
2018-03-22,76.83000183105469,77.5199966430664,76.37000274658203,76.41000366210938,65.11847686767578,10481600
2018-03-23,76.79000091552734,77.18000030517578,75.80999755859375,75.91000366210938,64.6923599243164,11728300
2018-03-26,76.56999969482422,76.87000274658203,76.0199966430664,76.41000366210938,65.11847686767578,12937000
2018-03-27,76.52999877929688,78.44000244140625,76.30000305175781,77.79000091552734,66.29454803466797,11288200
2018-03-28,77.94999694824219,79.13999938964844,77.94999694824219,78.83999633789062,67.18939208984375,12857800
2018-03-29,79.43000030517578,80.48999786376953,79.18000030517578,79.27999877929688,67.56437683105469,10036400
2018-04-02,79.26000213623047,79.37000274658203,77.05999755859375,77.4000015258789,65.96218872070312,12017200
2018-04-03,77.55999755859375,78.80000305175781,77.18000030517578,78.45999908447266,66.86553955078125,11933100
2018-04-04,77.81999969482422,79.5199966430664,77.58999633789062,79.05000305175781,67.36837005615234,9030800
2018-04-05,79.08999633789062,79.31999969482422,78.51000213623047,78.80000305175781,67.15530395507812,7864700
2018-04-06,78.37000274658203,79.36000061035156,77.9000015258789,78.43000030517578,66.83995819091797,8300800
2018-04-09,78.80000305175781,78.8499984741211,77.56999969482422,78.16000366210938,66.60987854003906,9031200
2018-04-10,78.70999908447266,78.83999633789062,77.94000244140625,78.37000274658203,66.7888412475586,6779000
2018-04-11,78.19000244140625,78.69000244140625,78.04000091552734,78.2699966430664,66.70360565185547,7143500
2018-04-12,78.63999938964844,78.69999694824219,77.79000091552734,77.79000091552734,66.29454803466797,8282300
2018-04-13,78.05999755859375,78.44000244140625,77.72000122070312,78.37000274658203,66.7888412475586,6198500
2018-04-16,78.55999755859375,78.86000061035156,78.04000091552734,78.61000061035156,66.99336242675781,5962200
2018-04-17,78.93000030517578,78.94000244140625,78.0999984741211,78.43000030517578,66.83995819091797,6492400
2018-04-18,78.58000183105469,78.68000030517578,78.0199966430664,78.19999694824219,66.64395904541016,7349400
2018-04-19,75.38999938964844,75.72000122070312,74.19999694824219,74.94999694824219,64.46528625488281,16955600
2018-04-20,74.04000091552734,74.91999816894531,73.73999786376953,73.80000305175781,63.47616958618164,14085000
2018-04-23,73.58999633789062,73.9800033569336,72.76000213623047,73.0,62.788082122802734,13653400
2018-04-24,73.05999755859375,73.33000183105469,72.1500015258789,72.5,62.35801696777344,16551700
2018-04-25,72.41000366210938,72.75,71.94999694824219,72.30000305175781,62.18600082397461,14208800
2018-04-26,72.56999969482422,73.01000213623047,72.37000274658203,72.75,62.573055267333984,11204300
2018-04-27,72.52999877929688,73.08000183105469,72.20999908447266,72.80999755859375,62.624656677246094,8144800
2018-04-30,72.91000366210938,72.91999816894531,72.16000366210938,72.33999633789062,62.220420837402344,13076500
2018-05-01,72.05000305175781,72.33000183105469,71.66000366210938,71.95999908447266,61.89357376098633,8103800
2018-05-02,71.94000244140625,72.01000213623047,70.7300033569336,70.94000244140625,61.01625442504883,10830900
2018-05-03,70.80999755859375,71.72000122070312,70.73999786376953,71.36000061035156,61.377498626708984,9386500
2018-05-04,71.37999725341797,72.62000274658203,71.33999633789062,72.43000030517578,62.29781723022461,8107400
2018-05-07,72.66999816894531,73.22000122070312,71.88999938964844,71.9800033569336,61.9107666015625,6633600
2018-05-08,72.05000305175781,72.12000274658203,71.11000061035156,71.44000244140625,61.44632339477539,8084100
2018-05-09,71.7699966430664,72.55000305175781,71.73999786376953,72.37000274658203,62.24620056152344,7528400
2018-05-10,72.94000244140625,73.33999633789062,72.69000244140625,73.1500015258789,62.91710662841797,7618500
2018-05-11,73.62999725341797,74.0999984741211,73.05000305175781,73.37000274658203,63.1063346862793,7586200
2018-05-14,73.77999877929688,73.77999877929688,73.08999633789062,73.27999877929688,63.02891540527344,8646900
2018-05-15,73.30999755859375,73.41000366210938,72.5999984741211,72.94999694824219,62.74507141113281,11502800
2018-05-16,72.9800033569336,73.93000030517578,72.95999908447266,73.52999877929688,63.24393844604492,8325000
2018-05-17,73.5199966430664,74.0,73.4000015258789,73.95999908447266,63.613807678222656,8053600
2018-05-18,73.9800033569336,74.06999969482422,73.11000061035156,73.44999694824219,63.17512893676758,7042700
2018-05-21,73.75,74.25,73.41999816894531,74.05999755859375,63.699790954589844,6428400
2018-05-22,74.45999908447266,74.94000244140625,73.83000183105469,74.02999877929688,63.67400360107422,7744200
2018-05-23,74.0199966430664,74.30000305175781,73.72000122070312,74.18000030517578,63.803016662597656,6592500
2018-05-24,74.08000183105469,74.3499984741211,73.58999633789062,73.7699966430664,63.45037078857422,6508900
2018-05-25,73.9000015258789,74.62000274658203,73.75,74.30999755859375,63.91481399536133,7546500
2018-05-29,74.05999755859375,74.69999694824219,73.7699966430664,74.05000305175781,63.691184997558594,8905600
2018-05-30,74.33000183105469,75.0199966430664,74.05000305175781,74.88999938964844,64.41368865966797,8128600
2018-05-31,74.66999816894531,74.69000244140625,72.80000305175781,73.16999816894531,62.93430709838867,15526000
2018-06-01,73.33000183105469,73.73999786376953,72.86000061035156,73.44999694824219,63.17512893676758,7209300
2018-06-04,73.54000091552734,74.62000274658203,73.44999694824219,74.18000030517578,63.803016662597656,8743800
2018-06-05,74.27999877929688,74.37999725341797,73.5999984741211,73.97000122070312,63.622398376464844,6910100
2018-06-06,74.06999969482422,74.41999816894531,73.72000122070312,74.3499984741211,63.94923782348633,7002900
2018-06-07,74.18000030517578,76.38999938964844,74.0999984741211,75.76000213623047,65.1619873046875,13476100
2018-06-08,75.8499984741211,77.20999908447266,75.73999786376953,77.18000030517578,66.38336181640625,13625300
2018-06-11,76.97000122070312,77.69000244140625,76.87999725341797,77.52999877929688,66.68437957763672,9049400
2018-06-12,77.81999969482422,77.88999938964844,77.11000061035156,77.23999786376953,66.43496704101562,8786000
2018-06-13,77.4000015258789,77.4000015258789,76.19999694824219,76.47000122070312,65.77267456054688,8022400
2018-06-14,76.55999755859375,76.55999755859375,75.69999694824219,75.98999786376953,65.35980987548828,8895200
2018-06-15,76.16000366210938,77.51000213623047,75.91999816894531,77.37999725341797,66.55536651611328,14943500
2018-06-18,76.86000061035156,77.0999984741211,75.38999938964844,75.83999633789062,65.23078155517578,7384900
2018-06-19,75.58999633789062,76.68000030517578,75.56999969482422,76.33000183105469,65.65225982666016,8514000
2018-06-20,76.3499984741211,76.3499984741211,75.54000091552734,75.8499984741211,65.2393798828125,6603500
2018-06-21,75.52999877929688,77.05000305175781,75.52999877929688,76.44000244140625,65.74686431884766,8691200
2018-06-22,76.79000091552734,77.62999725341797,76.7699966430664,77.43000030517578,66.59839630126953,11446400
2018-06-25,77.27999877929688,77.94000244140625,77.18000030517578,77.79000091552734,66.90801239013672,11300500
2018-06-26,77.79000091552734,78.30999755859375,77.36000061035156,78.0,67.088623046875,9558500
2018-06-27,78.11000061035156,78.70999908447266,77.55999755859375,77.69000244140625,66.82200622558594,7873300
2018-06-28,77.86000061035156,78.31999969482422,77.66000366210938,78.05000305175781,67.13164520263672,5714400
2018-06-29,77.93000030517578,78.54000091552734,77.29000091552734,78.05999755859375,67.14024353027344,7679900
2018-07-02,77.5,78.30999755859375,77.41999816894531,78.12999725341797,67.2004623413086,6092800
2018-07-03,78.54000091552734,78.76000213623047,77.77999877929688,77.9000015258789,67.00263977050781,5897200
2018-07-05,78.13999938964844,79.25,78.12000274658203,79.20999908447266,68.12938690185547,7956100
2018-07-06,79.37999725341797,79.62000274658203,78.9000015258789,79.30999755859375,68.21538543701172,7244000
2018-07-09,78.45999908447266,78.83000183105469,77.77999877929688,77.86000061035156,66.96820068359375,9095900
2018-07-10,78.06999969482422,79.94000244140625,77.98999786376953,79.81999969482422,68.6540298461914,12773500
2018-07-11,79.62999725341797,79.83999633789062,79.02999877929688,79.16000366210938,68.08637237548828,7851600
2018-07-12,79.33999633789062,79.5199966430664,78.56999969482422,78.88999938964844,67.8541259765625,8556800
2018-07-13,79.08000183105469,79.47000122070312,78.9000015258789,79.30999755859375,68.21538543701172,6021300
2018-07-16,79.20999908447266,79.62999725341797,78.83000183105469,79.52999877929688,68.40460968017578,6931200
2018-07-17,79.66000366210938,80.5,79.55000305175781,80.02999877929688,68.83466339111328,8983400
2018-07-18,79.72000122070312,80.20999908447266,79.33000183105469,79.72000122070312,68.56800842285156,9105100
2018-07-19,78.41999816894531,79.19000244140625,77.88999938964844,78.7300033569336,68.33108520507812,8010600
2018-07-20,78.31999969482422,79.05999755859375,78.31999969482422,78.68000030517578,68.28768920898438,8234700
2018-07-23,78.48999786376953,78.94000244140625,78.23999786376953,78.51000213623047,68.14015197753906,5881600
2018-07-24,77.54000091552734,79.01000213623047,77.54000091552734,78.98999786376953,68.55674743652344,8297100
2018-07-25,78.72000122070312,79.5999984741211,78.72000122070312,79.47000122070312,68.97333526611328,6208400
2018-07-26,79.55999755859375,80.7699966430664,79.47000122070312,80.08999633789062,69.5114517211914,9771100
2018-07-27,79.66999816894531,80.83000183105469,79.45999908447266,80.58000183105469,69.93673706054688,7492900
2018-07-30,80.06999969482422,80.5,79.83999633789062,80.19999694824219,69.60694122314453,7090700
2018-07-31,80.38999938964844,80.9800033569336,79.43000030517578,80.87999725341797,70.19709777832031,9878200
2018-08-01,80.41999816894531,80.81999969482422,80.11000061035156,80.6500015258789,69.99748229980469,7556700
2018-08-02,80.80000305175781,82.22000122070312,80.58999633789062,82.0,71.16918182373047,9261700
2018-08-03,82.13999938964844,83.0999984741211,81.91999816894531,82.33000183105469,71.4555892944336,7102800
2018-08-06,82.19999694824219,82.93000030517578,82.1500015258789,82.5199966430664,71.62049102783203,5669200
2018-08-07,82.41000366210938,82.68000030517578,81.7300033569336,82.63999938964844,71.72463989257812,6418000
2018-08-08,82.0999984741211,82.80000305175781,82.0999984741211,82.3499984741211,71.47293853759766,4891300
2018-08-09,82.44000244140625,82.44000244140625,81.30000305175781,81.4000015258789,70.64842987060547,5167400
2018-08-10,81.30000305175781,81.76000213623047,81.0,81.43000030517578,70.6744613647461,5566000
2018-08-13,81.69999694824219,82.08000183105469,81.1500015258789,81.5199966430664,70.75257110595703,5068100
2018-08-14,81.38999938964844,81.72000122070312,81.2300033569336,81.30999755859375,70.57030487060547,6226900
2018-08-15,81.30000305175781,82.37000274658203,80.80999755859375,82.30000305175781,71.42955780029297,8753500
2018-08-16,82.45999908447266,84.0,82.30999755859375,83.69000244140625,72.6359634399414,12368000
2018-08-17,83.7300033569336,84.19999694824219,83.5999984741211,83.69000244140625,72.6359634399414,8409300
2018-08-20,83.88999938964844,83.94999694824219,83.30999755859375,83.63999938964844,72.59256744384766,6795800
2018-08-21,83.56999969482422,84.0,83.08999633789062,83.9000015258789,72.81822967529297,8534500
2018-08-22,83.80999755859375,83.8499984741211,83.05999755859375,83.38999938964844,72.3755874633789,5132600
2018-08-23,83.01000213623047,83.5999984741211,82.83999633789062,83.23999786376953,72.24539184570312,4323200
2018-08-24,83.22000122070312,83.55000305175781,83.02999877929688,83.36000061035156,72.34954071044922,5356000
2018-08-27,83.5,83.81999969482422,83.0199966430664,83.44000244140625,72.4189682006836,3941500
2018-08-28,83.72000122070312,83.86000061035156,83.31999969482422,83.4800033569336,72.45368194580078,5405200
2018-08-29,83.51000213623047,83.76000213623047,83.29000091552734,83.48999786376953,72.46237182617188,4520400
2018-08-30,83.38999938964844,83.73999786376953,83.19000244140625,83.41000366210938,72.3929443359375,4549700
2018-08-31,83.3499984741211,83.52999877929688,82.38999938964844,82.94999694824219,71.99369812011719,6674900
2018-09-04,82.4800033569336,82.95999908447266,82.06999969482422,82.69999694824219,71.77668762207031,5800700
2018-09-05,82.11000061035156,83.47000122070312,82.11000061035156,83.29000091552734,72.28878784179688,7651900
2018-09-06,82.91000366210938,83.30999755859375,82.48999786376953,82.6500015258789,71.73330688476562,7541100
2018-09-07,82.0999984741211,82.19999694824219,81.25,81.91000366210938,71.0910415649414,11110900
2018-09-10,82.58000183105469,83.0999984741211,82.33999633789062,82.37999725341797,71.4990005493164,6783000
2018-09-11,82.12999725341797,82.41999816894531,81.62999725341797,82.01000213623047,71.17784118652344,5210300
2018-09-12,81.9000015258789,83.18000030517578,81.69999694824219,83.11000061035156,72.13256072998047,5925200
2018-09-13,83.2699966430664,83.48999786376953,82.6500015258789,83.44999694824219,72.42762756347656,5328400
2018-09-14,83.47000122070312,83.66999816894531,82.97000122070312,83.61000061035156,72.5665054321289,5004100
2018-09-17,83.5,84.2699966430664,83.33999633789062,84.25,73.1219711303711,7098800
2018-09-18,84.29000091552734,84.29000091552734,83.58000183105469,84.0,72.9050064086914,6022800
2018-09-19,83.91999816894531,84.29000091552734,83.7699966430664,84.0,72.9050064086914,6157600
2018-09-20,84.29000091552734,85.63999938964844,84.2300033569336,85.36000061035156,74.08535766601562,10053000
2018-09-21,85.80999755859375,86.27999877929688,85.5199966430664,85.81999969482422,74.48461151123047,17402500
2018-09-24,85.62999725341797,85.70999908447266,84.2300033569336,84.2699966430664,73.13935852050781,6389400
2018-09-25,84.27999877929688,84.41000366210938,83.08000183105469,83.12000274658203,72.14122772216797,5657200
2018-09-26,83.25,83.98999786376953,83.02999877929688,83.26000213623047,72.26274871826172,6581000
2018-09-27,83.04000091552734,83.62999725341797,82.80999755859375,82.86000061035156,71.91556549072266,6277600
2018-09-28,83.02999877929688,83.29000091552734,82.79000091552734,83.2300033569336,72.23672485351562,5125800
2018-10-01,83.30999755859375,83.72000122070312,83.16999816894531,83.66999816894531,72.61860656738281,4899900
2018-10-02,83.4800033569336,84.44000244140625,83.37000274658203,84.36000061035156,73.21746063232422,7390900
2018-10-03,84.44000244140625,84.5199966430664,82.8499984741211,83.02999877929688,72.06312561035156,7958700
2018-10-04,82.5,82.5,81.0999984741211,81.91999816894531,71.0997543334961,7029900
2018-10-05,81.9800033569336,82.44999694824219,81.9800033569336,82.1500015258789,71.29935455322266,5454600
2018-10-08,81.9800033569336,82.73999786376953,81.75,82.4000015258789,71.5163345336914,7192300
2018-10-09,82.38999938964844,82.72000122070312,82.05999755859375,82.19999694824219,71.34276580810547,6268100
2018-10-10,81.80999755859375,82.68000030517578,81.44000244140625,81.44000244140625,70.68315124511719,9295800
2018-10-11,81.63999938964844,81.97000122070312,78.66999816894531,78.87000274658203,68.45259094238281,12560300
2018-10-12,79.37000274658203,79.37999725341797,78.48999786376953,79.05999755859375,68.61750030517578,9878700
2018-10-15,79.01000213623047,80.54000091552734,78.91999816894531,80.12999725341797,69.54617309570312,9691500
2018-10-16,79.91000366210938,81.08999633789062,79.9000015258789,81.01000213623047,70.3099365234375,9462600
2018-10-17,80.76000213623047,82.18000030517578,80.37999725341797,81.86000061035156,71.04768371582031,10375300
2018-10-18,80.70999908447266,81.33999633789062,80.0,80.23999786376953,70.25701141357422,9869500
2018-10-19,84.86000061035156,87.76000213623047,84.86000061035156,87.30000305175781,76.43865966796875,30276400
2018-10-22,86.7300033569336,87.23999786376953,85.2300033569336,86.5999984741211,75.82575988769531,14124100
2018-10-23,86.01000213623047,87.30000305175781,86.01000213623047,87.16000366210938,76.31605529785156,16269500
2018-10-24,87.27999877929688,90.69999694824219,87.22000122070312,89.45999908447266,78.32991027832031,26703500
2018-10-25,88.11000061035156,89.33000183105469,87.30999755859375,89.0,77.92715454101562,14647000
2018-10-26,88.69000244140625,89.16999816894531,87.38999938964844,87.86000061035156,76.92897033691406,14335900
2018-10-29,88.29000091552734,89.41999816894531,87.44000244140625,88.23999786376953,77.26168823242188,12878900
2018-10-30,88.8499984741211,89.43000030517578,88.20999908447266,89.19000244140625,78.093505859375,13844000
2018-10-31,88.7699966430664,89.31999969482422,87.2699966430664,88.68000030517578,77.64696502685547,13362400
2018-11-01,88.80999755859375,89.83000183105469,88.18000030517578,89.58999633789062,78.44374084472656,9732400
2018-11-02,89.87999725341797,89.94999694824219,88.9800033569336,89.80999755859375,78.6363525390625,11336000
2018-11-05,89.88999938964844,91.44000244140625,89.81999969482422,91.19999694824219,79.85340881347656,12270100
2018-11-06,90.86000061035156,91.52999877929688,90.43000030517578,91.51000213623047,80.12486267089844,8857800
2018-11-07,91.58999633789062,91.62000274658203,90.62000274658203,91.29000091552734,79.9322280883789,9019800
2018-11-08,90.94999694824219,91.52999877929688,90.66999816894531,91.36000061035156,79.9935302734375,6614400
2018-11-09,91.3499984741211,92.66999816894531,91.16999816894531,92.41000366210938,80.91287994384766,10713500
2018-11-12,92.20999908447266,93.44999694824219,91.75,92.69999694824219,81.16681671142578,12522100
2018-11-13,91.97000122070312,93.56999969482422,91.58999633789062,93.47000122070312,81.84100341796875,13438700
2018-11-14,93.41999816894531,93.9000015258789,92.98999786376953,93.48999786376953,81.85851287841797,11623000
2018-11-15,93.33000183105469,93.9000015258789,92.72000122070312,93.83000183105469,82.15621948242188,12506000
2018-11-16,93.81999969482422,94.80999755859375,93.66999816894531,93.81999969482422,82.1474609375,13013500
2018-11-19,93.72000122070312,94.19000244140625,92.91000366210938,93.29000091552734,81.68341064453125,9458300
2018-11-20,93.23999786376953,93.79000091552734,91.86000061035156,92.0999984741211,80.64146423339844,12074000
2018-11-21,91.66000366210938,92.37000274658203,91.23999786376953,91.41000366210938,80.03730010986328,8911800
2018-11-23,91.25,91.98999786376953,90.62999725341797,91.54000091552734,80.15113067626953,4399600
2018-11-26,91.1500015258789,92.4000015258789,91.1500015258789,91.94000244140625,80.5013656616211,8171400
2018-11-27,91.93000030517578,92.86000061035156,91.8499984741211,92.72000122070312,81.18431854248047,9023400
2018-11-28,92.62999725341797,93.22000122070312,92.20999908447266,93.01000213623047,81.438232421875,8093700
2018-11-29,92.86000061035156,93.30000305175781,92.66000366210938,92.81999969482422,81.27188110351562,6126900
2018-11-30,93.18000030517578,94.6500015258789,92.75,94.51000213623047,82.75162506103516,16291800
2018-12-03,94.66999816894531,94.66999816894531,92.26000213623047,93.31999969482422,81.70966339111328,13934700
2018-12-04,93.48999786376953,94.86000061035156,93.16999816894531,93.30999755859375,81.7009048461914,11123600
2018-12-06,92.69999694824219,93.62999725341797,91.08000183105469,93.55000305175781,81.91107940673828,14199200
2018-12-07,93.58999633789062,93.77999877929688,92.13999938964844,92.44999694824219,80.94791412353516,7996800
2018-12-10,93.25,93.4000015258789,91.37000274658203,93.02999877929688,81.45575714111328,9307600
2018-12-11,93.72000122070312,94.5199966430664,93.4000015258789,93.91000366210938,82.22626495361328,8743800
2018-12-12,94.20999908447266,94.55000305175781,93.0999984741211,94.02999877929688,82.33132934570312,9644000
2018-12-13,94.87000274658203,96.79000091552734,94.80000305175781,96.48999786376953,84.48527526855469,18541300
2018-12-14,96.44999694824219,96.9000015258789,96.0199966430664,96.63999938964844,84.61662292480469,12657300
2018-12-17,96.0,96.5,92.4000015258789,92.7699966430664,81.22811126708984,12427600
2018-12-18,93.12999725341797,93.30999755859375,91.86000061035156,92.48999786376953,80.9829330444336,12250600
2018-12-19,92.55000305175781,93.3499984741211,91.29000091552734,91.76000213623047,80.34375762939453,10825600
2018-12-20,91.51000213623047,92.2300033569336,90.12999725341797,90.9800033569336,79.66079711914062,14439200
2018-12-21,90.61000061035156,93.16999816894531,90.36000061035156,90.97000122070312,79.65203857421875,24030000
2018-12-24,90.44999694824219,90.66000366210938,86.87999725341797,87.36000061035156,76.49118041992188,7396300
2018-12-26,87.41999816894531,90.08999633789062,86.73999786376953,90.08999633789062,78.88154602050781,8630900
2018-12-27,89.61000061035156,92.05000305175781,88.19999694824219,92.0199966430664,80.57141876220703,11360100
2018-12-28,92.55999755859375,93.27999877929688,90.83999633789062,91.18000030517578,79.8359375,9611800
2018-12-31,91.62999725341797,92.18000030517578,91.1500015258789,91.91999816894531,80.48384857177734,7239500
2019-01-02,91.02999877929688,91.38999938964844,89.93000030517578,91.27999877929688,79.92346954345703,9843900
2019-01-03,90.94000244140625,92.5,90.37999725341797,90.63999938964844,79.36309814453125,9820200
2019-01-04,90.83999633789062,92.48999786376953,90.37000274658203,92.48999786376953,80.9829330444336,10565700
2019-01-07,91.91000366210938,92.5,91.4000015258789,92.12000274658203,80.65898132324219,9012500
2019-01-08,92.69999694824219,93.08999633789062,91.81999969482422,92.45999908447266,80.95667266845703,9551300
2019-01-09,92.69000244140625,92.95999908447266,90.80999755859375,90.94999694824219,79.63452911376953,15015600
2019-01-10,90.88999938964844,91.54000091552734,90.61000061035156,91.16999816894531,79.82718658447266,11102300
2019-01-11,91.66999816894531,91.9800033569336,91.11000061035156,91.7699966430664,80.35250854492188,7166600
2019-01-14,91.5,91.91000366210938,90.8499984741211,91.1500015258789,79.80963134765625,7952000
2019-01-15,91.1500015258789,92.61000061035156,91.13999938964844,92.01000213623047,80.56266021728516,7834500
2019-01-16,91.73999786376953,92.1500015258789,90.98999786376953,91.37000274658203,80.0022964477539,7964500
2019-01-17,90.70999908447266,91.55999755859375,90.3499984741211,90.63999938964844,79.99080657958984,8044500
2019-01-18,91.37000274658203,91.83999633789062,91.04000091552734,91.41999816894531,80.67916870117188,9100300
2019-01-22,91.38999938964844,91.75,89.08000183105469,90.44000244140625,79.8143081665039,13518500
2019-01-23,94.18000030517578,96.41000366210938,93.62999725341797,94.83999633789062,83.6973648071289,22869000
2019-01-24,94.29000091552734,94.55999755859375,93.19000244140625,94.30000305175781,83.2208023071289,12146400
2019-01-25,94.41999816894531,94.88999938964844,93.05999755859375,93.5999984741211,82.60302734375,10618000
2019-01-28,93.31999969482422,93.97000122070312,92.97000122070312,93.5199966430664,82.53243255615234,9765600
2019-01-29,93.79000091552734,94.12000274658203,93.0999984741211,93.54000091552734,82.55010223388672,9769800
2019-01-30,93.61000061035156,94.66000366210938,93.56999969482422,94.5199966430664,83.41494750976562,7750200
2019-01-31,94.43000030517578,96.80999755859375,94.08000183105469,96.47000122070312,85.13584899902344,16044400
2019-02-01,96.3499984741211,97.61000061035156,95.98999786376953,97.47000122070312,86.01835632324219,12720800
2019-02-04,97.20999908447266,98.22000122070312,96.72000122070312,98.02999877929688,86.51255798339844,11887500
2019-02-05,97.98999786376953,98.0199966430664,97.20999908447266,97.44000244140625,85.99188232421875,9772300
2019-02-06,97.25,98.31999969482422,97.12000274658203,97.91999816894531,86.41549682617188,8693900
2019-02-07,97.5199966430664,97.5999984741211,96.33999633789062,97.13999938964844,85.72713470458984,8732500
2019-02-08,97.01000213623047,97.72000122070312,96.69999694824219,97.70999908447266,86.23017120361328,7483200
2019-02-11,97.48999786376953,98.38999938964844,97.43000030517578,98.2699966430664,86.72438049316406,8494100
2019-02-12,98.37999725341797,99.33999633789062,97.9800033569336,99.26000213623047,87.59806060791016,11238800
2019-02-13,99.29000091552734,99.69999694824219,99.01000213623047,99.23999786376953,87.58039855957031,11587200
2019-02-14,98.69999694824219,98.81999969482422,97.83999633789062,98.45999908447266,86.89203643798828,7930100
2019-02-15,98.94999694824219,99.19999694824219,98.25,98.4800033569336,86.9096908569336,12069100
2019-02-19,98.55999755859375,100.0,98.47000122070312,99.98999786376953,88.24227905273438,10098200
2019-02-20,99.77999877929688,100.22000122070312,98.94000244140625,99.27999877929688,87.61568450927734,8947400
2019-02-21,99.0999984741211,99.86000061035156,98.58999633789062,99.77999877929688,88.05695343017578,7444800
2019-02-22,99.69000244140625,100.4000015258789,99.4000015258789,100.25,88.47172546386719,7925400
2019-02-25,100.36000061035156,100.44999694824219,99.33000183105469,99.56999969482422,87.87163543701172,7436100
2019-02-26,99.83999633789062,100.18000030517578,99.62999725341797,99.83000183105469,88.10108184814453,7115300
2019-02-27,99.33999633789062,99.62999725341797,98.81999969482422,98.91000366210938,87.28917694091797,6013600
2019-02-28,98.91000366210938,99.19999694824219,98.08000183105469,98.55000305175781,86.97148132324219,10575400
2019-03-01,98.61000061035156,98.77999877929688,97.83000183105469,98.44000244140625,86.87439727783203,7733200
2019-03-04,98.56999969482422,98.87999725341797,97.87999725341797,98.87000274658203,87.25387573242188,6895300
2019-03-05,98.91000366210938,99.68000030517578,98.91000366210938,99.08999633789062,87.4480209350586,6274600
2019-03-06,98.86000061035156,99.0999984741211,98.4000015258789,98.93000030517578,87.30681610107422,4622300
2019-03-07,98.97000122070312,99.5999984741211,98.25,98.55000305175781,86.97148132324219,8408600
2019-03-08,98.81999969482422,99.18000030517578,97.75,98.41000366210938,86.84793853759766,5144500
2019-03-11,98.79000091552734,99.68000030517578,98.51000213623047,99.58000183105469,87.8804702758789,7544400
2019-03-12,99.77999877929688,100.5199966430664,99.7300033569336,100.05000305175781,88.29524230957031,7597500
2019-03-13,99.98999786376953,101.58999633789062,99.95999908447266,101.18000030517578,89.29248046875,9883300
2019-03-14,100.94000244140625,101.77999877929688,100.72000122070312,101.31999969482422,89.41603088378906,8590200
2019-03-15,101.76000213623047,102.88999938964844,101.7300033569336,102.44000244140625,90.40443420410156,30802700
2019-03-18,102.05999755859375,102.29000091552734,101.19999694824219,101.51000213623047,89.58369445800781,8442800
2019-03-19,101.91000366210938,102.13999938964844,101.29000091552734,101.9000015258789,89.92788696289062,7334100
2019-03-20,101.7300033569336,102.30999755859375,101.05000305175781,101.72000122070312,89.76904296875,7513800
2019-03-21,101.27999877929688,102.91000366210938,101.27999877929688,102.48999786376953,90.44857788085938,8221000
2019-03-22,102.4800033569336,103.1500015258789,99.01000213623047,101.66000366210938,89.7160873413086,11035900
2019-03-25,101.66000366210938,102.33999633789062,101.26000213623047,101.95999908447266,89.98081970214844,6955500
2019-03-26,102.44000244140625,103.4800033569336,102.4000015258789,103.0199966430664,90.91629028320312,6909400
2019-03-27,102.76000213623047,103.0199966430664,102.04000091552734,102.9000015258789,90.81037902832031,6037100
2019-03-28,103.30999755859375,103.68000030517578,103.11000061035156,103.55000305175781,91.38402557373047,6793700
2019-03-29,103.86000061035156,104.1500015258789,103.11000061035156,104.05000305175781,91.82527160644531,7535400
2019-04-01,104.2300033569336,104.2300033569336,103.13999938964844,103.63999938964844,91.46344757080078,6626500
2019-04-02,103.61000061035156,104.0199966430664,103.26000213623047,103.75,91.56050872802734,6088800
2019-04-03,103.58000183105469,103.88999938964844,102.75,103.69000244140625,91.50758361816406,5226500
2019-04-04,103.4800033569336,103.66999816894531,102.79000091552734,103.43000030517578,91.27812957763672,4786100
2019-04-05,103.61000061035156,103.69000244140625,103.16999816894531,103.6500015258789,91.47227478027344,4281800
2019-04-08,103.93000030517578,105.13999938964844,103.5,104.97000122070312,92.63721466064453,8468600
2019-04-09,104.55000305175781,104.76000213623047,104.13999938964844,104.66000366210938,92.3636245727539,5820300
2019-04-10,104.66000366210938,105.0,104.23999786376953,104.6500015258789,92.35478210449219,5394300
2019-04-11,104.58000183105469,105.05000305175781,104.37000274658203,104.75,92.4430160522461,5078400
2019-04-12,104.75,105.05999755859375,104.16999816894531,105.05999755859375,92.71662139892578,6707900
2019-04-15,104.9800033569336,105.77999877929688,104.79000091552734,105.7300033569336,93.3078842163086,5639200
2019-04-16,105.9800033569336,106.5,105.6500015258789,106.41999816894531,93.91683959960938,8136100
2019-04-17,106.2699966430664,106.51000213623047,105.3499984741211,105.8499984741211,94.0732421875,6778100
2019-04-18,106.0199966430664,106.70999908447266,105.83000183105469,106.05000305175781,94.2509994506836,7248900
2019-04-22,106.12999725341797,107.19999694824219,105.73999786376953,106.01000213623047,94.2154541015625,9057200
2019-04-23,104.01000213623047,104.11000061035156,102.12999725341797,103.16000366210938,91.68254852294922,15979800
2019-04-24,103.31999969482422,104.6500015258789,102.79000091552734,103.69000244140625,92.15357971191406,10094800
2019-04-25,103.0999984741211,103.56999969482422,102.58999633789062,103.27999877929688,91.78919219970703,6085300
2019-04-26,103.94999694824219,105.87999725341797,103.91000366210938,105.86000061035156,94.08213806152344,7747400
2019-04-29,105.56999969482422,105.75,104.72000122070312,104.77999877929688,93.12230682373047,4787600
2019-04-30,104.86000061035156,106.62000274658203,104.66000366210938,106.4800033569336,94.63316345214844,8251300
2019-05-01,106.1500015258789,106.38999938964844,104.80999755859375,104.93000030517578,93.255615234375,6733800
2019-05-02,105.19999694824219,105.76000213623047,105.05000305175781,105.55999755859375,93.81553649902344,6270300
2019-05-03,105.98999786376953,106.41000366210938,105.58000183105469,106.08000183105469,94.27765655517578,4793400
2019-05-06,105.12000274658203,105.81999969482422,105.04000091552734,105.68000030517578,93.92214965820312,4890400
2019-05-07,105.02999877929688,105.58000183105469,104.0999984741211,104.69999694824219,93.05120849609375,6021700
2019-05-08,104.98999786376953,105.7699966430664,104.16000366210938,105.06999969482422,93.38003540039062,5392600
2019-05-09,104.66999816894531,105.04000091552734,103.77999877929688,104.23999786376953,92.64237213134766,6901700
2019-05-10,103.9800033569336,106.1500015258789,103.91999816894531,106.01000213623047,94.2154541015625,5815800
2019-05-13,105.13999938964844,106.58999633789062,104.8499984741211,106.11000061035156,94.30432891845703,7575500
2019-05-14,105.7699966430664,106.5,105.56999969482422,105.5999984741211,93.85106658935547,7004000
2019-05-15,105.61000061035156,107.0,105.5,106.69999694824219,94.82867431640625,5535600
2019-05-16,106.73999786376953,108.68000030517578,106.58999633789062,108.11000061035156,96.08180236816406,9284200
2019-05-17,107.2699966430664,108.0,107.26000213623047,107.44999694824219,95.49523162841797,6370200
2019-05-20,107.44000244140625,108.12999725341797,107.13999938964844,107.33000183105469,95.38858795166016,6565300
2019-05-21,107.47000122070312,107.54000091552734,106.29000091552734,106.37000274658203,94.535400390625,5226400
2019-05-22,106.08999633789062,107.05000305175781,105.94000244140625,106.72000122070312,94.84647369384766,4889700
2019-05-23,106.68000030517578,107.02999877929688,105.88999938964844,106.76000213623047,94.88201141357422,6175600
2019-05-24,107.1500015258789,107.44000244140625,106.54000091552734,106.69000244140625,94.81980895996094,4372100
2019-05-28,106.69999694824219,107.25,104.41999816894531,104.45999908447266,92.83789825439453,7615500
2019-05-29,103.95999908447266,104.80999755859375,103.69999694824219,104.19000244140625,92.59795379638672,7137300
2019-05-30,104.37000274658203,105.37000274658203,104.37000274658203,105.33000183105469,93.61111450195312,4729200
2019-05-31,104.88999938964844,104.9000015258789,102.41000366210938,102.91000366210938,91.46034240722656,10282300
2019-06-03,103.1500015258789,103.95999908447266,102.4000015258789,103.80000305175781,92.25135040283203,8532900
2019-06-04,104.01000213623047,105.0999984741211,103.8499984741211,104.68000030517578,93.0334243774414,6906400
2019-06-05,105.23999786376953,106.75,104.88999938964844,106.7300033569336,94.85535430908203,6481700
2019-06-06,106.8499984741211,107.68000030517578,106.33000183105469,107.37999725341797,95.43302154541016,6681600
2019-06-07,107.73999786376953,109.37999725341797,107.73999786376953,108.7699966430664,96.66838073730469,8063400
2019-06-10,108.31999969482422,109.0199966430664,107.45999908447266,108.72000122070312,96.62393951416016,4767000
2019-06-11,108.94000244140625,109.5999984741211,108.87000274658203,109.37999725341797,97.21051025390625,8074400
2019-06-12,109.5999984741211,110.66000366210938,109.58000183105469,109.68000030517578,97.47714233398438,7687800
2019-06-13,109.9800033569336,110.94999694824219,109.86000061035156,110.91000366210938,98.57028198242188,8611400
2019-06-14,110.97000122070312,111.75,110.6500015258789,111.19999694824219,98.82801818847656,6438100
2019-06-17,111.16000366210938,111.20999908447266,110.23999786376953,110.98999786376953,98.64138793945312,6020000
2019-06-18,111.44999694824219,111.55999755859375,109.43000030517578,109.5999984741211,97.40603637695312,7731200
2019-06-19,109.5,110.7300033569336,109.26000213623047,110.41999816894531,98.13481140136719,7028000
2019-06-20,110.77999877929688,112.0199966430664,110.5,111.73999786376953,99.30792236328125,7044200
2019-06-21,111.62000274658203,112.47000122070312,111.0199966430664,111.19999694824219,98.82801818847656,13799400
2019-06-24,111.81999969482422,112.5,111.4000015258789,112.33000183105469,99.83229064941406,5518100
2019-06-25,112.11000061035156,112.62999725341797,111.30999755859375,111.72000122070312,99.29017639160156,6805600
2019-06-26,111.38999938964844,111.44000244140625,109.66000366210938,109.7300033569336,97.52156829833984,7170300
2019-06-27,109.91999816894531,110.2699966430664,109.29000091552734,109.77999877929688,97.56600952148438,5613300
2019-06-28,111.86000061035156,111.95999908447266,109.0199966430664,109.6500015258789,97.45046997070312,12152000
2019-07-01,109.91999816894531,110.69999694824219,109.61000061035156,110.48999786376953,98.19701385498047,6775900
2019-07-02,110.61000061035156,111.5,110.29000091552734,111.4800033569336,99.07686614990234,6578200
2019-07-03,111.95999908447266,114.2699966430664,111.83999633789062,114.08000183105469,101.38760375976562,6223300
2019-07-05,112.97000122070312,113.44999694824219,112.2300033569336,113.1500015258789,100.56108856201172,8694800
2019-07-08,113.33999633789062,114.2300033569336,113.30000305175781,114.05000305175781,101.36093139648438,5317800
2019-07-09,113.9000015258789,113.91000366210938,112.31999969482422,112.91000366210938,100.3477783203125,7537700
2019-07-10,113.45999908447266,114.5,113.4000015258789,113.75,101.09431457519531,5600700
2019-07-11,113.66000366210938,114.4000015258789,113.44000244140625,114.37999725341797,101.65420532226562,4625300
2019-07-12,114.06999969482422,115.20999908447266,114.06999969482422,114.98999786376953,102.19634246826172,7058600
2019-07-15,115.06999969482422,115.87999725341797,114.79000091552734,115.4800033569336,102.6318359375,6240700
2019-07-16,115.72000122070312,116.5199966430664,115.44999694824219,115.88999938964844,102.9962158203125,7644300
2019-07-17,115.7300033569336,116.29000091552734,115.7300033569336,115.94000244140625,103.04066467285156,7861700
2019-07-18,114.93000030517578,115.7699966430664,114.79000091552734,115.44000244140625,103.26069641113281,5828700
2019-07-19,115.5,115.94999694824219,115.01000213623047,115.01000213623047,102.8760757446289,6547000
2019-07-22,115.04000091552734,115.44999694824219,114.58000183105469,115.30000305175781,103.1354751586914,4018800
2019-07-23,115.70999908447266,116.05000305175781,113.83999633789062,113.8499984741211,101.83846282958984,8194600
2019-07-24,113.8499984741211,113.87999725341797,112.27999877929688,112.5999984741211,100.72032165527344,9635900
2019-07-25,111.4800033569336,112.9800033569336,111.37999725341797,112.7699966430664,100.87239074707031,7809400
2019-07-26,113.20999908447266,114.87999725341797,112.87999725341797,114.7300033569336,102.62561798095703,5559600
2019-07-29,114.7300033569336,116.20999908447266,114.62000274658203,116.0,103.76163482666016,7768700
2019-07-30,119.81999969482422,121.76000213623047,118.80000305175781,120.41000366210938,107.70635986328125,18788800
2019-07-31,119.66000366210938,120.68000030517578,117.06999969482422,118.04000091552734,105.58639526367188,12641800
2019-08-01,118.55999755859375,119.16999816894531,116.7300033569336,116.7300033569336,104.41460418701172,11308600
2019-08-02,116.51000213623047,117.08000183105469,115.69000244140625,116.44000244140625,104.15518951416016,12266100
2019-08-05,116.08999633789062,116.30000305175781,112.83000183105469,113.08000183105469,101.14967346191406,12974800
2019-08-06,113.6500015258789,115.0,113.18000030517578,114.27999877929688,102.22307586669922,9490600
2019-08-07,113.75,116.23999786376953,112.68000030517578,115.5199966430664,103.33226776123047,9507600
2019-08-08,115.5199966430664,117.48999786376953,115.33999633789062,117.44000244140625,105.04969787597656,7416600
2019-08-09,117.62000274658203,118.04000091552734,115.8499984741211,116.77999877929688,104.45934295654297,6939500
2019-08-12,116.77999877929688,117.66999816894531,115.58999633789062,116.02999877929688,103.78844451904297,4996200
2019-08-13,116.51000213623047,118.06999969482422,116.33999633789062,117.25,104.8797378540039,6722000
2019-08-14,116.45999908447266,117.94000244140625,115.66000366210938,115.79000091552734,103.57377624511719,10148300
2019-08-15,116.80000305175781,118.08999633789062,116.44000244140625,117.38999938964844,105.00496673583984,7758000
2019-08-16,118.05999755859375,119.54000091552734,117.5999984741211,119.18000030517578,106.60613250732422,8302400
2019-08-19,119.97000122070312,120.44999694824219,119.11000061035156,120.23999786376953,107.55426788330078,5867100
2019-08-20,120.05000305175781,120.26000213623047,118.79000091552734,118.9000015258789,106.35565185546875,6744300
2019-08-21,119.2699966430664,119.6500015258789,118.68000030517578,119.19999694824219,106.62399291992188,4037400
2019-08-22,119.08000183105469,119.79000091552734,118.69999694824219,119.41999816894531,106.82080078125,4558400
2019-08-23,119.13999938964844,120.11000061035156,116.43000030517578,117.31999969482422,104.94236755371094,7336800
2019-08-26,117.75,119.5999984741211,117.22000122070312,119.31999969482422,106.73133850097656,5661500
2019-08-27,119.98999786376953,121.05000305175781,119.77999877929688,120.55000305175781,107.83158111572266,6996300
2019-08-28,120.45999908447266,121.43000030517578,119.62999725341797,121.4000015258789,108.59188842773438,4600300
2019-08-29,121.79000091552734,122.0,120.31999969482422,121.18000030517578,108.39511108398438,5011500
2019-08-30,121.95999908447266,122.0,119.51000213623047,120.2300033569336,107.54534149169922,6007100
2019-09-03,119.79000091552734,121.54000091552734,119.62999725341797,121.36000061035156,108.5561294555664,4959300
2019-09-04,121.8499984741211,123.27999877929688,121.45999908447266,123.20999908447266,110.21094512939453,5586900
2019-09-05,123.23999786376953,123.43000030517578,122.18000030517578,122.76000213623047,109.80841827392578,7491900
2019-09-06,123.0,123.37999725341797,122.54000091552734,122.87000274658203,109.90682983398438,5306900
2019-09-09,122.70999908447266,122.77999877929688,121.77999877929688,122.16999816894531,109.28067016601562,7662400
2019-09-10,121.02999877929688,121.18000030517578,119.58000183105469,119.87999725341797,107.2322769165039,9582200
2019-09-11,119.86000061035156,121.33999633789062,119.36000061035156,121.2699966430664,108.47561645507812,7565500
2019-09-12,122.6500015258789,123.20999908447266,121.62000274658203,122.7699966430664,109.81734466552734,6194300
2019-09-13,121.81999969482422,122.58000183105469,121.5,122.12000274658203,109.23594665527344,6777400
2019-09-16,121.80999755859375,121.95999908447266,119.0199966430664,119.75,107.11598205566406,9626700
2019-09-17,119.62999725341797,121.98999786376953,119.44000244140625,121.16000366210938,108.37723541259766,6377100
2019-09-18,121.2699966430664,121.95999908447266,120.7699966430664,121.41000366210938,108.60086059570312,5684200
2019-09-19,121.38999938964844,122.2300033569336,121.23999786376953,121.9000015258789,109.0391616821289,4525800
2019-09-20,122.12999725341797,122.5999984741211,121.75,122.23999786376953,109.34326934814453,15362000
2019-09-23,122.19999694824219,123.7699966430664,121.97000122070312,123.22000122070312,110.21988677978516,6060400
2019-09-24,123.69999694824219,124.7300033569336,123.36000061035156,123.61000061035156,110.56874084472656,7633200
2019-09-25,123.55999755859375,123.83000183105469,122.94999694824219,123.0199966430664,110.04098510742188,5812600
2019-09-26,123.63999938964844,125.0,123.52999877929688,124.30999755859375,111.19487762451172,6984800
2019-09-27,124.41000366210938,124.87999725341797,123.72000122070312,124.56999969482422,111.42745208740234,5589800
2019-09-30,124.56999969482422,125.36000061035156,124.12999725341797,124.37999725341797,111.25749969482422,5206900
2019-10-01,124.36000061035156,124.63999938964844,123.19999694824219,123.8499984741211,110.78343200683594,5415700
2019-10-02,123.19999694824219,123.6500015258789,120.20999908447266,121.08000183105469,108.30564880371094,6755100
2019-10-03,121.66999816894531,122.54000091552734,120.83999633789062,121.73999786376953,108.8960189819336,5171000
2019-10-04,122.19000244140625,124.05999755859375,121.98999786376953,124.0,110.9176025390625,4377900
2019-10-07,123.52999877929688,123.88999938964844,122.68000030517578,122.83999633789062,109.8799819946289,4749700
2019-10-08,122.66000366210938,122.93000030517578,120.87999725341797,120.93000030517578,108.17147827148438,5545300
2019-10-09,121.80999755859375,122.38999938964844,121.43000030517578,121.9800033569336,109.11071014404297,3775600
2019-10-10,121.33000183105469,122.19000244140625,120.80000305175781,121.94000244140625,109.07493591308594,3943400
2019-10-11,122.04000091552734,122.05999755859375,120.81999969482422,121.08999633789062,108.3145980834961,6292200
2019-10-14,121.62000274658203,121.62000274658203,119.58000183105469,120.05000305175781,107.38433074951172,7360200
2019-10-15,120.19000244140625,120.55999755859375,116.69999694824219,117.19999694824219,104.83502960205078,11113900
2019-10-16,117.66999816894531,117.7699966430664,116.51000213623047,117.52999877929688,105.13019561767578,7973100
2019-10-17,117.30999755859375,117.63999938964844,116.55000305175781,116.62999725341797,104.9915771484375,5956900
2019-10-18,116.55000305175781,117.75,116.16999816894531,117.47000122070312,105.74775695800781,9016700
2019-10-21,117.41999816894531,119.12000274658203,117.3499984741211,119.08000183105469,107.19709014892578,6731600
2019-10-22,124.0,124.22000122070312,121.5999984741211,122.18000030517578,109.98773193359375,14410500
2019-10-23,121.98999786376953,123.7300033569336,121.83999633789062,123.0,110.72589111328125,8249300
2019-10-24,123.76000213623047,125.7699966430664,123.33999633789062,124.79000091552734,112.33728790283203,6725600
2019-10-25,124.81999969482422,124.81999969482422,123.16999816894531,123.25,110.9509506225586,6093300
2019-10-28,123.4800033569336,124.12000274658203,122.5999984741211,123.4800033569336,111.15801239013672,5459500
2019-10-29,123.19999694824219,124.55999755859375,123.0999984741211,123.5999984741211,111.26602172851562,5659800
2019-10-30,123.98999786376953,125.16999816894531,123.5,124.94000244140625,112.47232055664062,4734500
2019-10-31,124.79000091552734,125.44999694824219,123.36000061035156,124.51000213623047,112.08522033691406,6399500
2019-11-01,124.83000183105469,125.13999938964844,123.25,123.87000274658203,111.50908660888672,6010200
2019-11-04,123.91999816894531,123.91999816894531,118.63999938964844,119.06999969482422,107.1880874633789,10351400
2019-11-05,118.83000183105469,119.58999633789062,118.23999786376953,118.9000015258789,107.03504180908203,9239600
2019-11-06,119.0999984741211,120.3499984741211,118.66000366210938,120.31999969482422,108.31333923339844,6756300
2019-11-07,120.33999633789062,120.33999633789062,118.80999755859375,119.62000274658203,107.6832046508789,8909700
2019-11-08,119.8499984741211,120.58999633789062,119.16000366210938,119.69999694824219,107.75521087646484,4249900
2019-11-11,119.4800033569336,120.0,119.08999633789062,119.33000183105469,107.42213439941406,3850400
2019-11-12,119.48999786376953,119.5999984741211,118.55000305175781,119.2699966430664,107.36812591552734,4759600
2019-11-13,119.9000015258789,121.05000305175781,119.87000274658203,120.6500015258789,108.61040496826172,7262800
2019-11-14,120.62000274658203,121.16999816894531,120.11000061035156,120.5,108.47537994384766,5188300
2019-11-15,120.98999786376953,120.98999786376953,119.97000122070312,120.54000091552734,108.51138305664062,7108600
2019-11-18,120.25,122.55999755859375,120.16999816894531,121.88999938964844,109.72665405273438,7493700
2019-11-19,121.93000030517578,122.77999877929688,121.12999725341797,121.41999816894531,109.3035659790039,5989000
2019-11-20,121.41999816894531,122.37999725341797,120.93000030517578,122.29000091552734,110.08676147460938,6480000
2019-11-21,121.77999877929688,122.54000091552734,120.27999877929688,120.33999633789062,108.33134460449219,7094200
2019-11-22,120.2300033569336,120.61000061035156,119.38999938964844,120.29000091552734,108.28633117675781,4414900
2019-11-25,120.44000244140625,120.91999816894531,120.0199966430664,120.51000213623047,108.4843978881836,5134300
2019-11-26,120.7300033569336,122.3499984741211,120.41000366210938,122.26000213623047,110.05973052978516,8235200
2019-11-27,122.41999816894531,122.44000244140625,120.95999908447266,121.76000213623047,109.60964965820312,3751400
2019-11-29,121.98999786376953,122.62999725341797,121.70999908447266,122.05999755859375,109.87971496582031,2927300
2019-12-02,121.94000244140625,122.77999877929688,120.95999908447266,122.72000122070312,110.47383880615234,6146200
2019-12-03,122.30999755859375,122.95999908447266,121.80000305175781,122.94999694824219,110.680908203125,6396200
2019-12-04,122.75,124.58000183105469,122.69000244140625,124.52999877929688,112.10321807861328,6857300
2019-12-05,124.2699966430664,124.62999725341797,123.66000366210938,124.62000274658203,112.18424224853516,7029200
2019-12-06,124.7300033569336,125.44999694824219,123.88999938964844,124.19000244140625,111.79716491699219,7150900
2019-12-09,124.30999755859375,125.13999938964844,124.18000030517578,124.87000274658203,112.40929412841797,7452800
2019-12-10,124.77999877929688,124.87000274658203,124.12000274658203,124.2699966430664,111.86918640136719,4740100
2019-12-11,124.2699966430664,125.2699966430664,124.06999969482422,124.66000366210938,112.22025299072266,4823300
2019-12-12,124.77999877929688,125.76000213623047,123.87999725341797,124.56999969482422,112.13922882080078,5897800
2019-12-13,124.20999908447266,125.73999786376953,123.79000091552734,125.47000122070312,112.94941711425781,5471600
2019-12-16,125.47000122070312,126.3499984741211,125.3499984741211,125.55999755859375,113.03044128417969,8281900
2019-12-17,125.58999633789062,125.9800033569336,124.30999755859375,125.30999755859375,112.80540466308594,8832200
2019-12-18,125.30999755859375,125.87000274658203,123.69000244140625,124.01000213623047,111.63511657714844,8607600
2019-12-19,124.16000366210938,125.19999694824219,123.9000015258789,124.91999816894531,112.45431518554688,6629100
2019-12-20,126.1500015258789,126.5999984741211,125.02999877929688,125.36000061035156,112.85039520263672,16250500
2019-12-23,125.5199966430664,125.81999969482422,124.69000244140625,124.9000015258789,112.43630981445312,6619500
2019-12-24,124.79000091552734,125.30999755859375,124.58000183105469,125.22000122070312,112.72437286376953,2022100
2019-12-26,125.0999984741211,125.75,124.87000274658203,125.22000122070312,112.72437286376953,4760400
2019-12-27,125.55999755859375,126.30000305175781,125.38999938964844,126.08999633789062,113.50755310058594,5192000
2019-12-30,125.76000213623047,125.9800033569336,124.13999938964844,124.47000122070312,112.04922485351562,3884300
2019-12-31,124.43000030517578,124.98999786376953,123.94999694824219,124.9000015258789,112.43630981445312,4798900
2020-01-02,124.5,124.7300033569336,122.94000244140625,123.41000366210938,111.09500122070312,8130800
2020-01-03,122.16000366210938,123.52999877929688,121.86000061035156,122.58000183105469,110.3478012084961,7970500
2020-01-06,122.56999969482422,123.19000244140625,122.37999725341797,122.75,110.5008544921875,6674400
2020-01-07,122.87999725341797,123.20999908447266,121.87000274658203,121.98999786376953,109.81669616699219,7583400
2020-01-08,122.19000244140625,123.43000030517578,122.0,122.51000213623047,110.28480529785156,5385100
2020-01-09,122.51000213623047,123.87999725341797,122.51000213623047,123.8499984741211,111.49108123779297,5944000
2020-01-10,123.9000015258789,124.31999969482422,123.30000305175781,123.97000122070312,111.59910583496094,3927100
2020-01-13,124.0,124.9000015258789,123.80999755859375,124.87999725341797,112.41828918457031,8409200
2020-01-14,124.6500015258789,125.19999694824219,124.4800033569336,124.69000244140625,112.24726104736328,7829700
2020-01-15,125.05999755859375,126.12000274658203,125.01000213623047,125.95999908447266,113.3905258178711,4843700
2020-01-16,126.11000061035156,126.77999877929688,125.58999633789062,126.06999969482422,113.48955535888672,6233700
2020-01-17,126.3499984741211,127.0,125.87999725341797,126.41000366210938,113.79562377929688,11315200
2020-01-21,126.41000366210938,126.62000274658203,124.83999633789062,126.08999633789062,113.50755310058594,8553100
2020-01-22,126.33000183105469,126.68000030517578,125.83000183105469,126.30999755859375,113.70559692382812,7396700
2020-01-23,124.30000305175781,126.55000305175781,123.6500015258789,124.98999786376953,113.18580627441406,11096500
2020-01-24,125.22000122070312,126.79000091552734,124.7699966430664,125.13999938964844,113.3216552734375,9508600
2020-01-27,124.75,126.38999938964844,124.75,125.69000244140625,113.81969451904297,9338400
2020-01-28,125.93000030517578,126.9800033569336,125.72000122070312,126.02999877929688,114.1275863647461,6200200
2020-01-29,125.91000366210938,126.06999969482422,125.02999877929688,125.05999755859375,113.24921417236328,5271000
2020-01-30,124.79000091552734,126.05999755859375,124.41999816894531,125.94999694824219,114.05513763427734,5894400
2020-01-31,125.98999786376953,126.94999694824219,124.45999908447266,124.62000274658203,112.85077667236328,6612900
2020-02-03,124.66000366210938,125.94999694824219,124.48999786376953,125.11000061035156,113.29447937011719,6052300
2020-02-04,125.70999908447266,127.3499984741211,125.36000061035156,125.66000366210938,113.79253387451172,6512200
2020-02-05,125.91000366210938,127.05999755859375,125.4000015258789,126.80999755859375,114.83392333984375,6125400
2020-02-06,126.9000015258789,128.08999633789062,126.5999984741211,127.13999938964844,115.13276672363281,9102700
2020-02-07,127.19000244140625,127.2699966430664,126.05000305175781,126.08000183105469,114.1728744506836,5915100
2020-02-10,126.45999908447266,126.83000183105469,125.76000213623047,126.16999816894531,114.25434875488281,5216100
2020-02-11,126.2699966430664,126.2699966430664,124.02999877929688,124.16000366210938,112.43421936035156,6105700
2020-02-12,123.68000030517578,123.97000122070312,122.8499984741211,123.44999694824219,111.7912368774414,6031700
2020-02-13,123.7300033569336,125.27999877929688,123.5199966430664,124.95999908447266,113.15863037109375,7159000
2020-02-14,125.29000091552734,126.1500015258789,124.79000091552734,126.13999938964844,114.2271957397461,5889100
2020-02-18,125.83000183105469,126.18000030517578,124.83000183105469,124.87000274658203,113.0771484375,6767600
2020-02-19,124.8499984741211,126.47000122070312,124.6500015258789,125.44000244140625,113.59330749511719,4734000
2020-02-20,125.47000122070312,126.76000213623047,125.12999725341797,126.58000183105469,114.62564086914062,6094600
2020-02-21,126.12999725341797,128.07000732421875,125.9800033569336,126.69999694824219,114.73431396484375,8723900
2020-02-24,125.26000213623047,126.58999633789062,123.13999938964844,123.30000305175781,111.6554183959961,7533900
2020-02-25,123.0199966430664,123.95999908447266,120.87999725341797,121.43000030517578,109.96202850341797,8903200
2020-02-26,121.41999816894531,122.38999938964844,119.8499984741211,120.16000366210938,108.81195831298828,6894200
2020-02-27,119.12000274658203,119.91999816894531,113.43000030517578,113.5,102.78092956542969,13298900
2020-02-28,109.45999908447266,113.2300033569336,106.66999816894531,113.2300033569336,102.53643798828125,22784300
2020-03-02,113.19000244140625,119.79000091552734,112.55000305175781,119.55999755859375,108.26861572265625,12399800
2020-03-03,119.7300033569336,121.83999633789062,117.13999938964844,118.16999816894531,107.00990295410156,12510900
2020-03-04,119.87999725341797,124.69000244140625,119.5999984741211,124.5,112.7420883178711,9459300
2020-03-05,121.30000305175781,122.9000015258789,120.27999877929688,121.62999725341797,110.14312744140625,9363500
2020-03-06,118.02999877929688,122.61000061035156,117.55000305175781,121.66000366210938,110.17030334472656,9817400
2020-03-09,115.2699966430664,120.02999877929688,115.12000274658203,116.05999755859375,105.09918212890625,13116500
2020-03-10,118.95999908447266,120.81999969482422,114.44000244140625,120.55000305175781,109.16513061523438,11419100
2020-03-11,117.5999984741211,118.44000244140625,110.68000030517578,111.58999633789062,101.05132293701172,16456000
2020-03-12,103.0,111.58000183105469,101.0,101.83999633789062,92.22212219238281,20988000
2020-03-13,106.5,114.62999725341797,105.41000366210938,114.06999969482422,103.29710388183594,17378700
2020-03-16,101.75,115.94999694824219,101.0,108.5,98.2531509399414,17367400
2020-03-17,111.44999694824219,119.69999694824219,110.7699966430664,118.23999786376953,107.07329559326172,19451400
2020-03-18,113.0199966430664,121.5,112.08999633789062,117.44999694824219,106.35787963867188,23139200
2020-03-19,116.61000061035156,118.0,109.79000091552734,110.83000183105469,100.36309814453125,16428100
2020-03-20,109.19000244140625,109.69999694824219,101.58999633789062,102.43000030517578,92.75639343261719,19922900
2020-03-23,100.19000244140625,103.75,94.33999633789062,97.69999694824219,88.4731216430664,17776800
2020-03-24,101.2300033569336,104.0,96.06999969482422,103.2699966430664,93.51707458496094,14625500
2020-03-25,100.51000213623047,104.69999694824219,98.5999984741211,100.91999816894531,91.38898468017578,13789100
2020-03-26,103.87999725341797,108.30999755859375,102.52999877929688,107.37999725341797,97.2389144897461,15796000
2020-03-27,106.48999786376953,114.29000091552734,106.48999786376953,110.16999816894531,99.76542663574219,16073100
2020-03-30,113.9000015258789,115.79000091552734,110.19999694824219,115.0,104.1392822265625,14571600
2020-03-31,113.5,114.29000091552734,108.94999694824219,110.0,99.61148071289062,21691000
2020-04-01,107.94999694824219,112.18000030517578,107.0,109.33000183105469,99.00476837158203,11095800
2020-04-02,107.69000244140625,114.98999786376953,107.5,114.4000015258789,103.59593200683594,9168800
2020-04-03,113.73999786376953,115.9000015258789,113.01000213623047,115.08000183105469,104.21173095703125,7768700
2020-04-06,117.0,119.0,114.58000183105469,117.80999755859375,106.68389892578125,16848400
2020-04-07,116.70999908447266,120.05999755859375,112.5,112.7699966430664,102.11988830566406,14438400
2020-04-08,114.38999938964844,117.30000305175781,111.86000061035156,115.0999984741211,104.22982788085938,12564500
2020-04-09,115.26000213623047,118.66000366210938,114.19999694824219,114.66000366210938,103.83137512207031,12747300
2020-04-13,113.61000061035156,116.75,113.16000366210938,115.94999694824219,104.99956512451172,7926700
2020-04-14,118.76000213623047,121.47000122070312,116.25,120.95999908447266,109.5363998413086,10474200
2020-04-15,120.86000061035156,123.41999816894531,119.58999633789062,121.22000122070312,109.77184295654297,14192900
2020-04-16,122.3499984741211,122.5,119.9000015258789,121.5,110.02539825439453,12020200
2020-04-17,122.44999694824219,124.98999786376953,120.54000091552734,124.69000244140625,112.9141616821289,15899800
2020-04-20,121.47000122070312,123.2300033569336,120.54000091552734,120.5999984741211,109.21040344238281,10832000
2020-04-21,119.5,120.30000305175781,118.43000030517578,119.68000030517578,108.3772964477539,9465400
2020-04-22,119.98999786376953,120.27999877929688,118.77999877929688,119.4000015258789,108.12373352050781,10259400
2020-04-23,118.6500015258789,119.66999816894531,118.05000305175781,119.4000015258789,108.84481048583984,17277000
2020-04-24,119.0999984741211,119.76000213623047,118.62000274658203,118.77999877929688,108.27961730957031,12751100
2020-04-27,119.19000244140625,119.19000244140625,116.9000015258789,117.44999694824219,107.06719207763672,10635700
2020-04-28,117.0999984741211,117.91000366210938,116.16999816894531,116.88999938964844,106.55668640136719,9958000
2020-04-29,117.5199966430664,118.05000305175781,115.08000183105469,117.08000183105469,106.72991180419922,8707900
2020-04-30,115.91999816894531,118.27999877929688,115.66000366210938,117.87000274658203,107.45006561279297,10026400
2020-05-01,117.5999984741211,118.37000274658203,116.31999969482422,116.81999969482422,106.49290466308594,7366400
2020-05-04,117.08999633789062,117.19999694824219,115.0,115.7699966430664,105.53571319580078,5636000
2020-05-05,115.80000305175781,117.26000213623047,115.20999908447266,116.01000213623047,105.75450897216797,5425200
2020-05-06,115.54000091552734,116.13999938964844,112.88999938964844,113.0999984741211,103.10175323486328,7892200
2020-05-07,114.05999755859375,114.13999938964844,111.81999969482422,112.16999816894531,102.25396728515625,8762800
2020-05-08,113.5199966430664,116.30000305175781,113.38999938964844,115.94999694824219,105.69981384277344,9279900
2020-05-11,115.75,116.01000213623047,114.91999816894531,115.30999755859375,105.11636352539062,6947500
2020-05-12,115.19999694824219,115.9000015258789,114.13999938964844,114.55000305175781,104.42356872558594,6734400
2020-05-13,114.27999877929688,115.3499984741211,113.7300033569336,113.91999816894531,103.8492660522461,9312600
2020-05-14,113.54000091552734,114.44999694824219,111.25,113.80999755859375,103.74897766113281,9310000
2020-05-15,113.93000030517578,114.79000091552734,112.05000305175781,114.61000061035156,104.47825622558594,10694800
2020-05-18,116.02999877929688,116.98999786376953,114.70999908447266,116.20999908447266,105.93683624267578,10020800
2020-05-19,115.08999633789062,115.63999938964844,112.33999633789062,112.44000244140625,102.5000991821289,8047600
2020-05-20,113.0,113.7699966430664,112.12999725341797,113.27999877929688,103.26582336425781,6593800
2020-05-21,112.80000305175781,113.19999694824219,111.43000030517578,111.62000274658203,101.75257110595703,6552700
2020-05-22,112.29000091552734,113.5999984741211,111.76000213623047,112.5999984741211,102.64594268798828,5571900
2020-05-26,114.1500015258789,114.1500015258789,111.68000030517578,112.02999877929688,102.12633514404297,10432400
2020-05-27,112.5,113.97000122070312,111.81999969482422,113.88999938964844,103.82190704345703,8279700
2020-05-28,115.52999877929688,116.98999786376953,114.9000015258789,116.05999755859375,105.80008697509766,6586700
2020-05-29,116.12999725341797,116.72000122070312,114.62000274658203,115.91999816894531,105.67244720458984,7868000
2020-06-01,116.0,117.5,115.26000213623047,117.25,106.88487243652344,5105600
2020-06-02,117.06999969482422,118.13999938964844,116.81999969482422,118.05999755859375,107.6232681274414,6327900
2020-06-03,118.0999984741211,119.19000244140625,117.94999694824219,118.52999877929688,108.05172729492188,6171000
2020-06-04,118.0,118.83000183105469,115.56999969482422,116.05000305175781,105.79096984863281,6895800
2020-06-05,116.25,118.83000183105469,116.05000305175781,118.33000183105469,107.8694076538086,7337800
2020-06-08,117.44000244140625,119.12000274658203,116.83999633789062,119.05000305175781,108.52577209472656,6926700
2020-06-09,119.4000015258789,119.76000213623047,118.1500015258789,118.33999633789062,107.87852478027344,5563200
2020-06-10,119.0,119.88999938964844,118.11000061035156,119.2300033569336,108.6898422241211,6678200
2020-06-11,118.80999755859375,119.56999969482422,116.0,116.26000213623047,105.9823989868164,8937500
2020-06-12,116.58999633789062,118.05000305175781,115.26000213623047,115.62000274658203,105.39898681640625,7998500
2020-06-15,114.55000305175781,117.27999877929688,113.76000213623047,116.69000244140625,106.37437438964844,8786000
2020-06-16,118.52999877929688,118.97000122070312,116.93000030517578,118.12999725341797,107.68707275390625,8165200
2020-06-17,118.38999938964844,119.11000061035156,117.44000244140625,117.93000030517578,107.50477600097656,6320800
2020-06-18,117.45999908447266,119.95999908447266,117.37000274658203,119.27999877929688,108.73542785644531,6274400
2020-06-19,120.48999786376953,121.81999969482422,118.83000183105469,118.91999816894531,108.4072494506836,17506200
2020-06-22,118.77999877929688,119.08000183105469,117.33999633789062,117.75,107.34066772460938,5695600
2020-06-23,118.66999816894531,119.19000244140625,117.6500015258789,117.7300033569336,107.32244110107422,5340400
2020-06-24,117.22000122070312,117.95999908447266,116.27999877929688,116.41999816894531,106.12825012207031,6547800
2020-06-25,116.98999786376953,118.02999877929688,116.02999877929688,117.88999938964844,107.46830749511719,5489300
2020-06-26,117.58999633789062,118.47000122070312,115.04000091552734,115.2300033569336,105.04344177246094,23201700
2020-06-29,116.51000213623047,118.05000305175781,116.3499984741211,117.66000366210938,107.25863647460938,6866900
2020-06-30,117.97000122070312,119.98999786376953,117.80000305175781,119.56999969482422,108.9997787475586,7818000
2020-07-01,119.6500015258789,120.38999938964844,118.9000015258789,119.9800033569336,109.3735580444336,6501200
2020-07-02,121.0,122.56999969482422,120.52999877929688,120.87999725341797,110.19398498535156,6150900
2020-07-06,121.7699966430664,122.41000366210938,120.87999725341797,121.62999725341797,110.87767028808594,6023300
2020-07-07,121.30000305175781,123.25,120.88999938964844,122.22000122070312,111.41552734375,6866300
2020-07-08,122.1500015258789,123.23999786376953,122.0,122.88999938964844,112.02627563476562,6494100
2020-07-09,122.81999969482422,123.9800033569336,121.80999755859375,122.4800033569336,111.65251159667969,5341000
2020-07-10,122.56999969482422,124.5,122.47000122070312,123.88999938964844,112.9378890991211,6752600
2020-07-13,124.0,125.58999633789062,123.33999633789062,124.05000305175781,113.08374786376953,7681500
2020-07-14,123.98999786376953,125.66000366210938,123.5,125.08999633789062,114.03180694580078,6272100
2020-07-15,125.9800033569336,126.9000015258789,124.26000213623047,124.5,113.49395751953125,8145000
2020-07-16,125.08000183105469,125.5199966430664,123.91000366210938,124.76000213623047,113.73097229003906,3959300
2020-07-17,125.08999633789062,126.06999969482422,124.83000183105469,125.62999725341797,114.52406311035156,4868600
2020-07-20,125.47000122070312,125.83999633789062,124.79000091552734,125.23999786376953,114.1685562133789,4242100
2020-07-21,125.48999786376953,126.63999938964844,124.91999816894531,125.06999969482422,114.01358795166016,5162300
2020-07-22,125.5,126.4000015258789,124.20999908447266,126.13999938964844,114.98897552490234,5929200
2020-07-23,126.12000274658203,127.18000030517578,125.5999984741211,126.16000366210938,115.73295593261719,6664800
2020-07-24,126.98999786376953,127.7699966430664,125.31999969482422,125.95999908447266,115.54946899414062,6014200
2020-07-27,125.70999908447266,126.63999938964844,125.54000091552734,126.31999969482422,115.87973022460938,6464600
2020-07-28,126.37000274658203,128.4600067138672,126.29000091552734,127.87999725341797,117.31079864501953,7644400
2020-07-29,127.55999755859375,129.24000549316406,127.36000061035156,128.30999755859375,117.70526123046875,6702000
2020-07-30,130.66000366210938,132.02999877929688,129.64999389648438,131.4199981689453,120.55821228027344,10400700
2020-07-31,130.66000366210938,131.2100067138672,129.27000427246094,131.1199951171875,120.28299713134766,8487000
2020-08-03,130.47000122070312,131.9199981689453,130.47000122070312,131.2899932861328,120.43895721435547,7769400
2020-08-04,130.77000427246094,133.92999267578125,130.6999969482422,133.7899932861328,122.73230743408203,7773700
2020-08-05,133.58999633789062,134.64999389648438,133.1199951171875,133.44000244140625,122.41128540039062,5680000
2020-08-06,132.85000610351562,133.3699951171875,132.1199951171875,132.7100067138672,121.74160766601562,3974100
2020-08-07,132.88999938964844,133.63999938964844,132.4499969482422,133.5500030517578,122.51217651367188,4934900
2020-08-10,133.6999969482422,134.44000244140625,133.19000244140625,134.10000610351562,123.01673889160156,5812700
2020-08-11,134.27000427246094,134.74000549316406,132.7899932861328,133.22999572753906,122.21863555908203,5329900
2020-08-12,133.77000427246094,135.97000122070312,133.6999969482422,135.4600067138672,124.26432037353516,5920400
2020-08-13,135.0800018310547,135.8699951171875,134.92999267578125,135.77999877929688,124.55785369873047,4989500
2020-08-14,135.61000061035156,135.63999938964844,134.5500030517578,135.10000610351562,123.93408203125,5845200
2020-08-17,134.94000244140625,135.6999969482422,134.66000366210938,135.5,124.30101013183594,5603800
2020-08-18,135.80999755859375,137.52000427246094,135.4199981689453,136.50999450683594,125.22752380371094,8670700
2020-08-19,135.5399932861328,136.32000732421875,135.5,135.77000427246094,124.54869842529297,6827700
2020-08-20,135.24000549316406,136.97999572753906,135.19000244140625,136.85000610351562,125.53943634033203,4352200
2020-08-21,136.60000610351562,138.10000610351562,135.91000366210938,137.44000244140625,126.08068084716797,5706600
2020-08-24,137.49000549316406,138.77999877929688,137.1999969482422,138.50999450683594,127.06224060058594,7420500
2020-08-25,139.0,139.14999389648438,137.8000030517578,139.05999755859375,127.56680297851562,4718300
2020-08-26,138.57000732421875,139.32000732421875,138.25,138.38999938964844,126.95215606689453,4746200
2020-08-27,138.83999633789062,139.69000244140625,138.17999267578125,138.2100067138672,126.78702545166016,6156100
2020-08-28,138.32000732421875,138.91000366210938,136.9499969482422,138.77000427246094,127.30076599121094,4166300
2020-08-31,138.19000244140625,138.72999572753906,137.82000732421875,138.3300018310547,126.89710235595703,5596800
2020-09-01,137.86000061035156,138.22000122070312,137.07000732421875,138.17999267578125,126.75952911376953,5671800
2020-09-02,138.11000061035156,141.44000244140625,137.61000061035156,140.50999450683594,128.89694213867188,8384800
2020-09-03,140.74000549316406,141.6999969482422,137.08999633789062,138.25999450683594,126.83289337158203,7277900
2020-09-04,137.80999755859375,139.19000244140625,136.1199951171875,137.9600067138672,126.5577163696289,7437700
2020-09-08,138.52000427246094,138.63999938964844,135.0399932861328,135.94000244140625,124.70465850830078,6847500
2020-09-09,136.4199981689453,139.55999755859375,136.27000427246094,138.14999389648438,126.73197937011719,6002900
2020-09-10,138.1199951171875,138.72000122070312,136.50999450683594,136.6999969482422,125.4018325805664,5242500
2020-09-11,137.69000244140625,138.66000366210938,137.16000366210938,138.13999938964844,126.72282409667969,4398000
2020-09-14,138.44000244140625,139.5800018310547,138.3300018310547,138.6300048828125,127.17230987548828,4767400
2020-09-15,138.7899932861328,139.77000427246094,138.38999938964844,138.6300048828125,127.17230987548828,4046500
2020-09-16,139.57000732421875,140.1699981689453,137.60000610351562,137.6999969482422,126.31916046142578,6049900
2020-09-17,137.05999755859375,137.8800048828125,136.19000244140625,137.52000427246094,126.15406799316406,4648500
2020-09-18,136.91000366210938,137.92999267578125,136.25999450683594,137.3699951171875,126.0164566040039,10192800
2020-09-21,137.0,137.47000122070312,134.6999969482422,136.7100067138672,125.4110336303711,7092600
2020-09-22,136.49000549316406,139.02999877929688,136.24000549316406,137.9600067138672,126.5577163696289,4722800
2020-09-23,138.4199981689453,138.4199981689453,136.08999633789062,136.30999755859375,125.04405975341797,6373700
2020-09-24,136.6699981689453,137.14999389648438,135.7100067138672,136.9199981689453,125.6036605834961,5708200
2020-09-25,135.88999938964844,137.99000549316406,135.88999938964844,137.6199951171875,126.24579620361328,4969900
2020-09-28,138.55999755859375,139.94000244140625,137.77999877929688,138.00999450683594,126.60357666015625,5810800
2020-09-29,138.38999938964844,138.4199981689453,136.66000366210938,137.25999450683594,125.91555786132812,4492100
2020-09-30,138.16000366210938,139.85000610351562,137.80999755859375,138.99000549316406,127.50257873535156,8727800
2020-10-01,139.5800018310547,139.99000549316406,138.2100067138672,139.24000549316406,127.73191833496094,5713400
2020-10-02,137.92999267578125,139.1199951171875,136.9499969482422,138.1199951171875,126.7044677734375,6077900
2020-10-05,138.72000122070312,139.64999389648438,138.3000030517578,139.38999938964844,127.8695068359375,6333900
2020-10-06,139.4199981689453,140.77000427246094,138.80999755859375,139.61000061035156,128.0713348388672,6042900
2020-10-07,140.0800018310547,141.38999938964844,139.3699951171875,140.6999969482422,129.07122802734375,4640900
2020-10-08,140.55999755859375,141.92999267578125,140.36000061035156,141.64999389648438,129.94276428222656,4569800
2020-10-09,141.83999633789062,143.63999938964844,141.6999969482422,142.9199981689453,131.10775756835938,6551700
2020-10-12,143.3300018310547,145.3300018310547,143.3300018310547,144.49000549316406,132.5480194091797,5791500
2020-10-13,143.82000732421875,144.83999633789062,143.4600067138672,144.2100067138672,132.29112243652344,4509400
2020-10-14,144.17999267578125,145.10000610351562,143.0800018310547,144.0399932861328,132.13519287109375,3860700
2020-10-15,143.05999755859375,144.38999938964844,142.88999938964844,143.8300018310547,131.9425506591797,4997100
2020-10-16,144.4199981689453,145.8699951171875,143.9199981689453,144.38999938964844,132.45626831054688,6806100
2020-10-19,144.47000122070312,145.38999938964844,141.1300048828125,141.91000366210938,130.18124389648438,6427600
2020-10-20,145.61000061035156,145.69000244140625,141.89999389648438,142.47999572753906,130.7041015625,7582100
2020-10-21,142.49000549316406,144.33999633789062,142.47000122070312,143.25,131.4104766845703,5649700
2020-10-22,141.49000549316406,142.75,141.0800018310547,141.4499969482422,130.47972106933594,4502900
2020-10-23,141.75999450683594,142.8800048828125,141.75999450683594,142.3800048828125,131.33761596679688,4278100
2020-10-26,141.5,142.0500030517578,140.00999450683594,141.3000030517578,130.34136962890625,5315500
2020-10-27,141.94000244140625,143.33999633789062,141.64999389648438,142.36000061035156,131.3191680908203,6806700
2020-10-28,140.4499969482422,140.94000244140625,137.30999755859375,137.66000366210938,126.98362731933594,8192200
2020-10-29,137.35000610351562,139.08999633789062,135.8000030517578,137.57000732421875,126.9006576538086,5476900
2020-10-30,137.17999267578125,137.99000549316406,134.67999267578125,137.10000610351562,126.46710968017578,6422000
2020-11-02,138.50999450683594,140.0,137.44000244140625,138.5,127.75849914550781,6682800
2020-11-03,139.32000732421875,142.66000366210938,139.32000732421875,141.22000122070312,130.26756286621094,6244200
2020-11-04,140.4600067138672,143.0,140.27000427246094,140.63999938964844,129.73255920410156,5820600
2020-11-05,142.44000244140625,143.52999877929688,141.77999877929688,142.3800048828125,131.33761596679688,5673100
2020-11-06,142.6699981689453,144.07000732421875,142.3800048828125,143.22999572753906,132.1217041015625,4702300
2020-11-09,146.14999389648438,146.9199981689453,137.60000610351562,137.99000549316406,127.2880630493164,12664700
2020-11-10,138.10000610351562,140.6199951171875,137.14999389648438,140.25999450683594,129.3820343017578,7854000
2020-11-11,141.85000610351562,143.0,140.64999389648438,142.07000732421875,131.05165100097656,5554300
2020-11-12,142.2899932861328,142.5500030517578,141.07000732421875,142.14999389648438,131.1254425048828,5631700
2020-11-13,142.2100067138672,144.47999572753906,141.8800048828125,144.27999877929688,133.0902557373047,6466800
2020-11-16,144.77999877929688,144.77999877929688,141.25999450683594,142.42999267578125,131.38372802734375,7976600
2020-11-17,141.88999938964844,143.47000122070312,141.75,141.8800048828125,130.87640380859375,6396800
2020-11-18,141.99000549316406,142.10000610351562,139.66000366210938,139.6999969482422,128.86544799804688,6097100
2020-11-19,139.8699951171875,140.1199951171875,138.4499969482422,139.52999877929688,128.7086181640625,5284100
2020-11-20,139.52999877929688,140.35000610351562,138.6300048828125,139.3000030517578,128.49647521972656,4726900
2020-11-23,139.32000732421875,139.9499969482422,137.86000061035156,138.75999450683594,127.99836730957031,4770600
2020-11-24,138.8300018310547,139.83999633789062,138.07000732421875,138.30999755859375,127.58325958251953,7101800
2020-11-25,138.16000366210938,139.38999938964844,138.0399932861328,138.67999267578125,127.92454528808594,8411300
2020-11-27,138.58999633789062,138.88999938964844,137.52999877929688,138.61000061035156,127.86000061035156,4252200
2020-11-30,138.0,139.1999969482422,136.74000549316406,138.8699951171875,128.09983825683594,11640400
2020-12-01,139.16000366210938,139.5399932861328,138.16000366210938,139.3699951171875,128.56105041503906,7169700
2020-12-02,139.3699951171875,139.94000244140625,137.49000549316406,138.36000061035156,127.62938690185547,6963000
2020-12-03,138.08999633789062,138.35000610351562,135.5399932861328,137.33999633789062,126.6884994506836,8742500
2020-12-04,137.2100067138672,137.86000061035156,135.8699951171875,137.47000122070312,126.80839538574219,6617200
2020-12-07,136.61000061035156,137.74000549316406,136.55999755859375,137.67999267578125,127.00208282470703,6918000
2020-12-08,137.02000427246094,138.77999877929688,136.42999267578125,138.0500030517578,127.34342956542969,6493500
2020-12-09,137.8300018310547,138.0399932861328,136.25,136.41000366210938,125.83061218261719,6773400
2020-12-10,136.52000427246094,136.9199981689453,135.0399932861328,135.50999450683594,125.00041961669922,6800500
2020-12-11,134.4600067138672,136.8000030517578,134.1999969482422,136.50999450683594,125.92283630371094,6548000
2020-12-14,137.02000427246094,137.92999267578125,135.77000427246094,135.85000610351562,125.3140640258789,6485300
2020-12-15,136.38999938964844,137.5399932861328,136.24000549316406,136.64999389648438,126.05199432373047,5397000
2020-12-16,136.7100067138672,138.27000427246094,136.7100067138672,137.27000427246094,126.6239242553711,5382500
2020-12-17,138.00999450683594,139.1199951171875,137.9499969482422,138.25,127.52792358398438,7405300
2020-12-18,138.25999450683594,140.07000732421875,137.4499969482422,139.0399932861328,128.2566375732422,19988800
2020-12-21,137.9600067138672,138.42999267578125,136.22000122070312,137.52000427246094,126.85453796386719,6732400
2020-12-22,137.2899932861328,138.07000732421875,136.3800048828125,136.5500030517578,125.95977783203125,5023100
2020-12-23,137.38999938964844,137.5500030517578,136.1300048828125,136.33999633789062,125.76604461669922,6004200
2020-12-24,136.1999969482422,138.1300048828125,136.1999969482422,137.72000122070312,127.03900909423828,2588200
2020-12-28,138.14999389648438,139.38999938964844,137.9499969482422,138.67999267578125,127.92454528808594,3714700
2020-12-29,139.22000122070312,139.94000244140625,138.1999969482422,138.4199981689453,127.68472290039062,5139300
2020-12-30,138.60000610351562,138.9199981689453,137.5500030517578,137.77000427246094,127.08512878417969,3261400
2020-12-31,138.30999755859375,139.2899932861328,137.38999938964844,139.13999938964844,128.34889221191406,4076400
2021-01-04,139.66000366210938,139.86000061035156,136.35000610351562,137.82000732421875,127.13127899169922,8330900
2021-01-05,137.99000549316406,138.9199981689453,136.27000427246094,138.6999969482422,127.9430160522461,6856400
2021-01-06,138.77000427246094,141.0399932861328,138.60000610351562,140.16000366210938,129.28982543945312,10578000
2021-01-07,139.75,140.1300048828125,138.0399932861328,138.85000610351562,128.08140563964844,7355400
2021-01-08,138.47000122070312,139.05999755859375,137.0,138.7899932861328,128.02606201171875,7448500
2021-01-11,138.75,139.44000244140625,137.60000610351562,137.85000610351562,127.15892791748047,7239900
2021-01-12,137.85000610351562,138.25,136.24000549316406,137.0500030517578,126.42095947265625,6333500
2021-01-13,137.10000610351562,138.07000732421875,137.10000610351562,137.25999450683594,126.61468505859375,6078800
2021-01-14,137.42999267578125,137.64999389648438,135.27999877929688,135.8000030517578,125.26792907714844,6172800
2021-01-15,135.25,136.1999969482422,134.66000366210938,134.77999877929688,124.32704162597656,7757600
2021-01-19,135.6999969482422,136.36000061035156,133.55999755859375,133.60000610351562,123.2385482788086,9184900
2021-01-20,132.52999877929688,133.8000030517578,131.25999450683594,131.92999267578125,121.69805908203125,12506600
2021-01-21,130.64999389648438,131.99000549316406,130.50999450683594,131.00999450683594,121.57835388183594,8761600
2021-01-22,131.02000427246094,131.47000122070312,129.99000549316406,130.0,120.64108276367188,7202800
2021-01-25,129.9499969482422,133.0,129.89999389648438,132.24000549316406,122.71980285644531,9640000
2021-01-26,132.25,133.47000122070312,131.42999267578125,133.08999633789062,123.50860595703125,5996700
2021-01-27,132.38999938964844,133.10000610351562,127.69999694824219,128.3800048828125,119.13768768310547,10826700
2021-01-28,127.83999633789062,131.64999389648438,127.44000244140625,130.36000061035156,120.97514343261719,8242000
2021-01-29,130.19000244140625,130.2899932861328,128.07000732421875,128.2100067138672,118.97993469238281,8344100
2021-02-01,129.0,129.66000366210938,128.1999969482422,128.97000122070312,119.68521881103516,6534200
2021-02-02,129.60000610351562,130.72000122070312,128.69000244140625,128.7899932861328,119.5181884765625,6825600
2021-02-03,128.9499969482422,129.1999969482422,127.75,128.9499969482422,119.66667175292969,7309400
2021-02-04,129.3800048828125,129.4600067138672,128.5800018310547,129.02999877929688,119.74090576171875,6613700
2021-02-05,129.1199951171875,130.10000610351562,129.02999877929688,129.57000732421875,120.24202728271484,5063700
2021-02-08,129.92999267578125,130.10000610351562,128.11000061035156,129.1699981689453,119.87083435058594,7011200
2021-02-09,129.4600067138672,129.94000244140625,128.22999572753906,128.6699981689453,119.40680694580078,5917800
2021-02-10,128.75,129.16000366210938,127.95999908447266,128.22000122070312,118.98921203613281,8594100
2021-02-11,128.5399932861328,129.3300018310547,128.2100067138672,128.3300018310547,119.09130859375,6139200
2021-02-12,128.0,128.1300048828125,126.58000183105469,127.62000274658203,118.43241119384766,8407300
2021-02-16,127.97000122070312,128.1699981689453,126.98999786376953,127.91999816894531,118.7108154296875,8246000
2021-02-17,127.19000244140625,129.49000549316406,127.11000061035156,128.4600067138672,119.21194458007812,8845200
2021-02-18,127.80999755859375,129.85000610351562,127.58999633789062,129.52999877929688,120.20492553710938,6936400
2021-02-19,129.35000610351562,129.44000244140625,127.0199966430664,127.12000274658203,117.96841430664062,8277900
2021-02-22,126.79000091552734,127.23999786376953,126.37999725341797,126.58000183105469,117.46728515625,6975500
2021-02-23,127.77999877929688,129.92999267578125,127.19000244140625,127.5199966430664,118.3396224975586,10145300
2021-02-24,127.3499984741211,128.24000549316406,126.91000366210938,127.66000366210938,118.46951293945312,7263000
2021-02-25,127.48999786376953,128.99000549316406,126.29000091552734,126.58000183105469,117.46728515625,7790800
2021-02-26,126.54000091552734,126.93000030517578,121.81999969482422,123.52999877929688,114.63684844970703,17718800
2021-03-01,124.16000366210938,125.48999786376953,124.0,124.29000091552734,115.34213256835938,7740200
2021-03-02,123.87000274658203,124.86000061035156,123.43000030517578,123.9000015258789,114.98021697998047,10206500
2021-03-03,123.7699966430664,124.19999694824219,122.79000091552734,123.16000366210938,114.29348754882812,7537000
2021-03-04,123.0999984741211,124.7699966430664,121.54000091552734,122.1500015258789,113.35619354248047,10228100
2021-03-05,122.76000213623047,126.33000183105469,122.55000305175781,125.9800033569336,116.91046905517578,10490900
2021-03-08,125.76000213623047,128.89999389648438,125.31999969482422,127.30999755859375,118.14472961425781,9224700
2021-03-09,127.6500015258789,128.9199981689453,126.05999755859375,126.18000030517578,117.09608459472656,8859700
2021-03-10,126.1500015258789,128.4199981689453,125.47000122070312,127.33999633789062,118.17256164550781,9070900
2021-03-11,127.12999725341797,127.8499984741211,126.72000122070312,126.91000366210938,117.7735366821289,6941500
2021-03-12,127.6500015258789,128.82000732421875,127.6500015258789,128.13999938964844,118.91495513916016,6521900
2021-03-15,128.38999938964844,129.0399932861328,127.19000244140625,128.55999755859375,119.30473327636719,7172600
2021-03-16,128.50999450683594,129.97999572753906,128.50999450683594,128.94000244140625,119.65739440917969,6485200
2021-03-17,129.11000061035156,129.83999633789062,128.35000610351562,128.4199981689453,119.17481231689453,6192900
2021-03-18,128.2100067138672,129.0399932861328,127.04000091552734,128.6999969482422,119.4346694946289,6871300
2021-03-19,129.10000610351562,129.74000549316406,127.9000015258789,128.00999450683594,118.7943344116211,20262100
2021-03-22,128.00999450683594,130.88999938964844,128.00999450683594,130.17999267578125,120.80811309814453,8077600
2021-03-23,130.41000366210938,133.2899932861328,129.99000549316406,132.60000610351562,123.05387878417969,9503800
2021-03-24,130.94000244140625,133.13999938964844,130.6199951171875,132.55999755859375,123.01676177978516,8318000
2021-03-25,133.08999633789062,133.6199951171875,132.0500030517578,133.47999572753906,123.87053680419922,7517300
2021-03-26,133.22000122070312,135.61000061035156,132.47999572753906,135.4499969482422,125.6987075805664,10821200
2021-03-29,135.0,137.60000610351562,135.0,137.57000732421875,127.66610717773438,11176000
2021-03-30,136.61000061035156,137.0,135.13999938964844,135.4499969482422,125.6987075805664,8090600
2021-03-31,135.67999267578125,136.75,135.25999450683594,135.42999267578125,125.68013000488281,9202600
2021-04-01,135.0500030517578,135.47999572753906,133.3300018310547,134.27999877929688,124.6129379272461,9117800
2021-04-05,134.9600067138672,137.25,134.72999572753906,136.4499969482422,126.62672424316406,8279100
2021-04-06,136.0,137.02000427246094,135.63999938964844,136.5,126.6731185913086,6180600
2021-04-07,137.1199951171875,137.3300018310547,136.25,136.74000549316406,126.8958511352539,10244500
2021-04-08,136.89999389648438,137.6300048828125,136.58999633789062,137.25999450683594,127.3783950805664,6190300
2021-04-09,136.50999450683594,137.27000427246094,135.55999755859375,136.3699951171875,126.552490234375,5855400
2021-04-12,136.5,137.0399932861328,135.7100067138672,136.9199981689453,127.06289672851562,6440900
2021-04-13,136.02000427246094,136.38999938964844,134.83999633789062,135.11000061035156,125.3831787109375,9161200
2021-04-14,135.52000427246094,135.7899932861328,134.5800018310547,135.60000610351562,125.83793640136719,7584000
2021-04-15,135.97000122070312,137.75999450683594,135.8699951171875,137.24000549316406,127.35983276367188,7945300
2021-04-16,137.61000061035156,137.89999389648438,136.8800048828125,137.25,127.36914825439453,7708500
2021-04-19,136.94000244140625,137.0800018310547,135.38999938964844,136.61000061035156,126.77520751953125,9149400
2021-04-20,134.83999633789062,138.58999633789062,133.52999877929688,137.75,127.8331298828125,10040500
2021-04-21,137.88999938964844,138.57000732421875,136.60000610351562,136.85000610351562,126.9979248046875,8465900
2021-04-22,135.3699951171875,135.7899932861328,134.05999755859375,134.6300048828125,125.73707580566406,7338300
2021-04-23,134.92999267578125,135.0800018310547,133.25,133.94000244140625,125.09266662597656,6708300
2021-04-26,133.49000549316406,133.75999450683594,131.1699981689453,131.25999450683594,122.58969116210938,9910600
2021-04-27,131.24000549316406,131.88999938964844,130.2899932861328,131.17999267578125,122.5149917602539,8296800
2021-04-28,131.7100067138672,131.85000610351562,130.8800048828125,131.39999389648438,122.72047424316406,6262800
2021-04-29,131.30999755859375,132.99000549316406,131.30999755859375,132.50999450683594,123.75711822509766,6786800
2021-04-30,132.75,133.6699981689453,132.25999450683594,133.4199981689453,124.60700988769531,9188600
2021-05-03,134.02999877929688,135.67999267578125,134.02999877929688,135.0,126.08267974853516,8070300
2021-05-04,134.97999572753906,135.8300018310547,134.2100067138672,134.5399932861328,125.6530532836914,9624000
2021-05-05,134.3699951171875,134.97000122070312,133.3699951171875,133.4600067138672,124.6443862915039,8295900
2021-05-06,134.00999450683594,135.3699951171875,133.9199981689453,135.13999938964844,126.21341705322266,9771100
2021-05-07,135.0800018310547,136.02999877929688,134.75999450683594,135.14999389648438,126.22273254394531,6299100
2021-05-10,135.88999938964844,138.4199981689453,135.69000244140625,137.6699981689453,128.5762939453125,8852700
2021-05-11,138.49000549316406,138.7899932861328,136.47000122070312,136.99000549316406,127.94125366210938,10973700
2021-05-12,136.49000549316406,137.0,135.49000549316406,135.5399932861328,126.58695220947266,8853700
2021-05-13,135.88999938964844,138.52999877929688,135.38999938964844,137.72000122070312,128.62298583984375,8753600
2021-05-14,137.6699981689453,139.10000610351562,137.6699981689453,138.00999450683594,128.89382934570312,5989500
2021-05-17,137.97000122070312,139.07000732421875,137.61000061035156,137.72999572753906,128.63232421875,7690700
2021-05-18,136.4600067138672,137.8300018310547,136.14999389648438,136.32000732421875,127.31546020507812,9239100
2021-05-19,136.05999755859375,136.8300018310547,135.58999633789062,136.60000610351562,127.57699584960938,9806800
2021-05-20,136.7899932861328,138.7100067138672,136.72000122070312,138.0,128.88449096679688,8768200
2021-05-21,138.1999969482422,138.94000244140625,137.77999877929688,138.0,128.88449096679688,10161000
2021-05-24,138.0,138.8000030517578,137.72999572753906,137.9600067138672,128.8471221923828,6981300
2021-05-25,138.0500030517578,138.47999572753906,136.75,138.42999267578125,129.2860870361328,8142400
2021-05-26,138.7899932861328,138.86000061035156,137.8699951171875,138.1199951171875,128.9965362548828,8122900
2021-05-27,138.1199951171875,138.27999877929688,134.66000366210938,134.97999572753906,126.06398010253906,33095700
2021-05-28,135.14999389648438,136.1300048828125,134.63999938964844,134.85000610351562,125.94257354736328,10477100
2021-06-01,135.7899932861328,136.0,132.47999572753906,132.8800048828125,124.10269165039062,9993900
2021-06-02,133.0,133.6300048828125,132.52000427246094,133.4600067138672,124.6443862915039,8254100
2021-06-03,133.22999572753906,135.91000366210938,133.1999969482422,135.85000610351562,126.8764877319336,11249800
2021-06-04,135.6999969482422,136.6199951171875,135.39999389648438,135.9499969482422,126.96990966796875,6894400
2021-06-07,136.36000061035156,136.83999633789062,135.67999267578125,136.4199981689453,127.40885162353516,8418000
2021-06-08,136.67999267578125,136.75,134.75,134.83999633789062,125.93321990966797,6911500
2021-06-09,135.5500030517578,136.44000244140625,134.74000549316406,134.7899932861328,125.88652801513672,6200700
2021-06-10,135.02000427246094,136.35000610351562,134.6199951171875,135.7899932861328,126.82046508789062,6515500
2021-06-11,135.75,135.8699951171875,133.89999389648438,134.86000061035156,125.95191955566406,10641400
2021-06-14,134.97999572753906,135.02999877929688,133.9600067138672,134.91000366210938,125.99861907958984,6302000
2021-06-15,135.1999969482422,135.63999938964844,134.5500030517578,134.64999389648438,125.75576782226562,5543400
2021-06-16,135.17999267578125,135.5800018310547,132.64999389648438,132.77999877929688,124.00929260253906,8936400
2021-06-17,132.82000732421875,134.16000366210938,132.64999389648438,133.99000549316406,125.13941192626953,7875600
2021-06-18,133.33999633789062,133.35000610351562,131.94000244140625,132.02999877929688,123.308837890625,13997600
2021-06-21,132.69000244140625,133.25999450683594,132.39999389648438,133.07000732421875,124.28018188476562,8014800
2021-06-22,133.0399932861328,134.02000427246094,132.8800048828125,133.1199951171875,124.32683563232422,6550900
2021-06-23,132.9499969482422,133.36000061035156,132.32000732421875,132.92999267578125,124.14940643310547,5796000
2021-06-24,132.9499969482422,133.30999755859375,132.6999969482422,133.02000427246094,124.23343658447266,6056700
2021-06-25,133.25999450683594,135.5399932861328,132.9499969482422,134.9199981689453,126.00794982910156,24504900
2021-06-28,134.89999389648438,136.16000366210938,134.75999450683594,135.32000732421875,126.38153076171875,6065400
2021-06-29,135.50999450683594,135.8300018310547,133.82000732421875,134.39999389648438,125.52226257324219,5792300
2021-06-30,134.5800018310547,135.2899932861328,134.2899932861328,134.92999267578125,126.01724243164062,5776600
2021-07-01,135.42999267578125,136.13999938964844,134.9199981689453,135.24000549316406,126.30680847167969,5922300
2021-07-02,135.60000610351562,136.63999938964844,135.4199981689453,135.89999389648438,126.92321014404297,5572000
2021-07-06,135.52000427246094,136.3000030517578,135.36000061035156,135.97999572753906,126.99790954589844,6534400
2021-07-07,136.02999877929688,137.58999633789062,136.02999877929688,137.0,127.9505615234375,5532700
2021-07-08,136.99000549316406,137.39999389648438,135.88999938964844,136.97999572753906,127.931884765625,7585200
2021-07-09,137.24000549316406,137.64999389648438,136.83999633789062,137.02999877929688,127.97857666015625,5948700
2021-07-12,136.89999389648438,137.47000122070312,136.42999267578125,137.13999938964844,128.081298828125,6807300
2021-07-13,136.38999938964844,137.57000732421875,136.38999938964844,136.97000122070312,127.92255401611328,5603800
2021-07-14,137.00999450683594,138.22999572753906,136.3699951171875,137.97999572753906,128.86581420898438,5903600
2021-07-15,138.00999450683594,139.25999450683594,137.6999969482422,139.16000366210938,129.9678955078125,7357100
2021-07-16,139.3000030517578,140.77999877929688,139.11000061035156,140.50999450683594,131.2286834716797,9346300
2021-07-19,140.32000732421875,141.8699951171875,138.80999755859375,140.44000244140625,131.163330078125,9544100
2021-07-20,140.44000244140625,141.97999572753906,139.63999938964844,139.69000244140625,130.46286010742188,8136300
2021-07-21,139.9499969482422,140.1999969482422,138.99000549316406,139.1999969482422,130.00521850585938,6954700
2021-07-22,137.2899932861328,138.3300018310547,136.7100067138672,137.8000030517578,129.50711059570312,6013800
2021-07-23,137.47999572753906,139.97999572753906,137.0800018310547,139.7899932861328,131.37733459472656,7906000
2021-07-26,139.6199951171875,140.82000732421875,139.22000122070312,140.27999877929688,131.837890625,5925800
2021-07-27,140.14999389648438,141.6199951171875,140.0,140.85000610351562,132.37359619140625,7075400
2021-07-28,140.6699981689453,140.6699981689453,138.7100067138672,138.75999450683594,130.40933227539062,8520000
2021-07-29,139.75999450683594,140.17999267578125,138.72999572753906,139.47999572753906,131.0860137939453,5430500
2021-07-30,142.0,144.5399932861328,141.5500030517578,142.22999572753906,133.67051696777344,14394300
2021-08-02,141.77000427246094,142.42999267578125,140.8000030517578,141.8800048828125,133.34158325195312,7009500
2021-08-03,141.86000061035156,144.2100067138672,141.52000427246094,143.9499969482422,135.28701782226562,8455700
2021-08-04,143.0399932861328,144.08999633789062,142.35000610351562,142.42999267578125,133.8584747314453,6628000
2021-08-05,143.35000610351562,143.5500030517578,141.47000122070312,142.5,133.9242706298828,5363300
2021-08-06,143.02999877929688,143.1199951171875,141.22000122070312,141.41000366210938,132.89988708496094,6030100
2021-08-09,141.9499969482422,142.58999633789062,141.6999969482422,142.17999267578125,133.62350463867188,4743800
2021-08-10,141.91000366210938,142.50999450683594,141.66000366210938,142.27000427246094,133.7081298828125,5253500
2021-08-11,142.74000549316406,143.24000549316406,142.47000122070312,142.6199951171875,134.03704833984375,4205000
2021-08-12,143.14999389648438,143.14999389648438,142.35000610351562,142.9499969482422,134.34716796875,4956100
2021-08-13,142.9499969482422,143.99000549316406,142.69000244140625,143.63999938964844,134.99569702148438,4888800
2021-08-16,143.6699981689453,144.69000244140625,143.3800048828125,144.63999938964844,135.93548583984375,6040800
2021-08-17,144.39999389648438,145.60000610351562,143.88999938964844,144.8800048828125,136.1610565185547,7577000
2021-08-18,144.6999969482422,144.8800048828125,143.17999267578125,143.3000030517578,134.6761474609375,7162000
2021-08-19,143.16000366210938,145.27999877929688,143.16000366210938,144.99000549316406,136.2644500732422,5787200
2021-08-20,145.25,145.97999572753906,144.77999877929688,145.08999633789062,136.3583984375,5273800
2021-08-23,144.2899932861328,145.33999633789062,144.22999572753906,144.35000610351562,135.66294860839844,4522200
2021-08-24,144.00999450683594,144.14999389648438,142.97999572753906,143.17999267578125,134.5633544921875,4560400
2021-08-25,143.07000732421875,143.1300048828125,142.25,142.6699981689453,134.0840301513672,3861500
2021-08-26,142.55999755859375,142.7100067138672,141.47000122070312,142.4199981689453,133.84909057617188,4749400
2021-08-27,142.47999572753906,142.77000427246094,141.63999938964844,142.30999755859375,133.74569702148438,4741200
2021-08-30,142.60000610351562,142.99000549316406,142.0500030517578,142.92999267578125,134.32838439941406,3845800
2021-08-31,143.0399932861328,143.52999877929688,142.0500030517578,142.38999938964844,133.82089233398438,9642400
2021-09-01,142.3300018310547,144.19000244140625,142.22999572753906,143.83999633789062,135.18365478515625,6214200
2021-09-02,143.97000122070312,144.72999572753906,143.5800018310547,143.9499969482422,135.28701782226562,5392500
2021-09-03,143.75999450683594,144.3699951171875,143.52000427246094,144.0500030517578,135.38099670410156,5466400
2021-09-07,144.32000732421875,144.5,143.2899932861328,143.50999450683594,134.87347412109375,6520600
2021-09-08,143.0800018310547,144.94000244140625,143.00999450683594,144.60000610351562,135.89788818359375,6897800
2021-09-09,144.57000732421875,144.8800048828125,143.64999389648438,143.99000549316406,135.32460021972656,6354700
2021-09-10,144.05999755859375,144.4600067138672,143.32000732421875,144.1300048828125,135.45619201660156,5750000
2021-09-13,144.85000610351562,147.22999572753906,144.85000610351562,145.67999267578125,136.9128875732422,9952500
2021-09-14,146.1300048828125,146.36000061035156,144.9499969482422,145.42999267578125,136.67794799804688,5831800
2021-09-15,145.35000610351562,145.77000427246094,144.74000549316406,145.1199951171875,136.38662719726562,6237100
2021-09-16,144.83999633789062,145.19000244140625,142.82000732421875,144.11000061035156,135.4373779296875,6142100
2021-09-17,144.3699951171875,146.27999877929688,144.22999572753906,144.33999633789062,135.65354919433594,18737400
2021-09-20,144.22000122070312,144.85000610351562,141.97000122070312,142.88999938964844,134.29080200195312,10238700
2021-09-21,142.97999572753906,144.52999877929688,142.8800048828125,143.11000061035156,134.49755859375,6651300
2021-09-22,143.82000732421875,144.35000610351562,142.86000061035156,143.60000610351562,134.9580841064453,6332500
2021-09-23,144.05999755859375,144.69000244140625,143.49000549316406,144.19000244140625,135.5125732421875,5171200
2021-09-24,143.8000030517578,144.4499969482422,143.08999633789062,143.5500030517578,134.9110870361328,5009400
2021-09-27,143.14999389648438,143.1699981689453,141.52000427246094,141.66000366210938,133.13482666015625,5749700
2021-09-28,141.0500030517578,141.3699951171875,139.55999755859375,140.58999633789062,132.12924194335938,7015300
2021-09-29,140.27000427246094,142.67999267578125,140.17999267578125,142.02000427246094,133.47317504882812,5460000
2021-09-30,142.63999938964844,142.74000549316406,139.52999877929688,139.8000030517578,131.3867645263672,6934900
2021-10-01,139.92999267578125,140.22999572753906,138.32000732421875,139.5800018310547,131.1800079345703,5587200
2021-10-04,139.38999938964844,140.39999389648438,137.60000610351562,138.7899932861328,130.4375457763672,5816000
2021-10-05,138.8000030517578,140.52000427246094,138.72000122070312,139.3300018310547,130.945068359375,6902700
2021-10-06,138.99000549316406,141.25999450683594,138.6199951171875,141.19000244140625,132.69313049316406,5332900
2021-10-07,141.75,143.02999877929688,141.75,142.32000732421875,133.75511169433594,5334600
2021-10-08,142.2899932861328,142.6199951171875,141.0399932861328,141.72999572753906,133.20062255859375,6131800
2021-10-11,142.3699951171875,142.77000427246094,141.77000427246094,142.32000732421875,133.75511169433594,5995600
2021-10-12,142.60000610351562,143.0399932861328,141.6999969482422,142.11000061035156,133.5577392578125,6734800
2021-10-13,142.39999389648438,142.75999450683594,141.02999877929688,142.44000244140625,133.8678741455078,5689800
2021-10-14,142.8300018310547,144.30999755859375,142.80999755859375,144.0500030517578,135.38099670410156,6777800
2021-10-15,144.52000427246094,144.8699951171875,143.67999267578125,144.4199981689453,135.72872924804688,6923700
2021-10-18,143.5500030517578,143.6999969482422,142.10000610351562,142.33999633789062,133.77389526367188,9119000
2021-10-19,139.0800018310547,140.82000732421875,138.8000030517578,140.66000366210938,132.19500732421875,9555300
2021-10-20,140.14999389648438,141.9600067138672,139.85000610351562,141.2100067138672,132.71192932128906,7352700
2021-10-21,140.86000061035156,141.16000366210938,139.17999267578125,139.3300018310547,131.75682067871094,6545500
2021-10-22,139.38999938964844,141.00999450683594,139.32000732421875,140.8300018310547,133.17527770996094,5265000
2021-10-25,140.41000366210938,140.9199981689453,139.0500030517578,140.85000610351562,133.1942138671875,5382100
2021-10-26,141.6199951171875,143.17999267578125,141.24000549316406,142.85000610351562,135.08551025390625,6234900
2021-10-27,143.13999938964844,143.67999267578125,141.69000244140625,141.8300018310547,134.12095642089844,9643500
2021-10-28,141.88999938964844,142.8800048828125,141.7100067138672,142.67999267578125,134.92469787597656,4538500
2021-10-29,142.16000366210938,143.47999572753906,142.02000427246094,142.99000549316406,135.21788024902344,6239500
2021-11-01,143.36000061035156,143.8000030517578,142.49000549316406,142.63999938964844,134.8868865966797,5038900
2021-11-02,142.72000122070312,144.5800018310547,142.27999877929688,144.05999755859375,136.22972106933594,9954300
2021-11-03,144.1300048828125,145.11000061035156,143.52000427246094,145.0500030517578,137.1658935546875,7620100
2021-11-04,142.83999633789062,145.38999938964844,142.33999633789062,145.32000732421875,137.42124938964844,6402500
2021-11-05,145.44000244140625,146.3699951171875,144.8000030517578,146.0399932861328,138.1020965576172,6062700
2021-11-08,145.5,146.10000610351562,144.02000427246094,144.9499969482422,137.07131958007812,5854400
2021-11-09,145.02999877929688,145.8300018310547,144.5800018310547,145.38999938964844,137.4874267578125,4873100
2021-11-10,145.74000549316406,147.30999755859375,145.58999633789062,146.82000732421875,138.8396759033203,7334900
2021-11-11,146.86000061035156,146.97000122070312,146.2100067138672,146.39999389648438,138.44252014160156,4096300
2021-11-12,146.74000549316406,147.0800018310547,145.97999572753906,146.55999755859375,138.59384155273438,5687400
2021-11-15,147.02999877929688,147.75,146.47000122070312,147.39999389648438,139.38818359375,5510200
2021-11-16,147.38999938964844,148.58999633789062,147.00999450683594,147.19000244140625,139.18959045410156,7603900
2021-11-17,146.97000122070312,147.77999877929688,146.4199981689453,147.10000610351562,139.1044921875,4900200
2021-11-18,147.0399932861328,148.0800018310547,146.50999450683594,147.1199951171875,139.1234130859375,5509300
2021-11-19,147.9499969482422,148.22999572753906,146.7899932861328,146.82000732421875,138.8396759033203,6274300
2021-11-22,146.97000122070312,148.94000244140625,146.8300018310547,147.8000030517578,139.7664337158203,6625400
2021-11-23,147.8300018310547,149.5,147.6699981689453,149.44000244140625,141.31729125976562,7912800
2021-11-24,148.77000427246094,148.8800048828125,147.67999267578125,148.66000366210938,140.57968139648438,5665200
2021-11-26,148.5800018310547,149.72000122070312,147.30999755859375,147.47000122070312,139.45436096191406,6299800
2021-11-29,147.7899932861328,149.66000366210938,146.7899932861328,149.02000427246094,140.92013549804688,7113300
2021-11-30,147.80999755859375,148.5399932861328,144.1199951171875,144.5800018310547,136.72145080566406,11696400
2021-12-01,144.85000610351562,147.8699951171875,144.85000610351562,146.39999389648438,138.44252014160156,8313500
2021-12-02,147.00999450683594,148.4600067138672,146.94000244140625,147.25999450683594,139.25576782226562,9468800
2021-12-03,148.02000427246094,150.0,147.66000366210938,149.8800048828125,141.73336791992188,11200800
2021-12-06,150.19000244140625,152.38999938964844,150.19000244140625,152.14999389648438,143.87997436523438,11935100
2021-12-07,151.9499969482422,152.5800018310547,151.27000427246094,151.75,143.501708984375,7913400
2021-12-08,151.6699981689453,152.66000366210938,150.27999877929688,152.42999267578125,144.144775390625,8329300
2021-12-09,152.30999755859375,154.19000244140625,151.60000610351562,153.32000732421875,144.9864044189453,8334300
2021-12-10,153.85000610351562,155.8000030517578,153.42999267578125,155.4600067138672,147.01007080078125,7172300
2021-12-13,155.3000030517578,158.3300018310547,154.91000366210938,157.6699981689453,149.09996032714844,8944000
2021-12-14,157.89999389648438,158.6300048828125,156.66000366210938,158.25,149.6484375,8677500
2021-12-15,157.63999938964844,159.63999938964844,157.63999938964844,158.86000061035156,150.22528076171875,9152600
2021-12-16,158.72999572753906,161.32000732421875,158.4199981689453,161.11000061035156,152.3529510498047,10852900
2021-12-17,160.66000366210938,161.72000122070312,157.30999755859375,157.4600067138672,148.9013671875,24349400
2021-12-20,156.60000610351562,158.4600067138672,156.57000732421875,157.86000061035156,149.27963256835938,9202600
2021-12-21,157.64999389648438,158.14999389648438,156.7899932861328,157.75999450683594,149.18502807617188,6946000
2021-12-22,157.77000427246094,159.5800018310547,157.27000427246094,159.32000732421875,150.6602783203125,6626300
2021-12-23,159.5,160.9199981689453,159.44000244140625,160.10000610351562,151.39788818359375,5640900
2021-12-27,160.6699981689453,161.99000549316406,160.61000061035156,161.97000122070312,153.16624450683594,4548600
2021-12-28,161.9600067138672,163.3800048828125,161.94000244140625,162.83999633789062,153.98892211914062,5929400
2021-12-29,163.2100067138672,164.97999572753906,163.0800018310547,164.19000244140625,155.26556396484375,5346100
2021-12-30,164.39999389648438,164.58999633789062,162.61000061035156,162.77000427246094,153.92276000976562,5911500
2021-12-31,162.86000061035156,163.72999572753906,162.4600067138672,163.5800018310547,154.688720703125,5327000
2022-01-03,161.69000244140625,162.94000244140625,159.8800048828125,162.89999389648438,154.04566955566406,9317300
2022-01-04,162.2899932861328,164.38999938964844,162.17999267578125,163.47000122070312,154.58470153808594,9253800
2022-01-05,163.44000244140625,165.32000732421875,163.39999389648438,164.2100067138672,155.2844696044922,9330200
2022-01-06,164.33999633789062,165.1999969482422,162.61000061035156,162.8300018310547,153.9794921875,7556000
2022-01-07,163.1300048828125,163.52999877929688,161.9499969482422,162.74000549316406,153.89437866210938,6098500
2022-01-10,162.50999450683594,163.1199951171875,160.1699981689453,160.52000427246094,151.79505920410156,8055000
2022-01-11,160.22000122070312,160.22000122070312,156.91000366210938,158.66000366210938,150.03614807128906,11957900
2022-01-12,158.25999450683594,159.36000061035156,157.8300018310547,159.00999450683594,150.36709594726562,7127500
2022-01-13,159.30999755859375,159.4499969482422,157.77999877929688,158.2899932861328,149.68626403808594,6551000
2022-01-14,158.07000732421875,160.49000549316406,157.55999755859375,159.80999755859375,151.12364196777344,10708000
2022-01-18,158.52999877929688,158.52999877929688,156.0399932861328,156.72999572753906,148.21102905273438,10988400
2022-01-19,157.61000061035156,164.19000244140625,156.97000122070312,162.0,153.1946258544922,14088300
2022-01-20,160.1199951171875,164.3300018310547,160.1199951171875,162.0,154.02174377441406,10799100
2022-01-21,163.0,165.35000610351562,162.10000610351562,162.6199951171875,154.6112060546875,10900400
2022-01-24,163.42999267578125,164.1199951171875,158.72000122070312,161.3000030517578,153.35623168945312,14838100
2022-01-25,160.4499969482422,161.3000030517578,157.88999938964844,159.5399932861328,151.6829071044922,9369600
2022-01-26,157.33999633789062,159.57000732421875,156.3800048828125,158.14999389648438,150.3613739013672,10707100
2022-01-27,158.72999572753906,161.35000610351562,158.5800018310547,159.1300048828125,151.2930908203125,9083000
2022-01-28,158.61000061035156,160.9499969482422,157.32000732421875,160.5,152.5956268310547,9494200
2022-01-31,159.35000610351562,160.64999389648438,158.8699951171875,160.4499969482422,152.548095703125,8950100
2022-02-01,160.7899932861328,161.3000030517578,157.72999572753906,159.74000549316406,151.873046875,6284100
2022-02-02,160.13999938964844,162.83999633789062,159.47000122070312,162.60000610351562,154.59219360351562,7558800
2022-02-03,161.97999572753906,164.97999572753906,161.6199951171875,164.13999938964844,156.05636596679688,10474500
2022-02-04,163.1300048828125,164.49000549316406,161.41000366210938,161.52999877929688,153.5749053955078,8959900
2022-02-07,161.8699951171875,162.25999450683594,159.6699981689453,160.32000732421875,152.4245147705078,6430500
2022-02-08,161.1199951171875,161.27000427246094,159.64999389648438,159.9600067138672,152.0822296142578,5048700
2022-02-09,160.36000061035156,160.63999938964844,159.27000427246094,159.60000610351562,151.73992919921875,8077400
2022-02-10,159.08999633789062,159.5,156.64999389648438,157.1699981689453,149.4296112060547,7033000
2022-02-11,158.00999450683594,158.5800018310547,155.5800018310547,156.2899932861328,148.59295654296875,9341400
2022-02-14,156.13999938964844,157.05999755859375,153.36000061035156,156.74000549316406,149.02078247070312,9472200
2022-02-15,157.77000427246094,159.32000732421875,156.11000061035156,156.82000732421875,149.09686279296875,6659200
2022-02-16,156.8300018310547,158.77999877929688,156.27000427246094,158.00999450683594,150.228271484375,9315700
2022-02-17,158.3800048828125,160.3800048828125,157.35000610351562,159.82000732421875,151.94912719726562,7925500
2022-02-18,159.5,161.05999755859375,158.82000732421875,159.89999389648438,152.02516174316406,8063200
2022-02-22,160.11000061035156,160.8800048828125,156.66000366210938,157.92999267578125,150.15219116210938,8179500
2022-02-23,158.3000030517578,158.60000610351562,155.60000610351562,155.9600067138672,148.27923583984375,6273000
2022-02-24,155.63999938964844,155.97999572753906,150.55999755859375,151.75999450683594,144.28604125976562,13145100
2022-02-25,152.3300018310547,158.94000244140625,152.25,158.24000549316406,150.44692993164062,8888800
2022-02-28,156.2899932861328,157.19000244140625,153.82000732421875,155.88999938964844,148.212646484375,8669200
2022-03-01,154.30999755859375,155.39999389648438,152.33999633789062,153.30999755859375,145.75973510742188,8311900
2022-03-02,152.9600067138672,155.0800018310547,152.60000610351562,153.7899932861328,146.21607971191406,6111300
2022-03-03,153.77000427246094,155.86000061035156,153.77000427246094,154.36000061035156,146.7580108642578,7451200
2022-03-04,153.1199951171875,155.35000610351562,152.5500030517578,155.13999938964844,147.49960327148438,8639100
2022-03-07,154.49000549316406,154.52000427246094,151.13999938964844,152.83999633789062,145.31285095214844,8374500
2022-03-08,152.17999267578125,152.9499969482422,146.5800018310547,146.7899932861328,139.56082153320312,9517200
2022-03-09,148.8300018310547,150.47000122070312,147.80999755859375,148.77000427246094,141.44329833984375,7044100
2022-03-10,147.8000030517578,148.27999877929688,143.94000244140625,144.94000244140625,137.8019561767578,9221000
2022-03-11,145.39999389648438,146.16000366210938,143.02999877929688,143.22000122070312,136.16664123535156,7086100
2022-03-14,144.4499969482422,146.0399932861328,143.35000610351562,145.0500030517578,137.90650939941406,7964600
2022-03-15,147.00999450683594,150.5399932861328,146.88999938964844,150.27000427246094,142.8694305419922,9868400
2022-03-16,150.6300048828125,151.7899932861328,148.0399932861328,149.75999450683594,142.38455200195312,6908900
2022-03-17,149.99000549316406,150.47000122070312,148.5,150.22999572753906,142.8314208984375,6003800
2022-03-18,150.8699951171875,150.8699951171875,148.24000549316406,150.14999389648438,142.7553253173828,15570300
2022-03-21,150.44000244140625,151.4199981689453,149.24000549316406,150.72000122070312,143.29727172851562,6937500
2022-03-22,153.42999267578125,153.60000610351562,150.52000427246094,151.8800048828125,144.400146484375,7292100
2022-03-23,152.1999969482422,153.00999450683594,150.69000244140625,150.82000732421875,143.39236450195312,5531900
2022-03-24,150.88999938964844,151.55999755859375,150.16000366210938,151.0800018310547,143.6395263671875,4203100
2022-03-25,151.6300048828125,153.9199981689453,151.50999450683594,152.8300018310547,145.3033447265625,5047700
2022-03-28,153.63999938964844,153.89999389648438,152.6300048828125,153.8800048828125,146.30165100097656,4234000
2022-03-29,155.3699951171875,156.47000122070312,154.02000427246094,155.4600067138672,147.8038330078125,5643400
2022-03-30,152.5,154.42999267578125,151.94000244140625,154.38999938964844,146.78652954101562,5779300
2022-03-31,154.10000610351562,154.33999633789062,152.39999389648438,152.8000030517578,145.2748260498047,7538600
2022-04-01,153.52000427246094,155.4600067138672,152.05999755859375,155.08999633789062,147.45204162597656,5742600
2022-04-04,153.80999755859375,154.35000610351562,151.25999450683594,154.0800018310547,146.49179077148438,5992000
2022-04-05,153.61000061035156,157.3699951171875,153.5399932861328,154.6199951171875,147.00518798828125,7653000
2022-04-06,154.4199981689453,157.2899932861328,153.94000244140625,156.8300018310547,149.1063690185547,8884700
2022-04-07,157.8699951171875,159.38999938964844,156.97000122070312,158.86000061035156,151.03640747070312,6889700
2022-04-08,159.6999969482422,160.52999877929688,158.9199981689453,160.10000610351562,152.21533203125,6045400
2022-04-11,159.9499969482422,161.2100067138672,158.6300048828125,159.49000549316406,151.6353759765625,6158400
2022-04-12,159.30999755859375,160.6300048828125,158.6999969482422,159.00999450683594,151.17898559570312,7221500
2022-04-13,159.0800018310547,160.41000366210938,158.7100067138672,159.4600067138672,151.6068572998047,5247700
2022-04-14,159.97999572753906,160.3000030517578,158.4499969482422,158.57000732421875,150.76068115234375,7806500
2022-04-18,158.47999572753906,158.97999572753906,156.52999877929688,157.05999755859375,149.3250274658203,6034500
2022-04-19,156.77000427246094,160.02999877929688,156.3000030517578,159.41000366210938,151.559326171875,7897000
2022-04-20,160.5,164.47999572753906,160.0,163.64999389648438,155.59048461914062,10196100
2022-04-21,163.82000732421875,164.89999389648438,162.42999267578125,162.61000061035156,155.46908569335938,9365700
2022-04-22,163.24000549316406,163.52000427246094,160.91000366210938,161.25,154.1687774658203,9394600
2022-04-25,161.6999969482422,163.2899932861328,159.8000030517578,162.5500030517578,155.41171264648438,6986800
2022-04-26,162.67999267578125,163.63999938964844,159.75,159.7899932861328,152.7729034423828,7769500
2022-04-27,160.2100067138672,161.4499969482422,159.11000061035156,159.36000061035156,152.36180114746094,6754900
2022-04-28,160.5399932861328,163.7100067138672,159.27000427246094,163.41000366210938,156.23394775390625,9306800
2022-04-29,162.47000122070312,162.9499969482422,160.1999969482422,160.5500030517578,153.4995574951172,10637000
2022-05-02,161.60000610351562,162.0,156.19000244140625,158.3800048828125,151.42481994628906,10351600
2022-05-03,158.22000122070312,158.99000549316406,155.00999450683594,156.2100067138672,149.35012817382812,10344000
2022-05-04,155.8300018310547,157.5500030517578,155.14999389648438,157.36000061035156,150.4496307373047,7771000
2022-05-05,156.3000030517578,157.2899932861328,153.13999938964844,154.4600067138672,147.677001953125,8217100
2022-05-06,154.77000427246094,156.24000549316406,153.8699951171875,156.0,149.1493377685547,7304800
2022-05-09,153.9600067138672,156.75999450683594,152.75,155.61000061035156,148.77647399902344,8540800
2022-05-10,155.5500030517578,156.6199951171875,153.94000244140625,154.7899932861328,147.99249267578125,7447400
2022-05-11,154.02999877929688,155.89999389648438,152.35000610351562,152.61000061035156,145.90821838378906,7692200
2022-05-12,153.52000427246094,153.61000061035156,149.8800048828125,151.99000549316406,145.3154296875,9600800
2022-05-13,152.5800018310547,153.72999572753906,150.4199981689453,153.6199951171875,146.87387084960938,5675500
2022-05-16,153.47000122070312,155.89999389648438,152.02999877929688,155.1199951171875,148.3079833984375,5971000
2022-05-17,155.1300048828125,156.75,153.07000732421875,154.67999267578125,147.88731384277344,6509100
2022-05-18,154.6699981689453,154.75999450683594,144.5399932861328,145.0399932861328,138.670654296875,9670700
2022-05-19,143.41000366210938,143.4199981689453,140.60000610351562,141.6999969482422,135.4773406982422,9694100
2022-05-20,142.14999389648438,142.4499969482422,139.17999267578125,141.7899932861328,135.56336975097656,7786900
2022-05-23,142.83999633789062,145.6300048828125,142.0800018310547,145.0500030517578,138.6802215576172,7134500
2022-05-24,144.88999938964844,147.94000244140625,144.82000732421875,147.6300048828125,141.14691162109375,7207400
2022-05-25,147.11000061035156,147.13999938964844,143.5,145.2100067138672,138.83319091796875,8217800
2022-05-26,146.47999572753906,147.3800048828125,145.0399932861328,146.47999572753906,140.04739379882812,5702600
2022-05-27,146.97000122070312,148.72000122070312,146.6300048828125,148.72000122070312,142.18905639648438,6028800
2022-05-31,147.2899932861328,148.99000549316406,146.16000366210938,147.8800048828125,141.3859405517578,12416700
2022-06-01,148.0,148.1199951171875,144.7100067138672,145.63999938964844,139.24429321289062,7036000
2022-06-02,145.97000122070312,147.25999450683594,142.6300048828125,147.2100067138672,140.745361328125,6479800
2022-06-03,146.36000061035156,147.2100067138672,145.1199951171875,145.88999938964844,139.4833221435547,4720700
2022-06-06,147.3699951171875,147.63999938964844,144.58999633789062,145.32000732421875,138.9383544921875,4751100
2022-06-07,143.6699981689453,147.17999267578125,143.42999267578125,146.94000244140625,140.48721313476562,4918600
2022-06-08,146.3000030517578,146.42999267578125,144.99000549316406,145.11000061035156,138.73756408691406,4369600
2022-06-09,145.41000366210938,146.88999938964844,142.33999633789062,142.49000549316406,136.2326202392578,4625700
2022-06-10,140.88999938964844,143.14999389648438,139.4499969482422,141.9499969482422,135.71633911132812,6630800
2022-06-13,139.5,140.49000549316406,137.6300048828125,138.14999389648438,132.08319091796875,8549500
2022-06-14,137.50999450683594,137.5800018310547,132.5399932861328,133.83999633789062,127.9625015258789,9980200
2022-06-15,134.44000244140625,134.89999389648438,129.5,132.50999450683594,126.69087219238281,12178100
2022-06-16,131.02999877929688,135.07000732421875,130.60000610351562,133.32000732421875,127.46531677246094,9683300
2022-06-17,132.55999755859375,134.25999450683594,131.42999267578125,132.36000061035156,126.5474853515625,17113300
2022-06-21,134.6199951171875,137.0,133.42999267578125,136.3699951171875,130.38140869140625,9017000
2022-06-22,135.67999267578125,139.69000244140625,135.6699981689453,138.5,132.4178466796875,8374500
2022-06-23,139.0500030517578,142.47999572753906,138.89999389648438,142.3000030517578,136.0509796142578,6418300
2022-06-24,144.1999969482422,145.24000549316406,143.1199951171875,144.35000610351562,138.01095581054688,19440600
2022-06-27,144.1199951171875,144.75999450683594,142.7100067138672,143.25,136.95925903320312,5618500
2022-06-28,143.5399932861328,144.08999633789062,140.5800018310547,140.9199981689453,134.7315673828125,6077300
2022-06-29,141.60000610351562,142.86000061035156,141.14999389648438,142.1999969482422,135.95535278320312,5174600
2022-06-30,141.69000244140625,144.44000244140625,141.22999572753906,143.7899932861328,137.47552490234375,7410100
2022-07-01,144.24000549316406,146.25,143.39999389648438,146.11000061035156,139.6936798095703,5937200
2022-07-05,144.5800018310547,146.10000610351562,142.5399932861328,144.6999969482422,138.3455810546875,5760900
2022-07-06,145.50999450683594,147.49000549316406,144.97000122070312,146.0500030517578,139.6362762451172,5485200
2022-07-07,145.2899932861328,146.19000244140625,144.60000610351562,146.0,139.5885009765625,6623400
2022-07-08,145.99000549316406,146.80999755859375,144.57000732421875,145.02000427246094,138.6515350341797,4294200
2022-07-11,145.14999389648438,146.5800018310547,144.67999267578125,146.0399932861328,139.626708984375,5482900
2022-07-12,145.86000061035156,146.9199981689453,144.3699951171875,144.75,138.39337158203125,5204400
2022-07-13,144.41000366210938,146.9600067138672,144.2100067138672,145.6999969482422,139.30166625976562,5075600
2022-07-14,143.75999450683594,145.52999877929688,143.47000122070312,145.27000427246094,138.89056396484375,4867000
2022-07-15,145.33999633789062,145.6999969482422,144.10000610351562,145.07000732421875,138.69932556152344,6264600
2022-07-18,144.94000244140625,145.08999633789062,143.1699981689453,143.30999755859375,137.01663208007812,6047500
2022-07-19,144.57000732421875,145.00999450683594,143.63999938964844,144.0399932861328,137.7145538330078,5943600
2022-07-20,144.0,144.22000122070312,140.63999938964844,141.5500030517578,135.3339080810547,8635300
2022-07-21,140.60000610351562,141.36000061035156,138.9499969482422,140.77000427246094,135.46189880371094,8310200
2022-07-22,140.75999450683594,143.1699981689453,140.6699981689453,143.02000427246094,137.62704467773438,5292700
2022-07-25,142.8000030517578,144.4199981689453,142.52999877929688,143.99000549316406,138.56048583984375,5262100
2022-07-26,142.69000244140625,144.49000549316406,141.7100067138672,144.27000427246094,138.82992553710938,5375700
2022-07-27,143.8800048828125,146.2100067138672,143.52999877929688,145.63999938964844,140.14825439453125,5500000
2022-07-28,146.13999938964844,148.61000061035156,145.0800018310547,148.05999755859375,142.47698974609375,7115700
2022-07-29,141.42999267578125,142.5,138.22999572753906,138.91000366210938,133.6720428466797,18694700
2022-08-01,138.33999633789062,143.94000244140625,138.27000427246094,142.89999389648438,137.51158142089844,12590000
2022-08-02,143.11000061035156,143.72000122070312,141.77000427246094,141.9499969482422,136.59738159179688,7495000
2022-08-03,141.66000366210938,145.27000427246094,140.91000366210938,144.8800048828125,139.41690063476562,6811000
2022-08-04,144.85000610351562,146.4600067138672,144.00999450683594,144.64999389648438,139.19558715820312,6124700
2022-08-05,143.75,144.83999633789062,142.77000427246094,144.72000122070312,139.262939453125,4580300
2022-08-08,145.02999877929688,146.47000122070312,144.72999572753906,145.27000427246094,139.79222106933594,4486800
2022-08-09,145.57000732421875,145.94000244140625,144.49000549316406,144.92999267578125,139.46502685546875,3977300
2022-08-10,145.88999938964844,146.5,145.38999938964844,146.3000030517578,140.78338623046875,4641300
2022-08-11,146.80999755859375,147.2899932861328,144.92999267578125,145.25999450683594,139.78257751464844,5954300
2022-08-12,145.91000366210938,146.72999572753906,144.9600067138672,146.6699981689453,141.13943481445312,5038700
2022-08-15,146.8699951171875,148.77000427246094,146.75,148.55999755859375,142.95816040039062,6008000
2022-08-16,148.36000061035156,150.60000610351562,148.36000061035156,149.92999267578125,144.27647399902344,7093000
2022-08-17,149.10000610351562,149.75,148.8800048828125,149.24000549316406,143.61248779296875,4834600
2022-08-18,148.8699951171875,149.99000549316406,148.52000427246094,149.77000427246094,144.12252807617188,3829000
2022-08-19,149.2100067138672,150.6300048828125,148.72000122070312,149.72999572753906,144.0840301513672,6502500
2022-08-22,148.97999572753906,150.1300048828125,148.83999633789062,149.3300018310547,143.69912719726562,6380700
2022-08-23,148.42999267578125,148.44000244140625,145.8300018310547,146.4499969482422,140.92771911621094,5268200
2022-08-24,146.61000061035156,147.25999450683594,145.1199951171875,145.82000732421875,140.32147216796875,5903200
2022-08-25,145.22999572753906,145.77999877929688,144.49000549316406,145.6999969482422,140.20599365234375,5097600
2022-08-26,146.0,146.52999877929688,142.02000427246094,142.2899932861328,136.92457580566406,6086600
2022-08-29,141.3000030517578,142.69000244140625,141.02000427246094,141.69000244140625,136.34719848632812,5272100
2022-08-30,142.41000366210938,142.41000366210938,139.91000366210938,140.17999267578125,134.8941192626953,5203700
2022-08-31,140.39999389648438,140.8800048828125,137.86000061035156,137.94000244140625,132.7386016845703,8406900
2022-09-01,137.8300018310547,139.75999450683594,136.75999450683594,139.63999938964844,134.37449645996094,7446500
2022-09-02,140.4199981689453,141.14999389648438,136.5500030517578,137.16000366210938,131.98802185058594,7077800
2022-09-06,135.8800048828125,137.94000244140625,135.2899932861328,135.6300048828125,130.5157012939453,8217200
2022-09-07,136.02999877929688,137.75999450683594,136.02000427246094,137.67999267578125,132.4884033203125,6609400
2022-09-08,137.00999450683594,138.49000549316406,136.05999755859375,137.86000061035156,132.66163635253906,7380500
2022-09-09,137.9499969482422,141.08999633789062,137.3000030517578,139.9600067138672,134.68243408203125,6434300
2022-09-12,139.41000366210938,141.8000030517578,139.11000061035156,141.10000610351562,135.77944946289062,5818700
2022-09-13,140.77999877929688,141.42999267578125,137.86000061035156,138.17999267578125,132.96954345703125,6350200
2022-09-14,138.66000366210938,139.66000366210938,137.6699981689453,138.50999450683594,133.28709411621094,6137800
2022-09-15,138.77999877929688,138.88999938964844,136.63999938964844,137.44000244140625,132.2574462890625,5320700
2022-09-16,137.44000244140625,139.05999755859375,137.11000061035156,138.27999877929688,133.06576538085938,9321500
2022-09-19,138.1999969482422,138.4600067138672,137.22999572753906,137.99000549316406,132.7867431640625,6056000
2022-09-20,137.41000366210938,137.97000122070312,136.52999877929688,137.5,132.31520080566406,5589800
2022-09-21,138.0800018310547,138.1999969482422,135.7100067138672,135.72999572753906,130.61192321777344,6413900
2022-09-22,135.74000549316406,137.07000732421875,135.24000549316406,136.2100067138672,131.0738525390625,5061600
2022-09-23,135.67999267578125,136.5,133.9499969482422,135.5800018310547,130.46759033203125,6523600
2022-09-26,135.5800018310547,136.82000732421875,134.99000549316406,135.7100067138672,130.5926971435547,7396400
2022-09-27,135.9600067138672,136.94000244140625,131.7100067138672,131.97999572753906,127.00334930419922,7722200
2022-09-28,133.02000427246094,133.02000427246094,131.19000244140625,131.97999572753906,127.00334930419922,10455100
2022-09-29,131.8699951171875,131.8699951171875,128.25999450683594,128.6999969482422,123.84701538085938,7128500
2022-09-30,129.0,129.0399932861328,126.20999908447266,126.25,121.4894027709961,9431900
2022-10-03,127.25,129.10000610351562,126.68000030517578,128.50999450683594,123.6641845703125,8477700
2022-10-04,129.10000610351562,130.8699951171875,128.6999969482422,130.10000610351562,125.19422912597656,7211600
2022-10-05,129.1999969482422,130.08999633789062,128.08999633789062,129.1999969482422,124.32816314697266,5071100
2022-10-06,128.88999938964844,129.05999755859375,126.3499984741211,126.4800033569336,121.71073150634766,5530800
2022-10-07,126.5,126.58000183105469,123.76000213623047,124.2699966430664,119.58406829833984,6095400
2022-10-10,123.37000274658203,124.25,122.18000030517578,123.76000213623047,119.09331512451172,6923300
2022-10-11,123.69000244140625,125.69999694824219,123.5999984741211,124.2300033569336,119.54557037353516,5516200
2022-10-12,124.83999633789062,125.80999755859375,124.41000366210938,124.43000030517578,119.738037109375,6823500
2022-10-13,123.51000213623047,126.75,122.91999816894531,126.30999755859375,121.54713439941406,6910500
2022-10-14,126.75,127.0199966430664,124.7699966430664,125.08000183105469,120.36354064941406,5516800
2022-10-17,126.01000213623047,128.27999877929688,125.86000061035156,127.33999633789062,122.53829956054688,6664600
2022-10-18,129.3300018310547,130.07000732421875,127.66000366210938,128.3699951171875,123.52946472167969,7114200
2022-10-19,131.63999938964844,133.0,129.50999450683594,129.55999755859375,124.67459106445312,9993700
2022-10-20,128.6199951171875,129.77000427246094,126.68000030517578,126.98999786376953,123.06876373291016,8168000
2022-10-21,126.54000091552734,128.9499969482422,126.4800033569336,128.5800018310547,124.60966491699219,6394600
2022-10-24,129.49000549316406,130.44000244140625,128.35000610351562,129.3699951171875,125.37527465820312,6946000
2022-10-25,129.60000610351562,131.17999267578125,128.47000122070312,130.86000061035156,126.81926727294922,6776000
2022-10-26,130.64999389648438,132.57000732421875,130.39999389648438,131.77999877929688,127.71086883544922,6612800
2022-10-27,132.0,133.1199951171875,131.5,131.8800048828125,127.80777740478516,6676700
2022-10-28,133.1699981689453,135.50999450683594,132.9199981689453,135.22000122070312,131.0446319580078,6996400
2022-10-31,135.1999969482422,135.6699981689453,134.25999450683594,134.6699981689453,130.51162719726562,8346300
2022-11-01,134.6999969482422,136.27999877929688,133.83999633789062,134.8800048828125,130.7151336669922,6428300
2022-11-02,134.72000122070312,136.5399932861328,132.80999755859375,132.94000244140625,128.83505249023438,7318100
2022-11-03,131.72999572753906,132.63999938964844,130.9600067138672,132.02999877929688,127.9531478881836,5204000
2022-11-04,133.32000732421875,135.0,132.52000427246094,134.44000244140625,130.28872680664062,5555400
2022-11-07,135.35000610351562,137.19000244140625,135.05999755859375,136.5,132.28512573242188,6746800
2022-11-08,136.82000732421875,137.52000427246094,135.8000030517578,136.80999755859375,132.58554077148438,5266200
2022-11-09,136.8699951171875,137.97000122070312,136.33999633789062,136.47999572753906,132.26573181152344,5690700
2022-11-10,139.4600067138672,141.6300048828125,138.1999969482422,141.17999267578125,136.82058715820312,8068700
2022-11-11,141.1999969482422,141.6300048828125,139.11000061035156,140.97000122070312,136.61708068847656,7175200
2022-11-14,140.50999450683594,143.55999755859375,140.25999450683594,140.97999572753906,136.62677001953125,8516200
2022-11-15,142.08999633789062,143.1999969482422,139.6999969482422,140.49000549316406,136.1519012451172,7732400
2022-11-16,141.5,142.91000366210938,140.97999572753906,141.74000549316406,137.36331176757812,6193700
2022-11-17,141.11000061035156,141.69000244140625,139.86000061035156,140.8699951171875,136.52015686035156,5186300
2022-11-18,141.9199981689453,142.75999450683594,141.27000427246094,142.57000732421875,138.16769409179688,5671400
2022-11-21,143.05999755859375,145.19000244140625,142.8300018310547,144.3800048828125,139.92178344726562,6377200
2022-11-22,145.42999267578125,145.7899932861328,144.83999633789062,145.6199951171875,141.12350463867188,5372900
2022-11-23,145.89999389648438,146.6300048828125,145.57000732421875,146.4499969482422,141.92787170410156,4296000
2022-11-25,146.7899932861328,147.1999969482422,146.39999389648438,146.72000122070312,142.1895294189453,2411100
2022-11-28,146.38999938964844,147.33999633789062,146.13999938964844,146.60000610351562,142.0732421875,6628200
2022-11-29,145.75,146.05999755859375,144.52999877929688,145.47999572753906,140.98782348632812,5634200
2022-11-30,145.64999389648438,149.16000366210938,145.1300048828125,149.16000366210938,144.55418395996094,12396800
2022-12-01,149.52999877929688,150.36000061035156,148.57000732421875,149.25,144.64138793945312,6927400
2022-12-02,148.47000122070312,150.77000427246094,148.0800018310547,150.61000061035156,145.9593963623047,4938300
2022-12-05,148.7100067138672,149.6699981689453,148.27000427246094,149.08999633789062,144.48635864257812,5402500
2022-12-06,149.72000122070312,150.0800018310547,148.27999877929688,149.27999877929688,144.67047119140625,6866700
2022-12-07,149.00999450683594,150.42999267578125,149.00999450683594,150.24000549316406,145.60086059570312,6175500
2022-12-08,149.4600067138672,151.3800048828125,149.00999450683594,151.32000732421875,146.64749145507812,5187100
2022-12-09,150.6999969482422,151.9499969482422,150.22000122070312,150.9199981689453,146.25985717773438,5868200
2022-12-12,151.22000122070312,152.55999755859375,151.0399932861328,152.47000122070312,147.76197814941406,6142400
2022-12-13,153.41000366210938,154.22999572753906,150.7899932861328,152.24000549316406,147.53909301757812,7680600
2022-12-14,152.7899932861328,154.44000244140625,152.1699981689453,152.83999633789062,148.1205596923828,7385600
2022-12-15,151.72000122070312,152.0,149.74000549316406,151.11000061035156,146.4439697265625,7117200
2022-12-16,150.36000061035156,151.07000732421875,149.02000427246094,150.44000244140625,145.79466247558594,19966400
2022-12-19,150.22000122070312,151.3800048828125,149.24000549316406,150.39999389648438,145.75588989257812,5881800
2022-12-20,149.32000732421875,150.89999389648438,149.27000427246094,150.4600067138672,145.81405639648438,5646100
2022-12-21,150.75,152.6300048828125,150.72000122070312,151.83999633789062,147.1514434814453,5024700
2022-12-22,151.1300048828125,152.41000366210938,150.8800048828125,152.19000244140625,147.4906463623047,5904900
2022-12-23,152.30999755859375,152.9199981689453,151.6699981689453,152.6199951171875,147.9073486328125,3401800
2022-12-27,152.6999969482422,154.32000732421875,152.66000366210938,153.9499969482422,149.19627380371094,4215100
2022-12-28,154.27999877929688,154.64999389648438,151.89999389648438,151.9600067138672,147.2677459716797,4197500
2022-12-29,152.80999755859375,153.24000549316406,152.13999938964844,152.58999633789062,147.87828063964844,3809100
2022-12-30,152.42999267578125,152.67999267578125,150.44000244140625,151.55999755859375,146.8800811767578,4532000
2023-01-03,150.9499969482422,151.7100067138672,149.1199951171875,151.57000732421875,146.88978576660156,6447300
2023-01-04,151.99000549316406,153.38999938964844,151.22999572753906,152.22999572753906,147.52938842773438,7313400
2023-01-05,152.2100067138672,152.47999572753906,150.1300048828125,150.33999633789062,145.69775390625,5373800
2023-01-06,151.85000610351562,154.4600067138672,151.75,153.9199981689453,149.16722106933594,7882200
2023-01-09,153.44000244140625,154.8000030517578,152.0,152.0399932861328,147.3452606201172,5727000
2023-01-10,152.10000610351562,152.6999969482422,150.94000244140625,151.88999938964844,147.19989013671875,4716400
2023-01-11,152.32000732421875,152.55999755859375,149.35000610351562,150.66000366210938,146.00787353515625,8691300
2023-01-12,151.6999969482422,151.72999572753906,149.52000427246094,149.80999755859375,145.18409729003906,7801600
2023-01-13,149.61000061035156,151.0500030517578,149.4199981689453,150.8800048828125,146.22108459472656,5535800
2023-01-17,150.7899932861328,152.1300048828125,150.39999389648438,150.44000244140625,145.79466247558594,9611800
2023-01-18,149.66000366210938,149.92999267578125,146.0399932861328,146.41000366210938,141.8891143798828,10461200
2023-01-19,143.30999755859375,146.22000122070312,142.24000549316406,142.4199981689453,138.88841247558594,12683700
2023-01-20,142.32000732421875,143.14999389648438,140.14999389648438,142.97000122070312,139.4247589111328,8603300
2023-01-23,143.36000061035156,143.6999969482422,140.69000244140625,141.0500030517578,137.55238342285156,7473100
2023-01-24,140.69000244140625,142.3800048828125,139.80999755859375,141.82000732421875,138.30328369140625,6822500
2023-01-25,140.38999938964844,141.75,138.72999572753906,141.72000122070312,138.2057647705078,6902600
2023-01-26,141.72999572753906,141.74000549316406,140.74000549316406,141.14999389648438,137.64988708496094,5398600
2023-01-27,141.07000732421875,141.36000061035156,139.2899932861328,140.57000732421875,137.08428955078125,6870800
2023-01-30,140.9600067138672,142.1199951171875,140.27999877929688,141.00999450683594,137.51336669921875,6369300
2023-01-31,141.22999572753906,142.47000122070312,140.75999450683594,142.3800048828125,138.84939575195312,9373400
2023-02-01,142.0800018310547,144.10000610351562,141.35000610351562,143.19000244140625,139.63931274414062,7207900
2023-02-02,142.1699981689453,142.7100067138672,141.2100067138672,142.1699981689453,138.64459228515625,6444300
2023-02-03,142.77999877929688,143.3800048828125,141.1699981689453,142.61000061035156,139.07369995117188,5993100
2023-02-06,142.00999450683594,142.63999938964844,141.00999450683594,141.39999389648438,137.89369201660156,6108100
2023-02-07,139.97000122070312,140.7899932861328,138.77999877929688,140.02000427246094,136.54791259765625,6278300
2023-02-08,139.05999755859375,139.5399932861328,138.41000366210938,138.57000732421875,135.13388061523438,7123800
2023-02-09,138.8800048828125,139.3300018310547,137.0,137.0500030517578,133.6515655517578,6547400
2023-02-10,136.9499969482422,138.3000030517578,135.8300018310547,138.25999450683594,134.83155822753906,8108900
2023-02-13,138.94000244140625,140.4499969482422,138.74000549316406,140.07000732421875,136.5966796875,5081600
2023-02-14,140.13999938964844,140.24000549316406,138.6199951171875,139.27999877929688,135.82626342773438,5253500
2023-02-15,139.11000061035156,139.32000732421875,138.07000732421875,138.9600067138672,135.5142059326172,5530300
2023-02-16,137.38999938964844,138.1999969482422,136.5500030517578,137.13999938964844,133.7393341064453,7595700
2023-02-17,136.58999633789062,140.0399932861328,136.58999633789062,140.00999450683594,136.5381622314453,8034700
2023-02-21,138.8699951171875,140.88999938964844,138.8699951171875,139.91000366210938,136.44064331054688,6899500
2023-02-22,139.97999572753906,141.5800018310547,139.8800048828125,140.5,137.01600646972656,6126300
2023-02-23,140.22999572753906,141.13999938964844,139.10000610351562,140.0500030517578,136.57716369628906,5835400
2023-02-24,138.92999267578125,139.42999267578125,138.0800018310547,139.25999450683594,135.80674743652344,5260700
2023-02-27,139.61000061035156,140.47000122070312,138.52999877929688,139.13999938964844,135.6897430419922,5820900
2023-02-28,138.4499969482422,138.58999633789062,137.27999877929688,137.55999755859375,134.14891052246094,6709900
2023-03-01,138.0500030517578,138.3300018310547,136.50999450683594,137.66000366210938,134.24642944335938,7101800
2023-03-02,138.0,140.42999267578125,137.77999877929688,139.92999267578125,136.46014404296875,5924600
2023-03-03,141.19000244140625,141.24000549316406,139.97000122070312,140.9499969482422,137.45484924316406,5259400
2023-03-06,140.72999572753906,141.13999938964844,139.94000244140625,140.35000610351562,136.8697509765625,4943100
2023-03-07,140.42999267578125,140.6199951171875,137.33999633789062,137.55999755859375,134.14891052246094,5606800
2023-03-08,137.1999969482422,137.69000244140625,136.60000610351562,137.5800018310547,134.1684112548828,5518800
2023-03-09,138.14999389648438,138.55999755859375,136.10000610351562,136.57000732421875,133.18348693847656,4467200
2023-03-10,136.9499969482422,137.99000549316406,136.35000610351562,137.19000244140625,133.7880859375,5928000
2023-03-13,137.0399932861328,141.32000732421875,137.0399932861328,138.13999938964844,134.7145233154297,8337100
2023-03-14,138.2899932861328,140.11000061035156,137.39999389648438,139.85000610351562,136.38214111328125,9219700
2023-03-15,138.80999755859375,142.14999389648438,138.80999755859375,141.8300018310547,138.3130340576172,8823500
2023-03-16,141.94000244140625,143.1199951171875,141.61000061035156,142.88999938964844,139.34674072265625,7063400
2023-03-17,142.5,143.38999938964844,141.52999877929688,142.92999267578125,139.38575744628906,16018800
2023-03-20,143.5,145.39999389648438,143.22999572753906,145.1300048828125,141.5312042236328,8379200
2023-03-21,144.91000366210938,145.22999572753906,142.83999633789062,144.0800018310547,140.5072479248047,7753200
2023-03-22,144.0399932861328,145.75,143.8300018310547,143.99000549316406,140.4194793701172,5729100
2023-03-23,144.24000549316406,145.1199951171875,143.19000244140625,143.7899932861328,140.22442626953125,5788400
2023-03-24,144.3000030517578,146.75999450683594,144.3000030517578,146.72000122070312,143.08177185058594,6144800
2023-03-27,146.88999938964844,147.4199981689453,145.8699951171875,145.9499969482422,142.33087158203125,5917200
2023-03-28,146.5500030517578,146.82000732421875,145.8000030517578,146.36000061035156,142.73069763183594,4213800
2023-03-29,147.0800018310547,147.2899932861328,146.25999450683594,146.80999755859375,143.16954040527344,4987700
2023-03-30,146.9199981689453,147.5399932861328,146.3000030517578,147.4499969482422,143.79368591308594,4117700
2023-03-31,147.74000549316406,148.69000244140625,147.57000732421875,148.69000244140625,145.0029296875,7685900
2023-04-03,148.42999267578125,150.07000732421875,147.08999633789062,149.50999450683594,145.80259704589844,5721700
2023-04-04,150.0800018310547,151.7100067138672,150.0800018310547,150.22999572753906,146.50473022460938,6714300
2023-04-05,151.3300018310547,152.35000610351562,151.14999389648438,151.25999450683594,147.50918579101562,6094800
2023-04-06,151.8699951171875,152.9600067138672,151.4199981689453,152.22000122070312,148.4453887939453,5399700
2023-04-10,151.64999389648438,151.6699981689453,149.50999450683594,150.9600067138672,147.21664428710938,4891800
2023-04-11,151.25999450683594,151.44000244140625,150.52000427246094,150.66000366210938,146.92408752441406,6311800
2023-04-12,150.30999755859375,152.41000366210938,149.92999267578125,151.07000732421875,147.3239288330078,6137900
2023-04-13,150.89999389648438,151.8699951171875,149.82000732421875,151.77000427246094,148.00656127929688,5489500
2023-04-14,151.35000610351562,151.58999633789062,150.50999450683594,151.0,147.25564575195312,4478800
2023-04-17,151.1699981689453,151.47000122070312,150.33999633789062,151.0500030517578,147.30441284179688,4296400
2023-04-18,150.97999572753906,151.58999633789062,150.10000610351562,151.2100067138672,147.46043395996094,4158400
2023-04-19,151.1699981689453,151.89999389648438,150.7100067138672,151.24000549316406,147.48968505859375,3837600
2023-04-20,150.3699951171875,151.36000061035156,150.3699951171875,150.85000610351562,148.0303955078125,5370900
2023-04-21,154.94000244140625,158.11000061035156,154.5,156.07000732421875,153.15284729003906,14876900
2023-04-24,155.22000122070312,157.25,155.22000122070312,156.35000610351562,153.42758178710938,8109800
2023-04-25,156.50999450683594,157.94000244140625,155.7899932861328,156.38999938964844,153.4668426513672,8341800
2023-04-26,155.3000030517578,156.0,154.33999633789062,154.5800018310547,151.690673828125,4843700
2023-04-27,155.3000030517578,156.61000061035156,155.00999450683594,156.47000122070312,153.54534912109375,4805600
2023-04-28,156.27999877929688,157.3699951171875,155.75999450683594,156.3800048828125,153.45703125,5754000
2023-05-01,156.02999877929688,157.39999389648438,155.8000030517578,156.57000732421875,153.6434783935547,3844600
2023-05-02,156.58999633789062,156.92999267578125,155.6699981689453,156.42999267578125,153.50607299804688,5262900
2023-05-03,156.63999938964844,157.57000732421875,155.42999267578125,156.22999572753906,153.30982971191406,5775000
2023-05-04,156.10000610351562,156.60000610351562,155.08999633789062,155.50999450683594,152.60328674316406,4892600
2023-05-05,155.39999389648438,156.30999755859375,154.69000244140625,156.02999877929688,153.1135711669922,3988200
2023-05-08,155.35000610351562,155.72999572753906,154.8699951171875,155.3000030517578,152.397216796875,4950700
2023-05-09,155.85000610351562,155.97999572753906,153.5800018310547,153.7100067138672,150.83694458007812,4472100
2023-05-10,153.4499969482422,154.32000732421875,152.44000244140625,154.02999877929688,151.15097045898438,4754900
2023-05-11,154.80999755859375,154.88999938964844,153.38999938964844,154.38999938964844,151.5042266845703,3495300
2023-05-12,154.6999969482422,156.0500030517578,154.38999938964844,155.9600067138672,153.04489135742188,5252200
2023-05-15,156.61000061035156,156.75,154.63999938964844,156.00999450683594,153.09393310546875,5414900
2023-05-16,155.8699951171875,156.9199981689453,154.92999267578125,155.74000549316406,152.82899475097656,5591500
2023-05-17,156.25999450683594,156.55999755859375,153.89999389648438,155.0800018310547,152.18133544921875,4286900
2023-05-18,153.30999755859375,153.64999389648438,151.60000610351562,152.52999877929688,149.67897033691406,6997600
2023-05-19,152.47000122070312,153.32000732421875,151.83999633789062,153.1699981689453,150.30702209472656,4752700
2023-05-22,152.5,152.60000610351562,148.8300018310547,149.16000366210938,146.3719940185547,7876200
2023-05-23,148.7899932861328,148.8800048828125,147.07000732421875,147.5500030517578,144.79208374023438,6116000
2023-05-24,147.58999633789062,148.1999969482422,146.08999633789062,146.3300018310547,143.59487915039062,5755400
2023-05-25,145.49000549316406,146.2100067138672,144.35000610351562,145.38999938964844,142.67245483398438,6510300
2023-05-26,145.3300018310547,146.00999450683594,144.72999572753906,145.39999389648438,142.6822509765625,4716400
2023-05-30,143.86000061035156,144.0399932861328,142.35000610351562,143.17999267578125,140.50375366210938,5561000
2023-05-31,143.16000366210938,143.97999572753906,141.89999389648438,142.5,139.8364715576172,19854800
2023-06-01,143.25,144.1199951171875,142.4499969482422,143.9600067138672,141.26918029785156,6091100
2023-06-02,144.50999450683594,146.67999267578125,144.38999938964844,146.52000427246094,143.7813262939453,6123500
2023-06-05,146.0500030517578,147.85000610351562,145.72999572753906,145.94000244140625,143.21217346191406,4753700
2023-06-06,146.07000732421875,146.30999755859375,143.5500030517578,144.49000549316406,141.78927612304688,4635900
2023-06-07,144.00999450683594,145.1199951171875,143.47000122070312,144.8000030517578,142.09349060058594,6194400
2023-06-08,145.33999633789062,146.64999389648438,144.9199981689453,146.44000244140625,143.70281982421875,4863700
2023-06-09,145.67999267578125,146.77999877929688,144.72999572753906,146.55999755859375,143.82057189941406,5569500
2023-06-12,147.0,147.00999450683594,144.5500030517578,145.41000366210938,142.69207763671875,5354000
2023-06-13,144.50999450683594,145.67999267578125,144.27999877929688,145.05999755859375,142.34861755371094,5321200
2023-06-14,145.30999755859375,146.88999938964844,144.8300018310547,146.4199981689453,143.6831817626953,5693300
2023-06-15,147.1699981689453,148.97000122070312,146.5399932861328,148.4499969482422,145.67526245117188,5863000
2023-06-16,148.9199981689453,150.08999633789062,148.89999389648438,149.5399932861328,146.744873046875,11243900
2023-06-20,149.75,150.27999877929688,148.11000061035156,148.16000366210938,145.3906707763672,5340700
2023-06-21,148.25999450683594,149.60000610351562,147.8699951171875,149.44000244140625,146.64674377441406,4649700
2023-06-22,150.35000610351562,151.10000610351562,149.47999572753906,149.9499969482422,147.147216796875,6666800
2023-06-23,150.25,150.52999877929688,147.9600067138672,148.4600067138672,145.68507385253906,13843300
2023-06-26,148.10000610351562,148.97000122070312,146.72000122070312,148.61000061035156,145.832275390625,4353100
2023-06-27,148.44000244140625,150.1699981689453,148.38999938964844,150.02000427246094,147.21591186523438,5445400
2023-06-28,149.3300018310547,150.3000030517578,147.9600067138672,149.99000549316406,147.1864776611328,6733300
2023-06-29,148.47999572753906,149.6999969482422,147.10000610351562,149.3800048828125,146.58787536621094,7343000
2023-06-30,149.8300018310547,152.07000732421875,149.7899932861328,151.74000549316406,148.90374755859375,7055600
2023-07-03,151.47999572753906,152.52999877929688,150.47000122070312,152.5,149.64956665039062,3996100
2023-07-05,151.6300048828125,152.4600067138672,151.44000244140625,152.24000549316406,149.39442443847656,8279800
2023-07-06,151.1999969482422,152.19000244140625,150.75999450683594,151.99000549316406,149.1490936279297,7958300
2023-07-07,151.7100067138672,151.9199981689453,148.75,148.8000030517578,146.0187225341797,9163500
2023-07-10,148.94000244140625,150.32000732421875,148.74000549316406,148.86000061035156,146.0775909423828,5529200
2023-07-11,148.72999572753906,149.0500030517578,146.9600067138672,148.0800018310547,145.3121795654297,5150300
2023-07-12,148.02999877929688,149.39999389648438,147.63999938964844,148.85000610351562,146.06777954101562,6764600
2023-07-13,149.0,149.52000427246094,148.1999969482422,148.9499969482422,146.16590881347656,5561400
2023-07-14,149.27000427246094,150.6300048828125,148.72999572753906,150.0500030517578,147.24533081054688,6128500
2023-07-17,149.64999389648438,150.16000366210938,148.97000122070312,148.99000549316406,146.2051544189453,4625300
2023-07-18,148.63999938964844,150.47999572753906,148.3800048828125,149.27000427246094,146.47991943359375,5355200
2023-07-19,149.5500030517578,150.82000732421875,148.86000061035156,150.2899932861328,147.48085021972656,6203600
2023-07-20,149.5500030517578,150.75,148.13999938964844,150.55999755859375,148.6767120361328,6445400
2023-07-21,151.14999389648438,153.6699981689453,150.6999969482422,152.92999267578125,151.01705932617188,9938100
2023-07-24,152.83999633789062,153.9499969482422,152.3000030517578,153.4199981689453,151.5009307861328,5549500
2023-07-25,153.47999572753906,153.86000061035156,152.4499969482422,153.77999877929688,151.85643005371094,5883800
2023-07-26,153.1199951171875,154.83999633789062,152.88999938964844,153.94000244140625,152.0144500732422,7013800
2023-07-27,154.16000366210938,154.60000610351562,151.9199981689453,152.11000061035156,150.2073211669922,7191600
2023-07-28,154.66000366210938,157.47999572753906,154.60000610351562,156.41000366210938,154.45355224609375,9397300
2023-07-31,156.39999389648438,157.67999267578125,155.05999755859375,156.3000030517578,154.3449249267578,7955200
2023-08-01,155.8800048828125,157.1699981689453,155.8699951171875,156.25,154.2955322265625,5718800
2023-08-02,155.97000122070312,157.72999572753906,155.97000122070312,156.58999633789062,154.63128662109375,5636000
2023-08-03,156.75999450683594,157.6999969482422,156.2100067138672,157.0,155.03616333007812,5792700
2023-08-04,157.42999267578125,157.72999572753906,155.14999389648438,155.27999877929688,153.33766174316406,4782800
2023-08-07,155.6699981689453,157.14999389648438,155.49000549316406,156.9199981689453,154.9571533203125,4107400
2023-08-08,157.27999877929688,157.6300048828125,156.52999877929688,157.08999633789062,155.12503051757812,4625500
2023-08-09,157.30999755859375,158.08999633789062,156.77000427246094,156.88999938964844,154.9275360107422,4293200
2023-08-10,157.1699981689453,158.3800048828125,155.8000030517578,156.11000061035156,154.15728759765625,4307800
2023-08-11,156.42999267578125,157.4600067138672,155.7899932861328,157.02000427246094,155.055908203125,3861200
2023-08-14,157.1300048828125,157.52999877929688,155.5,155.7899932861328,153.84129333496094,4297600
2023-08-15,155.7899932861328,155.97000122070312,154.4600067138672,154.7899932861328,152.85379028320312,6921100
2023-08-16,154.75999450683594,155.72999572753906,152.8699951171875,153.2100067138672,151.2935791015625,6356800
2023-08-17,153.2100067138672,153.55999755859375,151.7899932861328,152.11000061035156,150.2073211669922,6419500
2023-08-18,151.6199951171875,152.88999938964844,151.1699981689453,152.5399932861328,150.63192749023438,5448200
2023-08-21,152.08999633789062,152.77999877929688,151.25999450683594,151.77000427246094,149.87158203125,4504700
2023-08-22,151.4199981689453,152.14999389648438,150.92999267578125,151.8300018310547,149.93081665039062,4196000
2023-08-23,152.47000122070312,153.47999572753906,152.47000122070312,153.25,151.3330535888672,4522500
2023-08-24,152.5500030517578,154.67999267578125,152.47999572753906,152.5399932861328,150.63192749023438,4088900
2023-08-25,153.39999389648438,154.0800018310547,152.4600067138672,153.5399932861328,151.6194305419922,3541500
2023-08-28,153.7100067138672,154.3699951171875,153.0500030517578,153.77999877929688,151.85643005371094,3614700
2023-08-29,153.9499969482422,154.0399932861328,152.02999877929688,153.8699951171875,151.94529724121094,4034600
2023-08-30,154.10000610351562,154.8699951171875,153.7100067138672,154.0399932861328,152.11317443847656,3712200
2023-08-31,154.1199951171875,155.16000366210938,153.8300018310547,154.33999633789062,152.409423828125,5451400
2023-09-01,154.89999389648438,155.27999877929688,153.55999755859375,154.50999450683594,152.57730102539062,4126300
2023-09-05,153.8000030517578,154.85000610351562,152.39999389648438,152.44000244140625,150.53318786621094,5097000
2023-09-06,152.2899932861328,152.4499969482422,151.5399932861328,152.13999938964844,150.23695373535156,3877400
2023-09-07,152.49000549316406,154.19000244140625,152.3699951171875,153.58999633789062,151.6688232421875,4824800
2023-09-08,153.4199981689453,153.4600067138672,152.35000610351562,152.92999267578125,151.01705932617188,3384700
2023-09-11,153.3300018310547,155.10000610351562,153.0800018310547,154.75,152.81430053710938,4288500
2023-09-12,154.99000549316406,155.14999389648438,151.57000732421875,152.02999877929688,150.12832641601562,4537800
2023-09-13,151.97999572753906,153.58999633789062,151.66000366210938,153.08999633789062,151.17506408691406,4040600
2023-09-14,153.85000610351562,154.9199981689453,153.3699951171875,154.77000427246094,152.8340606689453,4606800
2023-09-15,154.02999877929688,155.32000732421875,153.22999572753906,153.47000122070312,151.55032348632812,10255600
2023-09-18,154.4499969482422,154.47999572753906,153.50999450683594,154.0500030517578,152.12306213378906,3536500
2023-09-19,153.75,154.05999755859375,151.74000549316406,153.60000610351562,151.67868041992188,4704200
2023-09-20,153.77000427246094,154.77999877929688,153.36000061035156,153.47000122070312,151.55032348632812,5446400
2023-09-21,153.4499969482422,153.7100067138672,152.07000732421875,152.13999938964844,150.23695373535156,5096400
2023-09-22,152.44000244140625,153.33999633789062,151.3800048828125,151.5800018310547,149.6839599609375,6327000
2023-09-25,151.17999267578125,151.27999877929688,150.02000427246094,150.66000366210938,148.7754669189453,5527000
2023-09-26,149.97999572753906,150.36000061035156,148.7899932861328,149.32000732421875,147.45223999023438,6366500
2023-09-27,149.4199981689453,149.6999969482422,146.6300048828125,147.33999633789062,145.49697875976562,5403700
2023-09-28,147.82000732421875,147.97999572753906,145.67999267578125,146.33999633789062,144.50949096679688,6237100
2023-09-29,146.5399932861328,146.77000427246094,144.82000732421875,145.86000061035156,144.03550720214844,6675100
2023-10-02,144.77999877929688,145.60000610351562,143.89999389648438,145.19000244140625,143.37388610839844,5153800
2023-10-03,145.1699981689453,146.49000549316406,145.00999450683594,145.49000549316406,143.67013549804688,4670600
2023-10-04,145.58999633789062,146.30999755859375,144.92999267578125,145.97000122070312,144.14413452148438,4727800
2023-10-05,145.67999267578125,146.08999633789062,143.69000244140625,143.8000030517578,142.0012664794922,5205700
2023-10-06,143.60000610351562,144.55999755859375,141.4499969482422,144.08999633789062,142.2876434326172,7406300
2023-10-09,143.36000061035156,143.97000122070312,141.60000610351562,143.36000061035156,141.5667724609375,5062200
2023-10-10,143.97999572753906,145.22000122070312,143.72000122070312,144.77999877929688,142.96900939941406,5988900
2023-10-11,145.13999938964844,145.55999755859375,142.55999755859375,143.0,141.21127319335938,5469100
2023-10-12,142.7899932861328,143.92999267578125,141.66000366210938,143.32000732421875,141.5272674560547,5965600
2023-10-13,143.19000244140625,145.02999877929688,143.19000244140625,144.69000244140625,142.88014221191406,7078900
2023-10-16,145.86000061035156,147.05999755859375,145.4600067138672,146.07000732421875,144.2428741455078,6509800
2023-10-17,146.11000061035156,146.82000732421875,145.24000549316406,146.25999450683594,144.4304962158203,6160100
2023-10-18,150.05999755859375,151.3000030517578,148.77000427246094,150.02999877929688,148.15335083007812,10508500
2023-10-19,149.61000061035156,150.27999877929688,147.17999267578125,148.25,147.31961059570312,8146000
2023-10-20,149.0500030517578,149.8800048828125,147.9199981689453,148.0500030517578,147.12086486816406,7283900
2023-10-23,147.86000061035156,149.5,147.55999755859375,148.14999389648438,147.22023010253906,5981800
2023-10-24,148.1199951171875,150.07000732421875,148.07000732421875,149.89999389648438,148.95924377441406,6322000
2023-10-25,149.63999938964844,151.19000244140625,149.1199951171875,150.60000610351562,149.6548614501953,6172900
2023-10-26,151.0500030517578,151.3800048828125,149.74000549316406,149.8000030517578,148.85987854003906,7582100
2023-10-27,148.97999572753906,149.9499969482422,146.27999877929688,147.16000366210938,146.2364501953125,8131800
2023-10-30,147.89999389648438,149.5500030517578,147.5399932861328,149.25999450683594,148.32325744628906,5412800
2023-10-31,149.4600067138672,150.25999450683594,148.63999938964844,150.02999877929688,149.08843994140625,6762100
2023-11-01,150.67999267578125,150.67999267578125,149.2100067138672,149.61000061035156,148.6710662841797,5896900
2023-11-02,149.5399932861328,151.64999389648438,148.91000366210938,151.44000244140625,150.48959350585938,5859200
2023-11-03,151.7899932861328,152.2899932861328,149.6199951171875,150.07000732421875,149.12818908691406,6587700
2023-11-06,150.36000061035156,151.25,150.10000610351562,150.94000244140625,149.9927215576172,6480800
2023-11-07,150.9199981689453,151.25,150.1199951171875,150.58999633789062,149.64491271972656,6003800
2023-11-08,150.9600067138672,151.1999969482422,149.50999450683594,150.00999450683594,149.0685577392578,4832600
2023-11-09,149.74000549316406,150.35000610351562,149.1199951171875,150.35000610351562,149.40643310546875,6581500
2023-11-10,150.83999633789062,151.44000244140625,149.9199981689453,151.41000366210938,150.45977783203125,5387200
2023-11-13,151.4499969482422,152.89999389648438,151.4499969482422,152.4600067138672,151.50318908691406,6297500
2023-11-14,152.5500030517578,153.5,151.67999267578125,152.1199951171875,151.16531372070312,7982600
2023-11-15,152.05999755859375,152.38999938964844,150.3800048828125,151.4199981689453,150.46971130371094,7672600
2023-11-16,151.99000549316406,152.88999938964844,151.30999755859375,152.8300018310547,151.87086486816406,7590500
2023-11-17,152.72000122070312,152.83999633789062,150.88999938964844,151.07000732421875,150.12191772460938,8495600
2023-11-20,150.2100067138672,151.02999877929688,149.66000366210938,150.27000427246094,149.32693481445312,6856500
2023-11-21,149.85000610351562,150.00999450683594,148.8300018310547,149.61000061035156,148.6710662841797,7310400
2023-11-22,150.10000610351562,151.47999572753906,150.10000610351562,151.02000427246094,150.07223510742188,4372700
2023-11-24,151.17999267578125,151.74000549316406,151.02999877929688,151.3800048828125,150.42996215820312,2132500
2023-11-27,151.52000427246094,151.63999938964844,150.74000549316406,151.24000549316406,150.2908477783203,6021300
2023-11-28,151.14999389648438,152.77000427246094,151.14999389648438,152.2899932861328,151.33424377441406,6110400
2023-11-29,152.2899932861328,152.4499969482422,150.99000549316406,151.1300048828125,150.18153381347656,5342700
2023-11-30,150.89999389648438,153.6300048828125,150.0800018310547,153.52000427246094,152.55653381347656,9771300
2023-12-01,153.3300018310547,153.49000549316406,152.22999572753906,152.66000366210938,151.70193481445312,5684600
2023-12-04,151.77000427246094,152.52999877929688,151.66000366210938,152.05999755859375,151.10569763183594,6578300
2023-12-05,152.13999938964844,152.61000061035156,146.17999267578125,146.75999450683594,145.83895874023438,11895800
2023-12-06,147.00999450683594,147.16000366210938,145.63999938964844,146.64999389648438,145.72964477539062,7610000
2023-12-07,146.57000732421875,147.10000610351562,146.02000427246094,146.5,145.58059692382812,6119600
2023-12-08,145.9199981689453,146.24000549316406,144.52000427246094,145.14999389648438,144.2390594482422,6384000
2023-12-11,144.8000030517578,145.8699951171875,144.64999389648438,145.82000732421875,144.9048614501953,8471200
2023-12-12,145.86000061035156,146.22999572753906,145.0800018310547,145.94000244140625,145.02410888671875,6069200
2023-12-13,145.86000061035156,148.64999389648438,145.4499969482422,148.5800018310547,147.6475372314453,9055500
2023-12-14,148.4600067138672,148.5500030517578,144.3800048828125,144.66000366210938,143.75213623046875,10565200
2023-12-15,143.17999267578125,144.25,142.5,143.9600067138672,143.05653381347656,14549700
2023-12-18,144.1699981689453,147.49000549316406,144.14999389648438,146.1699981689453,145.25265502929688,8421800
2023-12-19,145.6699981689453,146.33999633789062,145.38999938964844,146.1699981689453,145.25265502929688,5233600
2023-12-20,145.57000732421875,146.07000732421875,143.83999633789062,143.91000366210938,143.00685119628906,7663800
2023-12-21,144.52000427246094,144.7899932861328,143.1300048828125,144.25999450683594,143.35464477539062,6104700
2023-12-22,144.5,145.6300048828125,144.2899932861328,145.27999877929688,144.3682403564453,4412800
2023-12-26,145.08999633789062,146.1699981689453,144.97000122070312,145.94000244140625,145.02410888671875,3634900
2023-12-27,145.64999389648438,146.30999755859375,145.36000061035156,146.05999755859375,145.1433563232422,4569400
2023-12-28,146.0,146.00999450683594,145.0399932861328,145.72999572753906,144.81541442871094,5023000
2023-12-29,146.0,146.9600067138672,145.72999572753906,146.5399932861328,145.62033081054688,5300900
2024-01-02,146.36000061035156,149.41000366210938,146.30999755859375,148.74000549316406,147.80653381347656,7238400
2024-01-03,148.33999633789062,149.1999969482422,147.17999267578125,147.83999633789062,146.91217041015625,7697500
2024-01-04,148.0500030517578,149.27000427246094,147.77000427246094,148.64999389648438,147.7170867919922,7067400
2024-01-05,148.72000122070312,148.8699951171875,146.5500030517578,147.4199981689453,146.49481201171875,5294200
2024-01-08,147.91000366210938,148.9199981689453,147.64999389648438,148.69000244140625,147.75685119628906,8255300
2024-01-09,148.57000732421875,149.39999389648438,148.0500030517578,149.3000030517578,148.36302185058594,9786800
2024-01-10,149.35000610351562,150.0,149.25999450683594,149.94000244140625,148.99900817871094,8591100
2024-01-11,150.0500030517578,150.8000030517578,149.2899932861328,150.50999450683594,149.56541442871094,6659400
2024-01-12,150.9499969482422,151.3000030517578,149.88999938964844,150.60000610351562,149.6548614501953,5684700
2024-01-16,150.14999389648438,151.5,148.8800048828125,149.7899932861328,148.8499298095703,8120100
2024-01-17,149.16000366210938,150.60000610351562,149.00999450683594,149.94000244140625,148.99900817871094,6541400
2024-01-18,148.22999572753906,148.39999389648438,146.9199981689453,148.13999938964844,148.13999938964844,6526200
2024-01-19,148.25,148.6199951171875,147.30999755859375,147.57000732421875,147.57000732421875,7738600
2024-01-22,146.97000122070312,148.2100067138672,146.27999877929688,147.86000061035156,147.86000061035156,11084100
2024-01-23,153.11000061035156,156.39999389648438,152.88999938964844,153.97999572753906,153.97999572753906,19101600
2024-01-24,153.92999267578125,154.22999572753906,152.08999633789062,152.1199951171875,152.1199951171875,11592700
2024-01-25,152.39999389648438,155.66000366210938,152.05999755859375,155.6199951171875,155.6199951171875,10352500
2024-01-26,155.80999755859375,156.16000366210938,155.33999633789062,156.13999938964844,156.13999938964844,8356600
2024-01-29,156.67999267578125,157.3300018310547,155.39999389648438,156.16000366210938,156.16000366210938,8987400
2024-01-30,156.33999633789062,157.9199981689453,155.82000732421875,157.49000549316406,157.49000549316406,7794700
2024-01-31,157.99000549316406,158.5,156.6999969482422,157.13999938964844,157.13999938964844,8870000
2024-02-01,156.77000427246094,159.3000030517578,156.6199951171875,159.17999267578125,159.17999267578125,7601100
2024-02-02,158.97000122070312,159.60000610351562,157.52999877929688,158.08999633789062,158.08999633789062,7937700
