Date,Open,High,Low,Close,Adj Close,Volume
2014-02-06,46.619998931884766,46.880001068115234,46.380001068115234,46.68000030517578,28.656320571899414,17564000
2014-02-07,46.88999938964844,46.97999954223633,46.58000183105469,46.810001373291016,28.736116409301758,13375500
2014-02-10,46.810001373291016,46.95000076293945,46.18000030517578,46.90999984741211,28.797510147094727,12412500
2014-02-11,47.040000915527344,47.369998931884766,46.90999984741211,47.209999084472656,28.981679916381836,16222300
2014-02-12,47.439998626708984,47.439998626708984,47.060001373291016,47.369998931884766,29.07988929748535,23453500
2014-02-13,47.2400016784668,47.459999084472656,47.0,47.310001373291016,29.043060302734375,18833600
2014-02-14,47.13999938964844,47.13999938964844,46.41999816894531,46.5099983215332,28.55194664001465,26251600
2014-02-18,46.470001220703125,46.5,45.45000076293945,45.97999954223633,28.22658920288086,34912800
2014-02-19,45.7400016784668,46.84000015258789,45.560001373291016,46.529998779296875,28.56422996520996,34094900
2014-02-20,46.810001373291016,48.34000015258789,46.75,48.119998931884766,29.540315628051758,48975300
2014-02-21,47.54999923706055,48.25,47.18000030517578,47.27000045776367,29.018508911132812,60808800
2014-02-24,47.02000045776367,47.20000076293945,46.22999954223633,46.22999954223633,28.380064010620117,616620500
2014-02-25,46.41999816894531,46.7599983215332,46.189998626708984,46.290000915527344,28.416902542114258,145797400
2014-02-26,46.09000015258789,46.5,45.88999938964844,46.349998474121094,28.453733444213867,102687200
2014-02-27,46.34000015258789,47.779998779296875,46.279998779296875,47.5,29.15970230102539,139433900
2014-02-28,47.45000076293945,47.7599983215332,47.209999084472656,47.58000183105469,29.208818435668945,62309000
2014-03-03,47.29999923706055,47.68000030517578,46.81999969482422,47.310001373291016,29.043060302734375,60287600
2014-03-04,47.540000915527344,48.38999938964844,47.470001220703125,47.900001525878906,29.405258178710938,52231200
2014-03-05,47.81999969482422,47.869998931884766,47.34000015258789,47.380001068115234,29.086036682128906,40016400
2014-03-06,47.459999084472656,47.529998779296875,47.25,47.459999084472656,29.135143280029297,30857100
2014-03-07,47.40999984741211,47.43000030517578,46.86000061035156,47.150001525878906,28.944843292236328,41073000
2014-03-10,46.790000915527344,47.060001373291016,46.5,47.029998779296875,28.871166229248047,32384500
2014-03-11,46.72999954223633,46.790000915527344,46.36000061035156,46.70000076293945,28.668590545654297,42625900
2014-03-12,46.56999969482422,46.61000061035156,46.130001068115234,46.36000061035156,28.459875106811523,45522100
2014-03-13,46.349998474121094,46.560001373291016,45.959999084472656,46.029998779296875,28.257280349731445,35184200
2014-03-14,45.84000015258789,46.27000045776367,45.83000183105469,46.08000183105469,28.28797721862793,27874500
2014-03-17,46.220001220703125,46.52000045776367,46.099998474121094,46.310001373291016,28.429174423217773,26394300
2014-03-18,46.31999969482422,46.75,46.20000076293945,46.70000076293945,28.668590545654297,26373700
2014-03-19,46.630001068115234,46.9900016784668,46.189998626708984,46.36000061035156,28.459875106811523,35065200
2014-03-20,46.40999984741211,47.25,46.2599983215332,47.209999084472656,28.981679916381836,31613400
2014-03-21,47.29999923706055,47.40999984741211,46.70000076293945,46.90999984741211,28.797510147094727,38716800
2014-03-24,46.810001373291016,47.099998474121094,46.380001068115234,47.0099983215332,28.858888626098633,34926100
2014-03-25,47.02000045776367,47.36000061035156,46.77000045776367,47.220001220703125,28.987812042236328,23581800
2014-03-26,47.400001525878906,47.65999984741211,47.0099983215332,47.0099983215332,28.858888626098633,24376600
2014-03-27,46.97999954223633,47.70000076293945,46.970001220703125,47.689998626708984,29.27634048461914,32560000
2014-03-28,47.630001068115234,47.93000030517578,47.150001525878906,47.41999816894531,29.110586166381836,25700300
2014-03-31,47.65999984741211,47.83000183105469,47.5,47.56999969482422,29.202667236328125,20744100
2014-04-01,47.540000915527344,47.779998779296875,47.20000076293945,47.75,29.313173294067383,19712800
2014-04-02,47.65999984741211,48.18000030517578,47.630001068115234,47.81999969482422,29.35614776611328,25156000
2014-04-03,47.939998626708984,48.16999816894531,47.61000061035156,48.119998931884766,29.540315628051758,19320900
2014-04-04,48.2599983215332,48.349998474121094,47.959999084472656,48.040000915527344,29.491209030151367,20772000
2014-04-07,47.70000076293945,48.33000183105469,47.689998626708984,48.119998931884766,29.540315628051758,30356400
2014-04-08,47.66999816894531,48.22999954223633,47.529998779296875,48.209999084472656,29.9251651763916,36508200
2014-04-09,48.16999816894531,48.18000030517578,47.52000045776367,47.97999954223633,29.782390594482422,30318500
2014-04-10,47.709999084472656,48.459999084472656,47.41999816894531,47.470001220703125,29.465831756591797,33518300
2014-04-11,47.349998474121094,47.439998626708984,47.02000045776367,47.06999969482422,29.217519760131836,25822600
2014-04-14,47.2599983215332,47.33000183105469,46.83000183105469,47.27000045776367,29.3416805267334,19034000
2014-04-15,47.2599983215332,47.310001373291016,46.77000045776367,46.91999816894531,29.124420166015625,20923000
2014-04-16,47.029998779296875,47.15999984741211,46.70000076293945,47.099998474121094,29.23615264892578,18851000
2014-04-17,46.869998931884766,47.70000076293945,46.869998931884766,47.599998474121094,29.546518325805664,23240500
2014-04-21,47.77000045776367,48.0,47.75,47.97999954223633,29.782390594482422,13280800
2014-04-22,47.9900016784668,48.369998931884766,47.75,47.91999816894531,29.745153427124023,20829900
2014-04-23,47.29999923706055,47.66999816894531,46.75,47.43000030517578,29.440994262695312,38239700
2014-04-24,47.400001525878906,47.4900016784668,46.06999969482422,46.279998779296875,28.727157592773438,41610900
2014-04-25,46.08000183105469,46.25,45.849998474121094,45.939998626708984,28.51611328125,24429400
2014-04-28,46.220001220703125,46.689998626708984,46.150001525878906,46.599998474121094,28.925792694091797,22320800
2014-04-29,46.66999816894531,46.900001525878906,46.310001373291016,46.77000045776367,29.031320571899414,15552100
2014-04-30,46.70000076293945,46.86000061035156,46.599998474121094,46.72999954223633,29.006484985351562,16280300
2014-05-01,46.630001068115234,47.22999954223633,46.599998474121094,47.220001220703125,29.31064224243164,22778800
2014-05-02,46.959999084472656,47.40999984741211,46.810001373291016,47.119998931884766,29.24857521057129,18140200
2014-05-05,47.13999938964844,47.43000030517578,47.029998779296875,47.38999938964844,29.416168212890625,12612600
2014-05-06,47.36000061035156,47.47999954223633,47.2599983215332,47.470001220703125,29.465831756591797,14031400
2014-05-07,47.52000045776367,48.43000030517578,47.45000076293945,48.099998474121094,29.856884002685547,23606200
2014-05-08,48.06999969482422,48.630001068115234,48.06999969482422,48.4900016784668,30.098974227905273,17359200
2014-05-09,48.36000061035156,48.68000030517578,48.25,48.47999954223633,30.092754364013672,14518100
2014-05-12,48.59000015258789,48.630001068115234,48.02000045776367,48.15999984741211,29.894128799438477,13579300
2014-05-13,48.31999969482422,48.34000015258789,47.63999938964844,47.849998474121094,29.701698303222656,18017000
2014-05-14,48.0,48.31999969482422,47.79999923706055,48.0099983215332,29.801013946533203,13874600
2014-05-15,47.849998474121094,48.2400016784668,47.84000015258789,47.959999084472656,29.769983291625977,13115400
2014-05-16,48.709999084472656,49.29999923706055,48.540000915527344,49.06999969482422,30.4589786529541,29384000
2014-05-19,49.130001068115234,49.5,49.060001373291016,49.150001525878906,30.508647918701172,19062600
2014-05-20,49.36000061035156,49.380001068115234,48.619998931884766,48.650001525878906,30.198284149169922,14022500
2014-05-21,48.900001525878906,49.36000061035156,48.81999969482422,49.16999816894531,30.52105712890625,13949800
2014-05-22,49.29999923706055,49.5099983215332,49.25,49.45000076293945,30.694869995117188,13753400
2014-05-23,49.470001220703125,49.7400016784668,49.380001068115234,49.7400016784668,30.874879837036133,12049800
2014-05-27,49.970001220703125,50.0099983215332,49.43000030517578,49.619998931884766,30.800384521484375,12228000
2014-05-28,49.4900016784668,49.900001525878906,49.470001220703125,49.7400016784668,30.874879837036133,11587400
2014-05-29,49.79999923706055,49.900001525878906,49.4900016784668,49.720001220703125,30.862459182739258,10309300
2014-05-30,49.54999923706055,50.0,49.54999923706055,49.959999084472656,31.011430740356445,12409700
2014-06-02,50.02000045776367,50.33000183105469,49.959999084472656,50.04999923706055,31.067296981811523,14364600
2014-06-03,49.75,49.81999969482422,49.189998626708984,49.290000915527344,30.595542907714844,19683700
2014-06-04,49.31999969482422,49.369998931884766,49.06999969482422,49.150001525878906,30.508647918701172,12696000
2014-06-05,49.209999084472656,49.560001373291016,49.02000045776367,49.279998779296875,30.58932113647461,9855300
2014-06-06,49.45000076293945,49.47999954223633,48.849998474121094,49.41999816894531,30.676246643066406,13917800
2014-06-09,49.22999954223633,49.63999938964844,49.22999954223633,49.56999969482422,30.769338607788086,10144900
2014-06-10,49.45000076293945,49.54999923706055,49.290000915527344,49.52000045776367,30.738311767578125,11034700
2014-06-11,49.349998474121094,49.56999969482422,49.31999969482422,49.369998931884766,30.645204544067383,10039700
2014-06-12,49.27000045776367,49.349998474121094,48.75,49.040000915527344,30.440364837646484,11516700
2014-06-13,48.93000030517578,49.310001373291016,48.810001373291016,49.18000030517578,30.527267456054688,11121200
2014-06-16,49.22999954223633,49.41999816894531,49.04999923706055,49.310001373291016,30.607959747314453,9172200
2014-06-17,49.189998626708984,49.36000061035156,48.95000076293945,49.209999084472656,30.545900344848633,11085700
2014-06-18,49.0099983215332,49.41999816894531,48.79999923706055,49.41999816894531,30.676246643066406,11917000
2014-06-19,49.41999816894531,49.77000045776367,49.290000915527344,49.470001220703125,30.7072811126709,11275200
2014-06-20,49.75,49.75,49.20000076293945,49.38999938964844,30.657615661621094,18210600
2014-06-23,49.36000061035156,49.7599983215332,49.119998931884766,49.72999954223633,30.86865997314453,11850700
2014-06-24,49.7400016784668,49.790000915527344,49.189998626708984,49.279998779296875,30.58932113647461,13541700
2014-06-25,49.13999938964844,49.4900016784668,49.11000061035156,49.40999984741211,30.67003059387207,11334200
2014-06-26,49.40999984741211,49.40999984741211,48.869998931884766,49.209999084472656,30.545900344848633,9332600
2014-06-27,49.16999816894531,49.34000015258789,48.880001068115234,49.31999969482422,30.614168167114258,12388400
2014-06-30,49.27000045776367,49.45000076293945,48.810001373291016,48.93000030517578,30.372087478637695,16795200
2014-07-01,48.880001068115234,49.54999923706055,48.81999969482422,49.369998931884766,30.645204544067383,14298500
2014-07-02,49.52000045776367,49.72999954223633,49.31999969482422,49.65999984741211,30.82521629333496,11576100
2014-07-03,49.900001525878906,49.939998626708984,49.349998474121094,49.709999084472656,30.85625457763672,8238600
2014-07-07,49.61000061035156,49.880001068115234,49.54999923706055,49.75,30.881078720092773,13930000
2014-07-08,49.0099983215332,49.06999969482422,48.7599983215332,48.7599983215332,30.592466354370117,12848400
2014-07-09,48.9900016784668,49.11000061035156,48.720001220703125,48.900001525878906,30.680309295654297,14431900
2014-07-10,48.59000015258789,49.77000045776367,48.540000915527344,49.63999938964844,31.14458656311035,18423500
2014-07-11,49.849998474121094,50.43000030517578,49.66999816894531,50.31999969482422,31.57123374938965,17741200
2014-07-14,50.439998626708984,50.599998474121094,50.150001525878906,50.529998779296875,31.702974319458008,13023900
2014-07-15,50.56999969482422,50.81999969482422,50.369998931884766,50.709999084472656,31.81591796875,14235400
2014-07-16,50.88999938964844,51.02000045776367,50.66999816894531,50.959999084472656,31.972780227661133,12798600
2014-07-17,50.790000915527344,50.97999954223633,50.2400016784668,50.31999969482422,31.57123374938965,11485100
2014-07-18,50.619998931884766,50.849998474121094,50.45000076293945,50.75,31.841012954711914,10129500
2014-07-21,50.81999969482422,51.0,50.540000915527344,50.70000076293945,31.809640884399414,11333900
2014-07-22,50.97999954223633,51.13999938964844,50.40999984741211,50.97999954223633,31.985319137573242,15037300
2014-07-23,50.97999954223633,51.20000076293945,50.779998779296875,50.90999984741211,31.94139862060547,11912400
2014-07-24,50.959999084472656,51.45000076293945,50.709999084472656,51.04999923706055,32.02923583984375,17616200
2014-07-25,51.06999969482422,51.47999954223633,51.06999969482422,51.279998779296875,32.17354202270508,11063100
2014-07-28,51.2599983215332,51.58000183105469,51.18000030517578,51.58000183105469,32.36177062988281,9600900
2014-07-29,53.189998626708984,53.65999984741211,51.880001068115234,51.970001220703125,32.60645294189453,32965500
2014-07-30,51.939998626708984,52.150001525878906,51.41999816894531,51.7599983215332,32.47469711303711,12769100
2014-07-31,51.2599983215332,51.380001068115234,50.349998474121094,50.41999816894531,31.633962631225586,21255000
2014-08-01,50.52000045776367,50.52000045776367,49.83000183105469,49.83000183105469,31.263803482055664,18254100
2014-08-04,50.040000915527344,50.29999923706055,49.63999938964844,50.209999084472656,31.50221061706543,11693900
2014-08-05,50.150001525878906,50.20000076293945,49.5,49.65999984741211,31.157140731811523,11565100
2014-08-06,49.400001525878906,49.45000076293945,48.36000061035156,49.130001068115234,30.824613571166992,18995100
2014-08-07,49.15999984741211,49.31999969482422,48.45000076293945,48.650001525878906,30.52345085144043,12143700
2014-08-08,48.72999954223633,49.099998474121094,48.20000076293945,48.70000076293945,30.554832458496094,15395200
2014-08-11,48.88999938964844,49.040000915527344,48.61000061035156,48.66999816894531,30.53599739074707,11839200
2014-08-12,48.79999923706055,48.95000076293945,48.560001373291016,48.84000015258789,30.642662048339844,12325600
2014-08-13,49.0,49.02000045776367,48.7599983215332,48.91999816894531,30.692848205566406,10897800
2014-08-14,49.02000045776367,49.02000045776367,48.810001373291016,49.0,30.7430477142334,11539300
2014-08-15,48.900001525878906,49.04999923706055,48.5,48.79999923706055,30.617570877075195,16378200
2014-08-18,49.04999923706055,49.13999938964844,48.63999938964844,48.779998779296875,30.60501480102539,12682100
2014-08-19,49.029998779296875,49.040000915527344,48.27000045776367,48.70000076293945,30.554832458496094,17348700
2014-08-20,48.81999969482422,48.970001220703125,48.599998474121094,48.81999969482422,30.630111694335938,10685300
2014-08-21,48.86000061035156,49.150001525878906,48.72999954223633,48.869998931884766,30.661481857299805,10188900
2014-08-22,48.83000183105469,48.97999954223633,48.52000045776367,48.63999938964844,30.517175674438477,9991400
2014-08-25,48.68000030517578,49.15999984741211,48.68000030517578,49.150001525878906,30.837156295776367,9913500
2014-08-26,49.209999084472656,49.290000915527344,49.02000045776367,49.25,30.89990234375,10363400
2014-08-27,49.290000915527344,49.459999084472656,49.209999084472656,49.43000030517578,31.012821197509766,11500800
2014-08-28,49.380001068115234,49.5,49.20000076293945,49.40999984741211,31.000280380249023,8018800
2014-08-29,49.43000030517578,49.81999969482422,49.400001525878906,49.81999969482422,31.257526397705078,11259700
2014-09-02,49.81999969482422,50.0,49.5,49.77000045776367,31.22615623474121,8724400
2014-09-03,49.939998626708984,50.0,49.689998626708984,49.880001068115234,31.29517364501953,9100900
2014-09-04,49.93000030517578,49.939998626708984,49.5099983215332,49.720001220703125,31.19478416442871,9472900
2014-09-05,49.72999954223633,50.029998779296875,49.560001373291016,49.939998626708984,31.332807540893555,11920900
2014-09-08,49.869998931884766,49.880001068115234,49.349998474121094,49.529998779296875,31.07557487487793,9005900
2014-09-09,49.41999816894531,49.52000045776367,48.79999923706055,48.900001525878906,30.680309295654297,14611400
2014-09-10,49.029998779296875,49.06999969482422,48.369998931884766,48.75,30.586196899414062,14370300
2014-09-11,48.650001525878906,49.08000183105469,48.33000183105469,49.0099983215332,30.74932289123535,13193800
2014-09-12,49.0,49.0,48.2599983215332,48.400001525878906,30.366601943969727,15339200
2014-09-15,48.4900016784668,48.599998474121094,48.29999923706055,48.560001373291016,30.46698570251465,12452200
2014-09-16,48.540000915527344,49.13999938964844,48.52000045776367,48.959999084472656,30.71795654296875,13801000
2014-09-17,49.04999923706055,49.47999954223633,48.95000076293945,49.209999084472656,30.874805450439453,16319500
2014-09-18,49.47999954223633,49.720001220703125,49.369998931884766,49.689998626708984,31.17595672607422,12460300
2014-09-19,50.040000915527344,50.380001068115234,49.83000183105469,50.349998474121094,31.590045928955078,30872000
2014-09-22,50.11000061035156,50.31999969482422,49.83000183105469,50.18000030517578,31.483386993408203,14728500
2014-09-23,50.09000015258789,50.150001525878906,49.779998779296875,49.90999984741211,31.31399154663086,10614500
2014-09-24,49.97999954223633,50.150001525878906,49.81999969482422,50.06999969482422,31.41438102722168,11488600
2014-09-25,50.099998474121094,50.20000076293945,49.43000030517578,49.61000061035156,31.125774383544922,13665800
2014-09-26,49.56999969482422,49.90999984741211,49.310001373291016,49.77000045776367,31.22615623474121,9036200
2014-09-29,49.619998931884766,49.790000915527344,49.209999084472656,49.75,31.213605880737305,9218300
2014-09-30,49.66999816894531,50.2400016784668,49.599998474121094,49.9900016784668,31.364177703857422,13059000
2014-10-01,49.72999954223633,49.95000076293945,49.400001525878906,49.43000030517578,31.012821197509766,16816100
2014-10-02,49.70000076293945,49.72999954223633,49.20000076293945,49.290000915527344,30.92499351501465,14421000
2014-10-03,49.70000076293945,49.83000183105469,49.5,49.709999084472656,31.188514709472656,12066500
2014-10-06,49.95000076293945,50.2599983215332,49.91999816894531,50.08000183105469,31.420658111572266,11034400
2014-10-07,49.9900016784668,50.029998779296875,49.66999816894531,49.68000030517578,31.16969108581543,17252100
2014-10-08,49.150001525878906,49.869998931884766,48.95000076293945,49.869998931884766,31.639175415039062,15516100
2014-10-09,49.779998779296875,49.88999938964844,48.84000015258789,48.93000030517578,31.04279899597168,14907200
2014-10-10,49.0,49.5,48.939998626708984,48.939998626708984,31.04914665222168,19405900
2014-10-13,49.04999923706055,49.459999084472656,48.36000061035156,48.369998931884766,30.687517166137695,19600500
2014-10-14,48.47999954223633,48.68000030517578,48.099998474121094,48.220001220703125,30.59235191345215,18526500
2014-10-15,47.7400016784668,48.06999969482422,46.88999938964844,47.91999816894531,30.402019500732422,27894700
2014-10-16,47.40999984741211,48.040000915527344,47.029998779296875,47.66999816894531,30.243410110473633,19074500
2014-10-17,47.79999923706055,48.189998626708984,47.61000061035156,48.06999969482422,30.4971866607666,18086300
2014-10-20,48.060001373291016,48.54999923706055,47.810001373291016,48.47999954223633,30.75729751586914,13047400
2014-10-21,48.09000015258789,48.849998474121094,47.95000076293945,48.689998626708984,30.890535354614258,22562700
2014-10-22,48.689998626708984,48.84000015258789,48.2599983215332,48.310001373291016,30.64945411682129,13316000
2014-10-23,48.58000183105469,48.599998474121094,47.849998474121094,48.220001220703125,30.59235191345215,15039200
2014-10-24,48.220001220703125,49.11000061035156,48.099998474121094,48.77000045776367,30.941286087036133,13549500
2014-10-27,48.779998779296875,49.540000915527344,48.72999954223633,49.41999816894531,31.353683471679688,13089800
2014-10-28,49.70000076293945,50.029998779296875,49.61000061035156,49.959999084472656,31.69626808166504,13245900
2014-10-29,50.04999923706055,50.25,49.54999923706055,49.83000183105469,31.61379051208496,11724200
2014-10-30,49.630001068115234,50.279998779296875,49.5,49.900001525878906,31.658206939697266,11979100
2014-10-31,50.41999816894531,50.5,50.06999969482422,50.25,31.880258560180664,17777600
2014-11-03,50.4900016784668,50.650001525878906,50.04999923706055,50.38999938964844,31.969074249267578,11574000
2014-11-04,50.40999984741211,50.91999816894531,50.130001068115234,50.33000183105469,31.931005477905273,14042000
2014-11-05,50.689998626708984,50.97999954223633,49.93000030517578,50.34000015258789,31.937347412109375,11064100
2014-11-06,50.369998931884766,50.380001068115234,49.66999816894531,50.279998779296875,31.8992862701416,13293200
2014-11-07,50.33000183105469,50.869998931884766,50.119998931884766,50.86000061035156,32.26726150512695,14008700
2014-11-10,50.720001220703125,51.04999923706055,50.150001525878906,50.720001220703125,32.178436279296875,17367600
2014-11-11,50.939998626708984,50.95000076293945,50.33000183105469,50.61000061035156,32.108642578125,9159700
2014-11-12,50.349998474121094,51.02000045776367,50.29999923706055,50.81999969482422,32.241878509521484,9888700
2014-11-13,50.65999984741211,51.290000915527344,50.63999938964844,51.20000076293945,32.48297119140625,11267100
2014-11-14,51.2599983215332,51.72999954223633,51.18000030517578,51.5,32.67329788208008,12742100
2014-11-17,51.40999984741211,51.47999954223633,51.13999938964844,51.400001525878906,32.60984420776367,6887100
2014-11-18,51.41999816894531,51.41999816894531,51.060001373291016,51.220001220703125,32.49565505981445,8994700
2014-11-19,51.0,51.029998779296875,50.290000915527344,50.4900016784668,32.032508850097656,15773200
2014-11-20,50.40999984741211,50.52000045776367,49.959999084472656,50.189998626708984,31.842182159423828,9856200
2014-11-21,50.529998779296875,50.540000915527344,49.70000076293945,50.209999084472656,31.8548641204834,19979600
2014-11-24,49.54999923706055,49.88999938964844,48.86000061035156,49.5,31.404422760009766,17759800
2014-11-25,49.34000015258789,49.52000045776367,48.90999984741211,49.34000015258789,31.302921295166016,13837200
2014-11-26,49.369998931884766,50.16999816894531,49.31999969482422,50.040000915527344,31.74702262878418,11960700
2014-11-28,50.20000076293945,50.79999923706055,50.20000076293945,50.59000015258789,32.09595489501953,9524600
2014-12-01,50.68000030517578,50.84000015258789,50.0,50.029998779296875,31.74066162109375,11949100
2014-12-02,49.79999923706055,50.02000045776367,49.04999923706055,49.11000061035156,31.156997680664062,18141000
2014-12-03,49.02000045776367,49.02000045776367,48.279998779296875,48.790000915527344,30.9539794921875,22429200
2014-12-04,48.72999954223633,48.900001525878906,48.40999984741211,48.779998779296875,30.94762420654297,14606900
2014-12-05,48.68000030517578,48.75,48.43000030517578,48.61000061035156,30.83977508544922,15512200
2014-12-08,48.77000045776367,49.34000015258789,48.560001373291016,48.900001525878906,31.023761749267578,14386300
2014-12-09,47.5,47.560001373291016,46.20000076293945,46.91999816894531,29.76759147644043,49742000
2014-12-10,46.95000076293945,46.97999954223633,45.66999816894531,46.18000030517578,29.298107147216797,33700700
2014-12-11,46.41999816894531,46.810001373291016,46.189998626708984,46.36000061035156,29.412311553955078,18376500
2014-12-12,46.0099983215332,46.09000015258789,45.31999969482422,45.58000183105469,28.91745376586914,23769100
2014-12-15,46.060001373291016,46.060001373291016,45.09000015258789,45.41999816894531,28.815935134887695,21712200
2014-12-16,45.25,46.63999938964844,45.20000076293945,45.529998779296875,28.885726928710938,22157800
2014-12-17,45.400001525878906,46.689998626708984,45.29999923706055,46.439998626708984,29.463064193725586,23696700
2014-12-18,47.349998474121094,47.349998474121094,46.5099983215332,47.04999923706055,29.85006332397461,22898400
2014-12-19,46.970001220703125,47.33000183105469,46.599998474121094,47.02000045776367,29.83102798461914,31316800
2014-12-22,47.09000015258789,47.5099983215332,46.88999938964844,47.5099983215332,30.14191246032715,15302100
2014-12-23,47.720001220703125,47.88999938964844,47.439998626708984,47.66999816894531,30.243410110473633,12254400
2014-12-24,47.66999816894531,47.869998931884766,47.380001068115234,47.66999816894531,30.243410110473633,7840600
2014-12-26,47.900001525878906,47.95000076293945,47.72999954223633,47.86000061035156,30.363964080810547,7038500
2014-12-29,47.619998931884766,47.790000915527344,47.29999923706055,47.54999923706055,30.167285919189453,8878400
2014-12-30,47.52000045776367,47.59000015258789,47.150001525878906,47.33000183105469,30.0277099609375,9989800
2014-12-31,47.08000183105469,47.400001525878906,46.70000076293945,46.779998779296875,29.67876434326172,14029500
2015-01-02,47.0,47.22999954223633,46.90999984741211,46.959999084472656,29.792966842651367,11421200
2015-01-05,47.08000183105469,47.15999984741211,46.560001373291016,46.56999969482422,29.5455379486084,18964500
2015-01-06,46.790000915527344,47.380001068115234,46.470001220703125,47.040000915527344,29.843721389770508,22950100
2015-01-07,46.91999816894531,47.040000915527344,46.04999923706055,46.189998626708984,29.65113639831543,20793600
2015-01-08,46.41999816894531,47.2400016784668,46.130001068115234,47.18000030517578,30.286659240722656,17617500
2015-01-09,47.22999954223633,47.310001373291016,46.619998931884766,46.7599983215332,30.017038345336914,13037600
2015-01-12,47.0,47.27000045776367,46.66999816894531,47.08000183105469,30.222461700439453,12730300
2015-01-13,47.47999954223633,47.79999923706055,46.93000030517578,47.18000030517578,30.286659240722656,13072800
2015-01-14,46.880001068115234,47.34000015258789,46.56999969482422,46.970001220703125,30.151857376098633,14795900
2015-01-15,47.2599983215332,47.540000915527344,46.79999923706055,47.099998474121094,30.23531150817871,12475800
2015-01-16,47.130001068115234,48.029998779296875,47.119998931884766,47.9900016784668,30.806621551513672,18050200
2015-01-20,48.13999938964844,48.25,47.709999084472656,48.18000030517578,30.928607940673828,16460300
2015-01-21,47.88999938964844,48.400001525878906,47.61000061035156,48.25,30.97353744506836,24880200
2015-01-22,48.119998931884766,48.47999954223633,46.90999984741211,47.79999923706055,30.684659957885742,38451100
2015-01-23,47.849998474121094,47.93000030517578,46.97999954223633,47.150001525878906,30.26739501953125,24317800
2015-01-26,46.97999954223633,47.099998474121094,46.4900016784668,46.959999084472656,30.145437240600586,15064400
2015-01-27,46.65999984741211,46.849998474121094,46.33000183105469,46.349998474121094,29.753849029541016,17008900
2015-01-28,46.83000183105469,47.029998779296875,46.029998779296875,46.04999923706055,29.56127166748047,19575800
2015-01-29,46.0,46.279998779296875,45.369998931884766,46.11000061035156,29.59977912902832,19161600
2015-01-30,45.83000183105469,46.5099983215332,45.560001373291016,45.709999084472656,29.343000411987305,22768000
2015-02-02,46.20000076293945,47.150001525878906,45.7599983215332,46.97999954223633,30.158279418945312,23172300
2015-02-03,47.25,47.970001220703125,47.209999084472656,47.83000183105469,30.703920364379883,21481800
2015-02-04,47.66999816894531,48.310001373291016,47.65999984741211,47.79999923706055,30.684659957885742,19937400
2015-02-05,48.04999923706055,48.130001068115234,47.540000915527344,47.86000061035156,30.72317886352539,18762300
2015-02-06,48.25,49.7599983215332,48.0,49.33000183105469,31.666831970214844,47425400
2015-02-09,49.04999923706055,49.470001220703125,48.97999954223633,49.09000015258789,31.51275634765625,21052900
2015-02-10,49.25,49.560001373291016,49.0099983215332,49.5099983215332,31.782381057739258,15100800
2015-02-11,49.38999938964844,49.880001068115234,49.15999984741211,49.810001373291016,31.97495460510254,19402900
2015-02-12,49.86000061035156,49.9900016784668,49.25,49.52000045776367,31.788789749145508,20447300
2015-02-13,49.43000030517578,49.599998474121094,49.029998779296875,49.310001373291016,31.653987884521484,14619600
2015-02-17,48.95000076293945,49.31999969482422,48.88999938964844,49.18000030517578,31.570541381835938,15363700
2015-02-18,49.220001220703125,49.310001373291016,48.68000030517578,48.939998626708984,31.416473388671875,13513400
2015-02-19,48.7400016784668,49.13999938964844,48.7400016784668,48.90999984741211,31.397216796875,11609800
2015-02-20,48.84000015258789,48.97999954223633,48.41999816894531,48.970001220703125,31.435731887817383,13481500
2015-02-23,48.939998626708984,49.0,48.540000915527344,48.77000045776367,31.307336807250977,12255700
2015-02-24,48.66999816894531,49.40999984741211,48.310001373291016,49.220001220703125,31.59621238708496,16307000
2015-02-25,49.31999969482422,49.400001525878906,49.029998779296875,49.20000076293945,31.583375930786133,11398900
2015-02-26,49.060001373291016,49.459999084472656,48.91999816894531,49.369998931884766,31.6925048828125,13581400
2015-02-27,49.220001220703125,49.65999984741211,49.04999923706055,49.45000076293945,31.743858337402344,17571200
2015-03-02,49.119998931884766,49.5099983215332,49.02000045776367,49.470001220703125,31.756694793701172,10914400
2015-03-03,49.4900016784668,49.689998626708984,49.279998779296875,49.54999923706055,31.80805778503418,11381400
2015-03-04,49.560001373291016,49.560001373291016,48.91999816894531,49.06999969482422,31.49991798400879,13870600
2015-03-05,49.18000030517578,49.220001220703125,48.810001373291016,48.91999816894531,31.403627395629883,9653500
2015-03-06,48.4900016784668,48.630001068115234,48.22999954223633,48.290000915527344,30.99921226501465,15644900
2015-03-09,48.2599983215332,48.619998931884766,48.18000030517578,48.22999954223633,30.960697174072266,13119000
2015-03-10,48.11000061035156,48.33000183105469,47.459999084472656,47.5099983215332,30.498497009277344,18764700
2015-03-11,47.56999969482422,48.029998779296875,47.36000061035156,47.68000030517578,30.607629776000977,14392800
2015-03-12,47.939998626708984,48.7599983215332,47.79999923706055,48.72999954223633,31.28167152404785,15806000
2015-03-13,48.5,48.93000030517578,48.470001220703125,48.84000015258789,31.352279663085938,20717400
2015-03-16,48.959999084472656,49.400001525878906,48.630001068115234,49.27000045776367,31.628311157226562,16111200
2015-03-17,49.0099983215332,49.29999923706055,48.869998931884766,48.95000076293945,31.42288589477539,15679200
2015-03-18,48.75,49.689998626708984,48.47999954223633,49.540000915527344,31.801637649536133,17978300
2015-03-19,49.22999954223633,49.5,49.0,49.29999923706055,31.647571563720703,13625000
2015-03-20,49.34000015258789,49.900001525878906,49.189998626708984,49.560001373291016,31.814470291137695,26280800
2015-03-23,49.779998779296875,49.849998474121094,49.45000076293945,49.63999938964844,31.86582374572754,13131700
2015-03-24,49.540000915527344,49.900001525878906,49.38999938964844,49.40999984741211,31.718185424804688,11419600
2015-03-25,49.380001068115234,49.40999984741211,48.720001220703125,48.72999954223633,31.28167152404785,14915500
2015-03-26,48.619998931884766,48.95000076293945,48.400001525878906,48.41999816894531,31.082664489746094,17919400
2015-03-27,48.47999954223633,48.720001220703125,48.34000015258789,48.560001373291016,31.17253303527832,11716500
2015-03-30,48.72999954223633,49.29999923706055,48.709999084472656,49.119998931884766,31.53201675415039,11157600
2015-03-31,49.09000015258789,49.150001525878906,48.58000183105469,48.630001068115234,31.217470169067383,12785700
2015-04-01,48.45000076293945,49.27000045776367,48.43000030517578,48.91999816894531,31.403627395629883,13573600
2015-04-02,48.88999938964844,49.599998474121094,48.86000061035156,49.470001220703125,31.756694793701172,13344200
2015-04-06,49.540000915527344,49.81999969482422,49.400001525878906,49.630001068115234,31.85941505432129,14130000
2015-04-07,49.810001373291016,49.810001373291016,49.25,49.27000045776367,31.628311157226562,11498700
2015-04-08,48.75,49.279998779296875,48.689998626708984,49.130001068115234,31.89448356628418,15498600
2015-04-09,48.90999984741211,49.18000030517578,48.66999816894531,49.0099983215332,31.816566467285156,10810900
2015-04-10,49.040000915527344,49.25,48.939998626708984,49.220001220703125,31.95290184020996,9241900
2015-04-13,49.27000045776367,49.5099983215332,49.040000915527344,49.040000915527344,31.836048126220703,12235700
2015-04-14,49.20000076293945,49.36000061035156,48.93000030517578,49.18000030517578,31.92694854736328,11956500
2015-04-15,49.150001525878906,49.5,49.04999923706055,49.38999938964844,32.06326675415039,11055800
2015-04-16,49.2599983215332,49.56999969482422,49.09000015258789,49.27000045776367,31.985368728637695,11724100
2015-04-17,48.97999954223633,49.119998931884766,48.70000076293945,48.900001525878906,31.745166778564453,18105100
2015-04-20,49.150001525878906,49.47999954223633,49.04999923706055,49.380001068115234,32.05677032470703,17062500
2015-04-21,48.970001220703125,49.400001525878906,48.459999084472656,49.16999816894531,31.920442581176758,33469100
2015-04-22,49.459999084472656,49.689998626708984,49.31999969482422,49.56999969482422,32.18012619018555,18687000
2015-04-23,49.619998931884766,50.20000076293945,49.45000076293945,50.04999923706055,32.49173355102539,22580200
2015-04-24,49.939998626708984,50.2599983215332,49.81999969482422,50.029998779296875,32.4787483215332,17184200
2015-04-27,50.0,50.33000183105469,50.0,50.08000183105469,32.51121139526367,16562300
2015-04-28,50.34000015258789,50.63999938964844,50.06999969482422,50.54999923706055,32.81631851196289,16342000
2015-04-29,50.45000076293945,50.61000061035156,50.13999938964844,50.470001220703125,32.764381408691406,13683200
2015-04-30,50.470001220703125,50.650001525878906,50.22999954223633,50.439998626708984,32.744911193847656,15604900
2015-05-01,50.75,50.77000045776367,50.04999923706055,50.40999984741211,32.72542953491211,13872800
2015-05-04,50.41999816894531,50.86000061035156,50.290000915527344,50.52000045776367,32.796844482421875,12594800
2015-05-05,50.689998626708984,50.689998626708984,50.060001373291016,50.09000015258789,32.5177001953125,12646200
2015-05-06,50.06999969482422,50.16999816894531,49.36000061035156,49.63999938964844,32.225563049316406,15513300
2015-05-07,49.599998474121094,49.849998474121094,49.31999969482422,49.72999954223633,32.28398895263672,10832400
2015-05-08,50.189998626708984,50.369998931884766,49.95000076293945,50.13999938964844,32.55016326904297,13264100
2015-05-11,50.13999938964844,50.279998779296875,49.790000915527344,49.79999923706055,32.329429626464844,9900500
2015-05-12,49.400001525878906,49.810001373291016,48.970001220703125,49.619998931884766,32.212581634521484,20448900
2015-05-13,49.63999938964844,49.97999954223633,49.5,49.72999954223633,32.28398895263672,16200400
2015-05-14,49.900001525878906,50.150001525878906,49.81999969482422,49.970001220703125,32.43979263305664,12094600
2015-05-15,50.0099983215332,50.09000015258789,49.650001525878906,49.790000915527344,32.32294464111328,14083300
2015-05-18,49.779998779296875,49.79999923706055,49.54999923706055,49.599998474121094,32.19959259033203,15040800
2015-05-19,49.529998779296875,49.58000183105469,49.31999969482422,49.54999923706055,32.16712951660156,15675100
2015-05-20,49.56999969482422,49.959999084472656,49.560001373291016,49.689998626708984,32.25801467895508,13583600
2015-05-21,49.68000030517578,50.099998474121094,49.66999816894531,49.900001525878906,32.39435577392578,15667600
2015-05-22,49.7599983215332,49.88999938964844,49.58000183105469,49.61000061035156,32.206092834472656,12324400
2015-05-26,49.58000183105469,49.75,49.209999084472656,49.41999816894531,32.08272933959961,17460100
2015-05-27,49.45000076293945,49.68000030517578,49.27000045776367,49.56999969482422,32.18012619018555,14517400
2015-05-28,49.470001220703125,49.650001525878906,49.380001068115234,49.540000915527344,32.16065216064453,8432800
2015-05-29,49.5,49.63999938964844,49.369998931884766,49.439998626708984,32.095733642578125,14778400
2015-06-01,49.439998626708984,49.540000915527344,49.13999938964844,49.220001220703125,31.95290184020996,11968000
2015-06-02,49.220001220703125,49.310001373291016,48.97999954223633,49.13999938964844,31.900962829589844,11094100
2015-06-03,49.150001525878906,49.439998626708984,48.869998931884766,49.08000183105469,31.862016677856445,17697800
2015-06-04,47.880001068115234,48.540000915527344,47.880001068115234,48.099998474121094,31.225811004638672,38418900
2015-06-05,47.959999084472656,47.970001220703125,47.11000061035156,47.22999954223633,30.661026000976562,23574500
2015-06-08,47.25,47.779998779296875,47.04999923706055,47.439998626708984,30.7973575592041,16598600
2015-06-09,47.470001220703125,47.619998931884766,47.16999816894531,47.34000015258789,30.73244285583496,12295100
2015-06-10,47.560001373291016,47.68000030517578,47.36000061035156,47.470001220703125,30.81682586669922,13007300
2015-06-11,47.61000061035156,47.880001068115234,47.52000045776367,47.7599983215332,31.005094528198242,10029700
2015-06-12,47.75,47.75,47.209999084472656,47.25,30.674007415771484,10619100
2015-06-15,47.13999938964844,47.220001220703125,46.93000030517578,47.0,30.511714935302734,10875800
2015-06-16,46.9900016784668,47.4900016784668,46.90999984741211,47.41999816894531,30.78437042236328,10862000
2015-06-17,47.5,47.5099983215332,46.900001525878906,47.27000045776367,30.68699073791504,18216400
2015-06-18,47.41999816894531,47.91999816894531,47.38999938964844,47.77000045776367,31.011585235595703,14527300
2015-06-19,47.650001525878906,47.709999084472656,47.369998931884766,47.459999084472656,30.81032943725586,26861700
2015-06-22,47.630001068115234,47.779998779296875,47.40999984741211,47.529998779296875,30.855772018432617,9191900
2015-06-23,47.86000061035156,48.11000061035156,47.709999084472656,47.77000045776367,31.011585235595703,14411400
2015-06-24,47.599998474121094,47.790000915527344,47.290000915527344,47.290000915527344,30.69997787475586,17742300
2015-06-25,47.630001068115234,47.91999816894531,47.43000030517578,47.439998626708984,30.7973575592041,14445400
2015-06-26,47.59000015258789,48.4900016784668,47.380001068115234,47.619998931884766,30.91420555114746,18492800
2015-06-29,47.279998779296875,47.720001220703125,46.75,46.77000045776367,30.362394332885742,15032400
2015-06-30,47.13999938964844,47.25,46.599998474121094,46.61000061035156,30.258535385131836,15044100
2015-07-01,46.63999938964844,47.11000061035156,46.56999969482422,47.0,30.511714935302734,12545900
2015-07-02,47.22999954223633,47.380001068115234,47.11000061035156,47.20000076293945,30.641550064086914,9872400
2015-07-06,47.060001373291016,47.13999938964844,46.79999923706055,47.040000915527344,30.537681579589844,12051700
2015-07-07,47.220001220703125,47.45000076293945,46.83000183105469,47.25,30.674007415771484,18025800
2015-07-08,46.58000183105469,46.83000183105469,46.29999923706055,46.58000183105469,30.59520149230957,17859600
2015-07-09,47.0099983215332,47.15999984741211,46.22999954223633,46.2599983215332,30.38500213623047,16304500
2015-07-10,46.84000015258789,47.33000183105469,46.720001220703125,47.0,30.871055603027344,14727100
2015-07-13,47.380001068115234,47.41999816894531,46.95000076293945,47.20000076293945,31.002422332763672,10184400
2015-07-14,47.189998626708984,47.439998626708984,47.04999923706055,47.40999984741211,31.140352249145508,9973600
2015-07-15,47.47999954223633,47.5,47.040000915527344,47.33000183105469,31.087812423706055,9624000
2015-07-16,47.47999954223633,47.86000061035156,47.45000076293945,47.83000183105469,31.41621971130371,11011400
2015-07-17,47.779998779296875,47.95000076293945,47.5,47.59000015258789,31.25859260559082,10160400
2015-07-20,47.630001068115234,48.2599983215332,47.41999816894531,48.099998474121094,31.59357452392578,17246700
2015-07-21,46.97999954223633,47.349998474121094,46.56999969482422,46.970001220703125,30.851354598999023,31961600
2015-07-22,46.790000915527344,46.84000015258789,46.11000061035156,46.45000076293945,30.50979232788086,21026600
2015-07-23,46.459999084472656,46.619998931884766,46.16999816894531,46.349998474121094,30.444116592407227,13698200
2015-07-24,46.439998626708984,46.47999954223633,45.959999084472656,46.040000915527344,30.24051284790039,19528700
2015-07-27,45.939998626708984,46.25,45.709999084472656,45.83000183105469,30.102569580078125,15747800
2015-07-28,45.9900016784668,46.040000915527344,45.65999984741211,45.88999938964844,30.1419734954834,16150900
2015-07-29,46.0,46.900001525878906,45.970001220703125,46.560001373291016,30.582050323486328,15968700
2015-07-30,46.65999984741211,46.79999923706055,46.40999984741211,46.66999816894531,30.6543025970459,9592300
2015-07-31,46.849998474121094,47.16999816894531,46.709999084472656,46.790000915527344,30.733121871948242,12562900
2015-08-03,47.18000030517578,47.20000076293945,46.599998474121094,46.970001220703125,30.851354598999023,10321300
2015-08-04,47.02000045776367,47.08000183105469,46.560001373291016,46.66999816894531,30.6543025970459,9371900
2015-08-05,46.900001525878906,47.150001525878906,46.599998474121094,46.63999938964844,30.634599685668945,11946100
2015-08-06,46.59000015258789,46.70000076293945,46.290000915527344,46.630001068115234,30.628032684326172,9917200
2015-08-07,46.56999969482422,46.75,46.16999816894531,46.36000061035156,30.450685501098633,10538000
2015-08-10,46.52000045776367,47.34000015258789,46.52000045776367,47.22999954223633,31.02212905883789,13529500
2015-08-11,47.540000915527344,48.209999084472656,47.47999954223633,47.599998474121094,31.265153884887695,18511000
2015-08-12,47.29999923706055,47.88999938964844,47.099998474121094,47.849998474121094,31.429370880126953,15939800
2015-08-13,47.77000045776367,47.939998626708984,47.4900016784668,47.65999984741211,31.304561614990234,11168500
2015-08-14,47.619998931884766,47.630001068115234,47.43000030517578,47.4900016784668,31.192909240722656,8769500
2015-08-17,47.279998779296875,47.619998931884766,47.20000076293945,47.52000045776367,31.21261215209961,7784300
2015-08-18,47.560001373291016,47.689998626708984,47.33000183105469,47.459999084472656,31.17319679260254,8581400
2015-08-19,47.38999938964844,47.70000076293945,47.08000183105469,47.439998626708984,31.160066604614258,12578000
2015-08-20,47.04999923706055,47.38999938964844,46.880001068115234,46.880001068115234,30.792234420776367,13785900
2015-08-21,46.45000076293945,46.849998474121094,46.099998474121094,46.099998474121094,30.279905319213867,21305300
2015-08-24,44.349998474121094,45.869998931884766,38.060001373291016,44.7400016784668,29.386613845825195,36096800
2015-08-25,45.7599983215332,45.7599983215332,43.5,43.5,28.57215118408203,27851500
2015-08-26,44.380001068115234,45.310001373291016,44.0,45.15999984741211,29.66248893737793,30856900
2015-08-27,45.779998779296875,46.290000915527344,45.16999816894531,46.189998626708984,30.339025497436523,21488000
2015-08-28,46.060001373291016,46.15999984741211,45.650001525878906,46.06999969482422,30.260208129882812,12783900
2015-08-31,45.95000076293945,46.099998474121094,45.61000061035156,46.0099983215332,30.22079086303711,14785800
2015-09-01,45.09000015258789,45.54999923706055,44.68000030517578,44.900001525878906,29.491701126098633,21096300
2015-09-02,45.5,45.5,44.77000045776367,45.349998474121094,29.78728675842285,17197600
2015-09-03,45.630001068115234,46.150001525878906,45.52000045776367,45.720001220703125,30.030315399169922,12480800
2015-09-04,45.349998474121094,45.349998474121094,44.63999938964844,44.81999969482422,29.439170837402344,16045100
2015-09-08,45.58000183105469,45.900001525878906,45.220001220703125,45.880001068115234,30.135412216186523,14056500
2015-09-09,46.25,46.27000045776367,45.310001373291016,45.38999938964844,29.813556671142578,14423600
2015-09-10,45.369998931884766,45.61000061035156,45.029998779296875,45.459999084472656,29.85953712463379,16412900
2015-09-11,45.439998626708984,45.75,45.2599983215332,45.72999954223633,30.036880493164062,11227400
2015-09-14,45.779998779296875,45.88999938964844,45.599998474121094,45.650001525878906,29.98433494567871,9677800
2015-09-15,45.91999816894531,46.54999923706055,45.72999954223633,46.369998931884766,30.457258224487305,12023000
2015-09-16,46.439998626708984,46.470001220703125,46.099998474121094,46.189998626708984,30.339025497436523,11932500
2015-09-17,45.400001525878906,45.75,44.529998779296875,45.22999954223633,29.708467483520508,31675000
2015-09-18,45.15999984741211,45.2599983215332,44.41999816894531,44.56999969482422,29.27496337890625,26889300
2015-09-21,44.619998931884766,44.88999938964844,44.529998779296875,44.79999923706055,29.4260311126709,10584300
2015-09-22,44.43000030517578,44.529998779296875,44.11000061035156,44.43000030517578,29.182998657226562,12368600
2015-09-23,44.36000061035156,44.47999954223633,43.900001525878906,43.97999954223633,28.887426376342773,11670300
2015-09-24,43.790000915527344,44.20000076293945,43.7599983215332,44.09000015258789,28.95968246459961,14438300
2015-09-25,44.31999969482422,44.529998779296875,44.06999969482422,44.220001220703125,29.045059204101562,17514800
2015-09-28,44.0099983215332,44.18000030517578,43.689998626708984,43.7400016784668,28.729795455932617,15265200
2015-09-29,43.779998779296875,44.0,43.34000015258789,43.529998779296875,28.59185791015625,15652500
2015-09-30,43.83000183105469,44.0,43.279998779296875,43.5099983215332,28.578710556030273,20380600
2015-10-01,43.4900016784668,43.63999938964844,42.689998626708984,42.959999084472656,28.21745491027832,22323500
2015-10-02,42.54999923706055,42.900001525878906,42.20000076293945,42.84000015258789,28.13864517211914,22336700
2015-10-05,43.2400016784668,44.02000045776367,43.2400016784668,44.0,28.900569915771484,14484600
2015-10-06,44.0,44.43000030517578,43.97999954223633,44.060001373291016,28.939973831176758,15087900
2015-10-07,43.779998779296875,43.9900016784668,43.459999084472656,43.849998474121094,29.17618179321289,11897000
2015-10-08,43.68000030517578,44.310001373291016,43.54999923706055,44.22999954223633,29.429018020629883,10280900
2015-10-09,44.279998779296875,44.529998779296875,44.0,44.15999984741211,29.382442474365234,11981200
2015-10-12,44.18000030517578,44.310001373291016,44.0099983215332,44.29999923706055,29.475589752197266,9886700
2015-10-13,44.13999938964844,44.5,44.13999938964844,44.36000061035156,29.515514373779297,11566400
2015-10-14,44.2599983215332,44.540000915527344,43.93000030517578,43.9900016784668,29.269338607788086,19559200
2015-10-15,44.2400016784668,44.70000076293945,44.060001373291016,44.66999816894531,29.72177505493164,11774000
2015-10-16,44.91999816894531,44.970001220703125,44.45000076293945,44.70000076293945,29.741744995117188,15620900
2015-10-19,44.47999954223633,44.81999969482422,44.2599983215332,44.70000076293945,29.741744995117188,17547400
2015-10-20,44.91999816894531,45.79999923706055,44.790000915527344,45.2400016784668,30.101037979125977,19747400
2015-10-21,45.439998626708984,45.709999084472656,44.709999084472656,44.86000061035156,29.84819793701172,17081800
2015-10-22,44.97999954223633,45.900001525878906,44.97999954223633,45.88999938964844,30.533517837524414,15378600
2015-10-23,46.13999938964844,46.33000183105469,45.939998626708984,46.15999984741211,30.71316909790039,13285100
2015-10-26,46.31999969482422,46.54999923706055,46.150001525878906,46.36000061035156,30.846233367919922,10802500
2015-10-27,46.189998626708984,46.29999923706055,46.0099983215332,46.16999816894531,30.719818115234375,9540400
2015-10-28,46.439998626708984,46.79999923706055,46.060001373291016,46.47999954223633,30.92608642578125,11447300
2015-10-29,46.4900016784668,46.560001373291016,46.0,46.400001525878906,30.872859954833984,7902300
2015-10-30,46.43000030517578,46.97999954223633,46.279998779296875,46.880001068115234,31.19222640991211,14753200
2015-11-02,47.02000045776367,47.08000183105469,46.52000045776367,46.779998779296875,31.12569236755371,11689100
2015-11-03,46.70000076293945,46.75,46.18000030517578,46.45000076293945,30.90612030029297,11900900
2015-11-04,46.58000183105469,46.650001525878906,46.040000915527344,46.13999938964844,30.699865341186523,9702000
2015-11-05,46.20000076293945,46.43000030517578,46.099998474121094,46.20000076293945,30.73978614807129,11646900
2015-11-06,45.9900016784668,46.029998779296875,45.290000915527344,45.779998779296875,30.4603328704834,14144400
2015-11-09,45.529998779296875,45.540000915527344,45.029998779296875,45.29999923706055,30.140960693359375,10743200
2015-11-10,45.27000045776367,45.33000183105469,44.79999923706055,45.099998474121094,30.00788116455078,9996700
2015-11-11,45.36000061035156,45.540000915527344,45.130001068115234,45.31999969482422,30.154268264770508,7904000
2015-11-12,45.02000045776367,45.09000015258789,44.77000045776367,44.83000183105469,29.828237533569336,11053500
2015-11-13,44.72999954223633,44.9900016784668,44.220001220703125,44.22999954223633,29.429018020629883,12615600
2015-11-16,44.2599983215332,45.06999969482422,44.18000030517578,45.040000915527344,29.96796226501465,10112500
2015-11-17,45.0099983215332,45.31999969482422,44.93000030517578,45.08000183105469,29.99457550048828,10657500
2015-11-18,45.08000183105469,45.43000030517578,44.58000183105469,45.380001068115234,30.19417953491211,13585600
2015-11-19,45.439998626708984,45.869998931884766,45.349998474121094,45.7599983215332,30.447023391723633,9320900
2015-11-20,45.959999084472656,45.9900016784668,45.31999969482422,45.38999938964844,30.200838088989258,12229700
2015-11-23,45.310001373291016,45.5,44.939998626708984,44.9900016784668,29.934690475463867,10290100
2015-11-24,44.75,45.34000015258789,44.68000030517578,45.189998626708984,30.06777000427246,11127400
2015-11-25,45.11000061035156,45.130001068115234,44.88999938964844,44.91999816894531,29.88811492919922,7013900
2015-11-27,44.84000015258789,45.38999938964844,44.83000183105469,45.22999954223633,30.094377517700195,4108300
2015-11-30,45.25,45.63999938964844,44.959999084472656,45.45000076293945,30.240768432617188,19400000
2015-12-01,45.5099983215332,45.88999938964844,45.33000183105469,45.58000183105469,30.327253341674805,10580000
2015-12-02,45.45000076293945,45.54999923706055,44.869998931884766,44.91999816894531,29.88811492919922,12160400
2015-12-03,44.880001068115234,45.04999923706055,44.33000183105469,44.560001373291016,29.648584365844727,17077700
2015-12-04,44.7400016784668,45.779998779296875,44.709999084472656,45.709999084472656,30.413755416870117,14158600
2015-12-07,45.459999084472656,46.119998931884766,45.45000076293945,46.060001373291016,30.646621704101562,13192100
2015-12-08,45.66999816894531,45.9900016784668,45.439998626708984,45.70000076293945,30.407102584838867,13776100
2015-12-09,45.58000183105469,46.130001068115234,45.119998931884766,45.36000061035156,30.18087387084961,13467900
2015-12-10,45.470001220703125,45.65999984741211,45.20000076293945,45.31999969482422,30.154268264770508,10402500
2015-12-11,45.31999969482422,45.349998474121094,44.72999954223633,44.81999969482422,29.821584701538086,16481900
2015-12-14,44.84000015258789,45.5,44.68000030517578,45.45000076293945,30.240768432617188,16723100
2015-12-15,45.52000045776367,45.86000061035156,45.209999084472656,45.54999923706055,30.30729866027832,16742600
2015-12-16,45.93000030517578,46.56999969482422,45.70000076293945,46.5099983215332,30.946041107177734,18808300
2015-12-17,46.4900016784668,46.689998626708984,46.029998779296875,46.099998474121094,30.67324447631836,15508600
2015-12-18,45.900001525878906,46.040000915527344,45.560001373291016,45.560001373291016,30.313947677612305,31635100
2015-12-21,45.72999954223633,45.91999816894531,45.52000045776367,45.900001525878906,30.5401668548584,10360600
2015-12-22,46.20000076293945,46.459999084472656,45.849998474121094,46.34000015258789,30.832931518554688,11181500
2015-12-23,46.5099983215332,47.150001525878906,46.38999938964844,46.95000076293945,31.238805770874023,12685500
2015-12-24,46.90999984741211,46.970001220703125,46.599998474121094,46.709999084472656,31.079118728637695,4279900
2015-12-28,46.619998931884766,46.84000015258789,46.560001373291016,46.75,31.10573959350586,6254900
2015-12-29,46.97999954223633,47.22999954223633,46.84000015258789,47.209999084472656,31.411792755126953,7667100
2015-12-30,47.20000076293945,47.20000076293945,46.619998931884766,46.77000045776367,31.119041442871094,8970700
2015-12-31,46.52000045776367,46.650001525878906,46.209999084472656,46.220001220703125,30.753097534179688,11490900
2016-01-04,45.66999816894531,45.90999984741211,45.36000061035156,45.869998931884766,30.520212173461914,17821600
2016-01-05,46.20000076293945,46.54999923706055,45.630001068115234,46.5,30.93939208984375,15632800
2016-01-06,45.4900016784668,45.95000076293945,45.279998779296875,45.52000045776367,30.65987205505371,19082700
2016-01-07,45.119998931884766,45.66999816894531,45.0,45.27000045776367,30.49148178100586,19277600
2016-01-08,45.65999984741211,45.7400016784668,44.70000076293945,44.83000183105469,30.195131301879883,16594800
2016-01-11,45.11000061035156,45.22999954223633,44.599998474121094,45.09000015258789,30.370241165161133,14226200
2016-01-12,45.2400016784668,45.25,44.529998779296875,44.93000030517578,30.262470245361328,15123000
2016-01-13,45.11000061035156,45.27000045776367,44.08000183105469,44.150001525878906,29.737112045288086,19291000
2016-01-14,44.220001220703125,45.189998626708984,44.04999923706055,44.869998931884766,30.22206687927246,18435000
2016-01-15,44.040000915527344,44.54999923706055,43.86000061035156,44.43000030517578,29.925701141357422,27993900
2016-01-19,44.7400016784668,45.0099983215332,44.529998779296875,44.869998931884766,30.22206687927246,20364300
2016-01-20,44.380001068115234,44.77000045776367,43.790000915527344,44.41999816894531,29.918970108032227,28290200
2016-01-21,45.0,46.33000183105469,44.43000030517578,45.869998931884766,30.895606994628906,31354100
2016-01-22,46.40999984741211,47.119998931884766,46.0,47.040000915527344,31.68366050720215,23075700
2016-01-25,47.08000183105469,47.779998779296875,46.540000915527344,47.029998779296875,31.676916122436523,24298800
2016-01-26,47.130001068115234,48.27000045776367,47.04999923706055,48.25,32.498653411865234,22620900
2016-01-27,48.290000915527344,49.4900016784668,48.25,49.029998779296875,33.024024963378906,33795700
2016-01-28,49.060001373291016,49.459999084472656,48.470001220703125,49.0099983215332,33.01055145263672,20085200
2016-01-29,49.38999938964844,49.9900016784668,49.220001220703125,49.970001220703125,33.65715789794922,29082600
2016-02-01,49.939998626708984,51.02000045776367,49.689998626708984,50.7599983215332,34.18926239013672,28536600
2016-02-02,50.61000061035156,50.630001068115234,49.650001525878906,49.90999984741211,33.61674499511719,21607000
2016-02-03,50.25,50.619998931884766,49.41999816894531,50.619998931884766,34.0949592590332,20309800
2016-02-04,50.369998931884766,50.599998474121094,49.66999816894531,50.43000030517578,33.96698760986328,19594300
2016-02-05,50.31999969482422,51.20000076293945,50.310001373291016,50.970001220703125,34.33069610595703,25790300
2016-02-08,50.599998474121094,50.79999923706055,49.77000045776367,50.7400016784668,34.17578887939453,27058100
2016-02-09,50.060001373291016,50.61000061035156,49.349998474121094,50.150001525878906,33.778385162353516,22633900
2016-02-10,50.189998626708984,50.31999969482422,49.619998931884766,49.97999954223633,33.66389083862305,18633100
2016-02-11,49.599998474121094,50.099998474121094,49.27000045776367,49.38999938964844,33.26649856567383,30521000
2016-02-12,49.540000915527344,50.189998626708984,49.349998474121094,50.11000061035156,33.75145721435547,20990900
2016-02-16,50.2400016784668,50.29999923706055,49.58000183105469,50.2400016784668,33.839019775390625,16360000
2016-02-17,50.40999984741211,50.599998474121094,50.08000183105469,50.31999969482422,33.89290237426758,15228900
2016-02-18,50.119998931884766,51.099998474121094,49.959999084472656,50.939998626708984,34.31049346923828,19678500
2016-02-19,50.7400016784668,51.06999969482422,50.310001373291016,50.86000061035156,34.25660705566406,15607000
2016-02-22,50.86000061035156,51.150001525878906,50.77000045776367,51.06999969482422,34.39805221557617,12456000
2016-02-23,50.970001220703125,50.9900016784668,50.36000061035156,50.630001068115234,34.1016845703125,11594600
2016-02-24,50.27000045776367,50.869998931884766,50.16999816894531,50.81999969482422,34.22966766357422,11244900
2016-02-25,50.900001525878906,51.29999923706055,50.779998779296875,51.11000061035156,34.42500305175781,12358700
2016-02-26,51.150001525878906,51.34000015258789,50.91999816894531,51.02000045776367,34.364383697509766,13011500
2016-02-29,50.86000061035156,51.380001068115234,50.689998626708984,50.72999954223633,34.16905975341797,15986300
2016-03-01,50.9900016784668,51.470001220703125,50.97999954223633,51.459999084472656,34.660736083984375,12003300
2016-03-02,51.459999084472656,52.20000076293945,51.189998626708984,52.119998931884766,35.105281829833984,14791100
2016-03-03,52.13999938964844,52.220001220703125,51.61000061035156,51.88999938964844,34.95036697387695,15404500
2016-03-04,51.75,52.0,51.5,51.810001373291016,34.8964729309082,13957600
2016-03-07,51.529998779296875,52.349998474121094,51.400001525878906,52.209999084472656,35.16590881347656,14907500
2016-03-08,52.04999923706055,52.75,51.93000030517578,52.459999084472656,35.33428192138672,14306500
2016-03-09,52.54999923706055,52.959999084472656,52.0,52.34000015258789,35.25346374511719,15466600
2016-03-10,52.54999923706055,52.65999984741211,51.9900016784668,52.31999969482422,35.239994049072266,15102100
2016-03-11,52.650001525878906,52.779998779296875,52.2400016784668,52.529998779296875,35.381431579589844,15223900
2016-03-14,52.54999923706055,52.75,52.22999954223633,52.540000915527344,35.3881721496582,11729400
2016-03-15,52.2400016784668,52.7400016784668,52.2400016784668,52.66999816894531,35.475738525390625,11295700
2016-03-16,52.66999816894531,53.380001068115234,52.400001525878906,53.209999084472656,35.839447021484375,11866400
2016-03-17,53.279998779296875,53.810001373291016,53.189998626708984,53.630001068115234,36.12234115600586,16401500
2016-03-18,53.810001373291016,53.849998474121094,53.2400016784668,53.2400016784668,35.859657287597656,23209400
2016-03-21,53.189998626708984,53.59000015258789,53.02000045776367,53.439998626708984,35.994354248046875,10679000
2016-03-22,53.41999816894531,53.459999084472656,53.099998474121094,53.209999084472656,35.839447021484375,10852000
2016-03-23,53.130001068115234,53.22999954223633,52.81999969482422,52.90999984741211,35.63738250732422,9716100
2016-03-24,52.7400016784668,53.619998931884766,52.65999984741211,53.560001373291016,36.075191497802734,15096400
2016-03-28,53.560001373291016,53.72999954223633,53.20000076293945,53.400001525878906,35.96742248535156,8527100
2016-03-29,53.5099983215332,54.08000183105469,53.29999923706055,54.04999923706055,36.40523147583008,10770500
2016-03-30,54.16999816894531,54.369998931884766,53.70000076293945,54.040000915527344,36.39848709106445,14528300
2016-03-31,54.0099983215332,54.2599983215332,53.91999816894531,54.08000183105469,36.42543411254883,12428600
2016-04-01,53.31999969482422,54.09000015258789,53.099998474121094,54.0099983215332,36.378292083740234,13807100
2016-04-04,54.029998779296875,54.41999816894531,53.79999923706055,54.41999816894531,36.65444564819336,11402700
2016-04-05,54.380001068115234,54.4900016784668,53.95000076293945,54.09000015258789,36.43217468261719,12979100
2016-04-06,53.619998931884766,53.619998931884766,53.130001068115234,53.52000045776367,36.42875671386719,12993600
2016-04-07,52.52000045776367,52.70000076293945,51.77000045776367,52.0,35.3941650390625,23076300
2016-04-08,52.20000076293945,52.58000183105469,52.04999923706055,52.18000030517578,35.51668930053711,12197900
2016-04-11,52.36000061035156,52.400001525878906,51.5,51.61000061035156,35.12870788574219,14975900
2016-04-12,51.65999984741211,52.189998626708984,51.61000061035156,51.95000076293945,35.360137939453125,12335000
2016-04-13,52.06999969482422,52.09000015258789,50.84000015258789,51.290000915527344,34.910892486572266,19752900
2016-04-14,51.279998779296875,51.54999923706055,51.2400016784668,51.36000061035156,34.95854949951172,10083300
2016-04-15,51.279998779296875,51.4900016784668,51.099998474121094,51.349998474121094,34.95173645019531,11862000
2016-04-18,51.349998474121094,51.900001525878906,51.18000030517578,51.72999954223633,35.21039581298828,14322900
2016-04-19,51.79999923706055,52.16999816894531,51.790000915527344,52.08000183105469,35.44861602783203,11393400
2016-04-20,52.150001525878906,52.220001220703125,51.65999984741211,51.75,35.22400665283203,15412500
2016-04-21,50.560001373291016,50.68000030517578,49.470001220703125,50.029998779296875,34.05327224731445,32172200
2016-04-22,50.150001525878906,50.630001068115234,50.04999923706055,50.54999923706055,34.40720748901367,17823300
2016-04-25,50.529998779296875,50.95000076293945,50.279998779296875,50.7599983215332,34.55015182495117,12439500
2016-04-26,50.97999954223633,51.0,50.279998779296875,50.439998626708984,34.33233642578125,10064300
2016-04-27,50.459999084472656,51.810001373291016,50.459999084472656,51.689998626708984,35.183162689208984,17012400
2016-04-28,51.29999923706055,51.560001373291016,50.91999816894531,51.02000045776367,34.72712707519531,13055600
2016-04-29,50.95000076293945,51.04999923706055,50.63999938964844,50.939998626708984,34.67266845703125,13684800
2016-05-02,51.220001220703125,51.45000076293945,51.040000915527344,51.31999969482422,34.93131637573242,11103800
2016-05-03,51.11000061035156,51.31999969482422,50.36000061035156,50.68000030517578,34.495697021484375,12900700
2016-05-04,50.47999954223633,50.9900016784668,50.20000076293945,50.84000015258789,34.60460662841797,9033800
2016-05-05,50.9900016784668,51.040000915527344,50.630001068115234,50.84000015258789,34.60460662841797,10788800
2016-05-06,50.90999984741211,51.13999938964844,50.61000061035156,51.119998931884766,34.795188903808594,9782300
2016-05-09,51.220001220703125,51.43000030517578,51.0099983215332,51.08000183105469,34.7679557800293,8719800
2016-05-10,51.380001068115234,51.54999923706055,51.27000045776367,51.540000915527344,35.081058502197266,7903500
2016-05-11,51.47999954223633,51.70000076293945,51.08000183105469,51.150001525878906,34.815608978271484,8508900
2016-05-12,51.220001220703125,51.599998474121094,51.09000015258789,51.470001220703125,35.03342056274414,9917100
2016-05-13,51.40999984741211,51.4900016784668,50.849998474121094,50.939998626708984,34.67266845703125,9561300
2016-05-16,50.77000045776367,51.33000183105469,50.63999938964844,51.22999954223633,34.87006378173828,7903400
2016-05-17,51.20000076293945,51.349998474121094,50.66999816894531,50.900001525878906,34.645450592041016,10466800
2016-05-18,50.91999816894531,51.029998779296875,50.060001373291016,50.38999938964844,34.298316955566406,10443100
2016-05-19,50.0,50.02000045776367,49.119998931884766,49.630001068115234,33.781005859375,16022400
2016-05-20,49.79999923706055,49.79999923706055,49.470001220703125,49.65999984741211,33.801429748535156,15345800
2016-05-23,49.65999984741211,49.779998779296875,49.04999923706055,49.13999938964844,33.44749069213867,13263100
2016-05-24,49.36000061035156,49.619998931884766,49.20000076293945,49.58000183105469,33.746978759765625,11827300
2016-05-25,49.630001068115234,50.0099983215332,49.400001525878906,49.849998474121094,33.930747985839844,9490400
2016-05-26,49.849998474121094,50.279998779296875,49.790000915527344,50.15999984741211,34.14175796508789,11044000
2016-05-27,50.38999938964844,50.86000061035156,50.18000030517578,50.619998931884766,34.45486068725586,10649500
2016-05-31,50.880001068115234,51.15999984741211,50.59000015258789,50.900001525878906,34.645450592041016,15834500
2016-06-01,50.869998931884766,50.97999954223633,50.220001220703125,50.43000030517578,34.32553482055664,10670800
2016-06-02,50.470001220703125,50.77000045776367,50.119998931884766,50.77000045776367,34.55695724487305,8721100
2016-06-03,50.77000045776367,51.0,50.61000061035156,50.91999816894531,34.659061431884766,9500700
2016-06-06,51.060001373291016,51.09000015258789,50.650001525878906,50.709999084472656,34.51612091064453,10075600
2016-06-07,50.599998474121094,51.9900016784668,50.599998474121094,51.75,35.22400665283203,15210900
2016-06-08,51.5099983215332,51.70000076293945,51.2400016784668,51.52000045776367,35.067447662353516,10546200
2016-06-09,51.63999938964844,52.0,51.369998931884766,51.95000076293945,35.360137939453125,9790700
2016-06-10,51.86000061035156,52.83000183105469,51.720001220703125,52.66999816894531,35.850196838378906,15629000
2016-06-13,52.5,52.83000183105469,52.22999954223633,52.56999969482422,35.782142639160156,12394200
2016-06-14,52.369998931884766,53.099998474121094,52.31999969482422,52.9900016784668,36.068016052246094,10735900
2016-06-15,52.970001220703125,53.209999084472656,52.7599983215332,52.84000015258789,35.965911865234375,10289000
2016-06-16,52.84000015258789,53.47999954223633,52.56999969482422,53.459999084472656,36.38792037963867,11914500
2016-06-17,53.43000030517578,53.779998779296875,53.0099983215332,53.779998779296875,36.6057243347168,18836300
2016-06-20,54.0,54.189998626708984,53.43000030517578,53.7599983215332,36.59211730957031,14344300
2016-06-21,53.88999938964844,54.4900016784668,53.439998626708984,54.099998474121094,36.82354736328125,11893000
2016-06-22,54.22999954223633,54.400001525878906,53.9900016784668,54.029998779296875,36.77589797973633,12959200
2016-06-23,54.400001525878906,54.68000030517578,54.20000076293945,54.66999816894531,37.21151351928711,12329900
2016-06-24,54.470001220703125,55.220001220703125,54.130001068115234,54.43000030517578,37.04816436767578,43842700
2016-06-27,54.060001373291016,54.869998931884766,53.880001068115234,54.7400016784668,37.25916290283203,22570200
2016-06-28,54.7599983215332,54.9900016784668,54.34000015258789,54.81999969482422,37.313621520996094,17780600
2016-06-29,54.81999969482422,55.29999923706055,54.81999969482422,55.060001373291016,37.47697830200195,18184100
2016-06-30,55.27000045776367,55.91999816894531,54.790000915527344,55.84000015258789,38.00788116455078,22143300
2016-07-01,55.849998474121094,56.290000915527344,55.59000015258789,56.22999954223633,38.273345947265625,16092300
2016-07-05,56.31999969482422,56.95000076293945,56.31999969482422,56.529998779296875,38.477542877197266,20703200
2016-07-06,56.209999084472656,56.33000183105469,55.45000076293945,56.2599983215332,38.680362701416016,15761500
2016-07-07,56.099998474121094,56.13999938964844,55.099998474121094,55.380001068115234,38.075347900390625,13574100
2016-07-08,55.38999938964844,56.029998779296875,55.0099983215332,55.900001525878906,38.43284225463867,15946200
2016-07-11,55.75,56.0,55.40999984741211,55.93000030517578,38.4534797668457,12434700
2016-07-12,55.75,55.959999084472656,55.369998931884766,55.470001220703125,38.1372184753418,14897600
2016-07-13,55.58000183105469,56.040000915527344,55.369998931884766,56.0,38.50160598754883,11405600
2016-07-14,55.619998931884766,56.099998474121094,55.619998931884766,55.84000015258789,38.391597747802734,11098500
2016-07-15,56.04999923706055,56.08000183105469,55.599998474121094,55.84000015258789,38.391597747802734,13949700
2016-07-18,55.869998931884766,56.0,55.7599983215332,55.93000030517578,38.4534797668457,9623300
2016-07-19,55.959999084472656,56.0,55.54999923706055,55.70000076293945,38.295345306396484,10270100
2016-07-20,55.58000183105469,55.66999816894531,55.310001373291016,55.619998931884766,38.24034118652344,12008700
2016-07-21,55.529998779296875,55.66999816894531,55.2400016784668,55.369998931884766,38.068458557128906,9802100
2016-07-22,55.439998626708984,56.20000076293945,55.38999938964844,56.099998474121094,38.57036590576172,10973200
2016-07-25,56.099998474121094,56.099998474121094,55.63999938964844,55.869998931884766,38.412235260009766,10848700
2016-07-26,55.849998474121094,56.25,54.689998626708984,54.810001373291016,37.68345260620117,18753900
2016-07-27,54.95000076293945,55.439998626708984,54.439998626708984,55.31999969482422,38.03408432006836,17074600
2016-07-28,55.20000076293945,55.209999084472656,54.63999938964844,54.86000061035156,37.71782684326172,10672300
2016-07-29,54.9900016784668,55.720001220703125,54.970001220703125,55.40999984741211,38.09596633911133,15508900
2016-08-01,55.58000183105469,55.81999969482422,54.369998931884766,54.5,37.470314025878906,17434600
2016-08-02,54.45000076293945,54.59000015258789,53.720001220703125,54.0,37.12654113769531,18428200
2016-08-03,54.15999984741211,54.20000076293945,53.630001068115234,53.900001525878906,37.05779266357422,10429400
2016-08-04,54.0,54.13999938964844,53.83000183105469,53.93000030517578,37.07841110229492,11309800
2016-08-05,53.939998626708984,53.9900016784668,53.33000183105469,53.63999938964844,36.87904357910156,13460100
2016-08-08,53.63999938964844,53.7400016784668,53.400001525878906,53.59000015258789,36.84465789794922,9830400
2016-08-09,53.599998474121094,53.779998779296875,53.33000183105469,53.65999984741211,36.892784118652344,7906200
2016-08-10,53.81999969482422,53.97999954223633,53.59000015258789,53.810001373291016,36.99591064453125,8875700
2016-08-11,53.810001373291016,53.9900016784668,53.7400016784668,53.86000061035156,37.030296325683594,7824800
2016-08-12,53.959999084472656,53.97999954223633,53.52000045776367,53.650001525878906,36.88591384887695,7655000
2016-08-15,53.65999984741211,53.849998474121094,53.529998779296875,53.61000061035156,36.8584098815918,8250900
2016-08-16,53.5,53.5099983215332,52.72999954223633,52.7599983215332,36.274009704589844,13933100
2016-08-17,52.900001525878906,53.16999816894531,52.380001068115234,53.16999816894531,36.55590057373047,12930100
2016-08-18,52.95000076293945,53.060001373291016,52.52000045776367,52.869998931884766,36.34964370727539,11204900
2016-08-19,52.88999938964844,52.90999984741211,52.15999984741211,52.45000076293945,36.06087112426758,11991000
2016-08-22,52.58000183105469,52.689998626708984,52.16999816894531,52.54999923706055,36.1296272277832,8183900
2016-08-23,52.65999984741211,52.81999969482422,52.459999084472656,52.630001068115234,36.18463897705078,7775100
2016-08-24,52.54999923706055,52.720001220703125,52.16999816894531,52.529998779296875,36.115875244140625,8900700
2016-08-25,52.529998779296875,52.790000915527344,52.33000183105469,52.75,36.26713943481445,8680100
2016-08-26,52.63999938964844,53.0099983215332,51.900001525878906,52.06999969482422,35.79962158203125,15105300
2016-08-29,52.36000061035156,52.689998626708984,52.15999984741211,52.5,36.09524917602539,11960400
2016-08-30,52.58000183105469,52.59000015258789,52.029998779296875,52.27000045776367,35.93712615966797,9161900
2016-08-31,52.220001220703125,52.459999084472656,52.08000183105469,52.33000183105469,35.97836685180664,10390500
2016-09-01,52.13999938964844,52.709999084472656,52.040000915527344,52.560001373291016,36.13650131225586,9988800
2016-09-02,52.79999923706055,53.13999938964844,52.52000045776367,52.880001068115234,36.356529235839844,13275300
2016-09-06,53.09000015258789,53.84000015258789,52.83000183105469,53.5099983215332,36.789649963378906,17235600
2016-09-07,53.5,53.790000915527344,53.279998779296875,53.709999084472656,36.927162170410156,10612300
2016-09-08,53.599998474121094,53.880001068115234,53.43000030517578,53.599998474121094,36.851539611816406,9005300
2016-09-09,53.130001068115234,53.2400016784668,51.77000045776367,51.81999969482422,35.62773895263672,18258500
2016-09-12,51.75,52.84000015258789,51.709999084472656,52.56999969482422,36.14338302612305,15678600
2016-09-13,52.04999923706055,52.119998931884766,51.150001525878906,51.45000076293945,35.37334442138672,17602400
2016-09-14,51.59000015258789,51.86000061035156,51.29999923706055,51.4900016784668,35.400856018066406,11941800
2016-09-15,51.4900016784668,52.099998474121094,51.119998931884766,51.97999954223633,35.73773193359375,13007400
2016-09-16,51.88999938964844,51.970001220703125,51.619998931884766,51.880001068115234,35.66899490356445,19932300
2016-09-19,51.88999938964844,51.959999084472656,51.02000045776367,51.20000076293945,35.20146942138672,14578500
2016-09-20,51.599998474121094,51.79999923706055,51.130001068115234,51.27000045776367,35.24958801269531,14006300
2016-09-21,51.369998931884766,52.0099983215332,51.25,51.869998931884766,35.662105560302734,14434700
2016-09-22,52.150001525878906,52.4900016784668,52.0,52.349998474121094,35.992130279541016,12751900
2016-09-23,52.29999923706055,52.81999969482422,52.150001525878906,52.560001373291016,36.13650131225586,13014800
2016-09-26,52.45000076293945,52.560001373291016,52.02000045776367,52.150001525878906,35.8546142578125,10559000
2016-09-27,52.310001373291016,52.65999984741211,52.0,52.4900016784668,36.088375091552734,8259000
2016-09-28,52.310001373291016,52.439998626708984,51.810001373291016,52.060001373291016,35.792747497558594,13279100
2016-09-29,51.84000015258789,52.40999984741211,51.77000045776367,52.119998931884766,35.83399200439453,10804700
2016-09-30,52.43000030517578,52.56999969482422,51.959999084472656,51.97999954223633,35.73773193359375,13077600
2016-10-03,51.84000015258789,52.13999938964844,51.599998474121094,51.880001068115234,35.66899490356445,9120300
2016-10-04,51.77000045776367,51.939998626708984,51.0,51.2599983215332,35.24271011352539,13753300
2016-10-05,50.689998626708984,50.81999969482422,50.029998779296875,50.27000045776367,34.95621871948242,17190900
2016-10-06,50.31999969482422,50.52000045776367,49.970001220703125,50.2599983215332,34.94927215576172,11724000
2016-10-07,50.459999084472656,50.540000915527344,49.91999816894531,49.91999816894531,34.71284484863281,13816800
2016-10-10,50.22999954223633,50.29999923706055,49.630001068115234,50.189998626708984,34.900596618652344,10687700
2016-10-11,50.099998474121094,50.209999084472656,49.650001525878906,49.900001525878906,34.69893264770508,11737900
2016-10-12,49.959999084472656,50.47999954223633,49.939998626708984,50.29999923706055,34.97709274291992,8880100
2016-10-13,50.22999954223633,50.40999984741211,49.81999969482422,50.290000915527344,34.97014236450195,11156900
2016-10-14,50.34000015258789,50.61000061035156,50.27000045776367,50.279998779296875,34.96318817138672,8853200
2016-10-17,50.209999084472656,50.59000015258789,50.04999923706055,50.43000030517578,35.06748962402344,10724600
2016-10-18,50.61000061035156,50.61000061035156,50.04999923706055,50.27000045776367,34.95621871948242,10873900
2016-10-19,50.45000076293945,50.630001068115234,50.349998474121094,50.380001068115234,35.03271484375,10364900
2016-10-20,49.540000915527344,49.56999969482422,48.900001525878906,49.13999938964844,34.170467376708984,27098200
2016-10-21,48.790000915527344,48.91999816894531,47.95000076293945,48.20000076293945,33.516807556152344,24785000
2016-10-24,48.709999084472656,48.93000030517578,48.130001068115234,48.209999084472656,33.52376174926758,19414700
2016-10-25,48.209999084472656,48.290000915527344,47.790000915527344,47.84000015258789,33.266475677490234,16441200
2016-10-26,47.7400016784668,48.04999923706055,47.58000183105469,47.630001068115234,33.120445251464844,15049200
2016-10-27,47.7400016784668,48.709999084472656,47.630001068115234,48.540000915527344,33.75324249267578,22330700
2016-10-28,48.560001373291016,48.77000045776367,48.099998474121094,48.209999084472656,33.52376174926758,10660100
2016-10-31,48.2400016784668,48.29999923706055,48.04999923706055,48.099998474121094,33.447265625,12459400
2016-11-01,48.31999969482422,48.380001068115234,47.529998779296875,47.65999984741211,33.14131546020508,13229400
2016-11-02,47.75,47.75,46.86000061035156,46.939998626708984,32.6406364440918,16488200
2016-11-03,46.97999954223633,47.27000045776367,46.790000915527344,46.869998931884766,32.591976165771484,12605100
2016-11-04,46.970001220703125,47.279998779296875,46.88999938964844,47.08000183105469,32.737998962402344,14410200
2016-11-07,47.38999938964844,47.470001220703125,46.939998626708984,47.459999084472656,33.00224304199219,14705200
2016-11-08,47.560001373291016,47.849998474121094,47.470001220703125,47.650001525878906,33.134361267089844,9482400
2016-11-09,47.0099983215332,48.08000183105469,46.470001220703125,47.86000061035156,33.2803840637207,20871900
2016-11-10,47.86000061035156,47.880001068115234,46.36000061035156,46.689998626708984,32.466800689697266,24311700
2016-11-11,46.70000076293945,46.900001525878906,46.5099983215332,46.689998626708984,32.466800689697266,16425500
2016-11-14,46.709999084472656,46.849998474121094,46.0099983215332,46.18000030517578,32.11216735839844,21820200
2016-11-15,46.5099983215332,47.369998931884766,46.380001068115234,47.369998931884766,32.939659118652344,18672200
2016-11-16,47.4900016784668,47.97999954223633,47.31999969482422,47.93000030517578,33.32906723022461,17328400
2016-11-17,47.95000076293945,48.16999816894531,47.810001373291016,47.84000015258789,33.266475677490234,12436300
2016-11-18,47.849998474121094,48.20000076293945,47.56999969482422,48.06999969482422,33.426414489746094,12820600
2016-11-21,48.060001373291016,48.36000061035156,47.91999816894531,48.310001373291016,33.59330368041992,10773300
2016-11-22,48.47999954223633,49.61000061035156,48.369998931884766,49.4900016784668,34.4138298034668,22030000
2016-11-23,49.29999923706055,50.650001525878906,49.290000915527344,50.22999954223633,34.928401947021484,21456700
2016-11-25,50.220001220703125,50.79999923706055,50.16999816894531,50.66999816894531,35.234371185302734,8087100
2016-11-28,50.470001220703125,51.20000076293945,50.45000076293945,51.119998931884766,35.54728698730469,15982400
2016-11-29,51.029998779296875,51.150001525878906,50.77000045776367,50.959999084472656,35.43602752685547,11532800
2016-11-30,50.54999923706055,50.72999954223633,49.900001525878906,49.900001525878906,34.69893264770508,20698900
2016-12-01,49.79999923706055,49.9900016784668,49.310001373291016,49.869998931884766,34.67807388305664,12982800
2016-12-02,50.0,50.31999969482422,49.599998474121094,49.810001373291016,34.636356353759766,10650700
2016-12-05,49.7400016784668,50.08000183105469,49.7400016784668,49.75,34.59463119506836,13074700
2016-12-06,50.150001525878906,50.619998931884766,49.7599983215332,50.36000061035156,35.01881790161133,13581500
2016-12-07,50.720001220703125,51.43000030517578,50.439998626708984,51.380001068115234,35.72808837890625,16280600
2016-12-08,51.22999954223633,51.279998779296875,50.97999954223633,51.130001068115234,35.55425262451172,11502900
2016-12-09,51.09000015258789,51.630001068115234,50.91999816894531,51.4900016784668,35.8045768737793,10101500
2016-12-12,51.540000915527344,52.43000030517578,51.47999954223633,51.7599983215332,35.99232482910156,16186400
2016-12-13,52.08000183105469,52.369998931884766,52.060001373291016,52.36000061035156,36.409549713134766,12211500
2016-12-14,52.459999084472656,52.65999984741211,51.40999984741211,51.630001068115234,35.90193557739258,19920400
2016-12-15,51.369998931884766,52.130001068115234,51.25,51.810001373291016,36.02709197998047,13963600
2016-12-16,52.060001373291016,52.279998779296875,51.86000061035156,52.27000045776367,36.34696578979492,21262500
2016-12-19,52.47999954223633,53.130001068115234,52.09000015258789,52.90999984741211,36.7920036315918,13407000
2016-12-20,52.93000030517578,53.459999084472656,52.93000030517578,53.119998931884766,36.93803405761719,10366900
2016-12-21,53.09000015258789,53.43000030517578,52.970001220703125,52.970001220703125,36.83372497558594,9656700
2016-12-22,52.849998474121094,53.7400016784668,52.720001220703125,53.650001525878906,37.30656814575195,11101500
2016-12-23,53.650001525878906,53.75,53.439998626708984,53.68000030517578,37.32744216918945,7201200
2016-12-27,53.689998626708984,53.83000183105469,53.439998626708984,53.63999938964844,37.29961395263672,6255400
2016-12-28,53.630001068115234,53.83000183105469,53.369998931884766,53.439998626708984,37.160560607910156,6849500
2016-12-29,53.59000015258789,53.900001525878906,53.5099983215332,53.7400016784668,37.36915969848633,7150800
2016-12-30,53.54999923706055,53.63999938964844,53.16999816894531,53.380001068115234,37.118831634521484,12440800
2017-01-03,53.959999084472656,54.66999816894531,53.72999954223633,54.58000183105469,37.95327377319336,22891700
2017-01-04,54.54999923706055,54.810001373291016,54.33000183105469,54.52000045776367,37.91154861450195,18316100
2017-01-05,54.779998779296875,54.83000183105469,54.29999923706055,54.63999938964844,37.9949951171875,13840600
2017-01-06,53.66999816894531,53.779998779296875,53.099998474121094,53.2599983215332,37.43135070800781,15615000
2017-01-09,53.220001220703125,53.27000045776367,52.66999816894531,52.68000030517578,37.02372360229492,14097200
2017-01-10,52.689998626708984,53.15999984741211,52.02000045776367,52.7599983215332,37.079952239990234,11787400
2017-01-11,52.619998931884766,52.75,52.2400016784668,52.459999084472656,36.86909484863281,16142800
2017-01-12,52.43000030517578,52.88999938964844,52.27000045776367,52.68000030517578,37.02372360229492,11052100
2017-01-13,52.720001220703125,52.900001525878906,52.40999984741211,52.54999923706055,36.932350158691406,9458700
2017-01-17,52.54999923706055,52.88999938964844,52.5,52.7400016784668,37.065887451171875,11383500
2017-01-18,52.52000045776367,52.84000015258789,52.209999084472656,52.25,36.72151565551758,12930900
2017-01-19,52.54999923706055,52.63999938964844,52.18000030517578,52.36000061035156,36.798828125,13286100
2017-01-20,52.599998474121094,53.20000076293945,52.560001373291016,52.720001220703125,37.05183792114258,15473700
2017-01-23,52.459999084472656,52.70000076293945,52.18000030517578,52.40999984741211,36.83395004272461,15695500
2017-01-24,50.2599983215332,50.790000915527344,49.790000915527344,50.119998931884766,35.22454071044922,43484700
2017-01-25,49.5,49.939998626708984,48.84000015258789,49.77000045776367,34.97856903076172,30398600
2017-01-26,48.75,49.470001220703125,48.5099983215332,49.119998931884766,34.521724700927734,37877100
2017-01-27,49.349998474121094,49.72999954223633,49.27000045776367,49.599998474121094,34.85908508300781,18369300
2017-01-30,49.4900016784668,49.84000015258789,49.18000030517578,49.369998931884766,34.69743728637695,12148700
2017-01-31,49.209999084472656,49.470001220703125,48.93000030517578,49.0099983215332,34.44442367553711,16844200
2017-02-01,49.34000015258789,49.369998931884766,48.25,48.38999938964844,34.00867462158203,26004100
2017-02-02,48.540000915527344,48.59000015258789,47.900001525878906,48.279998779296875,33.93137741088867,17787200
2017-02-03,48.45000076293945,48.619998931884766,48.33000183105469,48.58000183105469,34.14221954345703,15166400
2017-02-06,48.66999816894531,48.66999816894531,47.939998626708984,48.029998779296875,33.75568389892578,16151400
2017-02-07,48.130001068115234,48.15999984741211,47.79999923706055,48.040000915527344,33.762699127197266,12771900
2017-02-08,48.150001525878906,48.56999969482422,48.099998474121094,48.369998931884766,33.99463653564453,13962800
2017-02-09,48.369998931884766,48.959999084472656,48.369998931884766,48.810001373291016,34.303871154785156,13577300
2017-02-10,48.939998626708984,49.119998931884766,48.689998626708984,48.97999954223633,34.42333984375,12317400
2017-02-13,48.27000045776367,48.619998931884766,48.08000183105469,48.54999923706055,34.12114334106445,18305300
2017-02-14,48.310001373291016,48.470001220703125,47.9900016784668,48.27000045776367,33.924346923828125,20847200
2017-02-15,48.0,48.099998474121094,47.79999923706055,48.08000183105469,33.79082107543945,19297100
2017-02-16,48.029998779296875,48.52000045776367,47.88999938964844,48.459999084472656,34.057884216308594,18706900
2017-02-17,48.310001373291016,49.29999923706055,48.130001068115234,49.189998626708984,34.5709342956543,23190700
2017-02-21,49.5099983215332,49.689998626708984,49.22999954223633,49.43000030517578,34.73960876464844,19206000
2017-02-22,49.5,49.70000076293945,49.47999954223633,49.66999816894531,34.90827941894531,13653400
2017-02-23,49.97999954223633,50.5,49.66999816894531,50.310001373291016,35.358062744140625,16212000
2017-02-24,50.279998779296875,50.95000076293945,50.279998779296875,50.599998474121094,35.56188201904297,14357900
2017-02-27,50.4900016784668,50.54999923706055,49.79999923706055,49.939998626708984,35.09803009033203,14029500
2017-02-28,49.959999084472656,50.029998779296875,49.40999984741211,49.630001068115234,34.880165100097656,17699200
2017-03-01,49.560001373291016,49.97999954223633,49.369998931884766,49.810001373291016,35.00666809082031,16095600
2017-03-02,49.689998626708984,50.02000045776367,49.599998474121094,49.97999954223633,35.12614059448242,10773400
2017-03-03,49.97999954223633,50.13999938964844,49.79999923706055,50.09000015258789,35.203453063964844,11071600
2017-03-06,50.029998779296875,50.150001525878906,49.84000015258789,50.029998779296875,35.161277770996094,10827300
2017-03-07,50.0,50.060001373291016,49.36000061035156,49.439998626708984,34.74663162231445,12896900
2017-03-08,49.29999923706055,49.33000183105469,48.900001525878906,49.15999984741211,34.549842834472656,14206500
2017-03-09,49.22999954223633,49.45000076293945,49.08000183105469,49.279998779296875,34.63417434692383,10590000
2017-03-10,49.5,49.52000045776367,49.099998474121094,49.349998474121094,34.68337631225586,11181600
2017-03-13,49.33000183105469,49.529998779296875,49.130001068115234,49.470001220703125,34.76771545410156,10488800
2017-03-14,49.439998626708984,49.630001068115234,49.25,49.36000061035156,34.69041442871094,8496600
2017-03-15,49.2599983215332,50.25,49.2599983215332,50.13999938964844,35.238590240478516,12660800
2017-03-16,50.02000045776367,50.25,49.849998474121094,50.040000915527344,35.1683235168457,10861200
2017-03-17,50.189998626708984,50.43000030517578,50.02000045776367,50.38999938964844,35.4142951965332,21071300
2017-03-20,50.41999816894531,50.61000061035156,50.13999938964844,50.2400016784668,35.308876037597656,9456000
2017-03-21,50.47999954223633,50.630001068115234,50.119998931884766,50.15999984741211,35.25265121459961,15196500
2017-03-22,50.130001068115234,50.279998779296875,49.40999984741211,49.709999084472656,34.93638610839844,14950400
2017-03-23,49.75,49.880001068115234,49.41999816894531,49.63999938964844,34.8871955871582,9644900
2017-03-24,49.70000076293945,49.83000183105469,49.5,49.68000030517578,34.91530990600586,9310700
2017-03-27,49.68000030517578,49.7599983215332,48.91999816894531,49.13999938964844,34.535789489746094,13270900
2017-03-28,49.0099983215332,49.349998474121094,48.66999816894531,49.29999923706055,34.648231506347656,12856300
2017-03-29,49.279998779296875,49.369998931884766,49.029998779296875,49.130001068115234,34.52876281738281,11160800
2017-03-30,49.0,49.2400016784668,48.900001525878906,49.060001373291016,34.47957229614258,11623000
2017-03-31,49.099998474121094,49.099998474121094,48.75,48.75,34.261695861816406,19299100
2017-04-03,48.72999954223633,49.25,48.59000015258789,49.18000030517578,34.563907623291016,14307400
2017-04-04,49.099998474121094,49.31999969482422,48.880001068115234,49.310001373291016,34.655269622802734,8952800
2017-04-05,49.43000030517578,49.54999923706055,49.0099983215332,49.02000045776367,34.451454162597656,14327600
2017-04-06,48.52000045776367,48.599998474121094,48.16999816894531,48.43000030517578,34.44293212890625,18456100
2017-04-07,48.47999954223633,48.91999816894531,48.2599983215332,48.65999984741211,34.60649871826172,17269600
2017-04-10,48.720001220703125,48.880001068115234,48.45000076293945,48.540000915527344,34.521148681640625,10859400
2017-04-11,48.5099983215332,48.75,48.29999923706055,48.70000076293945,34.634944915771484,13096200
2017-04-12,48.529998779296875,48.939998626708984,48.34000015258789,48.91999816894531,34.79140090942383,10455800
2017-04-13,48.79999923706055,48.91999816894531,48.56999969482422,48.619998931884766,34.57805633544922,9487000
2017-04-17,48.68000030517578,49.099998474121094,48.68000030517578,48.810001373291016,34.71318435668945,10507100
2017-04-18,48.619998931884766,49.4900016784668,48.540000915527344,49.220001220703125,35.0047607421875,19691300
2017-04-19,49.439998626708984,49.54999923706055,48.88999938964844,48.939998626708984,34.80561828613281,18837300
2017-04-20,47.91999816894531,48.619998931884766,47.709999084472656,48.40999984741211,34.42869186401367,30398200
2017-04-21,47.91999816894531,48.16999816894531,47.130001068115234,47.25,33.60371017456055,31278300
2017-04-24,47.130001068115234,47.36000061035156,46.959999084472656,47.04999923706055,33.46147918701172,23161900
2017-04-25,46.959999084472656,47.27000045776367,46.58000183105469,46.70000076293945,33.212554931640625,30033500
2017-04-26,46.75,47.529998779296875,46.619998931884766,47.36000061035156,33.68194580078125,29343800
2017-04-27,47.36000061035156,47.38999938964844,46.65999984741211,46.66999816894531,33.191219329833984,16838500
2017-04-28,46.63999938964844,46.63999938964844,45.88999938964844,45.90999984741211,32.650726318359375,25922800
2017-05-01,46.060001373291016,46.150001525878906,45.880001068115234,45.880001068115234,32.62938690185547,14455200
2017-05-02,46.0,46.099998474121094,45.7599983215332,45.90999984741211,32.650726318359375,13397800
2017-05-03,46.02000045776367,46.25,45.83000183105469,46.150001525878906,32.8214111328125,19568100
2017-05-04,46.18000030517578,46.18000030517578,45.7599983215332,45.880001068115234,32.62938690185547,20767700
2017-05-05,46.08000183105469,46.72999954223633,46.0,46.689998626708984,33.20545196533203,17133000
2017-05-08,46.720001220703125,46.7400016784668,46.290000915527344,46.630001068115234,33.162784576416016,15561700
2017-05-09,46.52000045776367,46.59000015258789,46.15999984741211,46.41999816894531,33.01343536376953,14349000
2017-05-10,46.400001525878906,46.630001068115234,46.310001373291016,46.380001068115234,32.9849739074707,12669600
2017-05-11,46.310001373291016,46.369998931884766,45.97999954223633,46.02000045776367,32.72895431518555,12435800
2017-05-12,46.119998931884766,46.15999984741211,45.810001373291016,45.84000015258789,32.60093688964844,14470900
2017-05-15,45.90999984741211,45.939998626708984,45.25,45.380001068115234,32.27378845214844,20379700
2017-05-16,45.34000015258789,45.650001525878906,45.25,45.310001373291016,32.2240104675293,14813500
2017-05-17,45.310001373291016,45.310001373291016,44.459999084472656,44.47999954223633,31.633716583251953,21333500
2017-05-18,44.5,45.290000915527344,44.470001220703125,45.040000915527344,32.031982421875,15648700
2017-05-19,45.15999984741211,45.439998626708984,44.7599983215332,45.41999816894531,32.30223083496094,12787800
2017-05-22,45.38999938964844,45.560001373291016,45.279998779296875,45.47999954223633,32.34490966796875,9290100
2017-05-23,45.47999954223633,45.58000183105469,45.400001525878906,45.47999954223633,32.34490966796875,8066300
2017-05-24,45.45000076293945,45.4900016784668,44.849998474121094,45.040000915527344,32.031982421875,15846000
2017-05-25,45.04999923706055,45.380001068115234,45.0099983215332,45.310001373291016,32.2240104675293,11206400
2017-05-26,45.25,45.439998626708984,45.2400016784668,45.31999969482422,32.23111343383789,5999900
2017-05-30,45.2599983215332,46.33000183105469,45.2599983215332,46.20000076293945,32.85696792602539,16442300
2017-05-31,46.43000030517578,46.95000076293945,46.2599983215332,46.63999938964844,33.16989517211914,22811100
2017-06-01,46.709999084472656,46.709999084472656,46.099998474121094,46.5099983215332,33.077430725097656,14219400
2017-06-02,46.630001068115234,47.189998626708984,46.31999969482422,46.439998626708984,33.027652740478516,18552800
2017-06-05,46.16999816894531,46.41999816894531,46.02000045776367,46.369998931884766,32.97786331176758,8538200
2017-06-06,46.369998931884766,46.810001373291016,46.2400016784668,46.439998626708984,33.027652740478516,11610500
2017-06-07,46.52000045776367,46.70000076293945,46.36000061035156,46.5,33.0703239440918,8648100
2017-06-08,46.5,46.560001373291016,46.0,46.189998626708984,32.84984588623047,11717800
2017-06-09,46.16999816894531,46.779998779296875,46.0099983215332,46.720001220703125,33.226783752441406,11698800
2017-06-12,46.720001220703125,47.5,46.720001220703125,47.189998626708984,33.56104278564453,18929100
2017-06-13,47.29999923706055,47.310001373291016,46.400001525878906,46.459999084472656,33.041873931884766,15194600
2017-06-14,46.630001068115234,46.779998779296875,46.40999984741211,46.689998626708984,33.20545196533203,9817600
2017-06-15,46.58000183105469,46.83000183105469,46.5,46.63999938964844,33.16989517211914,10984100
2017-06-16,46.86000061035156,47.0,46.33000183105469,46.630001068115234,33.162784576416016,22573900
2017-06-19,46.630001068115234,46.630001068115234,46.290000915527344,46.56999969482422,33.12010192871094,9773500
2017-06-20,46.400001525878906,46.40999984741211,45.7400016784668,45.939998626708984,32.67205047607422,16756100
2017-06-21,45.95000076293945,46.02000045776367,45.09000015258789,45.40999984741211,32.295135498046875,15027200
2017-06-22,45.470001220703125,45.59000015258789,45.18000030517578,45.41999816894531,32.30223083496094,10511300
2017-06-23,45.43000030517578,45.459999084472656,45.29999923706055,45.38999938964844,32.2808952331543,10069700
2017-06-26,45.45000076293945,45.97999954223633,45.45000076293945,45.75,32.53693389892578,10105500
2017-06-27,44.970001220703125,45.150001525878906,44.810001373291016,44.84000015258789,31.88974380493164,20187200
2017-06-28,44.97999954223633,45.22999954223633,44.68000030517578,44.84000015258789,31.88974380493164,18703600
2017-06-29,44.79999923706055,44.900001525878906,44.38999938964844,44.40999984741211,31.58393096923828,17913000
2017-06-30,44.619998931884766,44.75,44.36000061035156,44.65999984741211,31.761735916137695,13368900
2017-07-03,44.61000061035156,45.08000183105469,44.5099983215332,45.0,32.0035400390625,9732000
2017-07-05,45.04999923706055,45.060001373291016,44.439998626708984,44.650001525878906,31.754621505737305,14853400
2017-07-06,43.970001220703125,44.09000015258789,43.52000045776367,43.52000045776367,31.356903076171875,16854300
2017-07-07,43.529998779296875,43.599998474121094,43.209999084472656,43.47999954223633,31.328075408935547,12198500
2017-07-10,43.47999954223633,43.5099983215332,43.18000030517578,43.20000076293945,31.12632942199707,12272500
2017-07-11,43.209999084472656,43.220001220703125,42.79999923706055,42.88999938964844,30.902971267700195,13249500
2017-07-12,43.040000915527344,43.380001068115234,43.0,43.220001220703125,31.140737533569336,11388900
2017-07-13,43.150001525878906,43.540000915527344,43.040000915527344,43.4900016784668,31.33528709411621,12140500
2017-07-14,43.630001068115234,43.81999969482422,43.40999984741211,43.560001373291016,31.38571548461914,11986800
2017-07-17,43.630001068115234,43.86000061035156,43.560001373291016,43.65999984741211,31.4577693939209,10804200
2017-07-18,43.65999984741211,43.790000915527344,43.2599983215332,43.36000061035156,31.241609573364258,15417100
2017-07-19,43.349998474121094,43.540000915527344,43.20000076293945,43.45000076293945,31.306459426879883,13940800
2017-07-20,43.5,44.58000183105469,43.47999954223633,44.220001220703125,31.86125373840332,19309100
2017-07-21,44.22999954223633,44.310001373291016,43.81999969482422,44.22999954223633,31.868467330932617,11426600
2017-07-24,44.150001525878906,44.209999084472656,43.68000030517578,43.709999084472656,31.493793487548828,11895200
2017-07-25,43.900001525878906,44.16999816894531,43.810001373291016,43.97999954223633,31.688335418701172,9818800
2017-07-26,44.79999923706055,44.83000183105469,44.279998779296875,44.400001525878906,31.990955352783203,19045200
2017-07-27,46.2599983215332,47.84000015258789,45.95000076293945,47.810001373291016,34.44791793823242,44702500
2017-07-28,47.70000076293945,48.380001068115234,47.119998931884766,47.939998626708984,34.54158020019531,25296500
2017-07-31,47.849998474121094,48.56999969482422,47.47999954223633,48.400001525878906,34.87301254272461,28456800
2017-08-01,48.68000030517578,49.630001068115234,48.529998779296875,48.88999938964844,35.226070404052734,33498200
2017-08-02,48.900001525878906,48.93000030517578,47.900001525878906,48.209999084472656,34.73611068725586,19233400
2017-08-03,48.09000015258789,48.61000061035156,47.939998626708984,48.61000061035156,35.02433395385742,15190100
2017-08-04,48.54999923706055,48.90999984741211,48.13999938964844,48.90999984741211,35.240474700927734,13841700
2017-08-07,48.790000915527344,48.959999084472656,48.68000030517578,48.86000061035156,35.2044563293457,10448700
2017-08-08,48.75,48.95000076293945,48.43000030517578,48.599998474121094,35.01712417602539,10901200
2017-08-09,48.52000045776367,48.63999938964844,48.08000183105469,48.220001220703125,34.74332809448242,18887100
2017-08-10,48.18000030517578,48.209999084472656,47.86000061035156,48.02000045776367,34.5992317199707,13005200
2017-08-11,48.20000076293945,48.22999954223633,47.70000076293945,48.060001373291016,34.628047943115234,10420500
2017-08-14,48.16999816894531,48.79999923706055,48.150001525878906,48.779998779296875,35.14680862426758,11064600
2017-08-15,48.560001373291016,48.59000015258789,48.189998626708984,48.47999954223633,34.9306640625,11164800
2017-08-16,48.369998931884766,48.529998779296875,48.220001220703125,48.40999984741211,34.88022232055664,9447000
2017-08-17,48.369998931884766,48.45000076293945,47.88999938964844,47.88999938964844,34.50555419921875,10638000
2017-08-18,47.849998474121094,47.95000076293945,47.5099983215332,47.689998626708984,34.3614501953125,16919100
2017-08-21,47.83000183105469,48.5,47.689998626708984,48.13999938964844,34.68567657470703,10556800
2017-08-22,48.130001068115234,48.439998626708984,47.779998779296875,48.349998474121094,34.83699035644531,11005500
2017-08-23,48.2599983215332,48.66999816894531,48.189998626708984,48.279998779296875,34.786556243896484,8909200
2017-08-24,48.349998474121094,48.560001373291016,48.18000030517578,48.310001373291016,34.808170318603516,8898200
2017-08-25,48.47999954223633,48.97999954223633,48.43000030517578,48.68000030517578,35.07476043701172,9846700
2017-08-28,48.650001525878906,48.75,48.310001373291016,48.61000061035156,35.02433395385742,6329400
2017-08-29,48.36000061035156,48.7599983215332,48.33000183105469,48.5099983215332,34.952274322509766,6044100
2017-08-30,48.33000183105469,48.369998931884766,48.0,48.119998931884766,34.671268463134766,10758400
2017-08-31,48.2599983215332,48.400001525878906,47.93000030517578,47.970001220703125,34.56320571899414,14237700
2017-09-01,48.02000045776367,48.06999969482422,47.77000045776367,47.91999816894531,34.52716827392578,11455200
2017-09-05,47.779998779296875,47.91999816894531,47.29999923706055,47.36000061035156,34.12368392944336,10005100
2017-09-06,47.470001220703125,47.560001373291016,46.619998931884766,46.90999984741211,33.79944610595703,14081900
2017-09-07,47.0,47.209999084472656,46.06999969482422,46.20000076293945,33.287879943847656,16591100
2017-09-08,46.18000030517578,46.38999938964844,45.709999084472656,46.11000061035156,33.2230339050293,14152000
2017-09-11,46.22999954223633,46.34000015258789,46.119998931884766,46.29999923706055,33.35993576049805,11073700
2017-09-12,46.5,46.95000076293945,46.380001068115234,46.790000915527344,33.712989807128906,11173200
2017-09-13,46.779998779296875,47.2599983215332,46.68000030517578,47.25,34.04441833496094,12772700
2017-09-14,47.2400016784668,47.59000015258789,47.0099983215332,47.18000030517578,33.99399185180664,11808500
2017-09-15,47.41999816894531,47.900001525878906,47.060001373291016,47.86000061035156,34.48394012451172,24626500
2017-09-18,47.90999984741211,48.25,47.5099983215332,48.09000015258789,34.6496696472168,18810200
2017-09-19,48.09000015258789,49.54999923706055,48.0099983215332,49.34000015258789,35.55030059814453,30818000
2017-09-20,49.29999923706055,49.63999938964844,49.08000183105469,49.47999954223633,35.65116882324219,18755900
2017-09-21,49.369998931884766,49.439998626708984,48.84000015258789,48.939998626708984,35.26209259033203,14315800
2017-09-22,49.189998626708984,50.08000183105469,49.02000045776367,49.900001525878906,35.95380401611328,20646400
2017-09-25,49.869998931884766,50.31999969482422,49.75,49.900001525878906,35.95380401611328,13698600
2017-09-26,49.959999084472656,50.08000183105469,49.400001525878906,49.5099983215332,35.67279052734375,12007500
2017-09-27,49.189998626708984,49.72999954223633,49.119998931884766,49.5099983215332,35.67279052734375,14270800
2017-09-28,49.2400016784668,49.56999969482422,49.13999938964844,49.40999984741211,35.60074234008789,8231800
2017-09-29,49.29999923706055,49.83000183105469,49.0099983215332,49.4900016784668,35.658382415771484,13021700
2017-10-02,49.38999938964844,49.70000076293945,49.25,49.36000061035156,35.56472396850586,9525800
2017-10-03,49.45000076293945,50.02000045776367,49.43000030517578,49.849998474121094,35.91776657104492,10218600
2017-10-04,49.63999938964844,50.08000183105469,49.380001068115234,49.900001525878906,35.95380401611328,9887500
2017-10-05,49.959999084472656,50.029998779296875,49.68000030517578,49.77000045776367,35.86012268066406,12230600
2017-10-06,49.040000915527344,49.20000076293945,48.65999984741211,48.810001373291016,35.5903434753418,13239600
2017-10-09,48.88999938964844,49.09000015258789,48.650001525878906,49.04999923706055,35.76532745361328,10702900
2017-10-10,49.279998779296875,49.4900016784668,49.060001373291016,49.13999938964844,35.830955505371094,10843900
2017-10-11,49.13999938964844,49.31999969482422,48.5099983215332,48.86000061035156,35.62679672241211,10335100
2017-10-12,48.439998626708984,48.849998474121094,48.130001068115234,48.349998474121094,35.254920959472656,17087900
2017-10-13,48.34000015258789,48.47999954223633,47.83000183105469,47.86000061035156,34.89763641357422,20105100
2017-10-16,47.900001525878906,48.349998474121094,47.70000076293945,48.09000015258789,35.06535339355469,10394700
2017-10-17,48.09000015258789,48.4900016784668,47.869998931884766,48.400001525878906,35.2913818359375,14842800
2017-10-18,48.33000183105469,48.849998474121094,47.7599983215332,48.650001525878906,35.47367477416992,20410400
2017-10-19,50.04999923706055,51.18000030517578,49.04999923706055,49.209999084472656,35.881996154785156,29173900
2017-10-20,49.45000076293945,49.59000015258789,48.93000030517578,49.529998779296875,36.115333557128906,16259600
2017-10-23,49.470001220703125,49.689998626708984,48.90999984741211,48.9900016784668,35.721588134765625,15660000
2017-10-24,49.15999984741211,49.279998779296875,48.720001220703125,48.939998626708984,35.685123443603516,11527900
2017-10-25,48.68000030517578,48.790000915527344,48.150001525878906,48.63999938964844,35.46638870239258,19256800
2017-10-26,48.86000061035156,49.43000030517578,48.75,48.88999938964844,35.64866638183594,14420100
2017-10-27,48.720001220703125,49.38999938964844,48.529998779296875,48.869998931884766,35.63408279418945,12423400
2017-10-30,48.880001068115234,49.119998931884766,47.41999816894531,47.83000183105469,34.87575912475586,24587400
2017-10-31,47.939998626708984,48.18000030517578,47.709999084472656,47.869998931884766,34.90492630004883,15910000
2017-11-01,48.150001525878906,48.16999816894531,47.560001373291016,47.83000183105469,34.87575912475586,11046600
2017-11-02,47.880001068115234,47.939998626708984,47.18000030517578,47.459999084472656,34.60597229003906,13126900
2017-11-03,47.65999984741211,47.7400016784668,47.2400016784668,47.41999816894531,34.57680892944336,8038200
2017-11-06,46.310001373291016,46.349998474121094,44.84000015258789,45.529998779296875,33.19868087768555,36443300
2017-11-07,45.209999084472656,45.59000015258789,44.68000030517578,45.56999969482422,33.22786331176758,25789600
2017-11-08,45.40999984741211,45.52000045776367,45.13999938964844,45.459999084472656,33.147640228271484,17414800
2017-11-09,45.290000915527344,45.43000030517578,44.810001373291016,45.06999969482422,32.86327362060547,21078700
2017-11-10,45.11000061035156,45.11000061035156,44.75,44.880001068115234,32.72472381591797,17075000
2017-11-13,44.91999816894531,45.08000183105469,44.70000076293945,44.75,32.62994384765625,16673900
2017-11-14,44.689998626708984,44.849998474121094,44.150001525878906,44.220001220703125,32.24348831176758,20829900
2017-11-15,44.33000183105469,44.380001068115234,43.970001220703125,44.11000061035156,32.16328430175781,15726500
2017-11-16,44.209999084472656,44.880001068115234,44.11000061035156,44.77000045776367,32.644535064697266,13818000
2017-11-17,44.630001068115234,45.77000045776367,44.619998931884766,45.41999816894531,33.11847686767578,18933200
2017-11-20,45.79999923706055,46.349998474121094,45.5,46.20000076293945,33.68722152709961,18227400
2017-11-21,46.34000015258789,46.45000076293945,46.0099983215332,46.18000030517578,33.67264175415039,13598000
2017-11-22,46.25,47.41999816894531,46.2400016784668,47.099998474121094,34.343475341796875,15825100
2017-11-24,47.060001373291016,47.18000030517578,46.849998474121094,47.0099983215332,34.27785110473633,5097200
2017-11-27,47.369998931884766,47.900001525878906,47.349998474121094,47.65999984741211,34.751800537109375,17548300
2017-11-28,47.70000076293945,48.84000015258789,47.529998779296875,48.81999969482422,35.59763717651367,20982500
2017-11-29,48.84000015258789,50.4900016784668,48.84000015258789,49.900001525878906,36.385128021240234,31034500
2017-11-30,50.0,51.09000015258789,49.9900016784668,50.88999938964844,37.106990814208984,33268500
2017-12-01,50.900001525878906,51.54999923706055,50.33000183105469,51.25,37.3694953918457,23909000
2017-12-04,51.52000045776367,52.33000183105469,51.5,51.720001220703125,37.71220016479492,19371000
2017-12-05,51.25,51.88999938964844,50.779998779296875,50.91999816894531,37.12886428833008,17574100
2017-12-06,50.400001525878906,50.84000015258789,50.2400016784668,50.68000030517578,36.9538688659668,17296600
2017-12-07,50.59000015258789,50.7400016784668,50.20000076293945,50.41999816894531,36.7642822265625,11986700
2017-12-08,50.540000915527344,51.18000030517578,50.36000061035156,51.09000015258789,37.25282669067383,13639900
2017-12-11,51.290000915527344,51.93000030517578,50.970001220703125,51.84000015258789,37.79970169067383,13542500
2017-12-12,53.150001525878906,53.34000015258789,52.33000183105469,53.189998626708984,38.78406524658203,22901200
2017-12-13,52.9900016784668,53.189998626708984,52.279998779296875,52.88999938964844,38.565311431884766,17705500
2017-12-14,52.599998474121094,52.7400016784668,52.09000015258789,52.34000015258789,38.16427230834961,18775400
2017-12-15,52.56999969482422,52.88999938964844,52.38999938964844,52.66999816894531,38.40489959716797,28935600
2017-12-18,52.939998626708984,53.38999938964844,52.65999984741211,53.25,38.827816009521484,15874300
2017-12-19,53.27000045776367,53.59000015258789,52.70000076293945,52.83000183105469,38.521568298339844,14239500
2017-12-20,53.11000061035156,53.349998474121094,52.68000030517578,52.77000045776367,38.47781753540039,11643500
2017-12-21,52.810001373291016,53.599998474121094,52.61000061035156,53.0099983215332,38.65281295776367,12778100
2017-12-22,53.11000061035156,53.630001068115234,53.060001373291016,53.189998626708984,38.78406524658203,13657800
2017-12-26,53.130001068115234,53.689998626708984,53.130001068115234,53.220001220703125,38.805931091308594,6595800
2017-12-27,53.40999984741211,53.5,53.09000015258789,53.279998779296875,38.849693298339844,8361900
2017-12-28,53.40999984741211,53.54999923706055,53.15999984741211,53.43000030517578,38.95906066894531,6726300
2017-12-29,53.369998931884766,53.459999084472656,52.93000030517578,52.93000030517578,38.594482421875,9994700
2018-01-02,53.15999984741211,53.56999969482422,52.79999923706055,53.529998779296875,39.0319709777832,16045300
2018-01-03,53.29999923706055,53.34000015258789,52.18000030517578,52.43000030517578,38.229896545410156,16662400
2018-01-04,52.369998931884766,52.88999938964844,51.83000183105469,52.599998474121094,38.35384750366211,12062800
2018-01-05,52.79999923706055,52.880001068115234,52.349998474121094,52.47999954223633,38.266357421875,13348900
2018-01-08,52.560001373291016,52.75,52.040000915527344,52.38999938964844,38.20073699951172,16212700
2018-01-09,52.119998931884766,52.439998626708984,51.54999923706055,51.61000061035156,38.06061553955078,14677800
2018-01-10,51.38999938964844,51.72999954223633,51.150001525878906,51.689998626708984,38.11961364746094,12593400
2018-01-11,51.88999938964844,52.18000030517578,51.63999938964844,52.11000061035156,38.42934799194336,15568200
2018-01-12,51.939998626708984,52.2400016784668,51.779998779296875,51.86000061035156,38.2449951171875,17673700
2018-01-16,51.68000030517578,52.02000045776367,51.41999816894531,51.65999984741211,38.09748077392578,14739200
2018-01-17,51.810001373291016,51.900001525878906,51.209999084472656,51.720001220703125,38.14174270629883,11591500
2018-01-18,51.900001525878906,53.29999923706055,51.38999938964844,51.54999923706055,38.016353607177734,29442600
2018-01-19,51.7400016784668,51.91999816894531,51.15999984741211,51.90999984741211,38.281856536865234,23761300
2018-01-22,52.04999923706055,53.4900016784668,52.0099983215332,53.459999084472656,39.4249267578125,27691300
2018-01-23,54.599998474121094,54.599998474121094,52.810001373291016,53.22999954223633,39.25531005859375,33000500
2018-01-24,53.81999969482422,54.439998626708984,53.5,54.220001220703125,39.985408782958984,21080400
2018-01-25,54.279998779296875,54.77000045776367,54.0099983215332,54.290000915527344,40.037025451660156,18638700
2018-01-26,54.4900016784668,54.75,54.34000015258789,54.720001220703125,40.354129791259766,13077600
2018-01-29,53.58000183105469,54.58000183105469,53.400001525878906,54.130001068115234,39.91903305053711,17052600
2018-01-30,54.29999923706055,54.5,53.790000915527344,53.900001525878906,39.74940490722656,15401500
2018-01-31,53.9900016784668,54.41999816894531,53.529998779296875,54.06999969482422,39.87478256225586,17827000
2018-02-01,54.4900016784668,54.75,54.0099983215332,54.29999923706055,40.044403076171875,18646100
2018-02-02,54.27000045776367,54.27000045776367,52.900001525878906,52.97999954223633,39.070953369140625,15574000
2018-02-05,52.52000045776367,53.189998626708984,50.5,50.5,37.24203109741211,22239600
2018-02-06,49.439998626708984,51.0,49.06999969482422,50.83000183105469,37.48539733886719,34543900
2018-02-07,50.630001068115234,51.93000030517578,50.5,51.0099983215332,37.618133544921875,16066600
2018-02-08,50.88999938964844,51.08000183105469,49.0,49.040000915527344,36.16532897949219,23308900
2018-02-09,49.599998474121094,50.29999923706055,48.369998931884766,49.880001068115234,36.78479766845703,27707900
2018-02-12,50.220001220703125,50.65999984741211,49.58000183105469,50.11000061035156,36.95442581176758,16903000
2018-02-13,49.90999984741211,50.2599983215332,49.16999816894531,50.08000183105469,36.932289123535156,11871700
2018-02-14,49.7599983215332,50.099998474121094,49.31999969482422,49.5099983215332,36.511940002441406,17559200
2018-02-15,49.54999923706055,49.779998779296875,48.95000076293945,49.7400016784668,36.681556701660156,18902700
2018-02-16,49.689998626708984,50.459999084472656,49.689998626708984,50.150001525878906,36.983917236328125,12264000
2018-02-20,49.84000015258789,49.88999938964844,48.7599983215332,48.91999816894531,36.07682800292969,21330400
2018-02-21,48.79999923706055,48.86000061035156,47.939998626708984,47.959999084472656,35.36886978149414,20889900
2018-02-22,48.25,48.70000076293945,47.779998779296875,47.869998931884766,35.302494049072266,21198300
2018-02-23,48.09000015258789,48.29999923706055,47.540000915527344,48.290000915527344,35.61222457885742,26371400
2018-02-26,48.720001220703125,49.150001525878906,48.45000076293945,49.09000015258789,36.20219802856445,20853900
2018-02-27,49.02000045776367,49.16999816894531,48.040000915527344,48.040000915527344,35.42786407470703,23234700
2018-02-28,48.7599983215332,48.959999084472656,47.720001220703125,47.7400016784668,35.206626892089844,22159100
2018-03-01,47.689998626708984,48.599998474121094,47.5099983215332,47.959999084472656,35.36886978149414,28950200
2018-03-02,47.83000183105469,48.33000183105469,47.7599983215332,48.2599983215332,35.59010314941406,17449900
2018-03-05,48.150001525878906,48.939998626708984,48.02000045776367,48.709999084472656,35.921966552734375,15348400
2018-03-06,48.75,48.88999938964844,48.29999923706055,48.88999938964844,36.0546989440918,13526900
2018-03-07,48.540000915527344,49.209999084472656,48.459999084472656,48.84000015258789,36.01783752441406,16738200
2018-03-08,48.88999938964844,49.029998779296875,48.31999969482422,49.0099983215332,36.14319610595703,17038500
2018-03-09,49.20000076293945,49.22999954223633,48.349998474121094,49.0099983215332,36.14319610595703,14927100
2018-03-12,49.029998779296875,49.2599983215332,48.66999816894531,48.79999923706055,35.98833465576172,12526300
2018-03-13,49.0,49.2599983215332,48.5,48.650001525878906,35.877723693847656,12840200
2018-03-14,48.93000030517578,49.099998474121094,48.36000061035156,48.45000076293945,35.73021697998047,11930400
2018-03-15,48.529998779296875,48.77000045776367,48.13999938964844,48.290000915527344,35.61222457885742,9537400
2018-03-16,48.40999984741211,48.779998779296875,48.220001220703125,48.560001373291016,35.811344146728516,26838100
2018-03-19,48.529998779296875,48.61000061035156,48.119998931884766,48.310001373291016,35.626976013183594,12980800
2018-03-20,48.400001525878906,48.59000015258789,47.58000183105469,47.689998626708984,35.16975402832031,10765500
2018-03-21,47.689998626708984,47.959999084472656,47.27000045776367,47.279998779296875,34.86738204956055,11062500
2018-03-22,47.099998474121094,47.52000045776367,46.77000045776367,46.880001068115234,34.57240295410156,14270800
2018-03-23,47.060001373291016,47.459999084472656,46.20000076293945,46.290000915527344,34.13730239868164,15955100
2018-03-26,46.779998779296875,47.16999816894531,46.59000015258789,47.06999969482422,34.7125244140625,15435500
2018-03-27,47.099998474121094,47.900001525878906,46.84000015258789,47.310001373291016,34.88951873779297,14544700
2018-03-28,47.88999938964844,48.560001373291016,47.83000183105469,48.0,35.39835739135742,17728000
2018-03-29,48.20000076293945,48.72999954223633,47.56999969482422,47.81999969482422,35.265621185302734,17305500
2018-04-02,47.619998931884766,47.939998626708984,46.720001220703125,47.15999984741211,34.77888870239258,16511200
2018-04-03,47.220001220703125,47.529998779296875,46.709999084472656,47.5,35.02962875366211,14841300
2018-04-04,47.15999984741211,47.9900016784668,46.900001525878906,47.93000030517578,35.346744537353516,12376400
2018-04-05,47.97999954223633,48.349998474121094,47.68000030517578,48.2400016784668,35.57535934448242,13201300
2018-04-06,48.099998474121094,48.279998779296875,47.27000045776367,47.47999954223633,35.014888763427734,16071600
2018-04-09,47.029998779296875,47.5,46.79999923706055,46.91999816894531,35.03728485107422,13475300
2018-04-10,47.20000076293945,48.970001220703125,46.9900016784668,48.27000045776367,36.04539108276367,24309300
2018-04-11,47.93000030517578,47.9900016784668,47.47999954223633,47.58000183105469,35.53013610839844,11695600
2018-04-12,47.869998931884766,48.13999938964844,47.439998626708984,47.7400016784668,35.649620056152344,8837900
2018-04-13,47.90999984741211,47.97999954223633,47.5099983215332,47.65999984741211,35.58987045288086,7302000
2018-04-16,47.95000076293945,48.459999084472656,47.86000061035156,48.38999938964844,36.1349983215332,8885500
2018-04-17,48.59000015258789,49.040000915527344,48.310001373291016,48.849998474121094,36.478492736816406,11575500
2018-04-18,49.0,49.060001373291016,48.56999969482422,48.619998931884766,36.30675506591797,8347700
2018-04-19,48.599998474121094,48.959999084472656,48.380001068115234,48.43000030517578,36.16487503051758,11174200
2018-04-20,48.310001373291016,48.619998931884766,47.209999084472656,47.900001525878906,35.76910400390625,18224700
2018-04-23,48.20000076293945,48.720001220703125,47.970001220703125,48.65999984741211,36.33662033081055,14211600
2018-04-24,49.91999816894531,50.38999938964844,49.13999938964844,49.66999816894531,37.0908317565918,20920400
2018-04-25,50.060001373291016,50.15999984741211,49.2400016784668,50.099998474121094,37.411922454833984,19893200
2018-04-26,49.599998474121094,50.040000915527344,49.439998626708984,49.7599983215332,37.15803146362305,14121900
2018-04-27,50.25,51.689998626708984,50.15999984741211,51.56999969482422,38.509647369384766,25986200
2018-04-30,51.400001525878906,51.650001525878906,49.34000015258789,49.349998474121094,36.851871490478516,28938900
2018-05-01,49.4900016784668,49.650001525878906,48.2400016784668,48.81999969482422,36.45610809326172,16101400
2018-05-02,48.790000915527344,48.86000061035156,47.4900016784668,47.75,35.657081604003906,18515900
2018-05-03,47.720001220703125,47.86000061035156,47.36000061035156,47.84000015258789,35.724281311035156,16114100
2018-05-04,47.5,48.31999969482422,47.4900016784668,48.189998626708984,35.98564529418945,10669300
2018-05-07,48.18000030517578,48.31999969482422,47.56999969482422,47.72999954223633,35.64214324951172,12892100
2018-05-08,47.540000915527344,47.599998474121094,46.72999954223633,47.02000045776367,35.111961364746094,16716900
2018-05-09,47.0,47.18000030517578,46.09000015258789,46.380001068115234,34.634033203125,23083300
2018-05-10,46.68000030517578,47.290000915527344,46.52000045776367,47.20000076293945,35.24637985229492,15727500
2018-05-11,48.06999969482422,49.06999969482422,47.91999816894531,48.619998931884766,36.30675506591797,22872800
2018-05-14,48.66999816894531,48.900001525878906,48.279998779296875,48.4900016784668,36.20967483520508,10362600
2018-05-15,48.150001525878906,48.290000915527344,47.619998931884766,47.790000915527344,35.68694305419922,12655400
2018-05-16,47.790000915527344,48.09000015258789,47.65999984741211,47.86000061035156,35.739219665527344,9798800
2018-05-17,47.86000061035156,48.040000915527344,47.65999984741211,47.849998474121094,35.73175048828125,8907500
2018-05-18,47.84000015258789,47.88999938964844,47.31999969482422,47.7400016784668,35.649620056152344,11384400
2018-05-21,47.790000915527344,48.5,47.7400016784668,48.43000030517578,36.16487503051758,8588800
2018-05-22,48.33000183105469,49.310001373291016,48.2599983215332,48.810001373291016,36.44863510131836,18539800
2018-05-23,48.7400016784668,48.97999954223633,48.33000183105469,48.59000015258789,36.28434753417969,14027800
2018-05-24,48.88999938964844,49.0,48.470001220703125,48.63999938964844,36.321685791015625,13580400
2018-05-25,48.59000015258789,48.650001525878906,48.2400016784668,48.52000045776367,36.232078552246094,7948000
2018-05-29,48.29999923706055,48.459999084472656,47.86000061035156,48.20000076293945,35.99311447143555,13035300
2018-05-30,48.4900016784668,48.720001220703125,48.2400016784668,48.599998474121094,36.291805267333984,10459100
2018-05-31,48.52000045776367,48.529998779296875,47.52000045776367,47.66999816894531,35.59733581542969,27288300
2018-06-01,47.88999938964844,48.0,47.61000061035156,47.810001373291016,35.70188903808594,9967100
2018-06-04,48.04999923706055,48.15999984741211,47.72999954223633,47.81999969482422,35.709354400634766,9012600
2018-06-05,47.779998779296875,48.189998626708984,47.77000045776367,47.970001220703125,35.82136917114258,10378000
2018-06-06,48.15999984741211,48.439998626708984,47.790000915527344,48.40999984741211,36.14993667602539,12924800
2018-06-07,47.959999084472656,49.2599983215332,47.849998474121094,49.0099983215332,36.59797286987305,19674300
2018-06-08,48.45000076293945,49.20000076293945,48.43000030517578,49.18000030517578,36.72492599487305,15399300
2018-06-11,49.4900016784668,49.79999923706055,49.2599983215332,49.29999923706055,36.81452941894531,14143700
2018-06-12,49.58000183105469,49.63999938964844,48.65999984741211,48.810001373291016,36.44863510131836,15597900
2018-06-13,48.45000076293945,48.54999923706055,47.380001068115234,47.400001525878906,35.39572525024414,30809400
2018-06-14,47.7599983215332,47.88999938964844,47.29999923706055,47.81999969482422,35.709354400634766,17568400
2018-06-15,47.77000045776367,48.060001373291016,47.619998931884766,48.060001373291016,35.888572692871094,31398000
2018-06-18,47.900001525878906,48.0,47.130001068115234,47.459999084472656,35.440528869628906,15330400
2018-06-19,47.66999816894531,48.779998779296875,47.52000045776367,48.5,36.217140197753906,25070000
2018-06-20,48.63999938964844,48.65999984741211,47.810001373291016,48.09000015258789,35.910980224609375,11996800
2018-06-21,48.869998931884766,49.0,48.380001068115234,48.630001068115234,36.314212799072266,14854600
2018-06-22,48.959999084472656,49.93000030517578,48.84000015258789,49.7599983215332,37.15803146362305,31911000
2018-06-25,49.84000015258789,50.040000915527344,49.290000915527344,49.599998474121094,37.0385627746582,19301900
2018-06-26,49.619998931884766,49.75,49.06999969482422,49.29999923706055,36.81452941894531,13597000
2018-06-27,49.18000030517578,49.72999954223633,49.0099983215332,49.310001373291016,36.82200241088867,14144300
2018-06-28,49.43000030517578,51.04999923706055,49.40999984741211,50.86000061035156,37.979454040527344,21605500
2018-06-29,50.72999954223633,50.849998474121094,50.08000183105469,50.310001373291016,37.56875228881836,18023100
2018-07-02,50.25,50.439998626708984,49.70000076293945,50.41999816894531,37.650882720947266,13141200
2018-07-03,50.459999084472656,51.09000015258789,50.29999923706055,50.70000076293945,37.859981536865234,8441100
2018-07-05,50.9900016784668,51.29999923706055,50.52000045776367,51.279998779296875,38.2930908203125,11279600
2018-07-06,51.41999816894531,51.65999984741211,51.22999954223633,51.47999954223633,38.44244384765625,10203800
2018-07-09,51.029998779296875,51.11000061035156,50.68000030517578,50.7400016784668,38.32912826538086,10491200
2018-07-10,50.79999923706055,51.41999816894531,50.7400016784668,51.34000015258789,38.782379150390625,9614600
2018-07-11,51.220001220703125,51.75,51.150001525878906,51.34000015258789,38.782379150390625,14348100
2018-07-12,51.5,51.58000183105469,50.959999084472656,51.2400016784668,38.70683288574219,10583900
2018-07-13,51.099998474121094,51.45000076293945,50.93000030517578,51.40999984741211,38.835243225097656,11175100
2018-07-16,51.36000061035156,51.720001220703125,51.130001068115234,51.59000015258789,38.971221923828125,9633400
2018-07-17,51.540000915527344,51.939998626708984,51.41999816894531,51.43000030517578,38.85036087036133,10636100
2018-07-18,51.40999984741211,51.4900016784668,50.880001068115234,51.13999938964844,38.63129425048828,11734900
2018-07-19,51.099998474121094,51.099998474121094,50.599998474121094,50.75,38.33667755126953,9524200
2018-07-20,50.529998779296875,50.9900016784668,50.349998474121094,50.619998931884766,38.23847961425781,12026500
2018-07-23,50.689998626708984,50.97999954223633,50.27000045776367,50.75,38.33667755126953,11703200
2018-07-24,51.25,51.869998931884766,50.04999923706055,51.5099983215332,38.91079330444336,23265200
2018-07-25,51.689998626708984,52.04999923706055,50.810001373291016,50.90999984741211,38.45755386352539,15702800
2018-07-26,51.130001068115234,51.61000061035156,51.11000061035156,51.18000030517578,38.66151428222656,11162000
2018-07-27,51.47999954223633,52.380001068115234,51.47999954223633,52.0099983215332,39.288490295410156,14073700
2018-07-30,52.27000045776367,53.0,52.08000183105469,52.4900016784668,39.651092529296875,16725000
2018-07-31,52.599998474121094,52.66999816894531,51.4900016784668,51.63999938964844,39.008995056152344,16924200
2018-08-01,52.02000045776367,52.11000061035156,51.45000076293945,51.72999954223633,39.07698059082031,12789400
2018-08-02,51.7400016784668,52.0099983215332,51.43000030517578,51.97999954223633,39.265830993652344,12337500
2018-08-03,52.0,52.45000076293945,51.869998931884766,52.27000045776367,39.484901428222656,7769900
2018-08-06,52.130001068115234,52.720001220703125,51.7599983215332,52.47999954223633,39.643531799316406,10768400
2018-08-07,52.47999954223633,52.72999954223633,52.220001220703125,52.459999084472656,39.62842559814453,7106900
2018-08-08,52.54999923706055,52.880001068115234,52.40999984741211,52.70000076293945,39.80972671508789,9457300
2018-08-09,52.65999984741211,53.27000045776367,52.65999984741211,53.0099983215332,40.043888092041016,10768100
2018-08-10,52.93000030517578,52.93000030517578,52.27000045776367,52.470001220703125,39.63597869873047,7979600
2018-08-13,52.7400016784668,52.779998779296875,52.20000076293945,52.220001220703125,39.4471321105957,9919400
2018-08-14,52.310001373291016,52.939998626708984,52.310001373291016,52.869998931884766,39.938133239746094,11454400
2018-08-15,52.72999954223633,53.369998931884766,52.459999084472656,53.2400016784668,40.2176513671875,16473300
2018-08-16,53.25,54.41999816894531,53.20000076293945,54.27000045776367,40.99570846557617,16265400
2018-08-17,54.2599983215332,55.209999084472656,54.099998474121094,54.790000915527344,41.38850784301758,19102700
2018-08-20,54.93000030517578,55.08000183105469,54.20000076293945,54.650001525878906,41.28275680541992,10747400
2018-08-21,54.900001525878906,55.06999969482422,54.470001220703125,54.90999984741211,41.47915267944336,11961200
2018-08-22,54.84000015258789,55.0099983215332,53.939998626708984,54.13999938964844,40.897499084472656,13911400
2018-08-23,54.15999984741211,54.54999923706055,54.04999923706055,54.279998779296875,41.003257751464844,8354400
2018-08-24,54.2599983215332,54.83000183105469,54.220001220703125,54.779998779296875,41.38095474243164,8499900
2018-08-27,54.97999954223633,55.060001373291016,54.650001525878906,54.849998474121094,41.433834075927734,9539600
2018-08-28,54.81999969482422,54.900001525878906,54.459999084472656,54.650001525878906,41.28275680541992,11864600
2018-08-29,54.779998779296875,54.959999084472656,54.5,54.56999969482422,41.22232437133789,9801900
2018-08-30,54.400001525878906,54.79999923706055,54.2400016784668,54.75,41.35829162597656,9696500
2018-08-31,54.5099983215332,54.65999984741211,54.040000915527344,54.369998931884766,41.07124328613281,14605400
2018-09-04,53.54999923706055,53.720001220703125,52.84000015258789,53.189998626708984,40.179866790771484,19898600
2018-09-05,53.02000045776367,53.970001220703125,52.900001525878906,53.81999969482422,40.65576934814453,15301200
2018-09-06,53.939998626708984,54.470001220703125,53.70000076293945,54.290000915527344,41.01081085205078,10521900
2018-09-07,54.130001068115234,54.38999938964844,53.880001068115234,54.0,40.791751861572266,11746500
2018-09-10,54.31999969482422,54.68000030517578,53.9900016784668,54.119998931884766,40.88240051269531,10781900
2018-09-11,54.290000915527344,54.959999084472656,54.11000061035156,54.720001220703125,41.33563232421875,12298800
2018-09-12,54.75,55.41999816894531,54.560001373291016,54.970001220703125,41.52448654174805,13130800
2018-09-13,55.08000183105469,55.08000183105469,54.27000045776367,54.939998626708984,41.50181579589844,12559900
2018-09-14,54.90999984741211,54.9900016784668,54.18000030517578,54.54999923706055,41.20722198486328,13454700
2018-09-17,54.790000915527344,55.02000045776367,54.43000030517578,54.70000076293945,41.320526123046875,11013700
2018-09-18,54.38999938964844,54.810001373291016,54.290000915527344,54.38999938964844,41.086341857910156,13891100
2018-09-19,54.619998931884766,54.70000076293945,53.369998931884766,53.5,40.414039611816406,17471000
2018-09-20,53.599998474121094,54.150001525878906,53.31999969482422,53.95000076293945,40.75397491455078,14473400
2018-09-21,54.22999954223633,54.810001373291016,54.119998931884766,54.41999816894531,41.10901641845703,48954100
2018-09-24,54.310001373291016,54.4900016784668,53.529998779296875,53.540000915527344,40.44425964355469,14029600
2018-09-25,53.5,53.65999984741211,52.91999816894531,53.04999923706055,40.0741081237793,13604900
2018-09-26,53.290000915527344,53.58000183105469,53.08000183105469,53.13999938964844,40.14209747314453,13308300
2018-09-27,53.150001525878906,53.869998931884766,53.150001525878906,53.59000015258789,40.48202133178711,13348100
2018-09-28,53.470001220703125,53.560001373291016,53.27000045776367,53.38999938964844,40.33095169067383,12634500
2018-10-01,53.61000061035156,53.91999816894531,53.5,53.84000015258789,40.67088317871094,10682000
2018-10-02,53.79999923706055,54.439998626708984,53.599998474121094,54.41999816894531,41.10901641845703,12482900
2018-10-03,54.7400016784668,54.939998626708984,54.13999938964844,54.290000915527344,41.01081085205078,14939100
2018-10-04,54.349998474121094,55.029998779296875,53.959999084472656,55.02000045776367,41.562259674072266,15788400
2018-10-05,55.060001373291016,55.439998626708984,54.779998779296875,54.939998626708984,41.50181579589844,14044900
2018-10-08,55.0,55.209999084472656,54.45000076293945,55.02000045776367,41.562259674072266,16703700
2018-10-09,54.47999954223633,55.13999938964844,54.029998779296875,54.9900016784668,41.99989318847656,16962400
2018-10-10,54.9900016784668,55.900001525878906,54.290000915527344,54.33000183105469,41.495811462402344,22025500
2018-10-11,54.5099983215332,55.15999984741211,52.84000015258789,53.33000183105469,40.732032775878906,26336200
2018-10-12,53.81999969482422,53.88999938964844,52.81999969482422,53.72999954223633,41.03752899169922,18866600
2018-10-15,53.880001068115234,54.25,53.599998474121094,53.599998474121094,40.938255310058594,13022000
2018-10-16,53.459999084472656,53.79999923706055,53.2599983215332,53.70000076293945,41.014625549316406,15981200
2018-10-17,53.75,54.380001068115234,53.529998779296875,53.959999084472656,41.21321487426758,14528100
2018-10-18,53.86000061035156,54.68000030517578,53.779998779296875,54.650001525878906,41.740211486816406,16865100
2018-10-19,54.619998931884766,55.5,54.52000045776367,54.900001525878906,41.93114471435547,19103300
2018-10-22,55.08000183105469,55.27000045776367,54.61000061035156,54.97999954223633,41.99225997924805,21737500
2018-10-23,56.09000015258789,57.470001220703125,56.09000015258789,57.209999084472656,43.695472717285156,29328700
2018-10-24,57.0,58.439998626708984,56.41999816894531,57.41999816894531,43.85586929321289,37435600
2018-10-25,57.459999084472656,57.630001068115234,56.16999816894531,56.43000030517578,43.099727630615234,25270000
2018-10-26,56.2599983215332,56.619998931884766,55.189998626708984,55.5099983215332,42.39704513549805,24973300
2018-10-29,55.810001373291016,57.150001525878906,55.720001220703125,56.47999954223633,43.13792037963867,22103700
2018-10-30,56.91999816894531,58.79999923706055,56.91999816894531,58.18000030517578,44.43634033203125,25231200
2018-10-31,58.31999969482422,58.31999969482422,56.7599983215332,57.09000015258789,43.60381317138672,24214400
2018-11-01,56.97999954223633,57.279998779296875,55.54999923706055,56.04999923706055,42.80949020385742,22533200
2018-11-02,56.34000015258789,57.08000183105469,55.91999816894531,56.630001068115234,43.252479553222656,14734400
2018-11-05,56.5099983215332,57.45000076293945,56.5099983215332,57.209999084472656,43.695472717285156,12733800
2018-11-06,57.02000045776367,57.349998474121094,56.650001525878906,57.209999084472656,43.695472717285156,12371200
2018-11-07,57.54999923706055,57.779998779296875,57.040000915527344,57.650001525878906,44.03152847290039,14891300
2018-11-08,57.70000076293945,58.439998626708984,57.65999984741211,58.27000045776367,44.50508117675781,12482400
2018-11-09,58.31999969482422,59.20000076293945,57.939998626708984,58.459999084472656,44.65019226074219,17365500
2018-11-12,58.84000015258789,59.400001525878906,58.540000915527344,58.720001220703125,44.84877395629883,13236800
2018-11-13,59.09000015258789,59.13999938964844,58.31999969482422,58.65999984741211,44.80294418334961,13047900
2018-11-14,59.130001068115234,59.31999969482422,58.40999984741211,58.939998626708984,45.01679992675781,18288700
2018-11-15,58.849998474121094,59.09000015258789,58.45000076293945,59.08000183105469,45.12373352050781,17147100
2018-11-16,59.060001373291016,60.38999938964844,58.90999984741211,60.209999084472656,45.98678970336914,19471000
2018-11-19,60.25,61.31999969482422,60.18000030517578,60.619998931884766,46.29994201660156,18405700
2018-11-20,61.029998779296875,61.58000183105469,59.16999816894531,59.459999084472656,45.41396713256836,22028900
2018-11-21,59.2599983215332,59.900001525878906,58.880001068115234,59.15999984741211,45.18482971191406,18482200
2018-11-23,58.86000061035156,59.0,58.290000915527344,58.63999938964844,44.78766632080078,7009100
2018-11-26,58.63999938964844,59.5099983215332,58.310001373291016,59.16999816894531,45.19247055053711,12308900
2018-11-27,59.209999084472656,60.70000076293945,59.18000030517578,60.650001525878906,46.32284927368164,14115000
2018-11-28,60.70000076293945,60.72999954223633,59.63999938964844,60.060001373291016,45.87222671508789,18663000
2018-11-29,59.41999816894531,59.790000915527344,59.2599983215332,59.45000076293945,45.40633010864258,14763700
2018-11-30,59.56999969482422,60.369998931884766,59.47999954223633,60.29999923706055,46.055538177490234,31142800
2018-12-03,59.5,59.75,57.689998626708984,58.15999984741211,44.421058654785156,27800800
2018-12-04,58.099998474121094,59.400001525878906,57.959999084472656,58.09000015258789,44.36759567260742,21727400
2018-12-06,58.18000030517578,58.63999938964844,57.15999984741211,58.08000183105469,44.35995101928711,26880400
2018-12-07,57.90999984741211,58.43000030517578,57.34000015258789,57.68000030517578,44.05445098876953,16948100
2018-12-10,57.79999923706055,58.369998931884766,56.869998931884766,58.27000045776367,44.50508117675781,16603400
2018-12-11,58.77000045776367,59.400001525878906,58.63999938964844,58.849998474121094,44.94806671142578,14991400
2018-12-12,57.790000915527344,58.189998626708984,57.22999954223633,57.25,43.72602462768555,18892200
2018-12-13,57.0,57.5,56.810001373291016,57.09000015258789,43.60381317138672,15454700
2018-12-14,56.95000076293945,57.5,56.75,57.08000183105469,43.59618377685547,13960900
2018-12-17,57.060001373291016,57.310001373291016,55.529998779296875,55.95000076293945,42.733116149902344,18902500
2018-12-18,55.939998626708984,56.689998626708984,55.310001373291016,55.650001525878906,42.50398254394531,18895800
2018-12-19,55.720001220703125,56.91999816894531,55.5,55.86000061035156,42.66437911987305,20968400
2018-12-20,55.91999816894531,56.0099983215332,54.2599983215332,55.06999969482422,42.06100082397461,26897000
2018-12-21,54.84000015258789,56.529998779296875,54.2400016784668,54.91999816894531,41.94642639160156,55406300
2018-12-24,54.68000030517578,55.040000915527344,52.939998626708984,53.04999923706055,40.5181770324707,15077200
2018-12-26,53.22999954223633,54.470001220703125,52.400001525878906,54.439998626708984,41.57982635498047,17970500
2018-12-27,54.310001373291016,55.16999816894531,53.349998474121094,55.150001525878906,42.12208938598633,17531000
2018-12-28,55.369998931884766,55.86000061035156,54.900001525878906,55.27000045776367,42.2137565612793,14771600
2018-12-31,55.529998779296875,56.22999954223633,55.06999969482422,56.220001220703125,42.93933868408203,15331800
2019-01-02,56.15999984741211,56.15999984741211,55.279998779296875,56.02000045776367,42.78657913208008,13969700
2019-01-03,56.29999923706055,56.9900016784668,56.060001373291016,56.220001220703125,42.93933868408203,19245400
2019-01-04,56.4900016784668,56.88999938964844,55.95000076293945,56.36000061035156,43.0462646484375,17035800
2019-01-07,56.7599983215332,57.2599983215332,56.54999923706055,56.720001220703125,43.32122039794922,16349000
2019-01-08,57.27000045776367,58.689998626708984,57.04999923706055,58.380001068115234,44.58909225463867,21424600
2019-01-09,57.68000030517578,57.720001220703125,56.849998474121094,57.04999923706055,44.02803039550781,18136000
2019-01-10,57.290000915527344,57.70000076293945,56.869998931884766,57.599998474121094,44.45248794555664,14259900
2019-01-11,57.84000015258789,58.2599983215332,57.41999816894531,58.02000045776367,44.7766227722168,15801500
2019-01-14,57.83000183105469,58.150001525878906,57.68000030517578,58.029998779296875,44.78433609008789,11342300
2019-01-15,57.7400016784668,58.290000915527344,57.58000183105469,58.099998474121094,44.838348388671875,10058000
2019-01-16,57.93000030517578,57.93000030517578,57.0,57.08000183105469,44.051185607910156,13411700
2019-01-17,57.15999984741211,57.400001525878906,56.209999084472656,56.83000183105469,43.858245849609375,15223900
2019-01-18,56.91999816894531,57.470001220703125,56.84000015258789,57.09000015258789,44.058895111083984,16802500
2019-01-22,57.22999954223633,57.38999938964844,56.400001525878906,56.9900016784668,43.981727600097656,18284800
2019-01-23,56.97999954223633,57.869998931884766,56.93000030517578,57.7599983215332,44.57596969604492,15109000
2019-01-24,57.61000061035156,57.650001525878906,56.5,57.06999969482422,44.04346466064453,12494100
2019-01-25,57.18000030517578,57.470001220703125,56.22999954223633,56.400001525878906,43.526390075683594,17800300
2019-01-28,56.119998931884766,56.220001220703125,54.79999923706055,55.06999969482422,42.49997329711914,25955700
2019-01-29,53.619998931884766,54.29999923706055,52.970001220703125,53.279998779296875,41.11854934692383,33789200
2019-01-30,53.099998474121094,54.02000045776367,52.279998779296875,54.0,41.67420959472656,27260000
2019-01-31,54.04999923706055,55.189998626708984,53.529998779296875,55.060001373291016,42.49225616455078,28585400
2019-02-01,55.209999084472656,55.29999923706055,54.470001220703125,54.54999923706055,42.09867858886719,13778000
2019-02-04,54.599998474121094,54.689998626708984,53.66999816894531,54.040000915527344,41.705074310302734,15818900
2019-02-05,54.099998474121094,54.34000015258789,53.61000061035156,54.13999938964844,41.78224563598633,14124600
2019-02-06,54.11000061035156,54.369998931884766,53.68000030517578,53.790000915527344,41.51213455200195,11391400
2019-02-07,53.61000061035156,53.72999954223633,53.02000045776367,53.56999969482422,41.34236145019531,12436200
2019-02-08,53.36000061035156,53.959999084472656,53.29999923706055,53.95000076293945,41.6356201171875,12011700
2019-02-11,54.130001068115234,54.369998931884766,53.86000061035156,54.04999923706055,41.71279525756836,9802800
2019-02-12,54.45000076293945,54.77000045776367,54.189998626708984,54.41999816894531,41.99833679199219,11227600
2019-02-13,54.349998474121094,54.77000045776367,54.279998779296875,54.47999954223633,42.04464340209961,11884800
2019-02-14,54.380001068115234,54.52000045776367,53.95000076293945,54.029998779296875,41.697364807128906,11190100
2019-02-15,54.47999954223633,55.189998626708984,54.31999969482422,55.15999984741211,42.569435119628906,15719400
2019-02-19,55.060001373291016,55.65999984741211,54.81999969482422,55.439998626708984,42.7855224609375,12272700
2019-02-20,55.369998931884766,55.90999984741211,55.2400016784668,55.7599983215332,43.03247833251953,11379000
2019-02-21,55.54999923706055,56.720001220703125,55.459999084472656,56.150001525878906,43.33346939086914,14680500
2019-02-22,56.43000030517578,57.130001068115234,56.400001525878906,56.91999816894531,43.92770004272461,12534300
2019-02-25,57.0,57.27000045776367,56.54999923706055,56.779998779296875,43.81965637207031,15051200
2019-02-26,56.81999969482422,57.09000015258789,56.459999084472656,56.63999938964844,43.71162033081055,12005600
2019-02-27,56.54999923706055,56.72999954223633,56.349998474121094,56.720001220703125,43.77334976196289,8962800
2019-02-28,56.7400016784668,57.61000061035156,56.720001220703125,56.91999816894531,43.92770004272461,15743000
2019-03-01,57.02000045776367,57.150001525878906,56.349998474121094,56.959999084472656,43.95856857299805,10942700
2019-03-04,57.150001525878906,57.349998474121094,55.65999984741211,56.2400016784668,43.402915954589844,13674400
2019-03-05,56.09000015258789,56.16999816894531,55.5099983215332,56.08000183105469,43.279441833496094,15749500
2019-03-06,56.189998626708984,56.41999816894531,55.45000076293945,55.68000030517578,42.970741271972656,13935500
2019-03-07,55.7599983215332,56.400001525878906,55.720001220703125,56.29999923706055,43.44921875,12644200
2019-03-08,56.36000061035156,56.68000030517578,56.0,56.529998779296875,43.6267204284668,10617300
2019-03-11,56.7599983215332,57.619998931884766,56.75,57.58000183105469,44.437049865722656,13627400
2019-03-12,57.630001068115234,58.11000061035156,57.36000061035156,57.43000030517578,44.3212890625,12813000
2019-03-13,57.369998931884766,57.7400016784668,57.34000015258789,57.65999984741211,44.49879837036133,14168300
2019-03-14,57.709999084472656,58.09000015258789,57.5099983215332,57.95000076293945,44.722591400146484,12148300
2019-03-15,58.040000915527344,58.5099983215332,57.93000030517578,58.38999938964844,45.062164306640625,23715300
2019-03-18,58.27000045776367,58.31999969482422,57.560001373291016,58.06999969482422,44.81521224975586,12168100
2019-03-19,58.099998474121094,58.20000076293945,57.310001373291016,57.5,44.37531280517578,13462700
2019-03-20,57.5099983215332,58.060001373291016,57.11000061035156,57.66999816894531,44.506507873535156,11902900
2019-03-21,57.58000183105469,58.4900016784668,57.56999969482422,58.290000915527344,44.9849967956543,10920100
2019-03-22,58.15999984741211,60.0,58.130001068115234,59.7599983215332,46.11946105957031,25125400
2019-03-25,59.630001068115234,60.189998626708984,59.529998779296875,60.08000183105469,46.36641311645508,15463400
2019-03-26,60.29999923706055,60.689998626708984,60.18000030517578,60.630001068115234,46.79087829589844,12316900
2019-03-27,60.560001373291016,61.189998626708984,60.47999954223633,60.880001068115234,46.98381042480469,13290300
2019-03-28,60.880001068115234,60.88999938964844,58.439998626708984,59.08000183105469,45.59467315673828,20547100
2019-03-29,59.20000076293945,59.27000045776367,58.31999969482422,59.130001068115234,45.63325119018555,17283900
2019-04-01,59.38999938964844,59.40999984741211,58.790000915527344,59.09000015258789,45.60239028930664,16331100
2019-04-02,59.220001220703125,59.22999954223633,58.34000015258789,58.529998779296875,45.17020797729492,11408100
2019-04-03,58.779998779296875,59.06999969482422,58.40999984741211,58.869998931884766,45.43260955810547,15491700
2019-04-04,58.84000015258789,59.099998474121094,58.77000045776367,58.9900016784668,45.52521514892578,8776000
2019-04-05,59.02000045776367,59.099998474121094,58.81999969482422,59.09000015258789,45.60239028930664,11497800
2019-04-08,59.02000045776367,59.130001068115234,58.720001220703125,59.130001068115234,45.63325119018555,11680500
2019-04-09,58.369998931884766,58.560001373291016,58.040000915527344,58.400001525878906,45.534236907958984,10414400
2019-04-10,58.400001525878906,58.70000076293945,58.36000061035156,58.61000061035156,45.697975158691406,8782100
2019-04-11,58.650001525878906,58.72999954223633,58.20000076293945,58.560001373291016,45.65898132324219,9219900
2019-04-12,58.75,58.790000915527344,58.52000045776367,58.7400016784668,45.79933166503906,10847500
2019-04-15,58.90999984741211,58.95000076293945,58.59000015258789,58.709999084472656,45.77593994140625,7741500
2019-04-16,58.790000915527344,58.97999954223633,58.65999984741211,58.790000915527344,45.838321685791016,10239300
2019-04-17,58.400001525878906,58.459999084472656,57.63999938964844,57.779998779296875,45.05082321166992,15498000
2019-04-18,57.5099983215332,58.20000076293945,57.279998779296875,58.040000915527344,45.25354766845703,13189000
2019-04-22,58.13999938964844,58.4900016784668,57.88999938964844,58.369998931884766,45.51084899902344,11950400
2019-04-23,57.619998931884766,57.720001220703125,56.29999923706055,57.150001525878906,44.55962371826172,23488700
2019-04-24,57.34000015258789,57.56999969482422,56.72999954223633,57.08000183105469,44.505043029785156,13227100
2019-04-25,56.81999969482422,56.900001525878906,55.75,55.849998474121094,43.54601287841797,17425500
2019-04-26,56.060001373291016,56.81999969482422,55.83000183105469,56.58000183105469,44.11519241333008,16329700
2019-04-29,56.75,57.16999816894531,56.709999084472656,56.84000015258789,44.317909240722656,13985000
2019-04-30,56.9900016784668,57.45000076293945,56.7599983215332,57.189998626708984,44.5908088684082,15469000
2019-05-01,57.22999954223633,57.29999923706055,56.52000045776367,56.52000045776367,44.06840515136719,11627400
2019-05-02,56.810001373291016,58.22999954223633,56.68000030517578,56.9900016784668,44.434871673583984,14435400
2019-05-03,57.150001525878906,57.36000061035156,56.869998931884766,57.2400016784668,44.629783630371094,9388200
2019-05-06,56.83000183105469,57.09000015258789,56.7400016784668,56.90999984741211,44.37248992919922,10066100
2019-05-07,56.689998626708984,56.81999969482422,56.33000183105469,56.630001068115234,44.15416717529297,12963800
2019-05-08,56.65999984741211,56.70000076293945,56.25,56.380001068115234,43.959251403808594,12086700
2019-05-09,56.119998931884766,56.560001373291016,55.93000030517578,56.47999954223633,44.037227630615234,14834900
2019-05-10,56.4900016784668,57.040000915527344,56.2599983215332,56.90999984741211,44.37248992919922,10707100
2019-05-13,56.720001220703125,57.34000015258789,56.65999984741211,56.75,44.24774169921875,13759000
2019-05-14,56.7599983215332,57.189998626708984,56.5,56.54999923706055,44.09180450439453,12776200
2019-05-15,56.5099983215332,56.84000015258789,56.16999816894531,56.810001373291016,44.29452133178711,10806300
2019-05-16,57.0,57.79999923706055,56.81999969482422,57.380001068115234,44.738948822021484,11695100
2019-05-17,57.060001373291016,58.47999954223633,57.0099983215332,58.09000015258789,45.29252624511719,14436700
2019-05-20,59.150001525878906,60.540000915527344,58.0,59.0099983215332,46.00984573364258,20910600
2019-05-21,59.099998474121094,59.630001068115234,58.7599983215332,59.5,46.39189910888672,14016300
2019-05-22,59.09000015258789,59.369998931884766,58.959999084472656,59.25,46.19697952270508,11487100
2019-05-23,59.0,59.279998779296875,58.540000915527344,58.869998931884766,45.90069580078125,11706700
2019-05-24,59.06999969482422,59.36000061035156,58.66999816894531,59.31999969482422,46.25155258178711,8755200
2019-05-28,59.209999084472656,59.869998931884766,58.65999984741211,58.72999954223633,45.79153823852539,21860500
2019-05-29,58.66999816894531,58.93000030517578,57.90999984741211,58.18000030517578,45.362701416015625,13418700
2019-05-30,57.619998931884766,57.619998931884766,56.560001373291016,56.83000183105469,44.31011962890625,17484900
2019-05-31,55.09000015258789,55.439998626708984,54.2599983215332,54.349998474121094,42.37646484375,29916600
2019-06-03,54.68000030517578,56.4900016784668,54.560001373291016,56.380001068115234,43.959251403808594,19518300
2019-06-04,56.599998474121094,56.97999954223633,55.93000030517578,56.220001220703125,43.83449935913086,15201200
2019-06-05,56.52000045776367,57.380001068115234,56.5,57.029998779296875,44.46604919433594,11522900
2019-06-06,57.0099983215332,57.81999969482422,57.0099983215332,57.540000915527344,44.86370086669922,9906900
2019-06-07,58.0,58.13999938964844,57.150001525878906,57.2400016784668,44.629783630371094,11656600
2019-06-10,57.369998931884766,57.369998931884766,55.95000076293945,56.150001525878906,43.77992630004883,14955400
2019-06-11,56.5,57.400001525878906,56.18000030517578,56.83000183105469,44.31011962890625,15378600
2019-06-12,57.0,57.56999969482422,57.0,57.36000061035156,44.72334671020508,11911000
2019-06-13,57.5,57.7400016784668,57.369998931884766,57.619998931884766,44.92607879638672,9218700
2019-06-14,57.68000030517578,58.560001373291016,57.52000045776367,58.279998779296875,45.440670013427734,11826600
2019-06-17,58.15999984741211,58.33000183105469,57.2400016784668,57.630001068115234,44.93387222290039,11027000
2019-06-18,57.81999969482422,58.0,57.15999984741211,57.33000183105469,44.69996643066406,12257500
2019-06-19,57.38999938964844,57.849998474121094,57.18000030517578,57.630001068115234,44.93387222290039,10516400
2019-06-20,57.900001525878906,57.95000076293945,56.93000030517578,57.34000015258789,44.707763671875,15302800
2019-06-21,57.09000015258789,57.91999816894531,57.09000015258789,57.77000045776367,45.04302978515625,22474300
2019-06-24,57.97999954223633,58.66999816894531,57.93000030517578,58.27000045776367,45.4328727722168,9141800
2019-06-25,58.18000030517578,58.2599983215332,57.90999984741211,58.0,45.22237014770508,10571700
2019-06-26,58.16999816894531,58.220001220703125,56.91999816894531,56.9900016784668,44.434871673583984,15042100
2019-06-27,57.15999984741211,57.369998931884766,56.849998474121094,57.25,44.63758850097656,9123300
2019-06-28,57.220001220703125,57.43000030517578,56.83000183105469,57.130001068115234,44.544029235839844,14604000
2019-07-01,57.41999816894531,57.41999816894531,56.599998474121094,56.65999984741211,44.17756271362305,15796800
2019-07-02,56.880001068115234,58.150001525878906,56.810001373291016,58.130001068115234,45.32372283935547,14985700
2019-07-03,58.119998931884766,58.25,57.65999984741211,58.130001068115234,45.32372283935547,8437800
2019-07-05,58.08000183105469,58.5099983215332,57.77000045776367,58.310001373291016,45.46406173706055,6938500
2019-07-08,57.959999084472656,58.29999923706055,57.810001373291016,57.88999938964844,45.136592864990234,12048200
2019-07-09,56.95000076293945,56.9900016784668,56.2599983215332,56.40999984741211,44.44560241699219,16733700
2019-07-10,56.70000076293945,57.11000061035156,56.59000015258789,57.0,44.91046142578125,10901500
2019-07-11,57.220001220703125,57.38999938964844,56.63999938964844,56.91999816894531,44.84742736816406,10045700
2019-07-12,57.060001373291016,57.27000045776367,56.849998474121094,57.189998626708984,45.0601692199707,9669500
2019-07-15,57.290000915527344,57.79999923706055,57.189998626708984,57.58000183105469,45.3674430847168,11734300
2019-07-16,57.630001068115234,57.72999954223633,57.400001525878906,57.40999984741211,45.2335090637207,10556000
2019-07-17,57.560001373291016,57.70000076293945,57.09000015258789,57.220001220703125,45.08380126953125,7916700
2019-07-18,57.220001220703125,57.31999969482422,56.779998779296875,57.209999084472656,45.0759162902832,7549200
2019-07-19,57.380001068115234,57.459999084472656,56.56999969482422,56.59000015258789,44.58741760253906,12240300
2019-07-22,56.560001373291016,56.58000183105469,55.34000015258789,55.5,43.72861099243164,15255800
2019-07-23,55.45000076293945,55.63999938964844,54.560001373291016,55.47999954223633,43.712852478027344,14093500
2019-07-24,55.61000061035156,56.2400016784668,55.41999816894531,55.970001220703125,44.09892654418945,11173900
2019-07-25,56.16999816894531,56.61000061035156,55.939998626708984,56.36000061035156,44.40620422363281,11006100
2019-07-26,56.47999954223633,57.22999954223633,56.0,57.08000183105469,44.97350311279297,12333100
2019-07-29,57.09000015258789,57.439998626708984,56.83000183105469,57.369998931884766,45.201988220214844,10165700
2019-07-30,57.310001373291016,57.599998474121094,56.54999923706055,56.630001068115234,44.618934631347656,13329300
2019-07-31,56.54999923706055,56.720001220703125,54.91999816894531,55.27000045776367,43.54739761352539,24396200
2019-08-01,57.11000061035156,57.290000915527344,55.22999954223633,55.2599983215332,43.53951644897461,18677000
2019-08-02,55.11000061035156,56.29999923706055,54.77000045776367,55.59000015258789,43.79951858520508,17458800
2019-08-05,55.29999923706055,55.900001525878906,54.93000030517578,55.220001220703125,43.50800704956055,18941500
2019-08-06,55.220001220703125,55.54999923706055,54.470001220703125,55.04999923706055,43.374053955078125,18747900
2019-08-07,54.75,55.52000045776367,54.40999984741211,55.09000015258789,43.405574798583984,11865500
2019-08-08,55.36000061035156,55.83000183105469,54.9900016784668,55.81999969482422,43.98073196411133,11335900
2019-08-09,55.650001525878906,56.060001373291016,55.470001220703125,55.779998779296875,43.94921875,8948000
2019-08-12,55.849998474121094,55.88999938964844,55.06999969482422,55.689998626708984,43.87831115722656,10635600
2019-08-13,55.63999938964844,56.5,55.52000045776367,56.369998931884766,44.41408157348633,11016500
2019-08-14,56.040000915527344,56.52000045776367,55.4900016784668,55.720001220703125,43.901954650878906,15041200
2019-08-15,55.529998779296875,56.58000183105469,55.41999816894531,56.29999923706055,44.35893249511719,12124000
2019-08-16,56.470001220703125,56.689998626708984,56.06999969482422,56.650001525878906,44.63469696044922,11923500
2019-08-19,56.970001220703125,57.5,56.689998626708984,57.0,44.91046142578125,11011900
2019-08-20,56.900001525878906,57.0,56.2400016784668,56.27000045776367,44.33530044555664,9892600
2019-08-21,56.779998779296875,56.779998779296875,56.11000061035156,56.59000015258789,44.58741760253906,7637300
2019-08-22,56.650001525878906,56.959999084472656,56.33000183105469,56.779998779296875,44.73712921142578,9272200
2019-08-23,56.790000915527344,56.90999984741211,55.619998931884766,55.91999816894531,44.059532165527344,13203000
2019-08-26,56.0099983215332,56.72999954223633,55.81999969482422,56.709999084472656,44.681976318359375,9486900
2019-08-27,57.5,57.65999984741211,57.18000030517578,57.18000030517578,45.05228805541992,16953900
2019-08-28,57.20000076293945,58.119998931884766,57.11000061035156,57.95000076293945,45.658966064453125,15238900
2019-08-29,58.2400016784668,58.310001373291016,57.369998931884766,57.939998626708984,45.65109634399414,8538000
2019-08-30,57.9900016784668,58.40999984741211,57.900001525878906,58.15999984741211,45.824432373046875,9962200
2019-09-03,57.900001525878906,58.189998626708984,57.59000015258789,58.040000915527344,45.729888916015625,10470100
2019-09-04,58.2400016784668,58.54999923706055,57.959999084472656,58.18000030517578,45.840187072753906,9232200
2019-09-05,58.58000183105469,58.630001068115234,58.189998626708984,58.59000015258789,46.16322708129883,9232300
2019-09-06,58.689998626708984,59.099998474121094,58.470001220703125,59.060001373291016,46.53355026245117,8920200
2019-09-09,59.4900016784668,59.52000045776367,58.63999938964844,58.65999984741211,46.2183837890625,12848700
2019-09-10,59.25,59.79999923706055,58.790000915527344,59.709999084472656,47.04567337036133,13987000
2019-09-11,59.900001525878906,60.18000030517578,59.52000045776367,60.130001068115234,47.37659454345703,12241500
2019-09-12,60.099998474121094,60.54999923706055,59.97999954223633,60.43000030517578,47.61296844482422,9491400
2019-09-13,60.08000183105469,60.45000076293945,59.72999954223633,59.959999084472656,47.24265670776367,10719300
2019-09-16,59.93000030517578,59.9900016784668,59.189998626708984,59.5,46.880218505859375,10950500
2019-09-17,59.31999969482422,59.900001525878906,59.31999969482422,59.869998931884766,47.17174530029297,8801700
2019-09-18,59.61000061035156,59.97999954223633,59.380001068115234,59.93000030517578,47.21902084350586,8451900
2019-09-19,59.97999954223633,60.400001525878906,59.79999923706055,59.97999954223633,47.258419036865234,7651700
2019-09-20,60.27000045776367,60.380001068115234,59.970001220703125,60.290000915527344,47.50267028808594,21019900
2019-09-23,60.130001068115234,60.689998626708984,59.93000030517578,60.209999084472656,47.43962478637695,8437000
2019-09-24,60.54999923706055,61.0,60.40999984741211,60.5099983215332,47.676002502441406,12846300
2019-09-25,60.58000183105469,60.65999984741211,60.11000061035156,60.27000045776367,47.486907958984375,8088100
2019-09-26,60.13999938964844,60.66999816894531,60.06999969482422,60.439998626708984,47.62085723876953,7438800
2019-09-27,60.560001373291016,60.70000076293945,60.02000045776367,60.29999923706055,47.51054000854492,7799000
2019-09-30,60.4900016784668,60.900001525878906,60.33000183105469,60.36000061035156,47.55781936645508,9709400
2019-10-01,60.400001525878906,60.43000030517578,59.810001373291016,59.849998474121094,47.15598678588867,8381600
2019-10-02,59.70000076293945,59.720001220703125,58.720001220703125,58.90999984741211,46.41536331176758,12011700
2019-10-03,59.0,59.119998931884766,58.33000183105469,59.0099983215332,46.494144439697266,9769300
2019-10-04,58.970001220703125,59.97999954223633,58.959999084472656,59.900001525878906,47.19538879394531,9824900
2019-10-07,59.91999816894531,60.59000015258789,59.900001525878906,60.25,47.47114181518555,13744600
2019-10-08,60.119998931884766,60.189998626708984,59.290000915527344,59.720001220703125,47.05356216430664,13832800
2019-10-09,59.400001525878906,59.45000076293945,58.93000030517578,59.220001220703125,47.145118713378906,10609200
2019-10-10,59.2599983215332,60.02000045776367,59.20000076293945,59.83000183105469,47.630733489990234,11832100
2019-10-11,60.0,60.380001068115234,59.88999938964844,59.93000030517578,47.71034622192383,11349000
2019-10-14,59.93000030517578,59.97999954223633,59.560001373291016,59.599998474121094,47.4476318359375,6876100
2019-10-15,59.68000030517578,60.689998626708984,59.599998474121094,60.54999923706055,48.20392608642578,11679200
2019-10-16,60.13999938964844,60.40999984741211,59.95000076293945,60.290000915527344,47.996944427490234,9298100
2019-10-17,60.22999954223633,60.43000030517578,60.15999984741211,60.40999984741211,48.092472076416016,7323700
2019-10-18,60.349998474121094,61.29999923706055,60.310001373291016,61.04999923706055,48.60197830200195,12339700
2019-10-21,61.0099983215332,61.22999954223633,60.65999984741211,60.75,48.36314392089844,10882300
2019-10-22,61.22999954223633,61.22999954223633,60.5099983215332,60.77000045776367,48.37907028198242,9603600
2019-10-23,60.599998474121094,61.31999969482422,60.54999923706055,60.880001068115234,48.466636657714844,10375600
2019-10-24,60.880001068115234,61.02000045776367,60.40999984741211,60.58000183105469,48.22780990600586,11143800
2019-10-25,60.599998474121094,60.880001068115234,59.209999084472656,60.369998931884766,48.06062698364258,15036400
2019-10-28,60.45000076293945,60.65999984741211,60.040000915527344,60.18000030517578,47.909366607666016,14621400
2019-10-29,60.11000061035156,60.31999969482422,60.06999969482422,60.189998626708984,47.91733169555664,10619900
2019-10-30,60.459999084472656,61.06999969482422,60.40999984741211,60.81999969482422,48.41887664794922,12136500
2019-10-31,60.79999923706055,60.81999969482422,60.099998474121094,60.470001220703125,48.14024353027344,12226600
2019-11-01,61.290000915527344,61.34000015258789,60.15999984741211,60.369998931884766,48.06062698364258,9629100
2019-11-04,59.68000030517578,60.61000061035156,59.54999923706055,59.869998931884766,47.662574768066406,10133300
2019-11-05,59.70000076293945,59.869998931884766,59.349998474121094,59.5,47.36802291870117,10645400
2019-11-06,59.70000076293945,60.130001068115234,59.630001068115234,60.130001068115234,47.869564056396484,9287600
2019-11-07,60.2599983215332,60.58000183105469,59.959999084472656,60.529998779296875,48.188011169433594,14604400
2019-11-08,60.04999923706055,60.15999984741211,58.959999084472656,59.349998474121094,47.24861145019531,17644600
2019-11-11,59.29999923706055,59.689998626708984,59.209999084472656,59.61000061035156,47.455589294433594,7754000
2019-11-12,59.90999984741211,59.939998626708984,59.13999938964844,59.31999969482422,47.22472381591797,7709400
2019-11-13,59.150001525878906,59.52000045776367,58.79999923706055,59.40999984741211,47.29637145996094,10255600
2019-11-14,58.93000030517578,59.34000015258789,58.84000015258789,59.34000015258789,47.240638732910156,9530200
2019-11-15,59.47999954223633,59.529998779296875,59.060001373291016,59.5099983215332,47.3759765625,11758800
2019-11-18,59.459999084472656,59.459999084472656,59.04999923706055,59.439998626708984,47.32025146484375,10165100
2019-11-19,59.43000030517578,59.75,59.279998779296875,59.5,47.36802291870117,10492700
2019-11-20,59.4900016784668,59.65999984741211,59.09000015258789,59.47999954223633,47.35210037231445,12362100
2019-11-21,59.61000061035156,59.689998626708984,59.27000045776367,59.61000061035156,47.455589294433594,8056000
2019-11-22,59.65999984741211,60.029998779296875,59.65999984741211,59.75,47.56705093383789,10741300
2019-11-25,59.83000183105469,59.849998474121094,59.220001220703125,59.380001068115234,47.272491455078125,10644500
2019-11-26,59.54999923706055,59.90999984741211,59.130001068115234,59.88999938964844,47.67850112915039,11936900
2019-11-27,60.0099983215332,60.27000045776367,59.9900016784668,60.099998474121094,47.845680236816406,8795300
2019-11-29,60.15999984741211,60.529998779296875,60.15999984741211,60.2400016784668,47.9571418762207,6791400
2019-12-02,60.20000076293945,60.22999954223633,59.630001068115234,59.959999084472656,47.73423385620117,9142000
2019-12-03,59.9900016784668,60.20000076293945,59.58000183105469,60.13999938964844,47.87752151489258,10289400
2019-12-04,60.02000045776367,60.630001068115234,59.849998474121094,60.529998779296875,48.188011169433594,8237500
2019-12-05,60.630001068115234,60.91999816894531,60.31999969482422,60.81999969482422,48.41887664794922,9812500
2019-12-06,61.0,61.279998779296875,60.90999984741211,61.189998626708984,48.71342849731445,9296900
2019-12-09,60.97999954223633,61.11000061035156,60.869998931884766,61.0099983215332,48.57012939453125,9370200
2019-12-10,61.150001525878906,61.22999954223633,60.790000915527344,61.22999954223633,48.745277404785156,8290900
2019-12-11,61.36000061035156,61.41999816894531,60.9900016784668,61.08000183105469,48.6258659362793,9657500
2019-12-12,61.099998474121094,61.630001068115234,61.099998474121094,61.16999816894531,48.6975212097168,8571600
2019-12-13,61.119998931884766,61.189998626708984,60.25,60.810001373291016,48.410911560058594,10585900
2019-12-16,60.72999954223633,61.27000045776367,60.709999084472656,61.22999954223633,48.745277404785156,11493000
2019-12-17,61.400001525878906,61.709999084472656,61.349998474121094,61.4900016784668,48.9522705078125,13648700
2019-12-18,61.5099983215332,61.70000076293945,60.81999969482422,60.86000061035156,48.45071792602539,17292600
2019-12-19,60.900001525878906,61.130001068115234,60.689998626708984,60.79999923706055,48.402957916259766,11901600
2019-12-20,61.459999084472656,62.220001220703125,61.13999938964844,62.06999969482422,49.41400146484375,42977900
2019-12-23,62.0099983215332,62.150001525878906,61.31999969482422,61.400001525878906,48.880619049072266,9477500
2019-12-24,61.459999084472656,61.459999084472656,61.02000045776367,61.279998779296875,48.78507614135742,6640100
2019-12-26,61.279998779296875,61.369998931884766,61.11000061035156,61.290000915527344,48.79303741455078,8117800
2019-12-27,61.38999938964844,61.619998931884766,61.25,61.529998779296875,48.98410415649414,8166800
2019-12-30,61.650001525878906,61.689998626708984,61.09000015258789,61.209999084472656,48.72935104370117,6765400
2019-12-31,61.209999084472656,61.400001525878906,60.939998626708984,61.400001525878906,48.880619049072266,8466700
2020-01-02,61.380001068115234,61.45000076293945,60.810001373291016,61.04999923706055,48.60197830200195,11447900
2020-01-03,60.59000015258789,60.790000915527344,60.06999969482422,60.400001525878906,48.084510803222656,13263200
2020-01-06,60.11000061035156,60.59000015258789,60.08000183105469,60.27000045776367,47.98101806640625,15094500
2020-01-07,60.099998474121094,60.18000030517578,59.58000183105469,59.599998474121094,47.4476318359375,14293100
2020-01-08,59.66999816894531,60.099998474121094,59.630001068115234,59.709999084472656,47.535194396972656,15926500
2020-01-09,58.88999938964844,59.400001525878906,58.79999923706055,58.849998474121094,47.3381233215332,20134600
2020-01-10,59.02000045776367,59.29999923706055,58.84000015258789,58.9900016784668,47.45074462890625,11786700
2020-01-13,59.02000045776367,59.369998931884766,58.779998779296875,59.150001525878906,47.579444885253906,14158400
2020-01-14,59.0,59.130001068115234,58.7599983215332,59.040000915527344,47.490966796875,12697100
2020-01-15,59.25,59.41999816894531,58.869998931884766,59.099998474121094,47.53922653198242,10291300
2020-01-16,59.380001068115234,59.849998474121094,59.220001220703125,59.66999816894531,47.99772262573242,10689600
2020-01-17,59.689998626708984,60.150001525878906,59.63999938964844,60.130001068115234,48.36773681640625,15615700
2020-01-21,60.20000076293945,60.470001220703125,60.099998474121094,60.31999969482422,48.52057647705078,12857600
2020-01-22,60.45000076293945,60.81999969482422,60.279998779296875,60.47999954223633,48.64927291870117,8847100
2020-01-23,60.380001068115234,60.529998779296875,60.0,60.5099983215332,48.67340850830078,11109000
2020-01-24,60.5,60.65999984741211,60.11000061035156,60.279998779296875,48.488399505615234,10182800
2020-01-27,59.84000015258789,60.36000061035156,59.619998931884766,59.90999984741211,48.19076919555664,11482300
2020-01-28,59.97999954223633,61.0,59.869998931884766,60.70000076293945,48.82624816894531,15367500
2020-01-29,60.849998474121094,60.91999816894531,59.439998626708984,59.529998779296875,47.88511276245117,13408900
2020-01-30,58.70000076293945,59.38999938964844,58.34000015258789,59.36000061035156,47.74836730957031,16719600
2020-01-31,59.34000015258789,60.04999923706055,59.11000061035156,59.439998626708984,47.812713623046875,14283600
2020-02-03,59.61000061035156,59.68000030517578,58.0099983215332,58.04999923706055,46.69462585449219,15566400
2020-02-04,58.06999969482422,58.56999969482422,57.650001525878906,58.290000915527344,46.887672424316406,13924600
2020-02-05,58.529998779296875,59.189998626708984,58.41999816894531,59.130001068115234,47.56336212158203,10271900
2020-02-06,59.20000076293945,59.66999816894531,59.060001373291016,59.439998626708984,47.812713623046875,10283700
2020-02-07,59.65999984741211,60.150001525878906,59.540000915527344,59.939998626708984,48.21490478515625,9418100
2020-02-10,59.93000030517578,60.2400016784668,59.77000045776367,60.2400016784668,48.456233978271484,8270200
2020-02-11,60.189998626708984,60.349998474121094,58.2599983215332,58.689998626708984,47.20942306518555,22488200
2020-02-12,58.58000183105469,58.86000061035156,58.119998931884766,58.22999954223633,46.83940124511719,20938000
2020-02-13,58.369998931884766,58.83000183105469,57.95000076293945,58.650001525878906,47.17725372314453,19460100
2020-02-14,58.70000076293945,58.810001373291016,58.279998779296875,58.5099983215332,47.06463623046875,9138900
2020-02-18,58.7599983215332,58.7599983215332,57.810001373291016,57.90999984741211,46.582008361816406,12427300
2020-02-19,58.130001068115234,58.58000183105469,57.7599983215332,58.220001220703125,46.831363677978516,13642800
2020-02-20,58.09000015258789,58.36000061035156,57.939998626708984,58.09000015258789,46.7267951965332,16748600
2020-02-21,57.90999984741211,58.25,57.79999923706055,58.20000076293945,46.81528091430664,15704300
2020-02-24,58.16999816894531,58.689998626708984,57.97999954223633,57.9900016784668,46.64634704589844,18520900
2020-02-25,58.040000915527344,58.400001525878906,56.86000061035156,57.119998931884766,45.9465446472168,19384900
2020-02-26,57.380001068115234,57.869998931884766,56.900001525878906,57.13999938964844,45.962623596191406,16803600
2020-02-27,56.779998779296875,57.380001068115234,55.029998779296875,55.060001373291016,44.28950881958008,25907200
2020-02-28,53.7400016784668,54.18000030517578,52.18000030517578,54.15999984741211,43.56555938720703,45828300
2020-03-02,55.15999984741211,57.540000915527344,54.880001068115234,57.31999969482422,46.10741424560547,30736200
2020-03-03,57.209999084472656,58.04999923706055,55.220001220703125,55.70000076293945,44.80431365966797,27500200
2020-03-04,56.61000061035156,58.25,56.11000061035156,58.119998931884766,46.75092697143555,17626400
2020-03-05,56.869998931884766,57.52000045776367,56.4900016784668,57.15999984741211,45.97871398925781,21249900
2020-03-06,55.290000915527344,57.209999084472656,55.099998474121094,56.869998931884766,45.74544906616211,22510800
2020-03-09,54.369998931884766,57.58000183105469,54.0099983215332,55.83000183105469,44.908878326416016,31862200
2020-03-10,56.06999969482422,56.88999938964844,53.91999816894531,56.52000045776367,45.46391677856445,34330900
2020-03-11,55.36000061035156,55.529998779296875,54.189998626708984,54.83000183105469,44.10449981689453,21147400
2020-03-12,51.95000076293945,54.0,50.75,51.20000076293945,41.1845703125,45610600
2020-03-13,53.0,54.369998931884766,51.45000076293945,54.16999816894531,43.5736083984375,45744000
2020-03-16,50.900001525878906,53.20000076293945,49.02000045776367,50.9900016784668,41.01564407348633,36990400
2020-03-17,51.5,55.47999954223633,51.4900016784668,54.310001373291016,43.68621826171875,33898000
2020-03-18,53.9900016784668,55.93000030517578,50.880001068115234,54.31999969482422,43.69425964355469,38417400
2020-03-19,53.7599983215332,54.91999816894531,52.779998779296875,53.619998931884766,43.13119125366211,33024900
2020-03-20,52.720001220703125,53.040000915527344,50.709999084472656,51.79999923706055,41.667205810546875,46013800
2020-03-23,50.61000061035156,53.27000045776367,49.130001068115234,50.310001373291016,40.46866989135742,39225100
2020-03-24,51.959999084472656,51.959999084472656,49.18000030517578,49.9900016784668,40.211265563964844,40626900
2020-03-25,49.36000061035156,51.90999984741211,48.84000015258789,49.939998626708984,40.17104721069336,38551300
2020-03-26,49.59000015258789,53.900001525878906,49.5099983215332,53.540000915527344,43.06683349609375,32610900
2020-03-27,52.150001525878906,53.84000015258789,51.540000915527344,52.77000045776367,42.44746398925781,25363600
2020-03-30,53.4900016784668,55.029998779296875,52.939998626708984,54.77000045776367,44.056236267089844,20660200
2020-03-31,54.06999969482422,54.540000915527344,53.54999923706055,53.72999954223633,43.21967315673828,21251800
2020-04-01,52.5,53.45000076293945,52.15999984741211,52.91999816894531,42.56812286376953,18672600
2020-04-02,53.560001373291016,55.5,53.09000015258789,55.25,44.44232940673828,20159400
2020-04-03,55.0,55.2400016784668,54.279998779296875,54.70000076293945,43.99991989135742,17612500
2020-04-06,55.77000045776367,56.939998626708984,54.97999954223633,56.70000076293945,45.60869216918945,20284400
2020-04-07,57.040000915527344,57.880001068115234,56.40999984741211,56.97999954223633,45.83393096923828,21786000
2020-04-08,57.2599983215332,58.02000045776367,56.619998931884766,57.79999923706055,46.4935188293457,18234200
2020-04-09,56.90999984741211,58.099998474121094,56.880001068115234,57.439998626708984,46.70085144042969,19689500
2020-04-13,57.38999938964844,57.599998474121094,56.36000061035156,56.66999816894531,46.07480239868164,12977700
2020-04-14,57.310001373291016,58.400001525878906,56.959999084472656,58.13999938964844,47.26996994018555,16765600
2020-04-15,57.560001373291016,58.0099983215332,56.709999084472656,56.93000030517578,46.28620529174805,18372800
2020-04-16,57.290000915527344,58.0,56.849998474121094,57.65999984741211,46.87971115112305,17825800
2020-04-17,58.060001373291016,58.68000030517578,57.7400016784668,58.459999084472656,47.530147552490234,15054300
2020-04-20,58.099998474121094,58.90999984741211,57.959999084472656,58.130001068115234,47.2618522644043,14002200
2020-04-21,57.38999938964844,58.040000915527344,56.720001220703125,56.81999969482422,46.1967658996582,14234500
2020-04-22,57.40999984741211,58.56999969482422,57.22999954223633,57.9900016784668,47.14801788330078,12701100
2020-04-23,58.119998931884766,58.65999984741211,57.470001220703125,57.59000015258789,46.82280349731445,15684400
2020-04-24,57.63999938964844,57.9900016784668,56.83000183105469,57.93000030517578,47.09923553466797,15371500
2020-04-27,57.93000030517578,58.290000915527344,57.20000076293945,57.810001373291016,47.001670837402344,16050100
2020-04-28,57.81999969482422,58.380001068115234,57.619998931884766,57.83000183105469,47.01793670654297,13392600
2020-04-29,58.380001068115234,58.599998474121094,57.70000076293945,58.119998931884766,47.25371170043945,17818100
2020-04-30,57.83000183105469,57.959999084472656,57.209999084472656,57.45000076293945,46.70897674560547,17532400
2020-05-01,57.7599983215332,57.790000915527344,56.529998779296875,56.83000183105469,46.20489501953125,13857400
2020-05-04,56.849998474121094,57.029998779296875,55.79999923706055,56.2400016784668,45.72520446777344,11833600
2020-05-05,56.0,56.939998626708984,56.0,56.5099983215332,45.944725036621094,10902400
2020-05-06,56.36000061035156,56.65999984741211,55.540000915527344,55.63999938964844,45.23738098144531,12460400
2020-05-07,56.099998474121094,56.150001525878906,55.18000030517578,55.58000183105469,45.1885986328125,14083100
2020-05-08,56.220001220703125,57.029998779296875,56.029998779296875,57.0,46.343109130859375,11097900
2020-05-11,56.869998931884766,56.90999984741211,56.2400016784668,56.400001525878906,45.85529327392578,12636800
2020-05-12,56.75,56.75,55.45000076293945,55.459999084472656,45.091033935546875,13117700
2020-05-13,55.15999984741211,55.54999923706055,54.560001373291016,54.849998474121094,44.5950813293457,20604500
2020-05-14,54.5,54.93000030517578,53.849998474121094,54.90999984741211,44.64386749267578,15859200
2020-05-15,54.630001068115234,54.7599983215332,54.209999084472656,54.709999084472656,44.48125076293945,10174000
2020-05-18,55.650001525878906,56.20000076293945,55.040000915527344,55.720001220703125,45.30242156982422,15735900
2020-05-19,55.43000030517578,55.54999923706055,54.31999969482422,54.380001068115234,44.212955474853516,18467100
2020-05-20,54.540000915527344,54.900001525878906,54.04999923706055,54.2599983215332,44.115386962890625,21405400
2020-05-21,54.43000030517578,54.63999938964844,53.86000061035156,53.970001220703125,43.87961196899414,18201000
2020-05-22,53.959999084472656,54.290000915527344,53.66999816894531,54.099998474121094,43.98530960083008,19960000
2020-05-26,54.900001525878906,55.25,54.18000030517578,54.29999923706055,44.14791488647461,20830500
2020-05-27,54.61000061035156,55.220001220703125,54.43000030517578,55.13999938964844,44.83086395263672,17063800
2020-05-28,55.58000183105469,55.790000915527344,55.15999984741211,55.720001220703125,45.30242156982422,15427900
2020-05-29,55.33000183105469,57.790000915527344,54.88999938964844,57.380001068115234,46.652069091796875,34227800
2020-06-01,56.70000076293945,56.900001525878906,55.75,55.779998779296875,45.3512077331543,18156100
2020-06-02,55.81999969482422,56.459999084472656,55.540000915527344,56.400001525878906,45.85529327392578,17300400
2020-06-03,56.52000045776367,56.97999954223633,56.29999923706055,56.83000183105469,46.20489501953125,16086700
2020-06-04,56.7400016784668,57.369998931884766,56.5099983215332,57.220001220703125,46.521976470947266,16147300
2020-06-05,57.75,58.119998931884766,57.08000183105469,57.7400016784668,46.94476318359375,17105600
2020-06-08,57.650001525878906,58.20000076293945,57.27000045776367,58.09000015258789,47.229312896728516,14963000
2020-06-09,57.75,58.130001068115234,57.369998931884766,57.86000061035156,47.04232406616211,14530800
2020-06-10,57.900001525878906,58.22999954223633,57.70000076293945,58.04999923706055,47.196800231933594,13649100
2020-06-11,57.47999954223633,57.939998626708984,56.400001525878906,56.45000076293945,45.89594650268555,23412500
2020-06-12,56.630001068115234,56.810001373291016,55.790000915527344,56.529998779296875,45.96098709106445,17129000
2020-06-15,55.72999954223633,56.540000915527344,55.279998779296875,56.150001525878906,45.65203094482422,14826800
2020-06-16,56.83000183105469,57.31999969482422,56.2400016784668,56.91999816894531,46.27806854248047,15021300
2020-06-17,57.13999938964844,57.16999816894531,56.5099983215332,56.650001525878906,46.05854415893555,10652100
2020-06-18,56.5,56.959999084472656,56.369998931884766,56.88999938964844,46.2536735534668,9019500
2020-06-19,57.349998474121094,57.470001220703125,56.0,56.15999984741211,45.660160064697266,28868200
2020-06-22,55.90999984741211,56.2599983215332,55.61000061035156,55.65999984741211,45.25363540649414,12333900
2020-06-23,55.75,55.849998474121094,54.90999984741211,54.939998626708984,44.66825485229492,20716400
2020-06-24,54.540000915527344,54.560001373291016,53.459999084472656,53.93000030517578,43.84708786010742,24794600
2020-06-25,53.90999984741211,54.38999938964844,53.34000015258789,54.279998779296875,44.13164520263672,17122500
2020-06-26,54.040000915527344,54.060001373291016,52.849998474121094,53.15999984741211,43.22105026245117,30211900
2020-06-29,53.310001373291016,54.709999084472656,53.310001373291016,54.689998626708984,44.46499252319336,15930300
2020-06-30,54.91999816894531,55.290000915527344,54.36000061035156,55.130001068115234,44.82273483276367,17414800
2020-07-01,55.09000015258789,55.33000183105469,54.58000183105469,54.66999816894531,44.44873046875,12831600
2020-07-02,55.04999923706055,55.40999984741211,54.7400016784668,54.790000915527344,44.54629898071289,15814500
2020-07-06,55.349998474121094,55.43000030517578,54.90999984741211,55.2400016784668,44.91217041015625,11231100
2020-07-07,54.91999816894531,55.33000183105469,54.79999923706055,55.040000915527344,44.74955749511719,13319700
2020-07-08,55.11000061035156,55.439998626708984,54.81999969482422,55.380001068115234,45.025997161865234,15320800
2020-07-09,54.650001525878906,54.650001525878906,53.75,53.939998626708984,44.34770202636719,17618400
2020-07-10,53.84000015258789,54.58000183105469,53.84000015258789,54.4900016784668,44.799903869628906,15652200
2020-07-13,54.75,54.77000045776367,54.13999938964844,54.45000076293945,44.76700973510742,15285100
2020-07-14,54.43000030517578,55.650001525878906,54.27000045776367,55.439998626708984,45.58095169067383,15683600
2020-07-15,55.61000061035156,55.720001220703125,55.02000045776367,55.060001373291016,45.268531799316406,13903600
2020-07-16,54.869998931884766,55.83000183105469,54.7599983215332,55.779998779296875,45.860496520996094,13477400
2020-07-17,56.0,56.599998474121094,55.88999938964844,56.29999923706055,46.28802490234375,13506300
2020-07-20,56.279998779296875,56.279998779296875,55.65999984741211,55.869998931884766,45.934486389160156,10572900
2020-07-21,55.84000015258789,56.5,55.79999923706055,55.84000015258789,45.90981674194336,12619700
2020-07-22,55.84000015258789,55.95000076293945,55.369998931884766,55.75,45.8358268737793,11223500
2020-07-23,55.810001373291016,56.09000015258789,55.400001525878906,55.849998474121094,45.91804122924805,16718700
2020-07-24,56.349998474121094,57.56999969482422,56.13999938964844,56.849998474121094,46.74020767211914,17981700
2020-07-27,57.0,57.33000183105469,56.5099983215332,56.869998931884766,46.75664520263672,12306700
2020-07-28,57.04999923706055,57.70000076293945,56.970001220703125,57.47999954223633,47.258182525634766,13454700
2020-07-29,57.369998931884766,57.689998626708984,57.15999984741211,57.45000076293945,47.2335090637207,9341800
2020-07-30,57.209999084472656,57.459999084472656,57.13999938964844,57.29999923706055,47.11017990112305,12635800
2020-07-31,56.849998474121094,57.5,56.650001525878906,57.47999954223633,47.258182525634766,16202900
2020-08-03,57.869998931884766,57.869998931884766,57.119998931884766,57.2400016784668,47.06085968017578,13493400
2020-08-04,57.20000076293945,58.13999938964844,57.18000030517578,57.90999984741211,47.61170959472656,11601000
2020-08-05,58.15999984741211,58.189998626708984,57.40999984741211,57.540000915527344,47.3075065612793,9809300
2020-08-06,57.5,57.95000076293945,57.45000076293945,57.83000183105469,47.54593276977539,10369900
2020-08-07,57.81999969482422,58.54999923706055,57.650001525878906,58.529998779296875,48.1214485168457,12783900
2020-08-10,58.650001525878906,59.150001525878906,58.470001220703125,58.9900016784668,48.49965286254883,12114500
2020-08-11,59.29999923706055,59.61000061035156,58.25,58.5099983215332,48.10500717163086,12833100
2020-08-12,58.599998474121094,58.970001220703125,58.52000045776367,58.599998474121094,48.17900466918945,10802100
2020-08-13,58.29999923706055,58.599998474121094,58.189998626708984,58.52000045776367,48.11323165893555,7428600
2020-08-14,58.47999954223633,58.939998626708984,58.25,58.790000915527344,48.33522033691406,8715900
2020-08-17,58.72999954223633,58.93000030517578,58.54999923706055,58.779998779296875,48.326995849609375,8371900
2020-08-18,58.86000061035156,59.470001220703125,58.779998779296875,59.18000030517578,48.655860900878906,10130600
2020-08-19,59.36000061035156,59.439998626708984,58.93000030517578,59.04999923706055,48.54897689819336,10816300
2020-08-20,58.599998474121094,59.09000015258789,58.59000015258789,58.959999084472656,48.47498321533203,8061500
2020-08-21,59.0,59.040000915527344,58.540000915527344,58.9900016784668,48.49965286254883,11059300
2020-08-24,59.099998474121094,59.61000061035156,59.0,59.56999969482422,48.976505279541016,10931500
2020-08-25,59.70000076293945,59.75,59.18000030517578,59.41999816894531,48.853179931640625,11316800
2020-08-26,59.29999923706055,59.5,58.900001525878906,59.459999084472656,48.88606643676758,15096400
2020-08-27,59.599998474121094,59.790000915527344,59.40999984741211,59.43000030517578,48.86140060424805,11405300
2020-08-28,59.40999984741211,59.40999984741211,58.81999969482422,59.2599983215332,48.72163391113281,11873900
2020-08-31,59.040000915527344,59.439998626708984,59.02000045776367,59.27000045776367,48.729862213134766,14555500
2020-09-01,59.119998931884766,59.29999923706055,58.779998779296875,59.15999984741211,48.6394157409668,13358400
2020-09-02,59.150001525878906,60.7400016784668,59.0,60.529998779296875,49.765785217285156,21711900
2020-09-03,60.83000183105469,61.279998779296875,60.13999938964844,60.61000061035156,49.831565856933594,23126800
2020-09-04,60.47999954223633,61.5,60.060001373291016,60.47999954223633,49.72467803955078,22250100
2020-09-08,60.79999923706055,60.79999923706055,59.619998931884766,59.959999084472656,49.297149658203125,18469700
2020-09-09,60.119998931884766,60.75,59.970001220703125,60.040000915527344,49.3629264831543,15896200
2020-09-10,60.22999954223633,60.25,59.40999984741211,59.529998779296875,48.94361877441406,15811200
2020-09-11,59.58000183105469,59.959999084472656,59.36000061035156,59.790000915527344,49.15739059448242,13924800
2020-09-14,60.02000045776367,60.779998779296875,60.0,60.31999969482422,49.5931282043457,11932500
2020-09-15,60.11000061035156,61.099998474121094,60.099998474121094,60.599998474121094,49.823341369628906,9444300
2020-09-16,60.529998779296875,60.93000030517578,60.31999969482422,60.369998931884766,49.634239196777344,12699000
2020-09-17,60.599998474121094,60.9900016784668,60.099998474121094,60.59000015258789,49.815120697021484,14996200
2020-09-18,60.18000030517578,60.939998626708984,60.150001525878906,60.349998474121094,49.6177978515625,22584500
2020-09-21,60.0,60.08000183105469,59.02000045776367,59.61000061035156,49.0093994140625,15871400
2020-09-22,59.72999954223633,60.369998931884766,59.52000045776367,59.81999969482422,49.182044982910156,12198900
2020-09-23,59.83000183105469,60.13999938964844,58.849998474121094,58.90999984741211,48.43387985229492,15416200
2020-09-24,59.0,59.560001373291016,58.650001525878906,59.189998626708984,48.66408157348633,10875300
2020-09-25,58.849998474121094,59.45000076293945,58.810001373291016,59.38999938964844,48.82851791381836,10676300
2020-09-28,59.560001373291016,59.79999923706055,59.18000030517578,59.36000061035156,48.80385208129883,11910500
2020-09-29,59.279998779296875,59.4900016784668,59.099998474121094,59.2400016784668,48.705196380615234,10005900
2020-09-30,59.459999084472656,59.709999084472656,59.04999923706055,59.4900016784668,48.91073989868164,16348400
2020-10-01,59.400001525878906,59.599998474121094,59.029998779296875,59.45000076293945,48.877845764160156,14547100
2020-10-02,59.290000915527344,59.54999923706055,59.11000061035156,59.2400016784668,48.705196380615234,10741800
2020-10-05,59.630001068115234,59.84000015258789,59.2599983215332,59.65999984741211,49.05050277709961,10457400
2020-10-06,59.7599983215332,59.970001220703125,59.33000183105469,59.459999084472656,48.88606643676758,12524900
2020-10-07,59.619998931884766,59.779998779296875,59.20000076293945,59.61000061035156,49.0093994140625,13674700
2020-10-08,59.119998931884766,59.72999954223633,58.970001220703125,59.189998626708984,49.182228088378906,14266400
2020-10-09,59.25,59.540000915527344,59.08000183105469,59.33000183105469,49.298553466796875,9846200
2020-10-12,59.33000183105469,59.68000030517578,59.150001525878906,59.54999923706055,49.481353759765625,20211200
2020-10-13,59.70000076293945,59.720001220703125,58.849998474121094,59.36000061035156,49.323482513427734,22109600
2020-10-14,59.459999084472656,59.52000045776367,58.38999938964844,58.43000030517578,48.550724029541016,16591900
2020-10-15,58.11000061035156,58.279998779296875,57.720001220703125,58.15999984741211,48.326377868652344,13644500
2020-10-16,58.08000183105469,58.43000030517578,58.0099983215332,58.04999923706055,48.23497772216797,13364200
2020-10-19,58.150001525878906,58.290000915527344,57.08000183105469,57.29999923706055,47.61178207397461,16075100
2020-10-20,57.540000915527344,57.66999816894531,56.7599983215332,57.25,47.57023620605469,18696200
2020-10-21,57.11000061035156,57.709999084472656,56.689998626708984,56.75,47.1547737121582,21498300
2020-10-22,56.93000030517578,57.65999984741211,56.5099983215332,57.33000183105469,47.636714935302734,16636100
2020-10-23,57.75,57.970001220703125,57.459999084472656,57.959999084472656,48.160186767578125,12879600
2020-10-26,57.52000045776367,57.849998474121094,56.970001220703125,57.810001373291016,48.03554916381836,15196800
2020-10-27,57.70000076293945,57.849998474121094,57.310001373291016,57.380001068115234,47.67826461791992,12253000
2020-10-28,56.91999816894531,57.349998474121094,56.119998931884766,56.310001373291016,46.78917694091797,18720200
2020-10-29,56.15999984741211,57.310001373291016,56.02000045776367,56.7599983215332,47.163082122802734,19146100
2020-10-30,56.599998474121094,57.06999969482422,56.369998931884766,56.9900016784668,47.35419464111328,17632800
2020-11-02,57.66999816894531,58.209999084472656,57.0,57.70000076293945,47.944156646728516,16086400
2020-11-03,57.810001373291016,58.380001068115234,57.5099983215332,57.75,47.98570251464844,10693500
2020-11-04,57.189998626708984,57.849998474121094,56.58000183105469,57.220001220703125,47.54530334472656,20785700
2020-11-05,58.0099983215332,58.970001220703125,57.79999923706055,58.150001525878906,48.31806945800781,20156400
2020-11-06,58.08000183105469,58.75,58.0099983215332,58.529998779296875,48.63381576538086,11986200
2020-11-09,60.040000915527344,60.58000183105469,59.5099983215332,59.84000015258789,49.72232437133789,24265900
2020-11-10,60.279998779296875,61.40999984741211,60.20000076293945,61.099998474121094,50.76927947998047,22051800
2020-11-11,61.290000915527344,61.349998474121094,60.470001220703125,61.0,50.68619155883789,12196900
2020-11-12,60.90999984741211,61.0099983215332,60.34000015258789,60.790000915527344,50.51169967651367,13293300
2020-11-13,60.630001068115234,61.189998626708984,60.380001068115234,61.060001373291016,50.73604965209961,10652800
2020-11-16,60.810001373291016,61.459999084472656,60.70000076293945,60.88999938964844,50.59479904174805,14289400
2020-11-17,60.560001373291016,61.02000045776367,60.36000061035156,60.75,50.47846221923828,11698200
2020-11-18,61.130001068115234,61.150001525878906,60.29999923706055,60.31999969482422,50.12116241455078,11698800
2020-11-19,60.400001525878906,60.439998626708984,59.900001525878906,60.209999084472656,50.029762268066406,12663000
2020-11-20,60.209999084472656,60.33000183105469,59.95000076293945,60.040000915527344,49.88850784301758,14225400
2020-11-23,60.0099983215332,60.38999938964844,60.0,60.22999954223633,50.04638671875,11601400
2020-11-24,60.599998474121094,60.79999923706055,60.36000061035156,60.63999938964844,50.38705825805664,15481400
2020-11-25,60.66999816894531,60.7400016784668,60.33000183105469,60.40999984741211,50.195945739746094,10604300
2020-11-27,60.52000045776367,60.7400016784668,60.40999984741211,60.58000183105469,50.33720016479492,5763700
2020-11-30,60.31999969482422,60.599998474121094,60.189998626708984,60.40999984741211,50.195945739746094,21839100
2020-12-01,60.43000030517578,60.91999816894531,60.279998779296875,60.58000183105469,50.33720016479492,14282600
2020-12-02,61.400001525878906,61.95000076293945,61.0099983215332,61.36000061035156,50.985321044921875,14169900
2020-12-03,61.11000061035156,61.83000183105469,61.040000915527344,61.7400016784668,51.30107498168945,11937200
2020-12-04,61.54999923706055,61.79999923706055,61.27000045776367,61.54999923706055,51.14319610595703,10495800
2020-12-07,61.52000045776367,61.70000076293945,61.18000030517578,61.349998474121094,50.97700881958008,12537500
2020-12-08,61.18000030517578,61.70000076293945,60.880001068115234,61.45000076293945,51.06010818481445,13421100
2020-12-09,61.45000076293945,61.81999969482422,61.09000015258789,61.459999084472656,51.06840515136719,14949500
2020-12-10,61.2599983215332,61.349998474121094,60.33000183105469,60.5099983215332,50.27903747558594,15464400
2020-12-11,60.08000183105469,60.529998779296875,59.970001220703125,60.349998474121094,50.14609146118164,13673000
2020-12-14,60.61000061035156,61.060001373291016,59.77000045776367,59.97999954223633,49.838653564453125,15706500
2020-12-15,60.06999969482422,60.7400016784668,59.970001220703125,60.54999923706055,50.31227493286133,15876000
2020-12-16,60.20000076293945,60.45000076293945,59.66999816894531,59.90999984741211,49.78049087524414,17165900
2020-12-17,59.97999954223633,60.150001525878906,59.61000061035156,60.0099983215332,49.86357879638672,12095500
2020-12-18,60.0,60.779998779296875,59.790000915527344,60.459999084472656,50.237491607666016,31909400
2020-12-21,60.060001373291016,60.130001068115234,59.279998779296875,59.4900016784668,49.43149948120117,18567500
2020-12-22,59.31999969482422,59.41999816894531,58.86000061035156,58.9900016784668,49.01604461669922,12951500
2020-12-23,59.20000076293945,59.279998779296875,58.88999938964844,58.959999084472656,48.991111755371094,14012100
2020-12-24,59.0,59.06999969482422,58.65999984741211,58.84000015258789,48.89139938354492,7751100
2020-12-28,59.15999984741211,59.18000030517578,58.650001525878906,58.97999954223633,49.007728576660156,15355600
2020-12-29,59.029998779296875,59.2400016784668,58.63999938964844,58.810001373291016,48.86647415161133,15686100
2020-12-30,58.83000183105469,58.939998626708984,58.060001373291016,58.13999938964844,48.309757232666016,18259800
2020-12-31,58.060001373291016,58.79999923706055,58.02000045776367,58.75,48.816619873046875,12906300
2021-01-04,58.959999084472656,59.150001525878906,58.439998626708984,58.849998474121094,48.89970779418945,19129800
2021-01-05,58.86000061035156,59.09000015258789,58.459999084472656,58.58000183105469,48.67536926269531,16220000
2021-01-06,58.810001373291016,59.540000915527344,58.540000915527344,59.290000915527344,49.26531219482422,22678500
2021-01-07,58.27000045776367,58.7599983215332,58.08000183105469,58.529998779296875,49.154457092285156,19079900
2021-01-08,58.22999954223633,58.36000061035156,57.369998931884766,57.79999923706055,48.5413932800293,28411600
2021-01-11,57.75,58.04999923706055,57.290000915527344,57.459999084472656,48.255855560302734,15688000
2021-01-12,57.27000045776367,57.45000076293945,56.689998626708984,57.2599983215332,48.087886810302734,22699300
2021-01-13,57.220001220703125,57.25,56.880001068115234,57.060001373291016,47.919921875,16985400
2021-01-14,56.88999938964844,57.43000030517578,56.65999984741211,57.040000915527344,47.90313720703125,18341100
2021-01-15,56.779998779296875,57.5,56.709999084472656,57.380001068115234,48.18867492675781,15785300
2021-01-19,57.439998626708984,57.58000183105469,56.97999954223633,57.04999923706055,47.911529541015625,18821300
2021-01-20,57.0099983215332,57.38999938964844,56.65999984741211,57.2599983215332,48.087886810302734,19923100
2021-01-21,57.189998626708984,57.5099983215332,57.04999923706055,57.27000045776367,48.09628677368164,13601500
2021-01-22,57.16999816894531,57.689998626708984,56.7599983215332,57.470001220703125,48.264251708984375,16364500
2021-01-25,57.470001220703125,58.619998931884766,57.18000030517578,58.41999816894531,49.06208038330078,22444300
2021-01-26,56.9900016784668,57.279998779296875,56.40999984741211,56.56999969482422,47.5084228515625,37892700
2021-01-27,56.63999938964844,56.959999084472656,55.060001373291016,55.130001068115234,46.2990837097168,37239000
2021-01-28,55.0,56.33000183105469,55.0,55.369998931884766,46.500640869140625,24000800
2021-01-29,55.0,55.27000045776367,54.47999954223633,54.75,45.979957580566406,26231200
2021-02-01,55.27000045776367,55.27000045776367,54.220001220703125,54.279998779296875,45.585235595703125,20541100
2021-02-02,54.43000030517578,55.16999816894531,54.16999816894531,54.5,45.77000045776367,18974500
2021-02-03,54.310001373291016,54.900001525878906,54.25,54.790000915527344,46.013545989990234,13909300
2021-02-04,54.7599983215332,55.369998931884766,54.59000015258789,55.13999938964844,46.30747985839844,14761700
2021-02-05,55.20000076293945,55.68000030517578,55.16999816894531,55.31999969482422,46.458641052246094,12069500
2021-02-08,55.369998931884766,55.47999954223633,54.790000915527344,55.04999923706055,46.23189926147461,17887700
2021-02-09,55.02000045776367,55.29999923706055,54.68000030517578,55.0,46.18989944458008,19605600
2021-02-10,55.220001220703125,55.439998626708984,54.91999816894531,54.959999084472656,46.15631866455078,16232800
2021-02-11,55.02000045776367,55.060001373291016,54.47999954223633,54.599998474121094,45.85397720336914,17398800
2021-02-12,54.41999816894531,54.68000030517578,54.18000030517578,54.20000076293945,45.51805114746094,18357300
2021-02-16,54.11000061035156,54.31999969482422,53.83000183105469,54.150001525878906,45.47606658935547,22095700
2021-02-17,56.0,57.25,55.630001068115234,56.9900016784668,47.861141204833984,40531300
2021-02-18,56.939998626708984,57.61000061035156,56.529998779296875,56.97999954223633,47.85274124145508,20759900
2021-02-19,57.33000183105469,57.400001525878906,56.349998474121094,56.45000076293945,47.40763854980469,18689400
2021-02-22,56.529998779296875,56.84000015258789,56.150001525878906,56.45000076293945,47.40763854980469,17854900
2021-02-23,56.810001373291016,57.529998779296875,56.290000915527344,57.029998779296875,47.894737243652344,21062000
2021-02-24,57.08000183105469,57.41999816894531,56.66999816894531,57.119998931884766,47.970314025878906,17136900
2021-02-25,56.119998931884766,56.86000061035156,55.7400016784668,56.5,47.44963455200195,24165300
2021-02-26,56.470001220703125,56.61000061035156,55.290000915527344,55.29999923706055,46.44185256958008,23935200
2021-03-01,55.4900016784668,55.95000076293945,55.279998779296875,55.36000061035156,46.492244720458984,20550400
2021-03-02,55.310001373291016,55.52000045776367,54.91999816894531,54.97999954223633,46.173118591308594,17184600
2021-03-03,54.560001373291016,55.970001220703125,54.400001525878906,55.380001068115234,46.50904083251953,22838700
2021-03-04,55.54999923706055,55.619998931884766,54.529998779296875,54.79999923706055,46.021942138671875,23692000
2021-03-05,54.95000076293945,56.20000076293945,54.91999816894531,56.0,47.02972412109375,23598100
2021-03-08,55.95000076293945,57.29999923706055,55.81999969482422,56.790000915527344,47.693180084228516,23648800
2021-03-09,56.900001525878906,57.099998474121094,56.16999816894531,56.20000076293945,47.19768524169922,20956400
2021-03-10,56.689998626708984,57.290000915527344,55.849998474121094,57.08000183105469,47.93672561645508,18848600
2021-03-11,57.0099983215332,57.189998626708984,55.470001220703125,55.5099983215332,46.61821746826172,30312900
2021-03-12,55.72999954223633,56.16999816894531,55.61000061035156,55.630001068115234,46.718990325927734,22002400
2021-03-15,55.810001373291016,55.939998626708984,55.099998474121094,55.63999938964844,46.727386474609375,18970600
2021-03-16,55.70000076293945,55.91999816894531,55.439998626708984,55.63999938964844,46.727386474609375,19044700
2021-03-17,55.77000045776367,56.119998931884766,55.290000915527344,55.75,46.819766998291016,17867000
2021-03-18,55.75,56.369998931884766,55.65999984741211,56.310001373291016,47.29006576538086,19970700
2021-03-19,56.43000030517578,56.52000045776367,55.95000076293945,56.2400016784668,47.231285095214844,39055000
2021-03-22,55.869998931884766,56.66999816894531,55.77000045776367,56.59000015258789,47.52520751953125,20656600
2021-03-23,56.41999816894531,57.41999816894531,56.380001068115234,56.90999984741211,47.79395294189453,20084100
2021-03-24,56.7400016784668,57.43000030517578,56.630001068115234,57.0099983215332,47.877933502197266,14819800
2021-03-25,57.04999923706055,57.540000915527344,56.70000076293945,57.380001068115234,48.18867492675781,18047400
2021-03-26,57.43000030517578,58.25,57.380001068115234,58.18000030517578,48.86052322387695,19632700
2021-03-29,58.09000015258789,58.97999954223633,57.95000076293945,58.83000183105469,49.40640640258789,18577300
2021-03-30,58.869998931884766,58.970001220703125,58.22999954223633,58.59000015258789,49.2048454284668,13239700
2021-03-31,58.400001525878906,58.52000045776367,58.060001373291016,58.150001525878906,48.83533477783203,19531700
2021-04-01,58.02000045776367,58.38999938964844,57.7400016784668,58.29999923706055,48.961299896240234,12885100
2021-04-05,58.529998779296875,59.130001068115234,58.459999084472656,58.869998931884766,49.43999481201172,14326300
2021-04-06,58.810001373291016,59.11000061035156,58.68000030517578,59.11000061035156,49.64155578613281,12198300
2021-04-07,59.130001068115234,59.459999084472656,58.790000915527344,59.0,49.54916763305664,13218400
2021-04-08,58.040000915527344,58.130001068115234,57.529998779296875,57.599998474121094,48.893856048583984,16472400
2021-04-09,57.599998474121094,57.79999923706055,57.25,57.4900016784668,48.80049133300781,13872000
2021-04-12,57.65999984741211,57.88999938964844,57.43000030517578,57.540000915527344,48.842926025390625,19564600
2021-04-13,57.369998931884766,57.7599983215332,57.15999984741211,57.619998931884766,48.91083526611328,15489100
2021-04-14,57.5,58.130001068115234,57.290000915527344,57.70000076293945,48.97874450683594,13890100
2021-04-15,57.560001373291016,57.90999984741211,57.540000915527344,57.70000076293945,48.97874450683594,13338400
2021-04-16,58.06999969482422,58.47999954223633,57.79999923706055,58.279998779296875,49.47107696533203,19866200
2021-04-19,58.5,58.709999084472656,58.09000015258789,58.38999938964844,49.564456939697266,11955400
2021-04-20,58.119998931884766,58.540000915527344,57.970001220703125,58.38999938964844,49.564456939697266,16673600
2021-04-21,58.400001525878906,58.84000015258789,58.04999923706055,58.13999938964844,49.35224151611328,18310100
2021-04-22,57.939998626708984,58.09000015258789,57.13999938964844,57.279998779296875,48.622222900390625,20921900
2021-04-23,57.130001068115234,57.470001220703125,56.779998779296875,57.29999923706055,48.63920211791992,18099400
2021-04-26,57.36000061035156,57.38999938964844,56.849998474121094,56.939998626708984,48.333614349365234,15073600
2021-04-27,56.58000183105469,56.720001220703125,56.20000076293945,56.31999969482422,47.807334899902344,21858600
2021-04-28,56.369998931884766,56.65999984741211,56.34000015258789,56.43000030517578,47.90070343017578,12862500
2021-04-29,56.54999923706055,57.52000045776367,56.529998779296875,57.31999969482422,48.65618133544922,18169200
2021-04-30,57.349998474121094,57.86000061035156,56.959999084472656,57.790000915527344,49.055137634277344,16861500
2021-05-03,58.22999954223633,58.33000183105469,57.869998931884766,57.91999816894531,49.165496826171875,17559100
2021-05-04,57.97999954223633,58.650001525878906,57.95000076293945,58.599998474121094,49.74270248413086,22067700
2021-05-05,58.630001068115234,59.060001373291016,58.54999923706055,58.689998626708984,49.81910705566406,17882200
2021-05-06,58.90999984741211,59.369998931884766,58.689998626708984,59.290000915527344,50.32841491699219,14593100
2021-05-07,58.79999923706055,59.06999969482422,58.599998474121094,58.720001220703125,49.844573974609375,15678600
2021-05-10,59.08000183105469,59.849998474121094,59.02000045776367,59.52000045776367,50.523651123046875,22563000
2021-05-11,59.790000915527344,59.790000915527344,58.290000915527344,58.540000915527344,49.69178009033203,17971900
2021-05-12,58.25,58.900001525878906,58.150001525878906,58.40999984741211,49.58143615722656,14718600
2021-05-13,58.0,59.189998626708984,57.959999084472656,58.810001373291016,49.920963287353516,13305100
2021-05-14,59.0099983215332,59.2599983215332,58.66999816894531,58.689998626708984,49.81910705566406,13770000
2021-05-17,58.88999938964844,59.06999969482422,57.869998931884766,57.939998626708984,49.182464599609375,22387000
2021-05-18,57.5,57.5,56.63999938964844,57.18000030517578,48.53734588623047,26579000
2021-05-19,56.52000045776367,56.939998626708984,56.349998474121094,56.91999816894531,48.3166389465332,20213500
2021-05-20,56.90999984741211,57.25,56.75,56.790000915527344,48.206295013427734,20768900
2021-05-21,57.060001373291016,57.29999923706055,56.7400016784668,56.90999984741211,48.30815124511719,15474400
2021-05-24,57.09000015258789,57.29999923706055,56.779998779296875,56.97999954223633,48.36757278442383,12970700
2021-05-25,57.0,57.029998779296875,56.290000915527344,56.47999954223633,47.943145751953125,15935100
2021-05-26,56.470001220703125,56.560001373291016,56.27000045776367,56.36000061035156,47.84128189086914,14045200
2021-05-27,56.31999969482422,56.54999923706055,56.02000045776367,56.290000915527344,47.781856536865234,30754300
2021-05-28,56.349998474121094,56.63999938964844,56.290000915527344,56.4900016784668,47.95164108276367,14027800
2021-06-01,56.75,56.86000061035156,56.2400016784668,56.380001068115234,47.85826110839844,14922800
2021-06-02,56.310001373291016,56.84000015258789,56.16999816894531,56.650001525878906,48.08745574951172,13681100
2021-06-03,56.70000076293945,57.220001220703125,56.58000183105469,56.97999954223633,48.36757278442383,14212500
2021-06-04,56.91999816894531,57.369998931884766,56.900001525878906,57.29999923706055,48.63920211791992,11868100
2021-06-07,57.22999954223633,57.33000183105469,57.06999969482422,57.20000076293945,48.554325103759766,11144100
2021-06-08,57.2400016784668,57.25,56.790000915527344,57.150001525878906,48.511878967285156,15858400
2021-06-09,57.150001525878906,57.529998779296875,57.0099983215332,57.04999923706055,48.42699432373047,14705100
2021-06-10,57.33000183105469,57.61000061035156,57.220001220703125,57.34000015258789,48.673160552978516,12013600
2021-06-11,57.4900016784668,57.54999923706055,57.0099983215332,57.33000183105469,48.6646728515625,12929000
2021-06-14,57.189998626708984,57.27000045776367,56.849998474121094,57.18000030517578,48.53734588623047,11907600
2021-06-15,57.18000030517578,57.45000076293945,57.15999984741211,57.290000915527344,48.63071823120117,12602700
2021-06-16,57.369998931884766,57.38999938964844,56.630001068115234,56.63999938964844,48.07896041870117,15678400
2021-06-17,56.650001525878906,56.91999816894531,56.5,56.529998779296875,47.9855842590332,14761100
2021-06-18,56.310001373291016,56.310001373291016,55.56999969482422,55.81999969482422,47.38290023803711,38210500
2021-06-21,56.06999969482422,56.4900016784668,55.97999954223633,56.38999938964844,47.86674880981445,13628200
2021-06-22,56.689998626708984,56.779998779296875,56.279998779296875,56.369998931884766,47.849769592285156,13866600
2021-06-23,56.45000076293945,56.75,56.04999923706055,56.06999969482422,47.595115661621094,16524500
2021-06-24,56.15999984741211,56.40999984741211,56.060001373291016,56.369998931884766,47.849769592285156,15386200
2021-06-25,56.27000045776367,56.52000045776367,56.189998626708984,56.380001068115234,47.85826110839844,14540300
2021-06-28,56.380001068115234,56.5,56.16999816894531,56.18000030517578,47.68849182128906,13754900
2021-06-29,56.20000076293945,56.369998931884766,55.81999969482422,55.84000015258789,47.399871826171875,15313000
2021-06-30,55.7599983215332,56.13999938964844,55.7599983215332,56.029998779296875,47.561161041259766,14559700
2021-07-01,56.18000030517578,56.43000030517578,56.02000045776367,56.290000915527344,47.781856536865234,11672200
2021-07-02,56.380001068115234,56.56999969482422,56.2599983215332,56.439998626708984,47.9091911315918,11387100
2021-07-06,56.47999954223633,56.5099983215332,56.0,56.40999984741211,47.88372802734375,13815900
2021-07-07,56.349998474121094,56.58000183105469,56.209999084472656,56.529998779296875,47.9855842590332,14393300
2021-07-08,55.75,55.97999954223633,55.54999923706055,55.68000030517578,47.7950325012207,18384000
2021-07-09,55.70000076293945,56.22999954223633,55.619998931884766,56.06999969482422,48.12979507446289,13757000
2021-07-12,55.9900016784668,56.36000061035156,55.880001068115234,56.150001525878906,48.19847106933594,13451500
2021-07-13,56.27000045776367,56.47999954223633,56.0,56.09000015258789,48.146968841552734,12511900
2021-07-14,56.09000015258789,56.43000030517578,56.029998779296875,56.31999969482422,48.344398498535156,14821700
2021-07-15,56.31999969482422,56.599998474121094,56.2400016784668,56.54999923706055,48.54182052612305,12813900
2021-07-16,56.68000030517578,56.790000915527344,56.40999984741211,56.459999084472656,48.464569091796875,11637900
2021-07-19,56.16999816894531,56.439998626708984,55.310001373291016,55.84000015258789,47.93236541748047,21958500
2021-07-20,55.95000076293945,56.77000045776367,55.540000915527344,55.58000183105469,47.709190368652344,20258900
2021-07-21,56.540000915527344,56.849998474121094,55.91999816894531,55.95000076293945,48.02679443359375,25264100
2021-07-22,56.150001525878906,56.279998779296875,55.619998931884766,55.95000076293945,48.02679443359375,16231400
2021-07-23,55.83000183105469,56.029998779296875,55.63999938964844,55.880001068115234,47.966705322265625,14894300
2021-07-26,55.880001068115234,55.939998626708984,55.54999923706055,55.779998779296875,47.88086700439453,15330500
2021-07-27,55.66999816894531,56.34000015258789,55.47999954223633,56.20000076293945,48.24139404296875,15225800
2021-07-28,56.2400016784668,56.31999969482422,55.689998626708984,55.720001220703125,47.82936096191406,14595900
2021-07-29,55.88999938964844,56.18000030517578,55.880001068115234,55.97999954223633,48.052547454833984,12841900
2021-07-30,56.029998779296875,56.18000030517578,55.7599983215332,55.779998779296875,47.88086700439453,13856900
2021-08-02,56.060001373291016,56.2599983215332,55.68000030517578,55.7599983215332,47.86368942260742,13833400
2021-08-03,55.7599983215332,55.95000076293945,55.56999969482422,55.72999954223633,47.837947845458984,12573100
2021-08-04,55.599998474121094,55.709999084472656,55.279998779296875,55.369998931884766,47.528934478759766,16446100
2021-08-05,55.40999984741211,55.5,55.25,55.29999923706055,47.46884536743164,12776600
2021-08-06,55.33000183105469,55.59000015258789,55.209999084472656,55.220001220703125,47.40018081665039,12660300
2021-08-09,55.279998779296875,55.41999816894531,55.11000061035156,55.119998931884766,47.314327239990234,13452400
2021-08-10,55.099998474121094,55.529998779296875,55.0,55.47999954223633,47.62335205078125,11756900
2021-08-11,55.61000061035156,55.849998474121094,55.52000045776367,55.56999969482422,47.70060348510742,11727300
2021-08-12,55.619998931884766,55.79999923706055,55.529998779296875,55.63999938964844,47.76068878173828,10744800
2021-08-13,55.70000076293945,55.97999954223633,55.68000030517578,55.869998931884766,47.95812225341797,8384600
2021-08-16,55.91999816894531,56.06999969482422,55.58000183105469,55.97999954223633,48.052547454833984,12964200
2021-08-17,55.869998931884766,56.20000076293945,55.77000045776367,56.18000030517578,48.22422790527344,11847600
2021-08-18,56.04999923706055,56.06999969482422,55.45000076293945,55.470001220703125,47.61476135253906,15093500
2021-08-19,55.29999923706055,55.65999984741211,55.189998626708984,55.369998931884766,47.528934478759766,12679900
2021-08-20,55.33000183105469,55.709999084472656,55.20000076293945,55.52000045776367,47.65769577026367,10645100
2021-08-23,55.54999923706055,55.709999084472656,55.40999984741211,55.41999816894531,47.57184982299805,11963700
2021-08-24,55.40999984741211,55.41999816894531,55.0,55.0099983215332,47.21990966796875,15478400
2021-08-25,55.02000045776367,55.08000183105469,54.810001373291016,54.93000030517578,47.1512336730957,14666300
2021-08-26,54.90999984741211,55.060001373291016,54.56999969482422,54.599998474121094,46.86796569824219,15256200
2021-08-27,54.650001525878906,54.83000183105469,54.529998779296875,54.77000045776367,47.013893127441406,13213800
2021-08-30,54.7400016784668,54.959999084472656,54.68000030517578,54.77000045776367,47.013893127441406,11621200
2021-08-31,54.709999084472656,55.13999938964844,54.58000183105469,55.0,47.21131896972656,18405600
2021-09-01,55.0,55.150001525878906,54.79999923706055,54.939998626708984,47.15981674194336,12647300
2021-09-02,54.93000030517578,55.310001373291016,54.900001525878906,55.290000915527344,47.46025848388672,12875900
2021-09-03,55.2400016784668,55.5,55.16999816894531,55.43000030517578,47.58042907714844,11006200
2021-09-07,55.380001068115234,55.5,54.79999923706055,54.81999969482422,47.05681228637695,15500900
2021-09-08,54.790000915527344,55.09000015258789,54.790000915527344,54.90999984741211,47.13406753540039,11835900
2021-09-09,54.83000183105469,54.869998931884766,54.43000030517578,54.439998626708984,46.730628967285156,19403300
2021-09-10,54.560001373291016,54.66999816894531,54.220001220703125,54.22999954223633,46.55036926269531,15944100
2021-09-13,54.400001525878906,54.97999954223633,54.400001525878906,54.619998931884766,46.88513946533203,20749000
2021-09-14,54.650001525878906,54.77000045776367,54.279998779296875,54.40999984741211,46.70487976074219,16937500
2021-09-15,54.310001373291016,54.65999984741211,54.310001373291016,54.56999969482422,46.84222412109375,15330000
2021-09-16,54.619998931884766,54.790000915527344,54.349998474121094,54.43000030517578,46.722042083740234,14431400
2021-09-17,54.13999938964844,54.459999084472656,54.060001373291016,54.279998779296875,46.59328079223633,30787600
2021-09-20,54.060001373291016,54.58000183105469,54.0099983215332,54.2599983215332,46.57612228393555,20440500
2021-09-21,54.290000915527344,54.63999938964844,54.0099983215332,54.029998779296875,46.37868881225586,16906900
2021-09-22,54.13999938964844,54.38999938964844,54.02000045776367,54.060001373291016,46.40443801879883,15907900
2021-09-23,54.20000076293945,54.61000061035156,54.0099983215332,54.41999816894531,46.713462829589844,14714100
2021-09-24,54.36000061035156,54.56999969482422,54.25,54.369998931884766,46.67053985595703,12663900
2021-09-27,54.45000076293945,54.650001525878906,54.380001068115234,54.470001220703125,46.756385803222656,13118200
2021-09-28,54.45000076293945,54.689998626708984,54.029998779296875,54.15999984741211,46.49027633666992,19528200
2021-09-29,54.09000015258789,54.65999984741211,54.09000015258789,54.380001068115234,46.67912673950195,14823000
2021-09-30,54.5,54.5099983215332,54.0,54.0099983215332,46.36151885986328,18736600
2021-10-01,54.02000045776367,54.560001373291016,53.91999816894531,54.29999923706055,46.610450744628906,18618400
2021-10-04,54.45000076293945,54.849998474121094,54.279998779296875,54.5,46.78213119506836,18159200
2021-10-05,54.63999938964844,54.810001373291016,54.31999969482422,54.5099983215332,46.79071807861328,13218200
2021-10-06,54.34000015258789,54.59000015258789,54.0099983215332,54.529998779296875,46.807884216308594,21339800
2021-10-07,54.040000915527344,54.349998474121094,53.83000183105469,53.900001525878906,46.816558837890625,18069600
2021-10-08,53.869998931884766,53.970001220703125,53.220001220703125,53.2400016784668,46.24330520629883,21384600
2021-10-11,53.2599983215332,53.290000915527344,51.97999954223633,52.18000030517578,45.322608947753906,32088400
2021-10-12,52.18000030517578,52.18000030517578,51.11000061035156,51.33000183105469,44.58431625366211,42154000
2021-10-13,51.209999084472656,51.40999984741211,50.86000061035156,51.349998474121094,44.60167694091797,27246900
2021-10-14,51.27000045776367,51.9900016784668,51.15999984741211,51.91999816894531,45.09677505493164,27764900
2021-10-15,52.08000183105469,52.810001373291016,52.02000045776367,52.27000045776367,45.400779724121094,27005500
2021-10-18,52.15999984741211,52.31999969482422,51.63999938964844,51.90999984741211,45.08808517456055,20853500
2021-10-19,52.0,52.41999816894531,51.91999816894531,52.349998474121094,45.47026443481445,16094800
2021-10-20,52.790000915527344,53.7400016784668,52.720001220703125,53.61000061035156,46.56468200683594,30659500
2021-10-21,53.77000045776367,53.93000030517578,53.06999969482422,53.38999938964844,46.37358856201172,17771100
2021-10-22,53.41999816894531,53.41999816894531,52.880001068115234,52.93000030517578,45.97404098510742,16074000
2021-10-25,52.970001220703125,53.099998474121094,52.459999084472656,52.58000183105469,45.67003631591797,15987400
2021-10-26,52.70000076293945,53.16999816894531,52.560001373291016,53.08000183105469,46.104331970214844,15185200
2021-10-27,53.16999816894531,53.20000076293945,52.470001220703125,52.630001068115234,45.713470458984375,15007400
2021-10-28,52.75,53.150001525878906,52.619998931884766,52.79999923706055,45.86111831665039,18374700
2021-10-29,52.5,53.04999923706055,52.40999984741211,52.9900016784668,46.02615737915039,17763200
2021-11-01,53.2400016784668,53.369998931884766,52.869998931884766,52.95000076293945,45.99140930175781,14177700
2021-11-02,53.04999923706055,53.09000015258789,52.5099983215332,52.56999969482422,45.66135025024414,16913800
2021-11-03,52.59000015258789,53.06999969482422,52.52000045776367,52.939998626708984,45.982723236083984,12240000
2021-11-04,52.90999984741211,52.90999984741211,51.20000076293945,51.849998474121094,45.03596878051758,30807500
2021-11-05,52.02000045776367,52.79999923706055,52.02000045776367,52.2400016784668,45.374725341796875,17442800
2021-11-08,52.29999923706055,52.41999816894531,51.90999984741211,52.33000183105469,45.45289611816406,15985200
2021-11-09,52.29999923706055,52.369998931884766,51.9900016784668,52.2400016784668,45.374725341796875,16014100
2021-11-10,52.41999816894531,52.7599983215332,52.209999084472656,52.599998474121094,45.68741226196289,16261100
2021-11-11,52.7400016784668,52.7400016784668,52.36000061035156,52.45000076293945,45.557125091552734,10983700
2021-11-12,52.5099983215332,52.52000045776367,52.290000915527344,52.34000015258789,45.461578369140625,14378500
2021-11-15,52.439998626708984,52.540000915527344,52.06999969482422,52.400001525878906,45.513702392578125,14282700
2021-11-16,52.5099983215332,52.619998931884766,52.040000915527344,52.060001373291016,45.21837615966797,15876100
2021-11-17,52.0099983215332,52.060001373291016,51.61000061035156,51.72999954223633,44.93174362182617,17679200
2021-11-18,51.5,51.650001525878906,51.130001068115234,51.2400016784668,44.506141662597656,19490300
2021-11-19,51.279998779296875,51.31999969482422,50.66999816894531,50.86000061035156,44.17607879638672,21105200
2021-11-22,50.849998474121094,52.029998779296875,50.650001525878906,51.540000915527344,44.76671600341797,22751600
2021-11-23,51.560001373291016,52.150001525878906,51.560001373291016,51.75,44.94911575317383,21501600
2021-11-24,51.630001068115234,52.11000061035156,51.59000015258789,51.65999984741211,44.870941162109375,15474500
2021-11-26,51.150001525878906,52.20000076293945,51.099998474121094,51.79999923706055,44.99254608154297,17048100
2021-11-29,51.61000061035156,51.849998474121094,51.33000183105469,51.65999984741211,44.870941162109375,18652500
2021-11-30,51.2599983215332,51.36000061035156,50.040000915527344,50.27000045776367,43.66361618041992,47766200
2021-12-01,50.5,50.91999816894531,49.7400016784668,49.77000045776367,43.22932434082031,26295500
2021-12-02,49.83000183105469,51.16999816894531,49.779998779296875,50.72999954223633,44.06316375732422,27364400
2021-12-03,50.59000015258789,51.4900016784668,50.52000045776367,51.41999816894531,44.6624755859375,24711700
2021-12-06,51.63999938964844,51.93000030517578,50.959999084472656,51.06999969482422,44.35847473144531,22433100
2021-12-07,51.0,51.0099983215332,50.130001068115234,50.790000915527344,44.11527633666992,27754700
2021-12-08,50.720001220703125,50.849998474121094,50.150001525878906,50.4900016784668,43.85470199584961,20452700
2021-12-09,50.400001525878906,50.400001525878906,49.869998931884766,50.15999984741211,43.56806945800781,23628300
2021-12-10,50.33000183105469,50.33000183105469,49.9900016784668,50.189998626708984,43.59412384033203,18498700
2021-12-13,50.099998474121094,50.540000915527344,49.689998626708984,50.279998779296875,43.672298431396484,27618800
2021-12-14,50.369998931884766,51.150001525878906,50.18000030517578,50.650001525878906,43.993675231933594,31555900
2021-12-15,50.83000183105469,51.040000915527344,50.47999954223633,50.54999923706055,43.90681457519531,24115700
2021-12-16,50.65999984741211,52.91999816894531,50.54999923706055,52.75,45.81770324707031,40091300
2021-12-17,53.04999923706055,53.220001220703125,52.36000061035156,53.16999816894531,46.1824951171875,54501100
2021-12-20,52.72999954223633,53.34000015258789,52.689998626708984,53.09000015258789,46.113014221191406,23418000
2021-12-21,53.2599983215332,53.33000183105469,52.650001525878906,52.779998779296875,45.843753814697266,23905300
2021-12-22,52.58000183105469,52.900001525878906,52.060001373291016,52.77000045776367,45.83506774902344,16486500
2021-12-23,52.849998474121094,53.09000015258789,52.66999816894531,52.68000030517578,45.75689697265625,14921400
2021-12-27,52.689998626708984,52.81999969482422,52.45000076293945,52.68000030517578,45.75689697265625,19705800
2021-12-28,52.630001068115234,53.09000015258789,52.61000061035156,52.720001220703125,45.79164505004883,12126500
2021-12-29,52.77000045776367,52.880001068115234,52.34000015258789,52.36000061035156,45.47895050048828,15109500
2021-12-30,52.380001068115234,52.56999969482422,52.08000183105469,52.25,45.3834114074707,15615500
2021-12-31,52.20000076293945,52.310001373291016,51.880001068115234,51.959999084472656,45.13151550292969,15911400
2022-01-03,52.06999969482422,52.560001373291016,51.97999954223633,52.439998626708984,45.548439025878906,18240100
2022-01-04,52.63999938964844,53.709999084472656,52.54999923706055,53.470001220703125,46.44308090209961,26376800
2022-01-05,53.84000015258789,54.63999938964844,53.5099983215332,54.02000045776367,46.92079162597656,28697300
2022-01-06,54.47999954223633,54.54999923706055,53.65999984741211,53.7599983215332,46.69496536254883,21563800
2022-01-07,53.2599983215332,54.36000061035156,53.2599983215332,54.2400016784668,47.67949676513672,26512500
2022-01-10,54.4900016784668,54.83000183105469,53.810001373291016,53.869998931884766,47.354251861572266,24929400
2022-01-11,53.91999816894531,54.08000183105469,53.15999984741211,53.59000015258789,47.108116149902344,18598500
2022-01-12,53.38999938964844,53.65999984741211,53.09000015258789,53.45000076293945,46.98505401611328,12778300
2022-01-13,53.52000045776367,54.029998779296875,53.18000030517578,53.52000045776367,47.04658126831055,18178200
2022-01-14,53.59000015258789,53.70000076293945,53.08000183105469,53.279998779296875,46.83561325073242,18695800
2022-01-18,53.099998474121094,53.56999969482422,52.58000183105469,53.43000030517578,46.96746826171875,21570300
2022-01-19,53.470001220703125,53.68000030517578,52.869998931884766,53.5,47.02899932861328,18374200
2022-01-20,53.4900016784668,53.939998626708984,53.08000183105469,53.400001525878906,46.94110107421875,24297100
2022-01-21,53.72999954223633,53.900001525878906,53.06999969482422,53.15999984741211,46.730125427246094,25294800
2022-01-24,53.11000061035156,53.709999084472656,52.20000076293945,52.959999084472656,46.5543212890625,32500600
2022-01-25,53.130001068115234,53.849998474121094,52.2599983215332,52.900001525878906,46.50157928466797,32075900
2022-01-26,52.619998931884766,52.86000061035156,50.810001373291016,51.02000045776367,44.848960876464844,41504700
2022-01-27,50.90999984741211,52.06999969482422,50.810001373291016,51.189998626708984,44.9984016418457,35339600
2022-01-28,51.439998626708984,52.93000030517578,51.189998626708984,52.900001525878906,46.50157928466797,29490800
2022-01-31,52.52000045776367,53.31999969482422,52.209999084472656,53.22999954223633,46.791656494140625,25182400
2022-02-01,53.400001525878906,53.599998474121094,52.209999084472656,53.20000076293945,46.765289306640625,33045600
2022-02-02,53.560001373291016,54.279998779296875,53.29999923706055,53.79999923706055,47.29271697998047,24160200
2022-02-03,54.0,54.56999969482422,53.70000076293945,53.790000915527344,47.28392791748047,21219800
2022-02-04,53.52000045776367,53.83000183105469,53.22999954223633,53.310001373291016,46.86198425292969,16199800
2022-02-07,53.22999954223633,53.36000061035156,52.5099983215332,53.0,46.589481353759766,15438900
2022-02-08,53.0099983215332,53.16999816894531,52.58000183105469,52.81999969482422,46.431251525878906,13911700
2022-02-09,53.150001525878906,53.65999984741211,52.880001068115234,53.5,47.02899932861328,16449300
2022-02-10,53.34000015258789,53.540000915527344,52.900001525878906,53.040000915527344,46.6246452331543,18644400
2022-02-11,52.95000076293945,53.459999084472656,52.70000076293945,53.31999969482422,46.87077713012695,18833100
2022-02-14,53.25,53.45000076293945,52.5,53.27000045776367,46.82682418823242,16081700
2022-02-15,53.29999923706055,53.59000015258789,53.150001525878906,53.36000061035156,46.90593719482422,12824100
2022-02-16,53.189998626708984,53.79999923706055,53.09000015258789,53.400001525878906,46.94110107421875,17277700
2022-02-17,53.099998474121094,53.59000015258789,52.779998779296875,53.58000183105469,47.099327087402344,17462500
2022-02-18,53.560001373291016,53.959999084472656,53.279998779296875,53.83000183105469,47.319091796875,20298500
2022-02-22,54.0,54.029998779296875,53.59000015258789,53.900001525878906,47.38062286376953,19858400
2022-02-23,53.900001525878906,53.93000030517578,53.2400016784668,53.40999984741211,46.94989013671875,17841900
2022-02-24,52.970001220703125,53.15999984741211,51.709999084472656,52.59000015258789,46.22907257080078,30079700
2022-02-25,53.08000183105469,54.540000915527344,53.08000183105469,54.119998931884766,47.574012756347656,31444200
2022-02-28,53.79999923706055,54.099998474121094,53.400001525878906,53.66999816894531,47.17844009399414,30593900
2022-03-01,53.5,54.189998626708984,53.2599983215332,53.61000061035156,47.125701904296875,24693100
2022-03-02,53.66999816894531,54.40999984741211,53.529998779296875,54.13999938964844,47.59159469604492,20712900
2022-03-03,54.380001068115234,55.150001525878906,54.18000030517578,54.65999984741211,48.048702239990234,27577700
2022-03-04,54.43000030517578,55.38999938964844,54.2599983215332,55.11000061035156,48.444271087646484,26913800
2022-03-07,54.75,55.2400016784668,54.5,54.68000030517578,48.066280364990234,24962800
2022-03-08,54.959999084472656,55.34000015258789,53.189998626708984,53.25,46.80923843383789,36526700
2022-03-09,53.720001220703125,53.810001373291016,53.0099983215332,53.08000183105469,46.65980529785156,23049800
2022-03-10,53.0,53.34000015258789,52.779998779296875,53.22999954223633,46.791656494140625,17501800
2022-03-11,53.36000061035156,53.58000183105469,53.0099983215332,53.040000915527344,46.6246452331543,20838500
2022-03-14,53.43000030517578,53.66999816894531,52.439998626708984,52.5,46.149959564208984,23124100
2022-03-15,52.689998626708984,53.0,52.209999084472656,52.7599983215332,46.37851333618164,20477600
2022-03-16,52.869998931884766,53.0,51.95000076293945,52.4900016784668,46.141170501708984,28500700
2022-03-17,52.47999954223633,52.540000915527344,52.0,52.36000061035156,46.026893615722656,22931500
2022-03-18,52.119998931884766,52.290000915527344,50.79999923706055,50.79999923706055,44.655574798583984,70390600
2022-03-21,51.369998931884766,51.810001373291016,50.970001220703125,51.099998474121094,44.919288635253906,39892800
2022-03-22,51.189998626708984,51.459999084472656,50.95000076293945,51.0,44.83138656616211,28676600
2022-03-23,51.04999923706055,51.459999084472656,50.959999084472656,50.970001220703125,44.805015563964844,25988800
2022-03-24,51.040000915527344,51.189998626708984,50.93000030517578,51.0,44.83138656616211,21087300
2022-03-25,51.060001373291016,51.459999084472656,50.970001220703125,51.279998779296875,45.0775146484375,18765800
2022-03-28,51.36000061035156,51.38999938964844,50.95000076293945,51.16999816894531,44.9808235168457,21688600
2022-03-29,51.31999969482422,51.34000015258789,50.959999084472656,51.25,45.0511474609375,28193400
2022-03-30,51.220001220703125,51.630001068115234,51.08000183105469,51.61000061035156,45.36759948730469,23821200
2022-03-31,51.65999984741211,51.75,50.93000030517578,50.939998626708984,44.77864074707031,31027600
2022-04-01,51.02000045776367,52.189998626708984,50.81999969482422,52.119998931884766,45.815921783447266,30550300
2022-04-04,52.02000045776367,52.5,51.63999938964844,52.459999084472656,46.11479187011719,25793000
2022-04-05,52.20000076293945,52.900001525878906,52.130001068115234,52.779998779296875,46.39609146118164,23150600
2022-04-06,52.810001373291016,53.43000030517578,52.56999969482422,53.20000076293945,46.765289306640625,28661700
2022-04-07,52.45000076293945,52.97999954223633,52.040000915527344,52.66999816894531,46.863155364990234,22790600
2022-04-08,52.72999954223633,53.68000030517578,52.5,53.529998779296875,47.62834548950195,24852200
2022-04-11,53.869998931884766,54.70000076293945,53.709999084472656,53.900001525878906,47.957557678222656,33614900
2022-04-12,53.869998931884766,54.04999923706055,53.41999816894531,53.66999816894531,47.752906799316406,21136400
2022-04-13,53.59000015258789,54.369998931884766,53.59000015258789,54.13999938964844,48.17109680175781,19798000
2022-04-14,54.0,54.189998626708984,53.779998779296875,53.83000183105469,47.8952751159668,16915100
2022-04-18,53.7599983215332,54.279998779296875,53.220001220703125,53.38999938964844,47.503780364990234,14394300
2022-04-19,53.58000183105469,53.90999984741211,53.459999084472656,53.75,47.824092864990234,12890000
2022-04-20,53.7599983215332,54.4900016784668,53.70000076293945,54.40999984741211,48.41132736206055,19563400
2022-04-21,54.61000061035156,55.5099983215332,54.470001220703125,55.0099983215332,48.9451789855957,32821100
2022-04-22,53.439998626708984,53.540000915527344,51.459999084472656,51.90999984741211,46.186954498291016,44958400
2022-04-25,51.34000015258789,51.439998626708984,49.540000915527344,50.279998779296875,44.73666000366211,46028400
2022-04-26,50.2599983215332,50.650001525878906,49.369998931884766,49.40999984741211,43.96257400512695,29507700
2022-04-27,49.5099983215332,49.5099983215332,48.41999816894531,48.459999084472656,43.117313385009766,30582000
2022-04-28,48.689998626708984,49.16999816894531,48.29999923706055,48.400001525878906,43.06393051147461,33011700
2022-04-29,48.15999984741211,48.20000076293945,46.16999816894531,46.29999923706055,41.19544982910156,41014200
2022-05-02,46.5099983215332,47.060001373291016,45.54999923706055,46.22999954223633,41.1331672668457,33309400
2022-05-03,46.38999938964844,47.40999984741211,46.060001373291016,47.16999816894531,41.96952819824219,33263100
2022-05-04,47.2400016784668,48.41999816894531,47.0,48.369998931884766,43.03723907470703,29564600
2022-05-05,48.029998779296875,48.33000183105469,47.40999984741211,47.84000015258789,42.56566619873047,20664300
2022-05-06,47.599998474121094,48.439998626708984,47.52000045776367,48.27000045776367,42.94825744628906,19322000
2022-05-09,48.130001068115234,48.86000061035156,47.75,48.619998931884766,43.25967025756836,24391300
2022-05-10,48.900001525878906,49.439998626708984,47.77000045776367,48.130001068115234,42.823699951171875,23007300
2022-05-11,48.18000030517578,48.52000045776367,47.619998931884766,47.880001068115234,42.601253509521484,20133200
2022-05-12,47.810001373291016,48.18000030517578,47.40999984741211,48.060001373291016,42.76141357421875,21623900
2022-05-13,48.25,48.45000076293945,47.61000061035156,48.18000030517578,42.868186950683594,21080500
2022-05-16,47.97999954223633,49.20000076293945,47.7599983215332,49.040000915527344,43.63336944580078,22754700
2022-05-17,48.95000076293945,49.209999084472656,48.529998779296875,48.939998626708984,43.54439163208008,22043100
2022-05-18,48.95000076293945,49.459999084472656,48.630001068115234,48.88999938964844,43.499900817871094,22365100
2022-05-19,48.459999084472656,49.18000030517578,48.130001068115234,49.099998474121094,43.68675231933594,23186400
2022-05-20,49.040000915527344,49.599998474121094,48.91999816894531,49.529998779296875,44.069339752197266,24181800
2022-05-23,49.790000915527344,50.27000045776367,49.5,49.66999816894531,44.19390869140625,16761800
2022-05-24,49.689998626708984,50.81999969482422,48.86000061035156,50.68000030517578,45.09255599975586,25414700
2022-05-25,50.5,51.27000045776367,50.38999938964844,51.2400016784668,45.590824127197266,19831500
2022-05-26,51.310001373291016,51.61000061035156,50.90999984741211,50.9900016784668,45.368377685546875,15500400
2022-05-27,50.75,51.43000030517578,50.529998779296875,51.400001525878906,45.73318099975586,13347300
2022-05-31,51.2599983215332,51.560001373291016,50.849998474121094,51.290000915527344,45.635311126708984,25016600
2022-06-01,51.439998626708984,51.630001068115234,51.04999923706055,51.400001525878906,45.73318099975586,15358100
2022-06-02,51.54999923706055,51.59000015258789,50.38999938964844,51.290000915527344,45.635311126708984,13527800
2022-06-03,50.939998626708984,51.25,50.689998626708984,50.810001373291016,45.208221435546875,10819800
2022-06-06,50.93000030517578,51.349998474121094,50.720001220703125,51.2400016784668,45.590824127197266,12898100
2022-06-07,51.150001525878906,51.70000076293945,50.93000030517578,51.650001525878906,45.95561599731445,15383000
2022-06-08,51.72999954223633,51.959999084472656,51.439998626708984,51.54999923706055,45.86663818359375,13249700
2022-06-09,51.619998931884766,51.77000045776367,50.91999816894531,50.939998626708984,45.323890686035156,12078400
2022-06-10,50.650001525878906,51.400001525878906,50.470001220703125,50.81999969482422,45.217124938964844,19868500
2022-06-13,50.619998931884766,50.790000915527344,49.400001525878906,49.59000015258789,44.12272644042969,23762500
2022-06-14,49.59000015258789,49.84000015258789,48.900001525878906,49.15999984741211,43.74013900756836,20278700
2022-06-15,49.22999954223633,49.83000183105469,48.599998474121094,49.150001525878906,43.731239318847656,22005600
2022-06-16,48.52000045776367,48.970001220703125,48.0099983215332,48.84000015258789,43.455413818359375,22029300
2022-06-17,48.61000061035156,49.4900016784668,48.529998779296875,49.029998779296875,43.62446594238281,36469500
2022-06-21,49.310001373291016,50.90999984741211,49.220001220703125,50.650001525878906,45.06586456298828,34258500
2022-06-22,50.2599983215332,51.16999816894531,50.209999084472656,50.790000915527344,45.190433502197266,23650600
2022-06-23,51.029998779296875,52.18000030517578,51.029998779296875,52.09000015258789,46.34710693359375,21736400
2022-06-24,52.029998779296875,52.150001525878906,50.56999969482422,50.959999084472656,45.34169006347656,28490700
2022-06-27,51.290000915527344,51.4900016784668,50.650001525878906,50.959999084472656,45.34169006347656,16974900
2022-06-28,51.06999969482422,51.29999923706055,50.43000030517578,50.459999084472656,44.89681625366211,16615700
2022-06-29,50.47999954223633,51.0,50.31999969482422,50.939998626708984,45.323890686035156,13901400
2022-06-30,50.66999816894531,51.220001220703125,50.459999084472656,50.75,45.15483856201172,18880500
2022-07-01,50.959999084472656,51.77000045776367,50.58000183105469,51.63999938964844,45.94671630859375,14189300
2022-07-05,51.41999816894531,51.459999084472656,50.47999954223633,51.41999816894531,45.7509765625,19675600
2022-07-06,51.41999816894531,51.88999938964844,51.130001068115234,51.5099983215332,45.83104705810547,14938900
2022-07-07,50.959999084472656,51.060001373291016,50.36000061035156,50.709999084472656,45.68689727783203,13617100
2022-07-08,50.52000045776367,50.91999816894531,50.40999984741211,50.4900016784668,45.48869323730469,13959200
2022-07-11,50.369998931884766,50.7400016784668,50.2599983215332,50.5,45.49769592285156,12259000
2022-07-12,50.650001525878906,51.36000061035156,50.279998779296875,50.779998779296875,45.749961853027344,20528700
2022-07-13,50.439998626708984,51.09000015258789,50.20000076293945,50.5099983215332,45.50670623779297,13362500
2022-07-14,49.91999816894531,50.560001373291016,49.72999954223633,50.4900016784668,45.48869323730469,10271700
2022-07-15,51.0,51.040000915527344,50.349998474121094,51.02000045776367,45.96619415283203,13021300
2022-07-18,51.060001373291016,51.16999816894531,50.16999816894531,50.279998779296875,45.29949188232422,16173100
2022-07-19,50.47999954223633,50.560001373291016,50.2400016784668,50.45000076293945,45.45265579223633,14638500
2022-07-20,50.470001220703125,50.54999923706055,49.0099983215332,49.06999969482422,44.2093505859375,29611400
2022-07-21,47.630001068115234,47.880001068115234,46.68000030517578,47.65999984741211,42.93901443481445,32321000
2022-07-22,45.95000076293945,46.18000030517578,43.77000045776367,44.45000076293945,40.04698944091797,58265000
2022-07-25,44.380001068115234,44.79999923706055,44.04999923706055,44.7599983215332,40.32627487182617,27180700
2022-07-26,44.5,45.16999816894531,44.27000045776367,44.91999816894531,40.470428466796875,20571800
2022-07-27,44.810001373291016,45.09000015258789,44.45000076293945,44.90999984741211,40.46142578125,21560500
2022-07-28,44.84000015258789,45.720001220703125,44.75,45.54999923706055,41.03802490234375,22051900
2022-07-29,45.709999084472656,46.5,45.58000183105469,46.189998626708984,41.61463165283203,23129800
2022-08-01,46.290000915527344,46.5,45.91999816894531,46.2599983215332,41.67770004272461,18612100
2022-08-02,46.25,46.43000030517578,45.310001373291016,45.34000015258789,40.84882354736328,18710300
2022-08-03,45.459999084472656,45.61000061035156,45.18000030517578,45.33000183105469,40.839820861816406,17314100
2022-08-04,45.220001220703125,45.220001220703125,44.36000061035156,44.43000030517578,40.02896499633789,29704300
2022-08-05,44.47999954223633,44.97999954223633,44.36000061035156,44.95000076293945,40.49745559692383,17297500
2022-08-08,44.95000076293945,45.0099983215332,44.349998474121094,44.540000915527344,40.12807083129883,20597000
2022-08-09,44.61000061035156,44.849998474121094,44.38999938964844,44.68000030517578,40.25420379638672,14554000
2022-08-10,45.0099983215332,45.060001373291016,44.650001525878906,44.84000015258789,40.39834976196289,16402700
2022-08-11,44.959999084472656,45.2599983215332,44.7400016784668,44.779998779296875,40.34429931640625,15407300
2022-08-12,44.95000076293945,45.2599983215332,44.810001373291016,45.150001525878906,40.677650451660156,15090900
2022-08-15,45.029998779296875,45.63999938964844,44.939998626708984,45.560001373291016,41.04704284667969,15713600
2022-08-16,45.5,46.04999923706055,45.380001068115234,45.79999923706055,41.26326370239258,14112800
2022-08-17,45.43000030517578,45.720001220703125,45.2599983215332,45.34000015258789,40.84882354736328,11294400
2022-08-18,44.41999816894531,44.529998779296875,43.90999984741211,44.189998626708984,39.81273651123047,25957400
2022-08-19,44.099998474121094,44.4900016784668,43.959999084472656,44.41999816894531,40.019954681396484,19485400
2022-08-22,44.400001525878906,44.470001220703125,44.09000015258789,44.16999816894531,39.79471969604492,15031400
2022-08-23,44.0,44.130001068115234,43.41999816894531,43.470001220703125,39.164066314697266,19014200
2022-08-24,43.54999923706055,43.630001068115234,43.220001220703125,43.54999923706055,39.23613739013672,17384400
2022-08-25,43.650001525878906,43.81999969482422,43.41999816894531,43.7400016784668,39.40731430053711,14327600
2022-08-26,43.59000015258789,43.70000076293945,43.2400016784668,43.25,38.96585464477539,16795700
2022-08-29,43.02000045776367,43.56999969482422,43.02000045776367,43.33000183105469,39.037933349609375,15039500
2022-08-30,43.380001068115234,43.380001068115234,42.5,42.529998779296875,38.317169189453125,20705100
2022-08-31,42.470001220703125,42.59000015258789,41.7599983215332,41.810001373291016,37.668495178222656,28368200
2022-09-01,41.63999938964844,42.04999923706055,41.63999938964844,41.810001373291016,37.668495178222656,21641700
2022-09-02,42.0,42.209999084472656,41.150001525878906,41.29999923706055,37.209007263183594,21155700
2022-09-06,41.349998474121094,41.689998626708984,41.09000015258789,41.099998474121094,37.02882385253906,23898600
2022-09-07,41.13999938964844,41.650001525878906,41.0,41.08000183105469,37.01080322265625,25548300
2022-09-08,41.0,41.720001220703125,40.709999084472656,41.31999969482422,37.22703170776367,28753200
2022-09-09,41.68000030517578,42.31999969482422,41.470001220703125,42.2400016784668,38.0558967590332,20259500
2022-09-12,42.59000015258789,42.849998474121094,42.40999984741211,42.7599983215332,38.524383544921875,18553200
2022-09-13,42.400001525878906,42.61000061035156,41.56999969482422,41.75,37.614437103271484,21284500
2022-09-14,41.75,41.93000030517578,40.97999954223633,41.279998779296875,37.19099044799805,23152200
2022-09-15,41.029998779296875,41.27000045776367,40.709999084472656,41.029998779296875,36.96575927734375,22763400
2022-09-16,40.97999954223633,41.540000915527344,40.65999984741211,41.25,37.163963317871094,45069300
2022-09-19,41.060001373291016,41.25,40.689998626708984,41.2400016784668,37.15495681762695,18960900
2022-09-20,40.9900016784668,40.9900016784668,40.470001220703125,40.59000015258789,36.569339752197266,15561200
2022-09-21,40.689998626708984,40.900001525878906,39.470001220703125,39.47999954223633,35.56929016113281,25612100
2022-09-22,39.470001220703125,40.400001525878906,39.2599983215332,39.93000030517578,35.97471618652344,19806400
2022-09-23,39.560001373291016,39.869998931884766,39.11000061035156,39.52000045776367,35.60532760620117,19439700
2022-09-26,39.22999954223633,39.380001068115234,38.630001068115234,38.93000030517578,35.07377243041992,21345700
2022-09-27,39.20000076293945,39.70000076293945,38.779998779296875,38.88999938964844,35.03773498535156,20357700
2022-09-28,39.060001373291016,39.5099983215332,39.0099983215332,39.38999938964844,35.48820495605469,20567400
2022-09-29,39.11000061035156,39.20000076293945,38.45000076293945,38.63999938964844,34.812496185302734,17806900
2022-09-30,38.540000915527344,38.790000915527344,37.95000076293945,37.970001220703125,34.208866119384766,23523600
2022-10-03,38.5,39.369998931884766,38.38999938964844,39.15999984741211,35.28099060058594,21495300
2022-10-04,39.5,39.849998474121094,39.25,39.810001373291016,35.86660385131836,25922500
2022-10-05,39.34000015258789,39.619998931884766,38.869998931884766,39.400001525878906,35.497215270996094,17797900
2022-10-06,39.470001220703125,39.65999984741211,37.77000045776367,37.84000015258789,34.666290283203125,36663300
2022-10-07,37.630001068115234,37.70000076293945,36.810001373291016,36.849998474121094,33.75931930541992,31838700
2022-10-10,37.130001068115234,37.31999969482422,36.369998931884766,36.619998931884766,33.548606872558594,21622200
2022-10-11,36.560001373291016,36.689998626708984,35.93000030517578,35.939998626708984,32.92564392089844,27708900
2022-10-12,35.900001525878906,36.20000076293945,35.599998474121094,35.68000030517578,32.68745422363281,23336800
2022-10-13,35.119998931884766,36.59000015258789,35.040000915527344,36.400001525878906,33.347068786621094,33118100
2022-10-14,36.79999923706055,36.90999984741211,36.34000015258789,36.380001068115234,33.328739166259766,26019000
2022-10-17,36.720001220703125,37.29999923706055,36.59000015258789,37.18000030517578,34.061641693115234,21962900
2022-10-18,37.66999816894531,37.70000076293945,36.83000183105469,37.06999969482422,33.96086883544922,27488600
2022-10-19,36.56999969482422,37.369998931884766,36.560001373291016,36.56999969482422,33.502803802490234,29563600
2022-10-20,36.56999969482422,37.529998779296875,36.54999923706055,37.0,33.89674377441406,35523700
2022-10-21,35.52000045776367,35.70000076293945,34.54999923706055,35.349998474121094,32.385128021240234,51671100
2022-10-24,35.65999984741211,36.38999938964844,35.56999969482422,35.970001220703125,32.953128814697266,28844800
2022-10-25,35.90999984741211,36.47999954223633,35.79999923706055,36.43000030517578,33.37454605102539,25496500
2022-10-26,36.380001068115234,36.709999084472656,36.20000076293945,36.43000030517578,33.37454605102539,20328200
2022-10-27,36.689998626708984,36.720001220703125,36.130001068115234,36.18000030517578,33.1455192565918,20268000
2022-10-28,36.79999923706055,38.040000915527344,36.56999969482422,37.66999816894531,34.51054382324219,31824300
2022-10-31,37.5099983215332,37.540000915527344,37.02000045776367,37.369998931884766,34.23570251464844,26630600
2022-11-01,37.97999954223633,38.09000015258789,37.29999923706055,37.369998931884766,34.23570251464844,22968900
2022-11-02,37.25,38.349998474121094,37.15999984741211,37.709999084472656,34.54719161987305,30648900
2022-11-03,37.36000061035156,37.540000915527344,37.119998931884766,37.150001525878906,34.03416061401367,22329800
2022-11-04,37.349998474121094,37.369998931884766,36.79999923706055,37.2400016784668,34.116615295410156,17599400
2022-11-07,37.31999969482422,37.45000076293945,36.97999954223633,37.189998626708984,34.070804595947266,19697600
2022-11-08,37.20000076293945,37.9900016784668,37.15999984741211,37.869998931884766,34.69377136230469,17392700
2022-11-09,37.91999816894531,38.130001068115234,37.59000015258789,37.619998931884766,34.46474075317383,17574600
2022-11-10,38.29999923706055,38.54999923706055,37.81999969482422,38.52000045776367,35.28925704956055,23049000
2022-11-11,38.54999923706055,38.689998626708984,37.810001373291016,38.29999923706055,35.08770751953125,22981000
2022-11-14,38.45000076293945,38.9900016784668,38.29999923706055,38.310001373291016,35.09687042236328,23028500
2022-11-15,38.4900016784668,38.83000183105469,37.459999084472656,37.70000076293945,34.53803253173828,25074100
2022-11-16,37.65999984741211,38.06999969482422,37.630001068115234,37.880001068115234,34.70293426513672,18962200
2022-11-17,37.54999923706055,38.18000030517578,37.290000915527344,38.15999984741211,34.95944595336914,18780400
2022-11-18,38.290000915527344,38.77000045776367,38.290000915527344,38.54999923706055,35.31673812866211,17821700
2022-11-21,38.599998474121094,39.130001068115234,38.52000045776367,38.619998931884766,35.38086700439453,19184200
2022-11-22,38.84000015258789,39.31999969482422,38.84000015258789,39.20000076293945,35.91222381591797,19809500
2022-11-23,39.029998779296875,39.20000076293945,38.61000061035156,38.91999816894531,35.65570831298828,14170000
2022-11-25,39.099998474121094,39.36000061035156,38.970001220703125,39.02000045776367,35.74732208251953,7725700
2022-11-28,39.0099983215332,39.09000015258789,38.130001068115234,38.2400016784668,35.03274154663086,21560900
2022-11-29,38.02000045776367,38.369998931884766,37.95000076293945,38.34000015258789,35.124351501464844,14008800
2022-11-30,38.209999084472656,39.13999938964844,38.150001525878906,38.97999954223633,35.710670471191406,31358800
2022-12-01,39.18000030517578,39.22999954223633,37.810001373291016,38.33000183105469,35.11519241333008,26276600
2022-12-02,37.93000030517578,38.29999923706055,37.70000076293945,38.18000030517578,34.97777557373047,21677100
2022-12-05,37.97999954223633,38.11000061035156,36.900001525878906,37.06999969482422,33.96086883544922,27561000
2022-12-06,36.9900016784668,37.06999969482422,36.630001068115234,36.88999938964844,33.795963287353516,26293700
2022-12-07,36.7400016784668,37.310001373291016,36.66999816894531,37.16999816894531,34.05248260498047,23065900
2022-12-08,37.11000061035156,37.2400016784668,36.869998931884766,37.099998474121094,33.98835372924805,19549100
2022-12-09,37.209999084472656,37.630001068115234,36.959999084472656,37.400001525878906,34.26319122314453,20671200
2022-12-12,37.689998626708984,37.959999084472656,37.279998779296875,37.95000076293945,34.76706314086914,19629600
2022-12-13,38.38999938964844,38.619998931884766,37.84000015258789,37.86000061035156,34.68461608886719,30176800
2022-12-14,37.869998931884766,38.09000015258789,37.2400016784668,37.45000076293945,34.308998107910156,23329800
2022-12-15,37.75,38.34000015258789,37.65999984741211,37.77000045776367,34.6021614074707,33007200
2022-12-16,37.5099983215332,37.56999969482422,36.66999816894531,37.119998931884766,34.00667190551758,62763800
2022-12-19,37.33000183105469,37.470001220703125,36.58000183105469,37.029998779296875,33.92422103881836,26127200
2022-12-20,36.9900016784668,37.209999084472656,36.619998931884766,36.9900016784668,33.88758087158203,24147300
2022-12-21,37.27000045776367,37.849998474121094,37.2400016784668,37.779998779296875,34.6113166809082,24504300
2022-12-22,37.68000030517578,38.31999969482422,37.369998931884766,38.310001373291016,35.09687042236328,26865300
2022-12-23,38.310001373291016,38.540000915527344,37.91999816894531,38.40999984741211,35.188480377197266,16918300
2022-12-27,38.4900016784668,39.400001525878906,38.31999969482422,39.25,35.95802688598633,25315900
2022-12-28,39.189998626708984,39.65999984741211,38.59000015258789,38.810001373291016,35.554931640625,21793200
2022-12-29,38.900001525878906,39.529998779296875,38.810001373291016,39.2599983215332,35.96718978881836,17347000
2022-12-30,39.310001373291016,39.689998626708984,39.06999969482422,39.400001525878906,36.09545135498047,44007200
2023-01-03,39.77000045776367,40.22999954223633,39.380001068115234,40.119998931884766,36.755062103271484,31330700
2023-01-04,40.540000915527344,41.41999816894531,40.2599983215332,41.130001068115234,37.68035125732422,28779500
2023-01-05,41.20000076293945,41.95000076293945,40.81999969482422,41.70000076293945,38.20254135131836,29987200
2023-01-06,41.91999816894531,42.58000183105469,41.880001068115234,42.189998626708984,38.65144348144531,26010400
2023-01-09,41.380001068115234,41.66999816894531,41.310001373291016,41.369998931884766,38.49604797363281,23062200
2023-01-10,41.36000061035156,41.97999954223633,41.16999816894531,41.95000076293945,39.03575897216797,16695300
2023-01-11,42.13999938964844,42.18000030517578,41.02000045776367,41.18000030517578,38.319244384765625,20674800
2023-01-12,41.380001068115234,41.95000076293945,41.119998931884766,41.810001373291016,38.90548324584961,16980300
2023-01-13,41.650001525878906,41.91999816894531,41.369998931884766,41.86000061035156,38.95200729370117,17229800
2023-01-17,41.849998474121094,41.91999816894531,40.790000915527344,40.849998474121094,38.012168884277344,28697000
2023-01-18,40.86000061035156,40.86000061035156,39.81999969482422,39.970001220703125,37.19330596923828,22976500
2023-01-19,39.709999084472656,40.279998779296875,39.470001220703125,40.060001373291016,37.27705001831055,24812600
2023-01-20,40.040000915527344,40.119998931884766,39.459999084472656,40.0,37.221221923828125,23377900
2023-01-23,39.9900016784668,40.34000015258789,39.41999816894531,39.630001068115234,36.876922607421875,34249300
2023-01-24,38.689998626708984,40.72999954223633,38.40999984741211,40.41999816894531,37.61204147338867,32143900
2023-01-25,40.540000915527344,41.09000015258789,39.90999984741211,40.33000183105469,37.528297424316406,26527000
2023-01-26,40.380001068115234,40.56999969482422,39.93000030517578,40.27000045776367,37.47246551513672,19568100
2023-01-27,40.220001220703125,40.68000030517578,39.77000045776367,40.63999938964844,37.8167610168457,17254000
2023-01-30,40.84000015258789,41.2599983215332,40.70000076293945,41.04999923706055,38.19827651977539,22272600
2023-01-31,41.08000183105469,41.58000183105469,41.0099983215332,41.56999969482422,38.68215560913086,18665200
2023-02-01,41.9900016784668,42.0,41.130001068115234,41.689998626708984,38.7938117980957,19542000
2023-02-02,41.7400016784668,41.93000030517578,41.20000076293945,41.83000183105469,38.92409133911133,18443800
2023-02-03,41.779998779296875,41.970001220703125,41.13999938964844,41.5099983215332,38.626319885253906,18314400
2023-02-06,41.5099983215332,41.59000015258789,40.900001525878906,41.279998779296875,38.41230010986328,15530700
2023-02-07,40.9900016784668,41.209999084472656,40.119998931884766,40.54999923706055,37.73301315307617,21668500
2023-02-08,40.529998779296875,40.70000076293945,40.119998931884766,40.52000045776367,37.70509338378906,14080200
2023-02-09,40.619998931884766,40.65999984741211,39.75,39.810001373291016,37.0444221496582,17485700
2023-02-10,40.0,40.06999969482422,39.720001220703125,40.0099983215332,37.23052215576172,15398500
2023-02-13,40.0099983215332,40.470001220703125,39.880001068115234,40.31999969482422,37.51898956298828,14486000
2023-02-14,40.459999084472656,40.58000183105469,39.90999984741211,40.33000183105469,37.528297424316406,12292400
2023-02-15,40.22999954223633,40.400001525878906,40.099998474121094,40.380001068115234,37.57482147216797,11265200
2023-02-16,40.060001373291016,40.209999084472656,39.70000076293945,39.84000015258789,37.07233428955078,16625900
2023-02-17,39.84000015258789,40.38999938964844,39.65999984741211,40.220001220703125,37.42593765258789,15029200
2023-02-21,39.900001525878906,39.97999954223633,39.15999984741211,39.20000076293945,36.47679901123047,17805500
2023-02-22,39.380001068115234,39.59000015258789,39.029998779296875,39.279998779296875,36.551239013671875,15086800
2023-02-23,39.119998931884766,39.31999969482422,38.52000045776367,38.529998779296875,35.853336334228516,16738200
2023-02-24,38.22999954223633,38.7599983215332,38.09000015258789,38.7400016784668,36.04875183105469,16431500
2023-02-27,38.9900016784668,39.150001525878906,38.630001068115234,38.880001068115234,36.17902374267578,14210900
2023-02-28,38.70000076293945,38.970001220703125,38.54999923706055,38.810001373291016,36.113887786865234,16685300
2023-03-01,38.709999084472656,38.709999084472656,38.150001525878906,38.29999923706055,35.639312744140625,18411700
2023-03-02,38.099998474121094,38.459999084472656,37.939998626708984,38.40999984741211,35.74168014526367,18818900
2023-03-03,38.439998626708984,38.5099983215332,38.060001373291016,38.2599983215332,35.60209655761719,23407500
2023-03-06,38.369998931884766,38.630001068115234,38.04999923706055,38.150001525878906,35.49973678588867,22925600
2023-03-07,38.099998474121094,38.150001525878906,37.43000030517578,37.90999984741211,35.27640914916992,23713500
2023-03-08,37.79999923706055,37.810001373291016,37.349998474121094,37.529998779296875,34.92280960083008,20295600
2023-03-09,37.599998474121094,37.650001525878906,36.52000045776367,36.54999923706055,34.01089096069336,26506900
2023-03-10,36.63999938964844,36.91999816894531,36.40999984741211,36.68000030517578,34.131858825683594,23940700
2023-03-13,36.540000915527344,37.33000183105469,36.38999938964844,36.540000915527344,34.0015869140625,21834500
2023-03-14,36.65999984741211,36.939998626708984,36.5,36.880001068115234,34.317962646484375,22433200
2023-03-15,36.689998626708984,37.2599983215332,36.52000045776367,37.060001373291016,34.4854621887207,21722200
2023-03-16,36.81999969482422,36.880001068115234,36.439998626708984,36.58000183105469,34.03880310058594,29164400
2023-03-17,36.54999923706055,36.83000183105469,36.15999984741211,36.790000915527344,34.23421859741211,47352500
2023-03-20,36.959999084472656,37.709999084472656,36.93000030517578,37.43000030517578,34.82976150512695,19247800
2023-03-21,37.720001220703125,37.77000045776367,37.36000061035156,37.7400016784668,35.118221282958984,16648100
2023-03-22,37.790000915527344,37.95000076293945,37.290000915527344,37.310001373291016,34.71809387207031,15321800
2023-03-23,37.29999923706055,37.630001068115234,37.15999984741211,37.369998931884766,34.773921966552734,15799000
2023-03-24,37.529998779296875,37.70000076293945,37.25,37.65999984741211,35.04377746582031,14957700
2023-03-27,37.9900016784668,38.220001220703125,37.70000076293945,38.04999923706055,35.40668487548828,14472800
2023-03-28,38.02000045776367,38.310001373291016,37.91999816894531,38.0,35.36016082763672,13092600
2023-03-29,38.310001373291016,38.5099983215332,38.15999984741211,38.47999954223633,35.80681228637695,12308900
2023-03-30,38.54999923706055,38.75,38.439998626708984,38.65999984741211,35.97430419921875,13918700
2023-03-31,38.790000915527344,39.04999923706055,38.54999923706055,38.88999938964844,36.18832778930664,22801500
2023-04-03,39.04999923706055,39.58000183105469,39.02000045776367,39.220001220703125,36.49540710449219,19354900
2023-04-04,39.290000915527344,39.650001525878906,39.209999084472656,39.650001525878906,36.89553451538086,18577100
2023-04-05,39.72999954223633,40.2400016784668,39.56999969482422,40.11000061035156,37.323577880859375,23561300
2023-04-06,39.5,39.779998779296875,39.15999984741211,39.47999954223633,37.3453369140625,21546600
2023-04-10,39.209999084472656,39.349998474121094,38.9900016784668,39.349998474121094,37.22236251831055,16114300
2023-04-11,39.33000183105469,39.70000076293945,39.27000045776367,39.45000076293945,37.31695556640625,12539700
2023-04-12,39.369998931884766,39.630001068115234,39.099998474121094,39.20000076293945,37.080474853515625,13095200
2023-04-13,39.189998626708984,39.31999969482422,38.91999816894531,39.31999969482422,37.19398498535156,13515800
2023-04-14,39.369998931884766,39.41999816894531,38.88999938964844,39.220001220703125,37.099395751953125,11008400
2023-04-17,39.220001220703125,39.5099983215332,39.13999938964844,39.459999084472656,37.326412200927734,11572900
2023-04-18,39.470001220703125,39.4900016784668,38.900001525878906,38.939998626708984,36.83453369140625,16588500
2023-04-19,38.91999816894531,38.9900016784668,38.52000045776367,38.599998474121094,36.51291275024414,17701200
2023-04-20,37.65999984741211,37.79999923706055,36.97999954223633,37.189998626708984,35.17915344238281,31521300
2023-04-21,37.43000030517578,37.43000030517578,37.04999923706055,37.31999969482422,35.3021240234375,23823800
2023-04-24,37.189998626708984,37.4900016784668,36.97999954223633,37.099998474121094,35.09402084350586,20362500
2023-04-25,36.709999084472656,37.36000061035156,36.56999969482422,37.29999923706055,35.283203125,24959400
2023-04-26,37.099998474121094,37.439998626708984,36.81999969482422,36.91999816894531,34.92375183105469,21499300
2023-04-27,37.20000076293945,38.810001373291016,37.130001068115234,38.790000915527344,36.69264602661133,28841000
2023-04-28,38.560001373291016,39.0,38.459999084472656,38.83000183105469,36.73048400878906,19194400
2023-05-01,39.16999816894531,39.18000030517578,38.68000030517578,38.709999084472656,36.616966247558594,17043500
2023-05-02,38.470001220703125,38.5099983215332,37.4900016784668,37.66999816894531,35.63319778442383,17268700
2023-05-03,37.959999084472656,38.29999923706055,37.61000061035156,37.97999954223633,35.92644119262695,16703200
2023-05-04,37.86000061035156,37.959999084472656,37.290000915527344,37.349998474121094,35.330501556396484,16163100
2023-05-05,37.52000045776367,37.84000015258789,37.15999984741211,37.83000183105469,35.784549713134766,15809500
2023-05-08,37.68000030517578,37.90999984741211,37.439998626708984,37.83000183105469,35.784549713134766,10672400
2023-05-09,37.81999969482422,37.81999969482422,37.43000030517578,37.56999969482422,35.53860855102539,12226800
2023-05-10,37.810001373291016,37.83000183105469,37.290000915527344,37.630001068115234,35.59536361694336,14427500
2023-05-11,37.40999984741211,37.63999938964844,37.31999969482422,37.599998474121094,35.56698226928711,11068700
2023-05-12,37.63999938964844,37.7400016784668,37.40999984741211,37.59000015258789,35.557525634765625,10666900
2023-05-15,37.630001068115234,37.630001068115234,36.720001220703125,36.77000045776367,34.78186798095703,20408700
2023-05-16,36.619998931884766,36.779998779296875,36.040000915527344,36.04999923706055,34.100791931152344,20244700
2023-05-17,36.220001220703125,36.34000015258789,36.040000915527344,36.18000030517578,34.2237663269043,16741100
2023-05-18,36.0099983215332,36.16999816894531,35.720001220703125,36.130001068115234,34.17647171020508,20365900
2023-05-19,36.220001220703125,36.52000045776367,36.029998779296875,36.04999923706055,34.100791931152344,16824900
2023-05-22,36.25,36.33000183105469,35.90999984741211,35.959999084472656,34.01565933227539,16634300
2023-05-23,35.939998626708984,36.90999984741211,35.79999923706055,36.2400016784668,34.280521392822266,21539700
2023-05-24,36.22999954223633,36.25,35.849998474121094,35.869998931884766,33.93052291870117,16044200
2023-05-25,35.540000915527344,35.560001373291016,34.7400016784668,34.81999969482422,32.93730163574219,32465900
2023-05-26,34.84000015258789,35.060001373291016,34.66999816894531,35.0,33.10756301879883,18216700
2023-05-30,34.970001220703125,35.130001068115234,34.779998779296875,34.900001525878906,33.01297378540039,19353300
2023-05-31,34.86000061035156,35.97999954223633,34.86000061035156,35.630001068115234,33.70350646972656,53756700
2023-06-01,35.599998474121094,35.900001525878906,35.41999816894531,35.720001220703125,33.78863525390625,20565300
2023-06-02,34.400001525878906,34.900001525878906,33.720001220703125,34.58000183105469,32.71027374267578,61482900
2023-06-05,34.779998779296875,35.150001525878906,34.45000076293945,34.459999084472656,32.596763610839844,30125600
2023-06-06,34.5,34.7400016784668,34.33000183105469,34.70000076293945,32.823787689208984,18406700
2023-06-07,34.720001220703125,35.279998779296875,34.630001068115234,35.2599983215332,33.35350799560547,25494100
2023-06-08,35.2400016784668,35.439998626708984,34.97999954223633,35.43000030517578,33.51431655883789,17749700
2023-06-09,35.459999084472656,35.619998931884766,35.2599983215332,35.470001220703125,33.55215835571289,14953900
2023-06-12,35.65999984741211,35.779998779296875,35.36000061035156,35.61000061035156,33.68458557128906,14044500
2023-06-13,35.5,35.790000915527344,35.41999816894531,35.47999954223633,33.561614990234375,17706700
2023-06-14,35.630001068115234,35.97999954223633,35.619998931884766,35.72999954223633,33.798091888427734,16538700
2023-06-15,35.7599983215332,36.470001220703125,35.68000030517578,36.439998626708984,34.469703674316406,18890900
2023-06-16,36.52000045776367,36.689998626708984,36.16999816894531,36.459999084472656,34.488624572753906,36093500
2023-06-20,36.08000183105469,36.16999816894531,35.779998779296875,35.810001373291016,33.87377166748047,17687900
2023-06-21,35.70000076293945,35.970001220703125,35.5,35.83000183105469,33.8926887512207,17121200
2023-06-22,35.81999969482422,35.91999816894531,35.56999969482422,35.849998474121094,33.9116096496582,12431200
2023-06-23,35.95000076293945,36.08000183105469,35.47999954223633,35.5099983215332,33.58998489379883,18959400
2023-06-26,35.65999984741211,36.13999938964844,35.5,36.11000061035156,34.15754699707031,15840000
2023-06-27,36.369998931884766,36.68000030517578,36.220001220703125,36.54999923706055,34.573760986328125,17757800
2023-06-28,36.5,36.86000061035156,36.2400016784668,36.81999969482422,34.82916259765625,16756400
2023-06-29,36.790000915527344,37.02000045776367,36.65999984741211,36.9900016784668,34.98997116088867,16740800
2023-06-30,37.0,37.25,36.849998474121094,37.189998626708984,35.17915344238281,19094800
2023-07-03,37.16999816894531,37.380001068115234,36.959999084472656,37.279998779296875,35.26428985595703,10367100
2023-07-05,37.279998779296875,37.68000030517578,37.22999954223633,37.47999954223633,35.45347595214844,19868300
2023-07-06,37.400001525878906,37.40999984741211,37.060001373291016,37.130001068115234,35.122398376464844,21558200
2023-07-07,36.220001220703125,36.349998474121094,35.869998931884766,35.900001525878906,34.56682586669922,20468100
2023-07-10,35.91999816894531,35.959999084472656,35.0,35.13999938964844,33.83504867553711,30326400
2023-07-11,35.119998931884766,35.220001220703125,34.709999084472656,34.9900016784668,33.69062042236328,28340300
2023-07-12,35.099998474121094,35.2400016784668,34.709999084472656,34.86000061035156,33.56544494628906,27299600
2023-07-13,34.81999969482422,34.86000061035156,34.41999816894531,34.63999938964844,33.353614807128906,25641900
2023-07-14,34.43000030517578,34.5,33.95000076293945,34.0099983215332,32.74700927734375,31544600
2023-07-17,33.650001525878906,33.650001525878906,31.25,31.459999084472656,30.29170799255371,97510600
2023-07-18,32.02000045776367,33.150001525878906,31.969999313354492,32.27000045776367,31.07162857055664,79722200
2023-07-19,33.709999084472656,34.15999984741211,33.15999984741211,33.970001220703125,32.70849609375,61881000
2023-07-20,33.900001525878906,34.0,33.5099983215332,33.63999938964844,32.390750885009766,32839900
2023-07-21,33.5099983215332,33.939998626708984,33.36000061035156,33.880001068115234,32.6218376159668,25162400
2023-07-24,33.880001068115234,34.599998474121094,33.709999084472656,33.97999954223633,32.7181282043457,30784200
2023-07-25,34.63999938964844,34.95000076293945,33.720001220703125,34.2400016784668,32.96847152709961,35719500
2023-07-26,33.849998474121094,34.61000061035156,33.77000045776367,34.34000015258789,33.064754486083984,27916000
2023-07-27,34.22999954223633,34.61000061035156,33.540000915527344,33.54999923706055,32.30409240722656,28097500
2023-07-28,33.66999816894531,34.31999969482422,33.65999984741211,34.029998779296875,32.76626968383789,30642100
2023-07-31,34.0,34.119998931884766,33.84000015258789,34.08000183105469,32.814414978027344,24500400
2023-08-01,34.290000915527344,34.29999923706055,33.31999969482422,33.43000030517578,32.18855285644531,27289500
2023-08-02,33.470001220703125,33.70000076293945,33.220001220703125,33.31999969482422,32.08263397216797,20481600
2023-08-03,33.04999923706055,33.25,32.72999954223633,33.060001373291016,31.832292556762695,20465700
2023-08-04,33.0,33.029998779296875,32.529998779296875,32.619998931884766,31.40863037109375,24558300
2023-08-07,32.650001525878906,32.83000183105469,32.18000030517578,32.529998779296875,31.321971893310547,24314000
2023-08-08,32.45000076293945,32.810001373291016,32.43000030517578,32.56999969482422,31.36048698425293,22178900
2023-08-09,32.5099983215332,32.83000183105469,32.34000015258789,32.709999084472656,31.495285034179688,20798500
2023-08-10,32.849998474121094,33.31999969482422,32.81999969482422,33.02000045776367,31.79377555847168,19031600
2023-08-11,32.959999084472656,33.41999816894531,32.95000076293945,33.36000061035156,32.121150970458984,15262000
2023-08-14,33.189998626708984,33.59000015258789,33.13999938964844,33.560001373291016,32.313724517822266,17934000
2023-08-15,33.349998474121094,33.5099983215332,33.209999084472656,33.2599983215332,32.02486038208008,15528600
2023-08-16,33.29999923706055,33.63999938964844,33.13999938964844,33.27000045776367,32.03449249267578,17395100
2023-08-17,33.36000061035156,33.47999954223633,32.849998474121094,33.060001373291016,31.832292556762695,19128000
2023-08-18,32.86000061035156,33.41999816894531,32.86000061035156,33.18000030517578,31.947832107543945,21718100
2023-08-21,33.150001525878906,33.220001220703125,32.77000045776367,33.0,31.774520874023438,27074400
2023-08-22,33.08000183105469,33.31999969482422,32.88999938964844,33.20000076293945,31.967092514038086,21730300
2023-08-23,33.20000076293945,33.369998931884766,33.0099983215332,33.189998626708984,31.957462310791016,15766400
2023-08-24,33.0099983215332,33.58000183105469,33.0,33.380001068115234,32.14040756225586,18561400
2023-08-25,33.33000183105469,33.52000045776367,33.02000045776367,33.349998474121094,32.11151885986328,14912100
2023-08-28,33.47999954223633,33.619998931884766,33.2599983215332,33.54999923706055,32.30409240722656,16050400
2023-08-29,33.9900016784668,34.75,33.95000076293945,34.689998626708984,33.40176010131836,28782800
2023-08-30,34.88999938964844,34.95000076293945,34.54999923706055,34.63999938964844,33.353614807128906,15021400
2023-08-31,34.849998474121094,35.13999938964844,34.7599983215332,34.97999954223633,33.68098831176758,24333200
2023-09-01,34.9900016784668,35.150001525878906,34.84000015258789,34.86000061035156,33.56544494628906,14744400
2023-09-05,34.849998474121094,35.06999969482422,34.29999923706055,34.29999923706055,33.026241302490234,17486000
2023-09-06,34.099998474121094,34.439998626708984,33.9900016784668,34.18000030517578,32.91069793701172,19187100
2023-09-07,34.18000030517578,34.52000045776367,33.75,33.810001373291016,32.554439544677734,26605800
2023-09-08,33.810001373291016,33.83000183105469,33.22999954223633,33.45000076293945,32.20780563354492,24872400
2023-09-11,33.70000076293945,34.09000015258789,33.58000183105469,33.939998626708984,32.67961120605469,18883900
2023-09-12,34.130001068115234,34.18000030517578,33.79999923706055,34.040000915527344,32.77589797973633,15784400
2023-09-13,34.29999923706055,34.29999923706055,33.5099983215332,33.86000061035156,32.60258102416992,21027900
2023-09-14,34.27000045776367,34.380001068115234,33.939998626708984,34.040000915527344,32.77589797973633,26570100
2023-09-15,33.959999084472656,34.16999816894531,33.65999984741211,33.790000915527344,32.535179138183594,38188200
2023-09-18,33.900001525878906,33.970001220703125,33.52000045776367,33.529998779296875,32.28483581542969,16233700
2023-09-19,33.58000183105469,33.72999954223633,33.25,33.400001525878906,32.159664154052734,23379300
2023-09-20,33.58000183105469,33.939998626708984,33.36000061035156,33.599998474121094,32.35223388671875,23742000
2023-09-21,33.52000045776367,33.849998474121094,33.2599983215332,33.290000915527344,32.053749084472656,17993800
2023-09-22,33.2599983215332,33.5099983215332,32.93000030517578,33.279998779296875,32.04412078857422,22740000
2023-09-25,33.16999816894531,33.25,32.869998931884766,33.15999984741211,31.928577423095703,17616900
2023-09-26,32.88999938964844,33.16999816894531,32.810001373291016,32.9900016784668,31.764890670776367,18841600
2023-09-27,32.95000076293945,33.0099983215332,32.310001373291016,32.400001525878906,31.196800231933594,22083500
2023-09-28,32.400001525878906,32.619998931884766,32.400001525878906,32.54999923706055,31.341230392456055,18772100
2023-09-29,32.619998931884766,32.75,32.369998931884766,32.40999984741211,31.20642852783203,19759400
2023-10-02,32.439998626708984,32.470001220703125,31.729999542236328,31.760000228881836,30.580568313598633,24722600
2023-10-03,31.700000762939453,32.0099983215332,31.610000610351562,31.979999542236328,30.792396545410156,21389400
2023-10-04,31.790000915527344,31.969999313354492,31.399999618530273,31.540000915527344,30.368738174438477,23694100
2023-10-05,31.559999465942383,31.920000076293945,31.3799991607666,31.81999969482422,30.638338088989258,22774400
2023-10-06,30.940000534057617,31.0,30.139999389648438,30.850000381469727,30.338397979736328,31277900
2023-10-09,30.739999771118164,31.5,30.739999771118164,31.450000762939453,30.928447723388672,20344300
2023-10-10,31.479999542236328,31.799999237060547,31.31999969482422,31.760000228881836,31.233306884765625,19151900
2023-10-11,31.829999923706055,31.969999313354492,31.40999984741211,31.459999084472656,30.93828010559082,15694200
2023-10-12,31.329999923706055,31.3700008392334,30.649999618530273,30.90999984741211,30.397401809692383,21718300
2023-10-13,31.079999923706055,31.389999389648438,30.639999389648438,30.670000076293945,30.1613826751709,24528400
2023-10-16,30.84000015258789,31.31999969482422,30.6200008392334,31.25,30.73176383972168,21087900
2023-10-17,31.110000610351562,31.540000915527344,31.100000381469727,31.510000228881836,30.987451553344727,21186000
2023-10-18,31.420000076293945,31.479999542236328,30.989999771118164,31.049999237060547,30.535079956054688,22024300
2023-10-19,31.420000076293945,31.969999313354492,31.399999618530273,31.579999923706055,31.056291580200195,28806600
2023-10-20,31.56999969482422,32.13999938964844,31.549999237060547,31.56999969482422,31.046457290649414,27265100
2023-10-23,31.479999542236328,31.65999984741211,31.260000228881836,31.389999389648438,30.869441986083984,31725800
2023-10-24,33.150001525878906,34.459999084472656,32.970001220703125,34.29999923706055,33.73118209838867,61617900
2023-10-25,34.5,34.61000061035156,33.599998474121094,33.689998626708984,33.13129806518555,30832800
2023-10-26,33.65999984741211,34.70000076293945,33.63999938964844,34.470001220703125,33.89836502075195,34367000
2023-10-27,34.380001068115234,34.59000015258789,33.34000015258789,33.439998626708984,32.88544464111328,23924800
2023-10-30,33.84000015258789,34.79999923706055,33.84000015258789,34.619998931884766,34.045875549316406,31497700
2023-10-31,34.709999084472656,35.209999084472656,34.66999816894531,35.130001068115234,34.547420501708984,28903400
2023-11-01,35.40999984741211,35.560001373291016,35.150001525878906,35.400001525878906,34.81294250488281,26071200
2023-11-02,35.310001373291016,35.939998626708984,35.310001373291016,35.900001525878906,35.30465316772461,24946000
2023-11-03,35.9900016784668,36.369998931884766,35.939998626708984,36.02000045776367,35.42266082763672,23311800
2023-11-06,35.97999954223633,36.029998779296875,35.619998931884766,35.63999938964844,35.0489616394043,15544000
2023-11-07,35.70000076293945,36.099998474121094,35.650001525878906,35.939998626708984,35.34398651123047,17654600
2023-11-08,35.939998626708984,35.97999954223633,35.599998474121094,35.77000045776367,35.17680740356445,16971500
2023-11-09,35.869998931884766,36.04999923706055,35.459999084472656,35.619998931884766,35.029293060302734,15685800
2023-11-10,35.90999984741211,35.91999816894531,35.400001525878906,35.709999084472656,35.117801666259766,12791200
2023-11-13,35.63999938964844,36.18000030517578,35.40999984741211,35.81999969482422,35.225975036621094,17236700
2023-11-14,36.0099983215332,36.099998474121094,35.810001373291016,35.880001068115234,35.28498458862305,17667100
2023-11-15,35.880001068115234,36.11000061035156,35.84000015258789,36.0,35.402992248535156,22855500
2023-11-16,36.08000183105469,36.380001068115234,35.93000030517578,36.18000030517578,35.58000564575195,19110800
2023-11-17,36.380001068115234,36.380001068115234,36.08000183105469,36.22999954223633,35.62917709350586,19355200
2023-11-20,36.279998779296875,36.869998931884766,36.20000076293945,36.72999954223633,36.12088394165039,18656400
2023-11-21,36.86000061035156,37.45000076293945,36.849998474121094,37.25,36.63226318359375,22946400
2023-11-22,37.33000183105469,37.52000045776367,37.220001220703125,37.349998474121094,36.7306022644043,14613100
2023-11-24,37.45000076293945,37.56999969482422,37.29999923706055,37.40999984741211,36.789608001708984,6766700
2023-11-27,37.45000076293945,37.540000915527344,37.290000915527344,37.349998474121094,36.7306022644043,15245300
2023-11-28,37.349998474121094,37.5099983215332,37.20000076293945,37.470001220703125,36.84861373901367,14521700
2023-11-29,37.529998779296875,37.88999938964844,37.529998779296875,37.7599983215332,37.13380432128906,16387400
2023-11-30,37.83000183105469,38.439998626708984,37.81999969482422,38.33000183105469,37.69435501098633,36623500
2023-12-01,38.400001525878906,38.61000061035156,38.27000045776367,38.58000183105469,37.940208435058594,20758400
2023-12-04,38.400001525878906,38.56999969482422,38.029998779296875,38.040000915527344,37.40916061401367,22109200
2023-12-05,38.349998474121094,38.54999923706055,38.09000015258789,38.41999816894531,37.78285598754883,23003300
2023-12-06,38.25,38.880001068115234,38.08000183105469,38.5,37.861534118652344,20218500
2023-12-07,38.54999923706055,38.72999954223633,38.29999923706055,38.650001525878906,38.00904846191406,15223200
2023-12-08,38.65999984741211,38.68000030517578,38.0099983215332,38.25,37.61567687988281,21844000
2023-12-11,38.290000915527344,38.38999938964844,37.47999954223633,37.66999816894531,37.04529571533203,21914500
2023-12-12,37.56999969482422,37.63999938964844,37.16999816894531,37.29999923706055,36.68143081665039,17096700
2023-12-13,37.08000183105469,37.150001525878906,36.459999084472656,36.9900016784668,36.3765754699707,32473200
2023-12-14,37.25,37.97999954223633,37.18000030517578,37.869998931884766,37.24197769165039,28551600
2023-12-15,37.54999923706055,37.83000183105469,37.13999938964844,37.369998931884766,36.75027084350586,51715400
2023-12-18,37.720001220703125,37.79999923706055,37.27000045776367,37.66999816894531,37.04529571533203,22057200
2023-12-19,37.599998474121094,37.7400016784668,37.4900016784668,37.56999969482422,36.946956634521484,17642500
2023-12-20,37.5,37.72999954223633,37.279998779296875,37.29999923706055,36.68143081665039,18134600
2023-12-21,37.349998474121094,37.54999923706055,37.209999084472656,37.43000030517578,36.80927658081055,15421000
2023-12-22,37.41999816894531,37.779998779296875,37.400001525878906,37.4900016784668,36.868282318115234,13157900
2023-12-26,37.439998626708984,37.63999938964844,37.310001373291016,37.47999954223633,36.85844802856445,11856600
2023-12-27,37.33000183105469,37.459999084472656,37.20000076293945,37.310001373291016,36.69126892089844,15267600
2023-12-28,37.18000030517578,37.720001220703125,37.150001525878906,37.4900016784668,36.868282318115234,14931700
2023-12-29,37.380001068115234,37.7599983215332,37.31999969482422,37.70000076293945,37.074798583984375,16205200
2024-01-02,37.72999954223633,38.970001220703125,37.68000030517578,38.880001068115234,38.235233306884766,23810900
2024-01-03,39.529998779296875,39.720001220703125,39.130001068115234,39.15999984741211,38.51058578491211,26263900
2024-01-04,39.68000030517578,39.849998474121094,39.36000061035156,39.369998931884766,38.717105865478516,24214600
2024-01-05,39.470001220703125,40.369998931884766,39.29999923706055,40.20000076293945,39.53334045410156,30212900
2024-01-08,40.150001525878906,40.2599983215332,39.47999954223633,40.099998474121094,39.43499755859375,28483000
2024-01-09,39.25,39.25,38.77000045776367,39.040000915527344,39.040000915527344,17880100
2024-01-10,39.08000183105469,39.099998474121094,38.65999984741211,39.08000183105469,39.08000183105469,16354700
2024-01-11,39.029998779296875,39.029998779296875,37.560001373291016,37.900001525878906,37.900001525878906,31289800
2024-01-12,38.189998626708984,38.77000045776367,38.16999816894531,38.560001373291016,38.560001373291016,18773500
2024-01-16,38.58000183105469,39.349998474121094,38.349998474121094,39.290000915527344,39.290000915527344,31039400
2024-01-17,38.720001220703125,39.43000030517578,38.66999816894531,38.869998931884766,38.869998931884766,21377100
2024-01-18,38.529998779296875,39.0099983215332,38.459999084472656,38.939998626708984,38.939998626708984,17112800
2024-01-19,39.06999969482422,39.43000030517578,38.689998626708984,39.33000183105469,39.33000183105469,20556200
2024-01-22,39.400001525878906,39.720001220703125,39.310001373291016,39.58000183105469,39.58000183105469,26039200
2024-01-23,41.06999969482422,42.25,40.59000015258789,42.22999954223633,42.22999954223633,49713700
2024-01-24,42.22999954223633,42.34000015258789,41.189998626708984,41.279998779296875,41.279998779296875,27910400
2024-01-25,41.45000076293945,42.29999923706055,41.33000183105469,42.290000915527344,42.290000915527344,24613200
2024-01-26,42.290000915527344,42.4900016784668,42.099998474121094,42.400001525878906,42.400001525878906,20367200
2024-01-29,42.119998931884766,42.38999938964844,41.65999984741211,42.04999923706055,42.04999923706055,23905700
2024-01-30,42.0,42.599998474121094,41.810001373291016,42.470001220703125,42.470001220703125,20044600
2024-01-31,42.189998626708984,43.209999084472656,42.040000915527344,42.349998474121094,42.349998474121094,23392300
2024-02-01,42.68000030517578,42.720001220703125,41.970001220703125,42.4900016784668,42.4900016784668,19586500
2024-02-02,42.20000076293945,42.470001220703125,41.83000183105469,42.130001068115234,42.130001068115234,21546500
